sample,min,q25,median,q75,max,mean,sd,mean_correlation,corr_z,outlier
GSM329407,0.0,0.12383829802274704,0.24956540763378143,0.415181040763855,0.9998090863227844,0.2856076,0.19803235,0.8440028737957467,0.9151628520244091,False
GSM329408,0.0,0.12383829802274704,0.24956540763378143,0.415181040763855,0.9998090863227844,0.28560856,0.19803275,0.795092230784759,-1.2245527436467076,False
GSM329409,0.0,0.12383829802274704,0.24956540763378143,0.415181040763855,0.9998090863227844,0.2856074,0.19803245,0.849257084649316,1.145021144907641,False
GSM329410,0.0,0.12383829802274704,0.24956540763378143,0.415181040763855,0.9998090863227844,0.28560808,0.19803213,0.7673755693783836,-2.4370858247970473,False
GSM329411,0.0,0.12383829802274704,0.24956540763378143,0.415181040763855,0.9998090863227844,0.2856077,0.19803287,0.7207233676023177,-4.478000389960687,False
GSM329412,0.0,0.12383829802274704,0.24956540763378143,0.415181040763855,0.9998090863227844,0.2856077,0.19803227,0.8145902374109776,-0.3715647988092962,False
GSM329413,0.0,0.12383829802274704,0.24956540763378143,0.415181040763855,0.9998090863227844,0.28560886,0.1980324,0.8341994618735401,0.48628864204885774,False
GSM329414,0.0,0.12383829802274704,0.24956540763378143,0.415181040763855,0.9998090863227844,0.28560865,0.1980322,0.8222752648203477,-0.03536449579354428,False
GSM329415,0.0,0.12383829802274704,0.24956540763378143,0.415181040763855,0.9998090863227844,0.2856072,0.19803262,0.8533159728327376,1.322587126716577,False
GSM329416,0.0,0.12383829802274704,0.24956540763378143,0.415181040763855,0.9998090863227844,0.28560925,0.19803153,0.8391133358981767,0.7012580687095569,False
GSM329417,0.0,0.12383829802274704,0.24956540763378143,0.415181040763855,0.9998090863227844,0.28560683,0.19803213,0.8283126070798917,0.22875379408967284,False
GSM329418,0.0,0.12383829802274704,0.24956540763378143,0.415181040763855,0.9998090863227844,0.2856083,0.19803214,0.8292153592101292,0.26824689197555734,False
GSM329419,0.0,0.12383829802274704,0.24956540763378143,0.415181040763855,0.9998090863227844,0.2856081,0.19803242,0.8431769391812327,0.8790303240737309,False
GSM329420,0.0,0.12383829802274704,0.24956540763378143,0.415181040763855,0.9998090863227844,0.28560784,0.19803226,0.831667315563119,0.3755137141929323,False
GSM329421,0.0,0.12383829802274704,0.24956540763378143,0.415181040763855,0.9998090863227844,0.28560838,0.19803235,0.8387746245341474,0.6864403124211819,False
GSM329422,0.0,0.12383829802274704,0.24956540763378143,0.415181040763855,0.9998090863227844,0.28560778,0.19803259,0.8248368584357156,0.07669867637417661,False
GSM329423,0.0,0.12383829802274704,0.24956540763378143,0.415181040763855,0.9998090863227844,0.28560844,0.19803225,0.8194899763458589,-0.15721374619019207,False
GSM329424,0.0,0.12383829802274704,0.24956540763378143,0.415181040763855,0.9998090863227844,0.2856092,0.19803242,0.8284051120980606,0.2328006521530436,False
GSM329425,0.0,0.12383829802274704,0.24956540763378143,0.415181040763855,0.9998090863227844,0.2856089,0.19803265,0.8372771238910088,0.6209284875218173,False
GSM329426,0.0,0.12383829802274704,0.24956540763378143,0.415181040763855,0.9998090863227844,0.2856072,0.19803207,0.8289867499804843,0.25824582259939327,False
GSM329427,0.0,0.12383829802274704,0.24956540763378143,0.415181040763855,0.9998090863227844,0.2856071,0.19803247,0.8154416483323988,-0.3343177475595192,False
GSM329428,0.0,0.12383829802274704,0.24956540763378143,0.415181040763855,0.9998090863227844,0.2856083,0.1980323,0.8308646860470756,0.34040072472276406,False
GSM329429,0.0,0.12383829802274704,0.24956540763378143,0.415181040763855,0.9998090863227844,0.2856079,0.19803269,0.8180787211751535,-0.2189525521501029,False
GSM329430,0.0,0.12383829802274704,0.24956540763378143,0.415181040763855,0.9998090863227844,0.28560773,0.19803207,0.7937104590020205,-1.2850017267549358,False
GSM329431,0.0,0.12383829802274704,0.24956540763378143,0.415181040763855,0.9998090863227844,0.285608,0.19803189,0.8329330708978628,0.430887274287958,False
GSM329432,0.0,0.12383829802274704,0.24956540763378143,0.415181040763855,0.9998090863227844,0.28560898,0.19803168,0.8017661182155489,-0.9325872297971648,False
GSM329433,0.0,0.12383829802274704,0.24956540763378143,0.415181040763855,0.9998090863227844,0.2856088,0.19803225,0.8356890682631776,0.5514551135385619,False
GSM329434,0.0,0.12383829802274704,0.24956540763378143,0.415181040763855,0.9998090863227844,0.28560835,0.19803217,0.7928292744625421,-1.3235512976808916,False
GSM329435,0.0,0.12383829802274704,0.24956540763378143,0.415181040763855,0.9998090863227844,0.28560853,0.198032,0.7953680856557136,-1.2124847982428655,False
GSM329436,0.0,0.12383829802274704,0.24956540763378143,0.415181040763855,0.9998090863227844,0.28560844,0.1980321,0.8358760862509867,0.5596366724090196,False
GSM329437,0.0,0.12383829802274704,0.24956540763378143,0.415181040763855,0.9998090863227844,0.28560856,0.19803263,0.8250797441368448,0.0873243048811433,False
GSM329438,0.0,0.12383829802274704,0.24956540763378143,0.415181040763855,0.9998090863227844,0.28560743,0.19803274,0.8273665329650542,0.18736547012664975,False
GSM329439,0.0,0.12383829802274704,0.24956540763378143,0.415181040763855,0.9998090863227844,0.2856094,0.19803232,0.8277742168911414,0.20520059968234022,False
GSM329440,0.0,0.12383829802274704,0.24956540763378143,0.415181040763855,0.9998090863227844,0.28560862,0.19803227,0.8321369617308718,0.3960595334200909,False
GSM329441,0.0,0.12383829802274704,0.24956540763378143,0.415181040763855,0.9998090863227844,0.2856104,0.19803186,0.8276215179882062,0.19852041304118342,False
GSM329442,0.0,0.12383829802274704,0.24956540763378143,0.415181040763855,0.9998090863227844,0.28560725,0.19803235,0.8452825156653838,0.9711439125212262,False
GSM329443,0.0,0.12383829802274704,0.24956540763378143,0.415181040763855,0.9998090863227844,0.28560832,0.19803213,0.8427914603536444,0.8621666108118451,False
GSM329444,0.0,0.12383829802274704,0.24956540763378143,0.415181040763855,0.9998090863227844,0.28560874,0.19803268,0.8396044365093959,0.7227424649918379,False
GSM329445,0.0,0.12383829802274704,0.24956540763378143,0.415181040763855,0.9998090863227844,0.2856084,0.19803259,0.8068043634075039,-0.7121768825110033,False
GSM329446,0.0,0.12383829802274704,0.24956540763378143,0.415181040763855,0.9998090863227844,0.28560975,0.19803219,0.8226191972353305,-0.020318331873145135,False
GSM329447,0.0,0.12383829802274704,0.24956540763378143,0.415181040763855,0.9998090863227844,0.28560796,0.1980327,0.822752534460542,-0.014485169135856952,False
GSM329448,0.0,0.12383829802274704,0.24956540763378143,0.415181040763855,0.9998090863227844,0.2856081,0.1980321,0.8289319240408739,0.25584732789947123,False
GSM329449,0.0,0.12383829802274704,0.24956540763378143,0.415181040763855,0.9998090863227844,0.2856096,0.19803286,0.8135144461103627,-0.4186279180387002,False
GSM329450,0.0,0.12383829802274704,0.24956540763378143,0.415181040763855,0.9998090863227844,0.2856088,0.19803281,0.8301786780168665,0.31038962712455126,False
GSM329451,0.0,0.12383829802274704,0.24956540763378143,0.415181040763855,0.9998090863227844,0.28560823,0.19803233,0.8233359673292496,0.011038527371679551,False
GSM329452,0.0,0.12383829802274704,0.24956540763378143,0.415181040763855,0.9998090863227844,0.28560862,0.1980327,0.8158466481244132,-0.3166000420077438,False
GSM329453,0.0,0.12383829802274704,0.24956540763378143,0.415181040763855,0.9998090863227844,0.2856079,0.19803225,0.8329606486962111,0.4320937324653086,False
GSM329454,0.0,0.12383829802274704,0.24956540763378143,0.415181040763855,0.9998090863227844,0.2856081,0.19803192,0.7913633982227256,-1.3876796357801175,False
GSM329455,0.0,0.12383829802274704,0.24956540763378143,0.415181040763855,0.9998090863227844,0.2856071,0.1980326,0.7993064403042871,-1.0401918504494074,False
GSM329456,0.0,0.12383829802274704,0.24956540763378143,0.415181040763855,0.9998090863227844,0.285608,0.19803257,0.8226713172172747,-0.018038215903558117,False
GSM329457,0.0,0.12383829802274704,0.24956540763378143,0.415181040763855,0.9998090863227844,0.2856085,0.19803146,0.7974640807249016,-1.120790372205902,False
GSM329458,0.0,0.12383829802274704,0.24956540763378143,0.415181040763855,0.9998090863227844,0.28560743,0.19803172,0.7940637687388032,-1.269545328978145,False
GSM329459,0.0,0.12383829802274704,0.24956540763378143,0.415181040763855,0.9998090863227844,0.2856077,0.1980324,0.851228405299381,1.2312613838279314,False
GSM329460,0.0,0.12383829802274704,0.24956540763378143,0.415181040763855,0.9998090863227844,0.2856095,0.19803247,0.823442095687877,0.015681371753154313,False
GSM329461,0.0,0.12383829802274704,0.24956540763378143,0.415181040763855,0.9998090863227844,0.28560853,0.19803184,0.846407626851226,1.0203646506470696,False
GSM329462,0.0,0.12383829802274704,0.24956540763378143,0.415181040763855,0.9998090863227844,0.28560823,0.19803211,0.8427708792154406,0.8612662386294258,False
GSM329463,0.0,0.12383829802274704,0.24956540763378143,0.415181040763855,0.9998090863227844,0.28560665,0.19803214,0.8121829111922824,-0.47687916674457304,False
GSM329464,0.0,0.12383829802274704,0.24956540763378143,0.415181040763855,0.9998090863227844,0.2856087,0.19803213,0.8337490623546076,0.466584814505101,False
GSM329465,0.0,0.12383829802274704,0.24956540763378143,0.415181040763855,0.9998090863227844,0.28560814,0.19803226,0.832328779749876,0.4044510813844409,False
GSM329466,0.0,0.12383829802274704,0.24956540763378143,0.415181040763855,0.9998090863227844,0.28560805,0.19803242,0.8440488136027746,0.9171726011405211,False
GSM329467,0.0,0.12383829802274704,0.24956540763378143,0.415181040763855,0.9998090863227844,0.28560778,0.19803262,0.808778877988827,-0.6257969172631984,False
GSM329468,0.0,0.12383829802274704,0.24956540763378143,0.415181040763855,0.9998090863227844,0.28560844,0.19803198,0.8392848639251426,0.7087619813919371,False
GSM329469,0.0,0.12383829802274704,0.24956540763378143,0.415181040763855,0.9998090863227844,0.28560725,0.19803225,0.828844743850506,0.25203341743990354,False
GSM329470,0.0,0.12383829802274704,0.24956540763378143,0.415181040763855,0.9998090863227844,0.28560814,0.19803178,0.8371655540656183,0.6160475928801183,False
GSM329471,0.0,0.12383829802274704,0.24956540763378143,0.415181040763855,0.9998090863227844,0.28560823,0.19803278,0.8212815591559857,-0.07883657828210625,False
GSM329472,0.0,0.12383829802274704,0.24956540763378143,0.415181040763855,0.9998090863227844,0.2856073,0.19803211,0.82233801088077,-0.03261951605524486,False
GSM329473,0.0,0.12383829802274704,0.24956540763378143,0.415181040763855,0.9998090863227844,0.28560883,0.19803248,0.796694574407213,-1.1544543064247959,False
GSM329474,0.0,0.12383829802274704,0.24956540763378143,0.415181040763855,0.9998090863227844,0.28560722,0.19803195,0.8242275812514986,0.050044357131985975,False
GSM329475,0.0,0.12383829802274704,0.24956540763378143,0.415181040763855,0.9998090863227844,0.28560808,0.19803275,0.8313769135816073,0.36280936989071344,False
GSM329476,0.0,0.12383829802274704,0.24956540763378143,0.415181040763855,0.9998090863227844,0.28560898,0.19803181,0.8260876932723613,0.1314195028204417,False
GSM329477,0.0,0.12383829802274704,0.24956540763378143,0.415181040763855,0.9998090863227844,0.28560817,0.19803247,0.8235726554572633,0.02139302789843268,False
GSM329478,0.0,0.12383829802274704,0.24956540763378143,0.415181040763855,0.9998090863227844,0.2856083,0.19803281,0.8162517503567568,-0.29887785495344527,False
GSM329479,0.0,0.12383829802274704,0.24956540763378143,0.415181040763855,0.9998090863227844,0.28560844,0.19803247,0.8001942103036075,-1.0013541824905536,False
GSM329480,0.0,0.12383829802274704,0.24956540763378143,0.415181040763855,0.9998090863227844,0.28560796,0.19803253,0.8498524596190793,1.171067277807355,False
GSM329481,0.0,0.12383829802274704,0.24956540763378143,0.415181040763855,0.9998090863227844,0.28560695,0.19803259,0.8381223389717072,0.6579044865791267,False
GSM329482,0.0,0.12383829802274704,0.24956540763378143,0.415181040763855,0.9998090863227844,0.28560755,0.19803181,0.8362617466276534,0.5765083279789669,False
GSM329483,0.0,0.12383829802274704,0.24956540763378143,0.415181040763855,0.9998090863227844,0.28560752,0.19803211,0.7806083313622277,-1.8581863164778774,False
GSM329484,0.0,0.12383829802274704,0.24956540763378143,0.415181040763855,0.9998090863227844,0.28560778,0.19803241,0.8186300858376375,-0.19483175768510136,False
GSM329485,0.0,0.12383829802274704,0.24956540763378143,0.415181040763855,0.9998090863227844,0.28560698,0.19803232,0.8389623021053655,0.6946507263796073,False
GSM329486,0.0,0.12383829802274704,0.24956540763378143,0.415181040763855,0.9998090863227844,0.2856087,0.19803281,0.8389501185660437,0.6941177276805027,False
GSM329487,0.0,0.12383829802274704,0.24956540763378143,0.415181040763855,0.9998090863227844,0.2856085,0.19803268,0.8369203402895996,0.6053201170482676,False
GSM329488,0.0,0.12383829802274704,0.24956540763378143,0.415181040763855,0.9998090863227844,0.28560758,0.19803214,0.8308063135656377,0.337847077884331,False
GSM329489,0.0,0.12383829802274704,0.24956540763378143,0.415181040763855,0.9998090863227844,0.2856072,0.198032,0.8305996596170706,0.3288064959284418,False
GSM329490,0.0,0.12383829802274704,0.24956540763378143,0.415181040763855,0.9998090863227844,0.28560773,0.1980327,0.8175757284573283,-0.24095719769519894,False
GSM329491,0.0,0.12383829802274704,0.24956540763378143,0.415181040763855,0.9998090863227844,0.28560725,0.1980325,0.82491157117682,0.0799671678004795,False
GSM329716,0.0,0.12383829802274704,0.24956540763378143,0.415181040763855,0.9998090863227844,0.28560764,0.19803175,0.8282194931779174,0.2246802989163737,False
GSM329717,0.0,0.12383829802274704,0.24956540763378143,0.415181040763855,0.9998090863227844,0.28560734,0.19803247,0.8124185686355692,-0.4665697560397605,False
GSM329718,0.0,0.12383829802274704,0.24956540763378143,0.415181040763855,0.9998090863227844,0.28560743,0.19803251,0.8256180512538164,0.1108738651105201,False
GSM329719,0.0,0.12383829802274704,0.24956540763378143,0.415181040763855,0.9998090863227844,0.28560805,0.19803254,0.8440556991818038,0.9174738276206275,False
GSM329720,0.0,0.12383829802274704,0.24956540763378143,0.415181040763855,0.9998090863227844,0.28560707,0.19803217,0.7952472393724795,-1.2177715142007135,False
GSM329721,0.0,0.12383829802274704,0.24956540763378143,0.415181040763855,0.9998090863227844,0.2856086,0.19803204,0.8239955285269686,0.03989264365761082,False
GSM329722,0.0,0.12383829802274704,0.24956540763378143,0.415181040763855,0.9998090863227844,0.28560665,0.19803207,0.8433624949753888,0.8871479157098464,False
GSM329723,0.0,0.12383829802274704,0.24956540763378143,0.415181040763855,0.9998090863227844,0.28560826,0.19803277,0.8381502838878513,0.6591270052215382,False
GSM329724,0.0,0.12383829802274704,0.24956540763378143,0.415181040763855,0.9998090863227844,0.28560913,0.19803269,0.8345810682298839,0.5029829445934502,False
GSM329725,0.0,0.12383829802274704,0.24956540763378143,0.415181040763855,0.9998090863227844,0.28560868,0.19803198,0.825163166701215,0.09097382880937567,False
GSM329726,0.0,0.12383829802274704,0.24956540763378143,0.415181040763855,0.9998090863227844,0.28560942,0.19803202,0.8434490494853788,0.8909344542523794,False
GSM329727,0.0,0.12383829802274704,0.24956540763378143,0.415181040763855,0.9998090863227844,0.28560567,0.19803245,0.853799563701435,1.3437429909615703,False
GSM329728,0.0,0.12383829802274704,0.24956540763378143,0.415181040763855,0.9998090863227844,0.28560802,0.19803211,0.7858920860385579,-1.6270355568752288,False
GSM329729,0.0,0.12383829802274704,0.24956540763378143,0.415181040763855,0.9998090863227844,0.2856085,0.19803281,0.8484499840035248,1.1097125549410805,False
GSM329730,0.0,0.12383829802274704,0.24956540763378143,0.415181040763855,0.9998090863227844,0.28560832,0.19803257,0.8399459736256149,0.737683840714707,False
GSM329731,0.0,0.12383829802274704,0.24956540763378143,0.415181040763855,0.9998090863227844,0.2856086,0.19803219,0.7937575699103806,-1.2829407449493677,False
GSM329732,0.0,0.12383829802274704,0.24956540763378143,0.415181040763855,0.9998090863227844,0.2856076,0.19803235,0.820960659450632,-0.09287512003747062,False
GSM329733,0.0,0.12383829802274704,0.24956540763378143,0.415181040763855,0.9998090863227844,0.28560758,0.19803245,0.8304288597481023,0.3213344382969786,False
GSM329734,0.0,0.12383829802274704,0.24956540763378143,0.415181040763855,0.9998090863227844,0.28560707,0.19803222,0.8140784897981924,-0.39395244862771894,False
GSM329735,0.0,0.12383829802274704,0.24956540763378143,0.415181040763855,0.9998090863227844,0.28560764,0.19803225,0.8180288658092024,-0.2211335969592941,False
GSM329736,0.0,0.12383829802274704,0.24956540763378143,0.415181040763855,0.9998090863227844,0.28560716,0.19803293,0.8365092844836118,0.58733747636686,False
GSM329737,0.0,0.12383829802274704,0.24956540763378143,0.415181040763855,0.9998090863227844,0.2856071,0.19803211,0.8296164215511528,0.2857923441122564,False
GSM329738,0.0,0.12383829802274704,0.24956540763378143,0.415181040763855,0.9998090863227844,0.28560716,0.19803192,0.8404053783578311,0.7577816233185356,False
GSM329739,0.0,0.12383829802274704,0.24956540763378143,0.415181040763855,0.9998090863227844,0.28560746,0.19803247,0.8414250833724658,0.8023911109163102,False
GSM329740,0.0,0.12383829802274704,0.24956540763378143,0.415181040763855,0.9998090863227844,0.28560776,0.19803214,0.8263520210770147,0.1429831685416065,False
GSM329741,0.0,0.12383829802274704,0.24956540763378143,0.415181040763855,0.9998090863227844,0.28560805,0.19803259,0.7885413429495854,-1.5111373396264445,False
GSM329742,0.0,0.12383829802274704,0.24956540763378143,0.415181040763855,0.9998090863227844,0.285608,0.19803205,0.8505123684858904,1.1999366037272816,False
GSM329743,0.0,0.12383829802274704,0.24956540763378143,0.415181040763855,0.9998090863227844,0.2856069,0.19803205,0.843591736146767,0.897176630921329,False
GSM329744,0.0,0.12383829802274704,0.24956540763378143,0.415181040763855,0.9998090863227844,0.2856088,0.19803247,0.8413621888099603,0.7996396345915,False
GSM329745,0.0,0.12383829802274704,0.24956540763378143,0.415181040763855,0.9998090863227844,0.28560707,0.19803223,0.817487808263809,-0.24480348140088387,False
GSM329746,0.0,0.12383829802274704,0.24956540763378143,0.415181040763855,0.9998090863227844,0.2856084,0.19803213,0.8242280525944996,0.05006497718332826,False
GSM329747,0.0,0.12383829802274704,0.24956540763378143,0.415181040763855,0.9998090863227844,0.2856076,0.19803235,0.8147039459278929,-0.3665903418807787,False
GSM329748,0.0,0.12383829802274704,0.24956540763378143,0.415181040763855,0.9998090863227844,0.28560752,0.19803217,0.837913675599221,0.6487759974637076,False
GSM329749,0.0,0.12383829802274704,0.24956540763378143,0.415181040763855,0.9998090863227844,0.28560758,0.1980329,0.8514257407068878,1.239894303434519,False
GSM329750,0.0,0.12383829802274704,0.24956540763378143,0.415181040763855,0.9998090863227844,0.28560665,0.19803257,0.7532837063384615,-3.053568808098021,False
GSM329751,0.0,0.12383829802274704,0.24956540763378143,0.415181040763855,0.9998090863227844,0.28560844,0.19803251,0.7865140056748365,-1.599828162674735,False
GSM329752,0.0,0.12383829802274704,0.24956540763378143,0.415181040763855,0.9998090863227844,0.28560707,0.19803256,0.8270969930248303,0.1755737867986702,False
GSM329753,0.0,0.12383829802274704,0.24956540763378143,0.415181040763855,0.9998090863227844,0.2856084,0.19803174,0.8520191909374849,1.2658562339161517,False
GSM329754,0.0,0.12383829802274704,0.24956540763378143,0.415181040763855,0.9998090863227844,0.28560895,0.19803287,0.6962292282611461,-5.5495563688725245,True
GSM329755,0.0,0.12383829802274704,0.24956540763378143,0.415181040763855,0.9998090863227844,0.28560925,0.19803225,0.8375964090906834,0.6348963987810756,False
GSM329756,0.0,0.12383829802274704,0.24956540763378143,0.415181040763855,0.9998090863227844,0.28560814,0.19803229,0.8035342178664165,-0.8552373900738903,False
GSM329757,0.0,0.12383829802274704,0.24956540763378143,0.415181040763855,0.9998090863227844,0.28560808,0.19803219,0.8297231025410002,0.2904593646968548,False
GSM329758,0.0,0.12383829802274704,0.24956540763378143,0.415181040763855,0.9998090863227844,0.2856078,0.19803245,0.8477832470226258,1.0805445164853227,False
GSM329759,0.0,0.12383829802274704,0.24956540763378143,0.415181040763855,0.9998090863227844,0.2856083,0.19803192,0.830789864405084,0.3371274691610377,False
GSM329760,0.0,0.12383829802274704,0.24956540763378143,0.415181040763855,0.9998090863227844,0.28560796,0.19803314,0.8344658183145176,0.4979410554231611,False
GSM329761,0.0,0.12383829802274704,0.24956540763378143,0.415181040763855,0.9998090863227844,0.28560784,0.19803214,0.8430351314918715,0.87282660018394,False
GSM329762,0.0,0.12383829802274704,0.24956540763378143,0.415181040763855,0.9998090863227844,0.28560832,0.19803214,0.8219676537152757,-0.0488216952578086,False
GSM329763,0.0,0.12383829802274704,0.24956540763378143,0.415181040763855,0.9998090863227844,0.2856071,0.19803219,0.842611019670302,0.8542727921974711,False
GSM329764,0.0,0.12383829802274704,0.24956540763378143,0.415181040763855,0.9998090863227844,0.28560707,0.1980324,0.7991674939582957,-1.0462703978815602,False
GSM329765,0.0,0.12383829802274704,0.24956540763378143,0.415181040763855,0.9998090863227844,0.28560823,0.19803223,0.8259055743263651,0.12345226450530304,False
GSM329766,0.0,0.12383829802274704,0.24956540763378143,0.415181040763855,0.9998090863227844,0.28560853,0.19803247,0.8421413013240664,0.8337238153462058,False
GSM329767,0.0,0.12383829802274704,0.24956540763378143,0.415181040763855,0.9998090863227844,0.2856086,0.19803241,0.8128158052784394,-0.4491916684171825,False
GSM329768,0.0,0.12383829802274704,0.24956540763378143,0.415181040763855,0.9998090863227844,0.28560826,0.19803195,0.8260597552405219,0.13019728534876085,False
GSM329769,0.0,0.12383829802274704,0.24956540763378143,0.415181040763855,0.9998090863227844,0.28560832,0.19803283,0.854231464115855,1.362637529974355,False
GSM329770,0.0,0.12383829802274704,0.24956540763378143,0.415181040763855,0.9998090863227844,0.28560826,0.19803154,0.8213432072043635,-0.07613963376377124,False
GSM329771,0.0,0.12383829802274704,0.24956540763378143,0.415181040763855,0.9998090863227844,0.28560805,0.19803184,0.8569852174587413,1.483107198980375,False
GSM329772,0.0,0.12383829802274704,0.24956540763378143,0.415181040763855,0.9998090863227844,0.28560758,0.19803184,0.8461803559961859,1.0104221317384254,False
GSM329773,0.0,0.12383829802274704,0.24956540763378143,0.415181040763855,0.9998090863227844,0.28560725,0.19803202,0.7958440025546096,-1.191664650558802,False
GSM329774,0.0,0.12383829802274704,0.24956540763378143,0.415181040763855,0.9998090863227844,0.28560835,0.19803199,0.8523001590151139,1.2781478690405041,False
GSM329775,0.0,0.12383829802274704,0.24956540763378143,0.415181040763855,0.9998090863227844,0.28560805,0.19803265,0.8159733167761297,-0.31105861231319726,False
GSM329776,0.0,0.12383829802274704,0.24956540763378143,0.415181040763855,0.9998090863227844,0.28560716,0.1980322,0.8164814640904552,-0.2888284663485175,False
GSM329777,0.0,0.12383829802274704,0.24956540763378143,0.415181040763855,0.9998090863227844,0.28560823,0.19803277,0.8069425465892648,-0.7061317215629719,False
GSM329778,0.0,0.12383829802274704,0.24956540763378143,0.415181040763855,0.9998090863227844,0.28560832,0.19803171,0.84273279083323,0.8595999692775498,False
GSM329779,0.0,0.12383829802274704,0.24956540763378143,0.415181040763855,0.9998090863227844,0.2856072,0.19803225,0.8352733155211539,0.5332669939129172,False
GSM329780,0.0,0.12383829802274704,0.24956540763378143,0.415181040763855,0.9998090863227844,0.28560656,0.19803314,0.8495528986525933,1.1579622513267103,False
GSM329781,0.0,0.12383829802274704,0.24956540763378143,0.415181040763855,0.9998090863227844,0.2856084,0.1980325,0.8262307360463027,0.1376772585032222,False
GSM329782,0.0,0.12383829802274704,0.24956540763378143,0.415181040763855,0.9998090863227844,0.28560817,0.19803225,0.808800204195967,-0.6248639502195276,False
GSM329783,0.0,0.12383829802274704,0.24956540763378143,0.415181040763855,0.9998090863227844,0.2856082,0.19803262,0.8339107949280765,0.4736602011382684,False
GSM329784,0.0,0.12383829802274704,0.24956540763378143,0.415181040763855,0.9998090863227844,0.28560966,0.19803263,0.8535300159209972,1.3319509646442793,False
GSM329785,0.0,0.12383829802274704,0.24956540763378143,0.415181040763855,0.9998090863227844,0.28560814,0.19803281,0.8417050395606822,0.8146384784656742,False
GSM329786,0.0,0.12383829802274704,0.24956540763378143,0.415181040763855,0.9998090863227844,0.28560787,0.19803211,0.8137377919629051,-0.40885710795538194,False
GSM329787,0.0,0.12383829802274704,0.24956540763378143,0.415181040763855,0.9998090863227844,0.28560805,0.19803225,0.8539053486848186,1.3483708135539447,False
GSM329788,0.0,0.12383829802274704,0.24956540763378143,0.415181040763855,0.9998090863227844,0.28560758,0.1980325,0.8277172201107764,0.20270713624898132,False
GSM329789,0.0,0.12383829802274704,0.24956540763378143,0.415181040763855,0.9998090863227844,0.28560832,0.19803245,0.822808065677464,-0.012055820356533443,False
GSM329790,0.0,0.12383829802274704,0.24956540763378143,0.415181040763855,0.9998090863227844,0.28560814,0.19803236,0.8083758597746107,-0.6434279338520499,False
GSM329791,0.0,0.12383829802274704,0.24956540763378143,0.415181040763855,0.9998090863227844,0.28560725,0.19803281,0.7830780269370061,-1.7501434486561211,False
GSM329792,0.0,0.12383829802274704,0.24956540763378143,0.415181040763855,0.9998090863227844,0.285608,0.1980328,0.8241033648857148,0.04461020867792455,False
GSM329793,0.0,0.12383829802274704,0.24956540763378143,0.415181040763855,0.9998090863227844,0.28560808,0.19803303,0.7679850874889566,-2.410420965642691,False
GSM329794,0.0,0.12383829802274704,0.24956540763378143,0.415181040763855,0.9998090863227844,0.28560877,0.19803245,0.8248930957503908,0.07915891512511952,False
GSM329795,0.0,0.12383829802274704,0.24956540763378143,0.415181040763855,0.9998090863227844,0.28560725,0.19803222,0.8328788496618158,0.42851523382305656,False
GSM329796,0.0,0.12383829802274704,0.24956540763378143,0.415181040763855,0.9998090863227844,0.28560627,0.19803198,0.8279114149633451,0.21120266460559842,False
GSM329797,0.0,0.12383829802274704,0.24956540763378143,0.415181040763855,0.9998090863227844,0.2856078,0.19803195,0.860451016450065,1.634727044819053,False
GSM329798,0.0,0.12383829802274704,0.24956540763378143,0.415181040763855,0.9998090863227844,0.28560692,0.1980324,0.8452408096583164,0.9693193813300229,False
GSM329799,0.0,0.12383829802274704,0.24956540763378143,0.415181040763855,0.9998090863227844,0.28560674,0.1980322,0.797630016990362,-1.1135310847945061,False
GSM329800,0.0,0.12383829802274704,0.24956540763378143,0.415181040763855,0.9998090863227844,0.2856074,0.19803196,0.819452947889608,-0.15883364649094672,False
GSM329801,0.0,0.12383829802274704,0.24956540763378143,0.415181040763855,0.9998090863227844,0.28560832,0.19803196,0.8352803212690079,0.533573477471906,False
GSM329802,0.0,0.12383829802274704,0.24956540763378143,0.415181040763855,0.9998090863227844,0.2856071,0.19803198,0.8275080139318025,0.19355490073736326,False
GSM329803,0.0,0.12383829802274704,0.24956540763378143,0.415181040763855,0.9998090863227844,0.2856078,0.1980327,0.8223790552763184,-0.030823928676642746,False
GSM329804,0.0,0.12383829802274704,0.24956540763378143,0.415181040763855,0.9998090863227844,0.28560832,0.1980321,0.8077287622022268,-0.6717367983918129,False
GSM329805,0.0,0.12383829802274704,0.24956540763378143,0.415181040763855,0.9998090863227844,0.28560698,0.19803219,0.8493859685040754,1.1506594840723285,False
GSM329806,0.0,0.12383829802274704,0.24956540763378143,0.415181040763855,0.9998090863227844,0.2856083,0.1980324,0.8458383032561574,0.9954581987920391,False
GSM329807,0.0,0.12383829802274704,0.24956540763378143,0.415181040763855,0.9998090863227844,0.28560826,0.19803269,0.8438701863943183,0.9093581174164108,False
GSM329808,0.0,0.12383829802274704,0.24956540763378143,0.415181040763855,0.9998090863227844,0.285608,0.1980323,0.8546520480095694,1.3810370001360235,False
GSM329809,0.0,0.12383829802274704,0.24956540763378143,0.415181040763855,0.9998090863227844,0.2856078,0.19803241,0.765422098628639,-2.522545176210131,False
GSM329810,0.0,0.12383829802274704,0.24956540763378143,0.415181040763855,0.9998090863227844,0.2856084,0.19803275,0.8466080408386251,1.0291322502538094,False
GSM329811,0.0,0.12383829802274704,0.24956540763378143,0.415181040763855,0.9998090863227844,0.28560737,0.19803242,0.8465277678952637,1.0256205141929673,False
GSM329812,0.0,0.12383829802274704,0.24956540763378143,0.415181040763855,0.9998090863227844,0.28560802,0.1980326,0.819456067499709,-0.15869717152405519,False
GSM329813,0.0,0.12383829802274704,0.24956540763378143,0.415181040763855,0.9998090863227844,0.28560653,0.19803225,0.8061623442246719,-0.7402635804903591,False
GSM329814,0.0,0.12383829802274704,0.24956540763378143,0.415181040763855,0.9998090863227844,0.2856078,0.19803268,0.8403085982540558,0.7535477411887864,False
GSM329815,0.0,0.12383829802274704,0.24956540763378143,0.415181040763855,0.9998090863227844,0.28560796,0.198032,0.8272673752575924,0.18302757391376612,False
GSM329816,0.0,0.12383829802274704,0.24956540763378143,0.415181040763855,0.9998090863227844,0.28560835,0.1980324,0.8309796358588728,0.34542948512909505,False
GSM329817,0.0,0.12383829802274704,0.24956540763378143,0.415181040763855,0.9998090863227844,0.28560784,0.19803262,0.8245153607784333,0.06263397575054955,False
GSM329818,0.0,0.12383829802274704,0.24956540763378143,0.415181040763855,0.9998090863227844,0.2856081,0.19803219,0.8174854862703922,-0.24490506267688103,False
GSM329819,0.0,0.12383829802274704,0.24956540763378143,0.415181040763855,0.9998090863227844,0.2856082,0.19803242,0.78858117709599,-1.509394697553985,False
GSM329820,0.0,0.12383829802274704,0.24956540763378143,0.415181040763855,0.9998090863227844,0.28560752,0.19803219,0.8508709596337364,1.2156240497365944,False
GSM329821,0.0,0.12383829802274704,0.24956540763378143,0.415181040763855,0.9998090863227844,0.28560722,0.19803253,0.7028333223284969,-5.260644136252413,True
GSM329822,0.0,0.12383829802274704,0.24956540763378143,0.415181040763855,0.9998090863227844,0.28560877,0.19803262,0.8396540580651618,0.7249132812031476,False
GSM329823,0.0,0.12383829802274704,0.24956540763378143,0.415181040763855,0.9998090863227844,0.2856071,0.1980325,0.849194298225796,1.142274399386995,False
GSM329824,0.0,0.12383829802274704,0.24956540763378143,0.415181040763855,0.9998090863227844,0.2856079,0.1980323,0.8046026103929256,-0.8084979482972553,False
GSM329825,0.0,0.12383829802274704,0.24956540763378143,0.415181040763855,0.9998090863227844,0.28560635,0.19803217,0.8432332427839887,0.881493462758749,False
GSM329826,0.0,0.12383829802274704,0.24956540763378143,0.415181040763855,0.9998090863227844,0.2856077,0.19803257,0.8215149820932817,-0.06862492150205915,False
GSM329827,0.0,0.12383829802274704,0.24956540763378143,0.415181040763855,0.9998090863227844,0.28560942,0.19803204,0.8401721596519914,0.7475789011426007,False
GSM329828,0.0,0.12383829802274704,0.24956540763378143,0.415181040763855,0.9998090863227844,0.28560692,0.19803227,0.8208769389375721,-0.0965376784591968,False
GSM329829,0.0,0.12383829802274704,0.24956540763378143,0.415181040763855,0.9998090863227844,0.28560856,0.19803211,0.8011892762805778,-0.9578225898029099,False
GSM329830,0.0,0.12383829802274704,0.24956540763378143,0.415181040763855,0.9998090863227844,0.28560638,0.1980323,0.7909805936772819,-1.40442635603476,False
GSM329831,0.0,0.12383829802274704,0.24956540763378143,0.415181040763855,0.9998090863227844,0.28560895,0.1980319,0.8313725471251949,0.3626183485851628,False
GSM329832,0.0,0.12383829802274704,0.24956540763378143,0.415181040763855,0.9998090863227844,0.2856084,0.19803247,0.8298062484288949,0.2940967847365845,False
GSM329833,0.0,0.12383829802274704,0.24956540763378143,0.415181040763855,0.9998090863227844,0.28560913,0.19803225,0.821064591744773,-0.08832834786321528,False
GSM329834,0.0,0.12383829802274704,0.24956540763378143,0.415181040763855,0.9998090863227844,0.28560683,0.19803242,0.8008480103026036,-0.9727521039207143,False
GSM329835,0.0,0.12383829802274704,0.24956540763378143,0.415181040763855,0.9998090863227844,0.2856087,0.19803259,0.8452168798800432,0.9682725147050943,False
GSM329836,0.0,0.12383829802274704,0.24956540763378143,0.415181040763855,0.9998090863227844,0.2856077,0.19803225,0.814194139640938,-0.388893063656966,False
GSM329837,0.0,0.12383829802274704,0.24956540763378143,0.415181040763855,0.9998090863227844,0.28560752,0.1980321,0.8149577261900774,-0.3554881041786925,False
GSM329838,0.0,0.12383829802274704,0.24956540763378143,0.415181040763855,0.9998090863227844,0.28560773,0.19803229,0.7884118283588373,-1.5168032718782156,False
GSM329839,0.0,0.12383829802274704,0.24956540763378143,0.415181040763855,0.9998090863227844,0.28560728,0.19803214,0.8126187331733487,-0.4578130692161818,False
GSM329840,0.0,0.12383829802274704,0.24956540763378143,0.415181040763855,0.9998090863227844,0.28560823,0.19803253,0.8135668100647316,-0.4163371288992278,False
GSM329841,0.0,0.12383829802274704,0.24956540763378143,0.415181040763855,0.9998090863227844,0.2856082,0.19803253,0.7952780102490498,-1.2164253670139964,False
GSM329842,0.0,0.12383829802274704,0.24956540763378143,0.415181040763855,0.9998090863227844,0.28560936,0.19803223,0.8314039459313575,0.3639919660862934,False
GSM329843,0.0,0.12383829802274704,0.24956540763378143,0.415181040763855,0.9998090863227844,0.28560725,0.19803272,0.8053637132594882,-0.7752016435823864,False
GSM329844,0.0,0.12383829802274704,0.24956540763378143,0.415181040763855,0.9998090863227844,0.28560895,0.19803245,0.8196711169635089,-0.14928930723917944,False
GSM329845,0.0,0.12383829802274704,0.24956540763378143,0.415181040763855,0.9998090863227844,0.28560844,0.19803222,0.8365459170300857,0.5889400566269835,False
GSM329846,0.0,0.12383829802274704,0.24956540763378143,0.415181040763855,0.9998090863227844,0.28560916,0.19803268,0.7135830444915959,-4.790371272402572,False
GSM329847,0.0,0.12383829802274704,0.24956540763378143,0.415181040763855,0.9998090863227844,0.28560773,0.19803335,0.8298401764097766,0.29558104716604744,False
GSM329848,0.0,0.12383829802274704,0.24956540763378143,0.415181040763855,0.9998090863227844,0.28560796,0.19803233,0.8035611079292495,-0.8540610185671952,False
GSM329849,0.0,0.12383829802274704,0.24956540763378143,0.415181040763855,0.9998090863227844,0.28560746,0.19803217,0.821865139142642,-0.053306445740408596,False
GSM329850,0.0,0.12383829802274704,0.24956540763378143,0.415181040763855,0.9998090863227844,0.28560805,0.19803184,0.8017952705149041,-0.9313118912258451,False
GSM329851,0.0,0.12383829802274704,0.24956540763378143,0.415181040763855,0.9998090863227844,0.2856079,0.19803211,0.8296047774880689,0.28528294611943317,False
GSM329852,0.0,0.12383829802274704,0.24956540763378143,0.415181040763855,0.9998090863227844,0.2856071,0.19803213,0.8363505412737244,0.5803928667483224,False
GSM329853,0.0,0.12383829802274704,0.24956540763378143,0.415181040763855,0.9998090863227844,0.28560656,0.19803217,0.8325218013141594,0.4128952813779963,False
GSM329854,0.0,0.12383829802274704,0.24956540763378143,0.415181040763855,0.9998090863227844,0.28560796,0.19803263,0.8168877422073921,-0.27105483734931224,False
GSM329855,0.0,0.12383829802274704,0.24956540763378143,0.415181040763855,0.9998090863227844,0.28560942,0.19803248,0.8171858884935215,-0.25801169951775554,False
GSM329856,0.0,0.12383829802274704,0.24956540763378143,0.415181040763855,0.9998090863227844,0.2856088,0.19803245,0.8238360996195808,0.03291803652636306,False
GSM329857,0.0,0.12383829802274704,0.24956540763378143,0.415181040763855,0.9998090863227844,0.2856075,0.198032,0.8137766222554425,-0.4071583819233397,False
GSM329858,0.0,0.12383829802274704,0.24956540763378143,0.415181040763855,0.9998090863227844,0.2856072,0.19803211,0.8215500391995444,-0.06709126272369055,False
GSM329859,0.0,0.12383829802274704,0.24956540763378143,0.415181040763855,0.9998090863227844,0.2856067,0.19803213,0.8018356629413247,-0.9295448258298783,False
GSM329860,0.0,0.12383829802274704,0.24956540763378143,0.415181040763855,0.9998090863227844,0.28560874,0.19803223,0.820189750346939,-0.12660042255795226,False
GSM329861,0.0,0.12383829802274704,0.24956540763378143,0.415181040763855,0.9998090863227844,0.28560802,0.19803183,0.8159290358000679,-0.31299579181520615,False
GSM329862,0.0,0.12383829802274704,0.24956540763378143,0.415181040763855,0.9998090863227844,0.28560787,0.19803245,0.8267130019309377,0.15877515808270087,False
GSM329863,0.0,0.12383829802274704,0.24956540763378143,0.415181040763855,0.9998090863227844,0.28560755,0.19803251,0.8477396863867069,1.0786388500230786,False
GSM329864,0.0,0.12383829802274704,0.24956540763378143,0.415181040763855,0.9998090863227844,0.2856078,0.19803211,0.8368939700382597,0.6041664859655387,False
GSM329865,0.0,0.12383829802274704,0.24956540763378143,0.415181040763855,0.9998090863227844,0.28560743,0.19803233,0.8054212798313221,-0.7726832532288886,False
GSM329866,0.0,0.12383829802274704,0.24956540763378143,0.415181040763855,0.9998090863227844,0.28560796,0.19803236,0.8319587146391723,0.3882616788323506,False
GSM329867,0.0,0.12383829802274704,0.24956540763378143,0.415181040763855,0.9998090863227844,0.2856081,0.19803274,0.8216600199687943,-0.062279885225849006,False
GSM329868,0.0,0.12383829802274704,0.24956540763378143,0.415181040763855,0.9998090863227844,0.28560764,0.19803233,0.8263302741587794,0.14203179646303,False
GSM329869,0.0,0.12383829802274704,0.24956540763378143,0.415181040763855,0.9998090863227844,0.28560707,0.19803184,0.8083931381646094,-0.6426720484603952,False
GSM329870,0.0,0.12383829802274704,0.24956540763378143,0.415181040763855,0.9998090863227844,0.28560808,0.19803232,0.8320353582951012,0.39161464284600334,False
GSM329871,0.0,0.12383829802274704,0.24956540763378143,0.415181040763855,0.9998090863227844,0.28560662,0.19803196,0.8287610304421604,0.2483711698312685,False
GSM329872,0.0,0.12383829802274704,0.24956540763378143,0.415181040763855,0.9998090863227844,0.285608,0.19803253,0.7919299774500251,-1.3628932429992306,False
GSM329873,0.0,0.12383829802274704,0.24956540763378143,0.415181040763855,0.9998090863227844,0.28560743,0.19803268,0.8051194543163442,-0.7858873479169183,False
GSM329874,0.0,0.12383829802274704,0.24956540763378143,0.415181040763855,0.9998090863227844,0.2856088,0.19803268,0.8121028874193844,-0.4803800022346263,False
GSM329875,0.0,0.12383829802274704,0.24956540763378143,0.415181040763855,0.9998090863227844,0.28560737,0.19803308,0.8124131905302413,-0.46680503439916776,False
GSM329876,0.0,0.12383829802274704,0.24956540763378143,0.415181040763855,0.9998090863227844,0.2856071,0.19803184,0.7669432613434315,-2.455998196166058,False
GSM329877,0.0,0.12383829802274704,0.24956540763378143,0.415181040763855,0.9998090863227844,0.28560823,0.19803286,0.800603456844919,-0.983450692513497,False
GSM329878,0.0,0.12383829802274704,0.24956540763378143,0.415181040763855,0.9998090863227844,0.2856076,0.198032,0.8439918816664708,0.9146819744690676,False
GSM329879,0.0,0.12383829802274704,0.24956540763378143,0.415181040763855,0.9998090863227844,0.28560743,0.19803214,0.8045520199947233,-0.8107111488883905,False
GSM329880,0.0,0.12383829802274704,0.24956540763378143,0.415181040763855,0.9998090863227844,0.28560805,0.1980325,0.7996128437668574,-1.0267874822573566,False
GSM329881,0.0,0.12383829802274704,0.24956540763378143,0.415181040763855,0.9998090863227844,0.28560764,0.19803263,0.8042563149898703,-0.8236474869050425,False
GSM329882,0.0,0.12383829802274704,0.24956540763378143,0.415181040763855,0.9998090863227844,0.28560737,0.19803189,0.823632511296032,0.0240115678280041,False
GSM329883,0.0,0.12383829802274704,0.24956540763378143,0.415181040763855,0.9998090863227844,0.2856076,0.19803247,0.8332965570118092,0.44678886255058026,False
GSM329884,0.0,0.12383829802274704,0.24956540763378143,0.415181040763855,0.9998090863227844,0.28560895,0.19803247,0.8488464495261117,1.1270569080225656,False
GSM329885,0.0,0.12383829802274704,0.24956540763378143,0.415181040763855,0.9998090863227844,0.285608,0.1980316,0.8085739821837031,-0.6347605849379943,False
GSM329886,0.0,0.12383829802274704,0.24956540763378143,0.415181040763855,0.9998090863227844,0.28560805,0.19803296,0.837889466786334,0.6477169237877518,False
GSM329887,0.0,0.12383829802274704,0.24956540763378143,0.415181040763855,0.9998090863227844,0.28560755,0.19803262,0.8280139672334882,0.21568906425786613,False
GSM329888,0.0,0.12383829802274704,0.24956540763378143,0.415181040763855,0.9998090863227844,0.28560746,0.19803214,0.7990377463456282,-1.0519465242466,False
GSM329889,0.0,0.12383829802274704,0.24956540763378143,0.415181040763855,0.9998090863227844,0.2856077,0.19803274,0.8047728935480397,-0.8010484955759744,False
GSM329890,0.0,0.12383829802274704,0.24956540763378143,0.415181040763855,0.9998090863227844,0.28560746,0.19803226,0.8453129335007257,0.9724746150567235,False
GSM329891,0.0,0.12383829802274704,0.24956540763378143,0.415181040763855,0.9998090863227844,0.28560865,0.19803226,0.801395410128083,-0.9488047609388823,False
GSM329892,0.0,0.12383829802274704,0.24956540763378143,0.415181040763855,0.9998090863227844,0.28560865,0.19803214,0.8059974672367104,-0.7474765272191377,False
GSM329893,0.0,0.12383829802274704,0.24956540763378143,0.415181040763855,0.9998090863227844,0.285607,0.19803222,0.8418970867410451,0.8230400516536384,False
GSM329894,0.0,0.12383829802274704,0.24956540763378143,0.415181040763855,0.9998090863227844,0.2856084,0.19803242,0.8086695758089283,-0.6305786082116802,False
GSM329895,0.0,0.12383829802274704,0.24956540763378143,0.415181040763855,0.9998090863227844,0.28560892,0.19803245,0.8347157001910668,0.5088727487196021,False
GSM329896,0.0,0.12383829802274704,0.24956540763378143,0.415181040763855,0.9998090863227844,0.2856088,0.19803214,0.7118589435904278,-4.865796279305699,False
GSM329897,0.0,0.12383829802274704,0.24956540763378143,0.415181040763855,0.9998090863227844,0.2856081,0.19803247,0.8167140754685398,-0.2786523132092839,False
GSM329898,0.0,0.12383829802274704,0.24956540763378143,0.415181040763855,0.9998090863227844,0.28560925,0.19803219,0.8526838148849227,1.294931832559779,False
GSM329899,0.0,0.12383829802274704,0.24956540763378143,0.415181040763855,0.9998090863227844,0.28560776,0.19803254,0.8425900119094054,0.853353756362866,False
GSM329900,0.0,0.12383829802274704,0.24956540763378143,0.415181040763855,0.9998090863227844,0.28560844,0.19803217,0.8133737877011094,-0.42478136386181303,False
GSM329901,0.0,0.12383829802274704,0.24956540763378143,0.415181040763855,0.9998090863227844,0.28560808,0.19803247,0.8573859197093824,1.5006368980833809,False
GSM329902,0.0,0.12383829802274704,0.24956540763378143,0.415181040763855,0.9998090863227844,0.2856084,0.19803205,0.8352251928633824,0.531161750657052,False
GSM329903,0.0,0.12383829802274704,0.24956540763378143,0.415181040763855,0.9998090863227844,0.28560728,0.19803253,0.8076724591930315,-0.6741999111100652,False
GSM329904,0.0,0.12383829802274704,0.24956540763378143,0.415181040763855,0.9998090863227844,0.28560755,0.19803253,0.8143840418191847,-0.38058532882806567,False
GSM329905,0.0,0.12383829802274704,0.24956540763378143,0.415181040763855,0.9998090863227844,0.2856072,0.198032,0.8163472155183613,-0.2947014981821271,False
GSM329906,0.0,0.12383829802274704,0.24956540763378143,0.415181040763855,0.9998090863227844,0.28560814,0.19803235,0.813936309740347,-0.4001724626867623,False
GSM329907,0.0,0.12383829802274704,0.24956540763378143,0.415181040763855,0.9998090863227844,0.2856085,0.19803223,0.8201865259032335,-0.12674148372704055,False
GSM329908,0.0,0.12383829802274704,0.24956540763378143,0.415181040763855,0.9998090863227844,0.28560725,0.19803213,0.7975828263263908,-1.1155955557041717,False
GSM329909,0.0,0.12383829802274704,0.24956540763378143,0.415181040763855,0.9998090863227844,0.28560817,0.19803211,0.8234917847800695,0.01785514251047471,False
GSM329910,0.0,0.12383829802274704,0.24956540763378143,0.415181040763855,0.9998090863227844,0.28560796,0.19803189,0.8327653987048856,0.4235520444854569,False
GSM329911,0.0,0.12383829802274704,0.24956540763378143,0.415181040763855,0.9998090863227844,0.28560862,0.19803236,0.7725220869476446,-2.2119388377932307,False
GSM329912,0.0,0.12383829802274704,0.24956540763378143,0.415181040763855,0.9998090863227844,0.2856074,0.19803254,0.829155410009241,0.26562426769192643,False
GSM329913,0.0,0.12383829802274704,0.24956540763378143,0.415181040763855,0.9998090863227844,0.28560796,0.19803226,0.8048293633609049,-0.79857808562358,False
GSM329914,0.0,0.12383829802274704,0.24956540763378143,0.415181040763855,0.9998090863227844,0.28560817,0.19803241,0.7991332324995568,-1.0477692491147674,False
GSM329915,0.0,0.12383829802274704,0.24956540763378143,0.415181040763855,0.9998090863227844,0.28560808,0.19803229,0.8310031433618704,0.3464578782902317,False
GSM329916,0.0,0.12383829802274704,0.24956540763378143,0.415181040763855,0.9998090863227844,0.28560832,0.19803189,0.7994715242818119,-1.0329698484563878,False
GSM329917,0.0,0.12383829802274704,0.24956540763378143,0.415181040763855,0.9998090863227844,0.28560796,0.19803227,0.8321233203442084,0.3954627576266578,False
GSM329918,0.0,0.12383829802274704,0.24956540763378143,0.415181040763855,0.9998090863227844,0.28560728,0.19803248,0.6780554350810385,-6.344613360685979,True
GSM329919,0.0,0.12383829802274704,0.24956540763378143,0.415181040763855,0.9998090863227844,0.2856067,0.1980325,0.8328928192380448,0.42912636707099644,False
GSM329920,0.0,0.12383829802274704,0.24956540763378143,0.415181040763855,0.9998090863227844,0.28560695,0.19803293,0.8433912148226256,0.8884043356065124,False
GSM329921,0.0,0.12383829802274704,0.24956540763378143,0.415181040763855,0.9998090863227844,0.28560814,0.19803236,0.831331123466887,0.36080616943038546,False
GSM329922,0.0,0.12383829802274704,0.24956540763378143,0.415181040763855,0.9998090863227844,0.28560737,0.19803222,0.8334293399368518,0.4525977760725032,False
GSM329923,0.0,0.12383829802274704,0.24956540763378143,0.415181040763855,0.9998090863227844,0.28560734,0.19803265,0.7423172109173845,-3.5333249478212934,False
GSM329924,0.0,0.12383829802274704,0.24956540763378143,0.415181040763855,0.9998090863227844,0.28560814,0.19803257,0.8033125837970123,-0.8649333140209493,False
GSM329925,0.0,0.12383829802274704,0.24956540763378143,0.415181040763855,0.9998090863227844,0.28560737,0.19803263,0.8269521690612903,0.1692381086244168,False
GSM329926,0.0,0.12383829802274704,0.24956540763378143,0.415181040763855,0.9998090863227844,0.28560805,0.19803226,0.8073530913079069,-0.6881714396463842,False
GSM329927,0.0,0.12383829802274704,0.24956540763378143,0.415181040763855,0.9998090863227844,0.2856088,0.19803254,0.8282472160023074,0.22589310161230283,False
GSM329928,0.0,0.12383829802274704,0.24956540763378143,0.415181040763855,0.9998090863227844,0.2856077,0.19803262,0.7224752303187372,-4.401360874611125,False
GSM329929,0.0,0.12383829802274704,0.24956540763378143,0.415181040763855,0.9998090863227844,0.2856094,0.19803195,0.767076871361038,-2.4501530994588596,False
GSM329930,0.0,0.12383829802274704,0.24956540763378143,0.415181040763855,0.9998090863227844,0.28560966,0.19803292,0.8424312397392332,0.8464078798059014,False
GSM329931,0.0,0.12383829802274704,0.24956540763378143,0.415181040763855,0.9998090863227844,0.28560793,0.1980316,0.8485308365416242,1.1132496467900275,False
GSM329932,0.0,0.12383829802274704,0.24956540763378143,0.415181040763855,0.9998090863227844,0.28560835,0.19803242,0.7755301848157304,-2.0803422460207113,False
GSM329933,0.0,0.12383829802274704,0.24956540763378143,0.415181040763855,0.9998090863227844,0.2856078,0.1980321,0.8421993607531495,0.8362637669444084,False
GSM329934,0.0,0.12383829802274704,0.24956540763378143,0.415181040763855,0.9998090863227844,0.28560856,0.19803242,0.7997171355849629,-1.0222249818287437,False
GSM329935,0.0,0.12383829802274704,0.24956540763378143,0.415181040763855,0.9998090863227844,0.28560814,0.19803269,0.8080137893430637,-0.6592675896287787,False
GSM329936,0.0,0.12383829802274704,0.24956540763378143,0.415181040763855,0.9998090863227844,0.28560823,0.1980324,0.816256605803049,-0.2986654415907107,False
GSM329937,0.0,0.12383829802274704,0.24956540763378143,0.415181040763855,0.9998090863227844,0.2856068,0.19803254,0.856557926591083,1.4644143158544867,False
GSM329938,0.0,0.12383829802274704,0.24956540763378143,0.415181040763855,0.9998090863227844,0.2856076,0.19803268,0.8236561464886036,0.025045547081576424,False
GSM329939,0.0,0.12383829802274704,0.24956540763378143,0.415181040763855,0.9998090863227844,0.28560758,0.19803253,0.8229513394634358,-0.005787958487986572,False
GSM329940,0.0,0.12383829802274704,0.24956540763378143,0.415181040763855,0.9998090863227844,0.28560853,0.19803219,0.8041776357276176,-0.8270895034914971,False
GSM329941,0.0,0.12383829802274704,0.24956540763378143,0.415181040763855,0.9998090863227844,0.2856063,0.19803183,0.8157818641596195,-0.31943417485255937,False
GSM329942,0.0,0.12383829802274704,0.24956540763378143,0.415181040763855,0.9998090863227844,0.28560844,0.19803253,0.8213092953056015,-0.07762319264161271,False
GSM329943,0.0,0.12383829802274704,0.24956540763378143,0.415181040763855,0.9998090863227844,0.2856079,0.19803269,0.801935438470714,-0.9251799014870775,False
GSM329944,0.0,0.12383829802274704,0.24956540763378143,0.415181040763855,0.9998090863227844,0.28560752,0.19803219,0.7799420031179282,-1.8873364737523106,False
GSM329945,0.0,0.12383829802274704,0.24956540763378143,0.415181040763855,0.9998090863227844,0.2856071,0.19803275,0.8240707634472546,0.04318397908820347,False
GSM329946,0.0,0.12383829802274704,0.24956540763378143,0.415181040763855,0.9998090863227844,0.28560886,0.19803204,0.8043205075519774,-0.820839226415893,False
GSM329947,0.0,0.12383829802274704,0.24956540763378143,0.415181040763855,0.9998090863227844,0.2856084,0.19803181,0.8093544169222421,-0.6006185602445108,False
GSM329948,0.0,0.12383829802274704,0.24956540763378143,0.415181040763855,0.9998090863227844,0.28560627,0.1980323,0.8168539689880444,-0.27253232935730126,False
GSM329949,0.0,0.12383829802274704,0.24956540763378143,0.415181040763855,0.9998090863227844,0.28560835,0.19803198,0.8158794338294768,-0.31516575122518553,False
GSM329950,0.0,0.12383829802274704,0.24956540763378143,0.415181040763855,0.9998090863227844,0.28560695,0.19803196,0.8113457849288498,-0.5135013007249047,False
GSM329951,0.0,0.12383829802274704,0.24956540763378143,0.415181040763855,0.9998090863227844,0.28560907,0.19803245,0.8292045018008598,0.2677719080760989,False
GSM329952,0.0,0.12383829802274704,0.24956540763378143,0.415181040763855,0.9998090863227844,0.28560737,0.1980327,0.838122029870659,0.6578909641984594,False
GSM329953,0.0,0.12383829802274704,0.24956540763378143,0.415181040763855,0.9998090863227844,0.28560716,0.19803217,0.8211194855511837,-0.0859268841642716,False
GSM329954,0.0,0.12383829802274704,0.24956540763378143,0.415181040763855,0.9998090863227844,0.28560844,0.1980322,0.8279738191483934,0.2139326881702662,False
GSM329955,0.0,0.12383829802274704,0.24956540763378143,0.415181040763855,0.9998090863227844,0.28560728,0.19803253,0.8530039824939374,1.3089383469718567,False
GSM329956,0.0,0.12383829802274704,0.24956540763378143,0.415181040763855,0.9998090863227844,0.28560796,0.19803226,0.8136625949883575,-0.412146783356923,False
GSM329957,0.0,0.12383829802274704,0.24956540763378143,0.415181040763855,0.9998090863227844,0.28560823,0.19803229,0.7623498217081272,-2.656949437457786,False
GSM329958,0.0,0.12383829802274704,0.24956540763378143,0.415181040763855,0.9998090863227844,0.28560743,0.19803259,0.8418709338340998,0.8218959288325498,False
GSM329959,0.0,0.12383829802274704,0.24956540763378143,0.415181040763855,0.9998090863227844,0.2856082,0.19803226,0.8282687667622356,0.22683589226640408,False
GSM329960,0.0,0.12383829802274704,0.24956540763378143,0.415181040763855,0.9998090863227844,0.28560835,0.19803254,0.8121269915367778,-0.47932550871887036,False
GSM329961,0.0,0.12383829802274704,0.24956540763378143,0.415181040763855,0.9998090863227844,0.28560847,0.19803214,0.8320079007396947,0.3904134449899615,False
GSM329962,0.0,0.12383829802274704,0.24956540763378143,0.415181040763855,0.9998090863227844,0.28560835,0.19803222,0.7987242224779603,-1.0656623919589394,False
GSM329963,0.0,0.12383829802274704,0.24956540763378143,0.415181040763855,0.9998090863227844,0.28560716,0.19803299,0.8404725246452349,0.7607191017384578,False
GSM329964,0.0,0.12383829802274704,0.24956540763378143,0.415181040763855,0.9998090863227844,0.28560752,0.19803196,0.8233255989865359,0.010584938883774264,False
GSM329965,0.0,0.12383829802274704,0.24956540763378143,0.415181040763855,0.9998090863227844,0.28560743,0.19803236,0.8180701497108572,-0.21932753180081513,False
GSM329966,0.0,0.12383829802274704,0.24956540763378143,0.415181040763855,0.9998090863227844,0.28560892,0.19803268,0.8111346471040659,-0.5227380408026145,False
GSM329967,0.0,0.12383829802274704,0.24956540763378143,0.415181040763855,0.9998090863227844,0.2856068,0.19803217,0.7874127357065511,-1.5605110213170614,False
GSM329968,0.0,0.12383829802274704,0.24956540763378143,0.415181040763855,0.9998090863227844,0.28560758,0.19803233,0.804610859045171,-0.808137090848521,False
GSM329969,0.0,0.12383829802274704,0.24956540763378143,0.415181040763855,0.9998090863227844,0.28560868,0.19803247,0.7883833728189373,-1.5180481290045769,False
GSM329970,0.0,0.12383829802274704,0.24956540763378143,0.415181040763855,0.9998090863227844,0.2856089,0.19803196,0.784477069716942,-1.6889389035723992,False
GSM329971,0.0,0.12383829802274704,0.24956540763378143,0.415181040763855,0.9998090863227844,0.2856084,0.1980321,0.8398712110334535,0.7344131684321028,False
GSM329972,0.0,0.12383829802274704,0.24956540763378143,0.415181040763855,0.9998090863227844,0.2856082,0.19803184,0.8270437960500998,0.17324655514792714,False
GSM329973,0.0,0.12383829802274704,0.24956540763378143,0.415181040763855,0.9998090863227844,0.28560835,0.19803268,0.8106880613849538,-0.5422750243538964,False
GSM329974,0.0,0.12383829802274704,0.24956540763378143,0.415181040763855,0.9998090863227844,0.28560865,0.19803207,0.8011154520239157,-0.9610522123062026,False
GSM329975,0.0,0.12383829802274704,0.24956540763378143,0.415181040763855,0.9998090863227844,0.2856089,0.19803207,0.8063078147765085,-0.7338996157310809,False
GSM329976,0.0,0.12383829802274704,0.24956540763378143,0.415181040763855,0.9998090863227844,0.28560707,0.19803283,0.8011362961790917,-0.9601403338036308,False
GSM329977,0.0,0.12383829802274704,0.24956540763378143,0.415181040763855,0.9998090863227844,0.2856074,0.19803204,0.8493058814611637,1.1471558806809168,False
GSM329978,0.0,0.12383829802274704,0.24956540763378143,0.415181040763855,0.9998090863227844,0.28560802,0.19803229,0.795464160099079,-1.2082817869520857,False
GSM329979,0.0,0.12383829802274704,0.24956540763378143,0.415181040763855,0.9998090863227844,0.28560817,0.19803257,0.808590909371742,-0.6340200637342638,False
GSM329980,0.0,0.12383829802274704,0.24956540763378143,0.415181040763855,0.9998090863227844,0.2856076,0.19803272,0.8346915847541931,0.5078177600055228,False
GSM329981,0.0,0.12383829802274704,0.24956540763378143,0.415181040763855,0.9998090863227844,0.28560814,0.19803217,0.8338903539263789,0.4727659595697468,False
GSM329982,0.0,0.12383829802274704,0.24956540763378143,0.415181040763855,0.9998090863227844,0.2856085,0.19803229,0.8275623247423041,0.19593085985566014,False
GSM329983,0.0,0.12383829802274704,0.24956540763378143,0.415181040763855,0.9998090863227844,0.28560743,0.19803247,0.8139661598233029,-0.39886659786673967,False
GSM329984,0.0,0.12383829802274704,0.24956540763378143,0.415181040763855,0.9998090863227844,0.28560835,0.19803168,0.8120387772136517,-0.4831846598429337,False
GSM329985,0.0,0.12383829802274704,0.24956540763378143,0.415181040763855,0.9998090863227844,0.2856076,0.19803214,0.8092377490168986,-0.6057224828513276,False
GSM329986,0.0,0.12383829802274704,0.24956540763378143,0.415181040763855,0.9998090863227844,0.28560895,0.198032,0.8053174256183088,-0.7772266095534163,False
GSM329987,0.0,0.12383829802274704,0.24956540763378143,0.415181040763855,0.9998090863227844,0.28560928,0.1980322,0.8199208294253673,-0.1383650254023675,False
GSM329988,0.0,0.12383829802274704,0.24956540763378143,0.415181040763855,0.9998090863227844,0.28560856,0.19803213,0.8453436304945195,0.973817530060851,False
GSM329989,0.0,0.12383829802274704,0.24956540763378143,0.415181040763855,0.9998090863227844,0.28560734,0.19803207,0.8517209595928463,1.252809374992261,False
GSM329990,0.0,0.12383829802274704,0.24956540763378143,0.415181040763855,0.9998090863227844,0.2856076,0.19803251,0.799337988877528,-1.0388116810214638,False
GSM329991,0.0,0.12383829802274704,0.24956540763378143,0.415181040763855,0.9998090863227844,0.28560844,0.19803198,0.8037534631512305,-0.8456459693459222,False
GSM329992,0.0,0.12383829802274704,0.24956540763378143,0.415181040763855,0.9998090863227844,0.28560737,0.1980327,0.7985424087790756,-1.0736162764932904,False
GSM329993,0.0,0.12383829802274704,0.24956540763378143,0.415181040763855,0.9998090863227844,0.28560716,0.1980324,0.7884831375310994,-1.5136836778878138,False
GSM329994,0.0,0.12383829802274704,0.24956540763378143,0.415181040763855,0.9998090863227844,0.28560844,0.19803247,0.8328273385307654,0.42626175352359635,False
GSM329995,0.0,0.12383829802274704,0.24956540763378143,0.415181040763855,0.9998090863227844,0.28560713,0.19803253,0.8300183774525952,0.3033768872329673,False
GSM329996,0.0,0.12383829802274704,0.24956540763378143,0.415181040763855,0.9998090863227844,0.2856075,0.19803229,0.8227841465728585,-0.013102220035790237,False
GSM329997,0.0,0.12383829802274704,0.24956540763378143,0.415181040763855,0.9998090863227844,0.28560832,0.19803257,0.8140857371098624,-0.3936353972693157,False
GSM329998,0.0,0.12383829802274704,0.24956540763378143,0.415181040763855,0.9998090863227844,0.28560698,0.19803242,0.8208372965885232,-0.09827192988766013,False
GSM329999,0.0,0.12383829802274704,0.24956540763378143,0.415181040763855,0.9998090863227844,0.2856094,0.19803172,0.8364559166263309,0.5850027690413823,False
GSM330000,0.0,0.12383829802274704,0.24956540763378143,0.415181040763855,0.9998090863227844,0.28560767,0.19803135,0.8370651385420677,0.6116546704288519,False
GSM330001,0.0,0.12383829802274704,0.24956540763378143,0.415181040763855,0.9998090863227844,0.28560808,0.19803171,0.7951991234694787,-1.2198764619526268,False
GSM330002,0.0,0.12383829802274704,0.24956540763378143,0.415181040763855,0.9998090863227844,0.28560776,0.19803253,0.8421145322058557,0.8325527348575519,False
GSM330003,0.0,0.12383829802274704,0.24956540763378143,0.415181040763855,0.9998090863227844,0.28560808,0.19803275,0.8496907063407987,1.1639909853916084,False
GSM330004,0.0,0.12383829802274704,0.24956540763378143,0.415181040763855,0.9998090863227844,0.28560683,0.19803227,0.8136780080517031,-0.411472501237788,False
GSM330005,0.0,0.12383829802274704,0.24956540763378143,0.415181040763855,0.9998090863227844,0.2856087,0.19803184,0.8198218079275159,-0.1426969627930014,False
GSM330006,0.0,0.12383829802274704,0.24956540763378143,0.415181040763855,0.9998090863227844,0.28560686,0.19803247,0.8250841996453769,0.08751922198928029,False
GSM330007,0.0,0.12383829802274704,0.24956540763378143,0.415181040763855,0.9998090863227844,0.28560784,0.1980321,0.8134009579479761,-0.4235927350199088,False
GSM330008,0.0,0.12383829802274704,0.24956540763378143,0.415181040763855,0.9998090863227844,0.28560716,0.19803235,0.8072520036584587,-0.692593765887431,False
GSM330009,0.0,0.12383829802274704,0.24956540763378143,0.415181040763855,0.9998090863227844,0.28560805,0.19803208,0.8448518781483537,0.9523046220407599,False
GSM330010,0.0,0.12383829802274704,0.24956540763378143,0.415181040763855,0.9998090863227844,0.28560865,0.19803275,0.823844861250119,0.03330133546401729,False
GSM330011,0.0,0.12383829802274704,0.24956540763378143,0.415181040763855,0.9998090863227844,0.28560743,0.1980326,0.8305772055341547,0.32782418720289813,False
GSM330012,0.0,0.12383829802274704,0.24956540763378143,0.415181040763855,0.9998090863227844,0.28560832,0.19803251,0.8119118387590092,-0.4887378927257636,False
GSM330013,0.0,0.12383829802274704,0.24956540763378143,0.415181040763855,0.9998090863227844,0.28560928,0.1980323,0.8076478601988387,-0.675276054220684,False
GSM330014,0.0,0.12383829802274704,0.24956540763378143,0.415181040763855,0.9998090863227844,0.285607,0.19803306,0.819857831218972,-0.1411210358823947,False
GSM330015,0.0,0.12383829802274704,0.24956540763378143,0.415181040763855,0.9998090863227844,0.28560814,0.1980319,0.8153640782727303,-0.33771123936850445,False
GSM330016,0.0,0.12383829802274704,0.24956540763378143,0.415181040763855,0.9998090863227844,0.2856096,0.19803242,0.821040129223909,-0.08939852061457941,False
GSM330017,0.0,0.12383829802274704,0.24956540763378143,0.415181040763855,0.9998090863227844,0.2856069,0.1980319,0.8020184353252976,-0.9215490012737185,False
GSM330018,0.0,0.12383829802274704,0.24956540763378143,0.415181040763855,0.9998090863227844,0.28560925,0.19803207,0.834322277079781,0.49166149335486503,False
GSM330019,0.0,0.12383829802274704,0.24956540763378143,0.415181040763855,0.9998090863227844,0.28560916,0.19803251,0.8143676111805402,-0.38130412726517515,False
GSM330020,0.0,0.12383829802274704,0.24956540763378143,0.415181040763855,0.9998090863227844,0.28560966,0.19803208,0.8385839518169637,0.6780988684836031,False
GSM330021,0.0,0.12383829802274704,0.24956540763378143,0.415181040763855,0.9998090863227844,0.28560773,0.19803233,0.8439402422530942,0.9124228821457792,False
GSM330022,0.0,0.12383829802274704,0.24956540763378143,0.415181040763855,0.9998090863227844,0.28560892,0.19803235,0.8249108993220853,0.07993777587337653,False
GSM330023,0.0,0.12383829802274704,0.24956540763378143,0.415181040763855,0.9998090863227844,0.28560823,0.19803217,0.8016068036909474,-0.9395568329739247,False
GSM330024,0.0,0.12383829802274704,0.24956540763378143,0.415181040763855,0.9998090863227844,0.28560916,0.19803189,0.8073593563803425,-0.6878973587434712,False
GSM330025,0.0,0.12383829802274704,0.24956540763378143,0.415181040763855,0.9998090863227844,0.28560734,0.19803235,0.8354668149105905,0.5417320975354003,False
GSM330026,0.0,0.12383829802274704,0.24956540763378143,0.415181040763855,0.9998090863227844,0.28560865,0.19803213,0.8090546332554137,-0.6137333292958199,False
GSM330027,0.0,0.12383829802274704,0.24956540763378143,0.415181040763855,0.9998090863227844,0.2856072,0.19803149,0.8589679427230236,1.569846360617705,False
GSM330028,0.0,0.12383829802274704,0.24956540763378143,0.415181040763855,0.9998090863227844,0.2856084,0.19803303,0.830581565657382,0.3280149314477915,False
GSM330029,0.0,0.12383829802274704,0.24956540763378143,0.415181040763855,0.9998090863227844,0.28560752,0.19803286,0.8305136061608014,0.3250418772052881,False
GSM330030,0.0,0.12383829802274704,0.24956540763378143,0.415181040763855,0.9998090863227844,0.28560826,0.19803278,0.8225470698243823,-0.0234737217143003,False
GSM330031,0.0,0.12383829802274704,0.24956540763378143,0.415181040763855,0.9998090863227844,0.28560835,0.19803242,0.8216050188777463,-0.0646860423534095,False
GSM330032,0.0,0.12383829802274704,0.24956540763378143,0.415181040763855,0.9998090863227844,0.285608,0.19803247,0.8188228435835778,-0.18639909906962968,False
GSM330033,0.0,0.12383829802274704,0.24956540763378143,0.415181040763855,0.9998090863227844,0.28560805,0.1980324,0.8441966313340611,0.9236392490003607,False
GSM330034,0.0,0.12383829802274704,0.24956540763378143,0.415181040763855,0.9998090863227844,0.28560674,0.19803211,0.8106267805003662,-0.5449559063950317,False
GSM330035,0.0,0.12383829802274704,0.24956540763378143,0.415181040763855,0.9998090863227844,0.28560793,0.19803241,0.8188361446772615,-0.1858172102241265,False
GSM330036,0.0,0.12383829802274704,0.24956540763378143,0.415181040763855,0.9998090863227844,0.28560808,0.1980326,0.8210089389334904,-0.09076301608496813,False
GSM330037,0.0,0.12383829802274704,0.24956540763378143,0.415181040763855,0.9998090863227844,0.2856071,0.19803253,0.8251916482015608,0.09221982163887474,False
GSM330038,0.0,0.12383829802274704,0.24956540763378143,0.415181040763855,0.9998090863227844,0.2856076,0.19803207,0.8123874344023738,-0.4679317991499352,False
GSM330039,0.0,0.12383829802274704,0.24956540763378143,0.415181040763855,0.9998090863227844,0.28560832,0.19803217,0.8340780373139347,0.48097662797807966,False
GSM330040,0.0,0.12383829802274704,0.24956540763378143,0.415181040763855,0.9998090863227844,0.28560814,0.19803236,0.8051128336729827,-0.7861769841388524,False
GSM330041,0.0,0.12383829802274704,0.24956540763378143,0.415181040763855,0.9998090863227844,0.28560787,0.19803226,0.8317166557346066,0.3776722205614012,False
GSM330042,0.0,0.12383829802274704,0.24956540763378143,0.415181040763855,0.9998090863227844,0.28560856,0.19803222,0.8291981922755396,0.2674958824731251,False
GSM330043,0.0,0.12383829802274704,0.24956540763378143,0.415181040763855,0.9998090863227844,0.2856101,0.19803253,0.828641469545632,0.24314068625580576,False
GSM330044,0.0,0.12383829802274704,0.24956540763378143,0.415181040763855,0.9998090863227844,0.2856087,0.19803183,0.8024448130251225,-0.9028960669061054,False
GSM330045,0.0,0.12383829802274704,0.24956540763378143,0.415181040763855,0.9998090863227844,0.28560928,0.1980323,0.816839367582634,-0.2731711035167086,False
GSM330046,0.0,0.12383829802274704,0.24956540763378143,0.415181040763855,0.9998090863227844,0.2856085,0.19803225,0.8151035462918965,-0.34910884750127513,False
GSM330047,0.0,0.12383829802274704,0.24956540763378143,0.415181040763855,0.9998090863227844,0.28560805,0.19803265,0.8367358172972444,0.5972477078506714,False
GSM330048,0.0,0.12383829802274704,0.24956540763378143,0.415181040763855,0.9998090863227844,0.2856096,0.19803219,0.8094642084784781,-0.5958154603323208,False
GSM330049,0.0,0.12383829802274704,0.24956540763378143,0.415181040763855,0.9998090863227844,0.28560865,0.19803226,0.8241555718269898,0.04689412889593172,False
GSM330050,0.0,0.12383829802274704,0.24956540763378143,0.415181040763855,0.9998090863227844,0.2856083,0.19803156,0.8293434302475686,0.2738496724603955,False
GSM330051,0.0,0.12383829802274704,0.24956540763378143,0.415181040763855,0.9998090863227844,0.28560793,0.19803259,0.829824804113318,0.29490854849400533,False
GSM330052,0.0,0.12383829802274704,0.24956540763378143,0.415181040763855,0.9998090863227844,0.28560916,0.19803242,0.8159934642920749,-0.31017720999607423,False
GSM330053,0.0,0.12383829802274704,0.24956540763378143,0.415181040763855,0.9998090863227844,0.28560826,0.19803245,0.826718542827493,0.1590175581421487,False
GSM330054,0.0,0.12383829802274704,0.24956540763378143,0.415181040763855,0.9998090863227844,0.28560907,0.198032,0.8143813779496542,-0.38070186631006114,False
GSM330055,0.0,0.12383829802274704,0.24956540763378143,0.415181040763855,0.9998090863227844,0.28560814,0.1980323,0.827727320813692,0.20314901617991893,False
GSM330056,0.0,0.12383829802274704,0.24956540763378143,0.415181040763855,0.9998090863227844,0.2856083,0.19803263,0.8078045593669758,-0.6684208662032965,False
GSM330057,0.0,0.12383829802274704,0.24956540763378143,0.415181040763855,0.9998090863227844,0.28560814,0.19803227,0.8325288456093534,0.41320345128456637,False
GSM330058,0.0,0.12383829802274704,0.24956540763378143,0.415181040763855,0.9998090863227844,0.2856072,0.19803254,0.8253491771222256,0.099111309208154,False
GSM330059,0.0,0.12383829802274704,0.24956540763378143,0.415181040763855,0.9998090863227844,0.28560707,0.19803219,0.835295152725928,0.5342223157967562,False
GSM330060,0.0,0.12383829802274704,0.24956540763378143,0.415181040763855,0.9998090863227844,0.28560752,0.19803232,0.8287932125608639,0.24977905525359087,False
GSM330061,0.0,0.12383829802274704,0.24956540763378143,0.415181040763855,0.9998090863227844,0.28560865,0.19803236,0.8172025014731115,-0.25728492413041737,False
GSM330062,0.0,0.12383829802274704,0.24956540763378143,0.415181040763855,0.9998090863227844,0.28560773,0.19803207,0.8132210549964489,-0.43146302924203583,False
GSM330063,0.0,0.12383829802274704,0.24956540763378143,0.415181040763855,0.9998090863227844,0.28560936,0.19803278,0.8325973277863497,0.416199371459068,False
GSM330064,0.0,0.12383829802274704,0.24956540763378143,0.415181040763855,0.9998090863227844,0.2856074,0.19803196,0.8037592490105371,-0.8453928527923368,False
GSM330065,0.0,0.12383829802274704,0.24956540763378143,0.415181040763855,0.9998090863227844,0.2856088,0.19803226,0.824816308497159,0.0757996690965629,False
GSM330066,0.0,0.12383829802274704,0.24956540763378143,0.415181040763855,0.9998090863227844,0.2856078,0.19803232,0.8202570263509202,-0.12365726936937517,False
GSM330067,0.0,0.12383829802274704,0.24956540763378143,0.415181040763855,0.9998090863227844,0.2856081,0.19803232,0.7790904552085756,-1.924589517873885,False
GSM330068,0.0,0.12383829802274704,0.24956540763378143,0.415181040763855,0.9998090863227844,0.28560868,0.19803275,0.8005466057260531,-0.9859377836286427,False
GSM330069,0.0,0.12383829802274704,0.24956540763378143,0.415181040763855,0.9998090863227844,0.28560656,0.19803199,0.8163267971329005,-0.29559475034810645,False
GSM330070,0.0,0.12383829802274704,0.24956540763378143,0.415181040763855,0.9998090863227844,0.28560868,0.1980328,0.8362828803562521,0.5774328745785103,False
GSM330071,0.0,0.12383829802274704,0.24956540763378143,0.415181040763855,0.9998090863227844,0.285609,0.1980313,0.835827297940244,0.5575023085373523,False
GSM330072,0.0,0.12383829802274704,0.24956540763378143,0.415181040763855,0.9998090863227844,0.2856077,0.19803226,0.8168726432530635,-0.2717153780019466,False
GSM330073,0.0,0.12383829802274704,0.24956540763378143,0.415181040763855,0.9998090863227844,0.28560817,0.19803205,0.8494124280317982,1.151817020768579,False
GSM330074,0.0,0.12383829802274704,0.24956540763378143,0.415181040763855,0.9998090863227844,0.28560895,0.19803277,0.7831088998664284,-1.7487928369180161,False
GSM330075,0.0,0.12383829802274704,0.24956540763378143,0.415181040763855,0.9998090863227844,0.28560814,0.19803256,0.8341944745945453,0.4860704613424069,False
GSM330076,0.0,0.12383829802274704,0.24956540763378143,0.415181040763855,0.9998090863227844,0.28560787,0.19803287,0.7960117055008814,-1.1843280753782814,False
GSM330077,0.0,0.12383829802274704,0.24956540763378143,0.415181040763855,0.9998090863227844,0.2856077,0.19803189,0.8222210611579002,-0.03773576745839455,False
GSM330078,0.0,0.12383829802274704,0.24956540763378143,0.415181040763855,0.9998090863227844,0.28560817,0.19803213,0.819793877110327,-0.14391886464216463,False
GSM330079,0.0,0.12383829802274704,0.24956540763378143,0.415181040763855,0.9998090863227844,0.28560916,0.19803269,0.8176925537512865,-0.23584638973884023,False
GSM330080,0.0,0.12383829802274704,0.24956540763378143,0.415181040763855,0.9998090863227844,0.28560716,0.19803229,0.825731349487345,0.11583037318972501,False
GSM330081,0.0,0.12383829802274704,0.24956540763378143,0.415181040763855,0.9998090863227844,0.28560778,0.19803232,0.7795175065511455,-1.9059071133582894,False
GSM330082,0.0,0.12383829802274704,0.24956540763378143,0.415181040763855,0.9998090863227844,0.28560826,0.1980318,0.842820731512574,0.8634471491856902,False
GSM330083,0.0,0.12383829802274704,0.24956540763378143,0.415181040763855,0.9998090863227844,0.28560722,0.19803254,0.8340416042436083,0.47938277428946435,False
GSM330084,0.0,0.12383829802274704,0.24956540763378143,0.415181040763855,0.9998090863227844,0.28560844,0.19803269,0.8332206239448371,0.44346698498722925,False
GSM330085,0.0,0.12383829802274704,0.24956540763378143,0.415181040763855,0.9998090863227844,0.28560704,0.19803196,0.8106970170757307,-0.5418832357768952,False
GSM330086,0.0,0.12383829802274704,0.24956540763378143,0.415181040763855,0.9998090863227844,0.28560746,0.19803247,0.8287535444110888,0.24804367510931274,False
GSM330087,0.0,0.12383829802274704,0.24956540763378143,0.415181040763855,0.9998090863227844,0.28560886,0.1980324,0.8146407806250014,-0.3693536624053459,False
GSM330088,0.0,0.12383829802274704,0.24956540763378143,0.415181040763855,0.9998090863227844,0.28560874,0.1980329,0.796510466748387,-1.1625085458422593,False
GSM330089,0.0,0.12383829802274704,0.24956540763378143,0.415181040763855,0.9998090863227844,0.28560776,0.19803219,0.778195689485011,-1.963733230884422,False
GSM330090,0.0,0.12383829802274704,0.24956540763378143,0.415181040763855,0.9998090863227844,0.2856072,0.19803236,0.8345657783980865,0.502314053539522,False
GSM330091,0.0,0.12383829802274704,0.24956540763378143,0.415181040763855,0.9998090863227844,0.28560814,0.19803275,0.8024841766990223,-0.9011740068030035,False
GSM330092,0.0,0.12383829802274704,0.24956540763378143,0.415181040763855,0.9998090863227844,0.28560787,0.19803181,0.8359647241909626,0.5635143556873159,False
GSM330093,0.0,0.12383829802274704,0.24956540763378143,0.415181040763855,0.9998090863227844,0.28560862,0.19803204,0.8165395438141182,-0.2862876269143255,False
GSM330094,0.0,0.12383829802274704,0.24956540763378143,0.415181040763855,0.9998090863227844,0.28560817,0.19803214,0.8236374795055095,0.02422891429182277,False
GSM330095,0.0,0.12383829802274704,0.24956540763378143,0.415181040763855,0.9998090863227844,0.28560826,0.19803168,0.8246803498103358,0.06985182411531139,False
GSM330096,0.0,0.12383829802274704,0.24956540763378143,0.415181040763855,0.9998090863227844,0.2856087,0.1980325,0.8079286269475133,-0.6629932267234054,False
GSM330097,0.0,0.12383829802274704,0.24956540763378143,0.415181040763855,0.9998090863227844,0.2856093,0.19803245,0.8038877161712452,-0.839772742927148,False
GSM330098,0.0,0.12383829802274704,0.24956540763378143,0.415181040763855,0.9998090863227844,0.28560933,0.19803242,0.8110986909679033,-0.5243110298408056,False
GSM330099,0.0,0.12383829802274704,0.24956540763378143,0.415181040763855,0.9998090863227844,0.28560734,0.19803163,0.8279976423421358,0.21497489199444886,False
GSM330100,0.0,0.12383829802274704,0.24956540763378143,0.415181040763855,0.9998090863227844,0.2856097,0.19803205,0.8422815479003383,0.8398592445291956,False
GSM330101,0.0,0.12383829802274704,0.24956540763378143,0.415181040763855,0.9998090863227844,0.28560862,0.19803262,0.8039497863912537,-0.8370573294792191,False
GSM330102,0.0,0.12383829802274704,0.24956540763378143,0.415181040763855,0.9998090863227844,0.28560817,0.19803236,0.8244145517497277,0.05822383845471494,False
GSM330103,0.0,0.12383829802274704,0.24956540763378143,0.415181040763855,0.9998090863227844,0.2856078,0.19803193,0.8108580289299968,-0.5348393787663938,False
GSM330104,0.0,0.12383829802274704,0.24956540763378143,0.415181040763855,0.9998090863227844,0.28560874,0.19803217,0.8348250480377191,0.5136564374718106,False
GSM330105,0.0,0.12383829802274704,0.24956540763378143,0.415181040763855,0.9998090863227844,0.2856093,0.19803202,0.8351914094784204,0.5296838139294275,False
GSM330106,0.0,0.12383829802274704,0.24956540763378143,0.415181040763855,0.9998090863227844,0.2856077,0.19803278,0.8419325025624979,0.8245894033045433,False
GSM330107,0.0,0.12383829802274704,0.24956540763378143,0.415181040763855,0.9998090863227844,0.2856082,0.19803222,0.8256713148732114,0.11320401229496621,False
GSM330108,0.0,0.12383829802274704,0.24956540763378143,0.415181040763855,0.9998090863227844,0.2856068,0.19803222,0.8369372577628282,0.606060213253883,False
GSM330109,0.0,0.12383829802274704,0.24956540763378143,0.415181040763855,0.9998090863227844,0.28560773,0.1980325,0.8176086104064618,-0.23951869648062113,False
GSM330110,0.0,0.12383829802274704,0.24956540763378143,0.415181040763855,0.9998090863227844,0.28560877,0.19803241,0.8389583507369269,0.6944778641117707,False
GSM330111,0.0,0.12383829802274704,0.24956540763378143,0.415181040763855,0.9998090863227844,0.28560755,0.19803245,0.8356825487552526,0.5511699017334338,False
GSM330112,0.0,0.12383829802274704,0.24956540763378143,0.415181040763855,0.9998090863227844,0.28560877,0.19803236,0.8294848024128795,0.28003434328636406,False
GSM330113,0.0,0.12383829802274704,0.24956540763378143,0.415181040763855,0.9998090863227844,0.2856081,0.19803196,0.7887553602263279,-1.5017746308866322,False
GSM330114,0.0,0.12383829802274704,0.24956540763378143,0.415181040763855,0.9998090863227844,0.28560755,0.19803262,0.835171325723317,0.5288052009861303,False
GSM330115,0.0,0.12383829802274704,0.24956540763378143,0.415181040763855,0.9998090863227844,0.28560832,0.19803269,0.8459080803676239,0.9985107690392182,False
GSM330116,0.0,0.12383829802274704,0.24956540763378143,0.415181040763855,0.9998090863227844,0.2856093,0.19803236,0.8340399824444433,0.47931182472199413,False
GSM330117,0.0,0.12383829802274704,0.24956540763378143,0.415181040763855,0.9998090863227844,0.28560796,0.19803245,0.8373566942414118,0.6244094869368522,False
GSM330118,0.0,0.12383829802274704,0.24956540763378143,0.415181040763855,0.9998090863227844,0.2856072,0.19803193,0.8221109978798032,-0.0425507545073642,False
GSM330119,0.0,0.12383829802274704,0.24956540763378143,0.415181040763855,0.9998090863227844,0.28560674,0.19803286,0.8252276246065655,0.09379369738709462,False
GSM330120,0.0,0.12383829802274704,0.24956540763378143,0.415181040763855,0.9998090863227844,0.28560796,0.19803236,0.828492248760702,0.2366126583858554,False
GSM330121,0.0,0.12383829802274704,0.24956540763378143,0.415181040763855,0.9998090863227844,0.28560773,0.19803256,0.7820030788412452,-1.7971696798287495,False
GSM330122,0.0,0.12383829802274704,0.24956540763378143,0.415181040763855,0.9998090863227844,0.28560725,0.1980327,0.8394376197139665,0.715444656645299,False
GSM330123,0.0,0.12383829802274704,0.24956540763378143,0.415181040763855,0.9998090863227844,0.28560773,0.19803274,0.8306885078192449,0.3326933776404013,False
GSM330124,0.0,0.12383829802274704,0.24956540763378143,0.415181040763855,0.9998090863227844,0.28560835,0.19803225,0.8205491757509044,-0.11087647997612285,False
GSM330125,0.0,0.12383829802274704,0.24956540763378143,0.415181040763855,0.9998090863227844,0.28560856,0.19803205,0.8278616547181593,0.20902578108671904,False
GSM330126,0.0,0.12383829802274704,0.24956540763378143,0.415181040763855,0.9998090863227844,0.28560832,0.19803235,0.8312300204719754,0.3563831718645418,False
GSM330127,0.0,0.12383829802274704,0.24956540763378143,0.415181040763855,0.9998090863227844,0.28560737,0.19803198,0.8161104626441437,-0.30505883118978483,False
GSM330128,0.0,0.12383829802274704,0.24956540763378143,0.415181040763855,0.9998090863227844,0.2856079,0.19803225,0.8280546792769874,0.21747011208394593,False
GSM330129,0.0,0.12383829802274704,0.24956540763378143,0.415181040763855,0.9998090863227844,0.28560814,0.19803241,0.7982355550972794,-1.0870403406255258,False
GSM330130,0.0,0.12383829802274704,0.24956540763378143,0.415181040763855,0.9998090863227844,0.2856072,0.1980326,0.808284116423679,-0.6474414709209345,False
GSM330131,0.0,0.12383829802274704,0.24956540763378143,0.415181040763855,0.9998090863227844,0.28560904,0.19803299,0.8093266439279189,-0.6018335577467624,False
GSM330132,0.0,0.12383829802274704,0.24956540763378143,0.415181040763855,0.9998090863227844,0.28560844,0.19803289,0.8202004982591834,-0.12613022887341752,False
GSM330133,0.0,0.12383829802274704,0.24956540763378143,0.415181040763855,0.9998090863227844,0.2856079,0.19803195,0.8274121457484505,0.1893609127948828,False
GSM330134,0.0,0.12383829802274704,0.24956540763378143,0.415181040763855,0.9998090863227844,0.28560796,0.19803198,0.8232101998201832,0.005536520364375497,False
GSM330135,0.0,0.12383829802274704,0.24956540763378143,0.415181040763855,0.9998090863227844,0.285608,0.19803214,0.8435574223415855,0.8956754896650763,False
GSM330136,0.0,0.12383829802274704,0.24956540763378143,0.415181040763855,0.9998090863227844,0.28560707,0.19803254,0.8359088788867556,0.5610712663922139,False
GSM330137,0.0,0.12383829802274704,0.24956540763378143,0.415181040763855,0.9998090863227844,0.2856085,0.19803299,0.8299354496284326,0.29974900692405365,False
GSM330138,0.0,0.12383829802274704,0.24956540763378143,0.415181040763855,0.9998090863227844,0.28560984,0.19803236,0.8392202101667654,0.7059335447449829,False
GSM330139,0.0,0.12383829802274704,0.24956540763378143,0.415181040763855,0.9998090863227844,0.28560787,0.19803186,0.8277339755371141,0.20344014331737928,False
GSM330140,0.0,0.12383829802274704,0.24956540763378143,0.415181040763855,0.9998090863227844,0.2856071,0.19803217,0.8343227992850732,0.491684338501425,False
GSM330141,0.0,0.12383829802274704,0.24956540763378143,0.415181040763855,0.9998090863227844,0.28560704,0.19803226,0.829700217077701,0.28945818418233027,False
GSM330142,0.0,0.12383829802274704,0.24956540763378143,0.415181040763855,0.9998090863227844,0.28560752,0.19803235,0.8208956101035583,-0.09572086267860992,False
GSM330143,0.0,0.12383829802274704,0.24956540763378143,0.415181040763855,0.9998090863227844,0.28560805,0.19803226,0.76860472618828,-2.3833133566029585,False
GSM330144,0.0,0.12383829802274704,0.24956540763378143,0.415181040763855,0.9998090863227844,0.28560752,0.19803214,0.8289877155960665,0.25828806581260033,False
GSM330145,0.0,0.12383829802274704,0.24956540763378143,0.415181040763855,0.9998090863227844,0.28560835,0.19803219,0.8250809901021678,0.08737881267881727,False
GSM330146,0.0,0.12383829802274704,0.24956540763378143,0.415181040763855,0.9998090863227844,0.2856076,0.19803293,0.8411850142448956,0.7918887003022071,False
GSM330147,0.0,0.12383829802274704,0.24956540763378143,0.415181040763855,0.9998090863227844,0.2856085,0.19803207,0.8148875448140042,-0.3585583599689493,False
GSM330148,0.0,0.12383829802274704,0.24956540763378143,0.415181040763855,0.9998090863227844,0.28560778,0.19803233,0.8369337883247686,0.6059084342081094,False
GSM330149,0.0,0.12383829802274704,0.24956540763378143,0.415181040763855,0.9998090863227844,0.2856088,0.19803217,0.8174779864010425,-0.24523316278812635,False
GSM330150,0.0,0.12383829802274704,0.24956540763378143,0.415181040763855,0.9998090863227844,0.2856078,0.19803225,0.8249551782673119,0.08187486653153857,False
GSM330151,0.0,0.12383829802274704,0.24956540763378143,0.415181040763855,0.9998090863227844,0.28560778,0.19803156,0.81515825209399,-0.3467156085105973,False
GSM330152,0.0,0.12383829802274704,0.24956540763378143,0.415181040763855,0.9998090863227844,0.28560945,0.1980327,0.7613111594747078,-2.702388254914809,False
GSM330153,0.0,0.12383829802274704,0.24956540763378143,0.415181040763855,0.9998090863227844,0.28560892,0.19803223,0.8197996288927385,-0.14366723886562438,False
GSM330154,0.0,0.12383829802274704,0.24956540763378143,0.415181040763855,0.9998090863227844,0.28560743,0.1980328,0.8418399894141427,0.820542189566306,False
GSM330155,0.0,0.12383829802274704,0.24956540763378143,0.415181040763855,0.9998090863227844,0.2856076,0.19803225,0.8223660640346321,-0.031392262289371246,False
GSM330156,0.0,0.12383829802274704,0.24956540763378143,0.415181040763855,0.9998090863227844,0.2856086,0.19803232,0.8267885826219921,0.16208162010047417,False
GSM330157,0.0,0.12383829802274704,0.24956540763378143,0.415181040763855,0.9998090863227844,0.28560695,0.19803211,0.8254818763575246,0.10491656151774131,False
GSM330158,0.0,0.12383829802274704,0.24956540763378143,0.415181040763855,0.9998090863227844,0.28560787,0.19803241,0.8211158861005544,-0.08608435092760368,False
GSM330159,0.0,0.12383829802274704,0.24956540763378143,0.415181040763855,0.9998090863227844,0.2856071,0.19803196,0.8434957508494788,0.8929775195435361,False
GSM330160,0.0,0.12383829802274704,0.24956540763378143,0.415181040763855,0.9998090863227844,0.285608,0.19803262,0.8361740564340863,0.5726721061832144,False
GSM330161,0.0,0.12383829802274704,0.24956540763378143,0.415181040763855,0.9998090863227844,0.28560722,0.19803219,0.8156165619761169,-0.3266657227992838,False
GSM330162,0.0,0.12383829802274704,0.24956540763378143,0.415181040763855,0.9998090863227844,0.28560743,0.19803232,0.8357014111930566,0.5519950851670798,False
GSM330163,0.0,0.12383829802274704,0.24956540763378143,0.415181040763855,0.9998090863227844,0.28560826,0.19803232,0.8419062698676454,0.8234417899664872,False
GSM330164,0.0,0.12383829802274704,0.24956540763378143,0.415181040763855,0.9998090863227844,0.2856076,0.19803265,0.8259825157154258,0.12681825358233745,False
GSM330165,0.0,0.12383829802274704,0.24956540763378143,0.415181040763855,0.9998090863227844,0.28560838,0.19803254,0.818252482566361,-0.21135093549156325,False
GSM330166,0.0,0.12383829802274704,0.24956540763378143,0.415181040763855,0.9998090863227844,0.28560832,0.19803178,0.8293027011491685,0.2720678785259992,False
GSM330167,0.0,0.12383829802274704,0.24956540763378143,0.415181040763855,0.9998090863227844,0.2856084,0.19803289,0.7451420742613263,-3.4097443980559974,False
GSM330168,0.0,0.12383829802274704,0.24956540763378143,0.415181040763855,0.9998090863227844,0.28560868,0.19803236,0.8491237857463534,1.139189658670771,False
GSM330169,0.0,0.12383829802274704,0.24956540763378143,0.415181040763855,0.9998090863227844,0.28560808,0.19803229,0.8263225401020351,0.1416934512519524,False
GSM330170,0.0,0.12383829802274704,0.24956540763378143,0.415181040763855,0.9998090863227844,0.28560707,0.19803199,0.8247912146102522,0.07470187569485792,False
GSM330171,0.0,0.12383829802274704,0.24956540763378143,0.415181040763855,0.9998090863227844,0.2856079,0.1980329,0.8339743769684872,0.4764417528639483,False
GSM330172,0.0,0.12383829802274704,0.24956540763378143,0.415181040763855,0.9998090863227844,0.28560668,0.19803208,0.7844401991999506,-1.6905518944343116,False
GSM330173,0.0,0.12383829802274704,0.24956540763378143,0.415181040763855,0.9998090863227844,0.28560913,0.19803219,0.8254600172794411,0.10396028273253409,False
GSM330174,0.0,0.12383829802274704,0.24956540763378143,0.415181040763855,0.9998090863227844,0.28560817,0.19803247,0.8112670426756581,-0.5169460730039103,False
GSM330175,0.0,0.12383829802274704,0.24956540763378143,0.415181040763855,0.9998090863227844,0.28560805,0.19803195,0.8080551144108589,-0.6574597235568957,False
GSM330176,0.0,0.12383829802274704,0.24956540763378143,0.415181040763855,0.9998090863227844,0.2856082,0.19803223,0.8349726202810481,0.5201123458610836,False
GSM330177,0.0,0.12383829802274704,0.24956540763378143,0.415181040763855,0.9998090863227844,0.28560728,0.1980323,0.8311221654146486,0.35166478882912944,False
GSM330178,0.0,0.12383829802274704,0.24956540763378143,0.415181040763855,0.9998090863227844,0.28560698,0.19803248,0.8223597890777269,-0.03166677561255926,False
GSM330179,0.0,0.12383829802274704,0.24956540763378143,0.415181040763855,0.9998090863227844,0.28560826,0.19803229,0.8448189841235298,0.9508655925456004,False
GSM330180,0.0,0.12383829802274704,0.24956540763378143,0.415181040763855,0.9998090863227844,0.2856075,0.19803211,0.8431310672073133,0.8770235424827093,False
GSM330181,0.0,0.12383829802274704,0.24956540763378143,0.415181040763855,0.9998090863227844,0.2856084,0.19803172,0.8345749898179547,0.5027170296105142,False
GSM330182,0.0,0.12383829802274704,0.24956540763378143,0.415181040763855,0.9998090863227844,0.28560755,0.19803192,0.8466119237826385,1.029302119127968,False
GSM330183,0.0,0.12383829802274704,0.24956540763378143,0.415181040763855,0.9998090863227844,0.2856072,0.19803189,0.8277003935535671,0.2019710173867895,False
GSM330184,0.0,0.12383829802274704,0.24956540763378143,0.415181040763855,0.9998090863227844,0.2856076,0.198032,0.8310665020977962,0.34922966101555675,False
GSM330185,0.0,0.12383829802274704,0.24956540763378143,0.415181040763855,0.9998090863227844,0.28560874,0.198033,0.8226086385785842,-0.020780246113451487,False
GSM330186,0.0,0.12383829802274704,0.24956540763378143,0.415181040763855,0.9998090863227844,0.28560954,0.19803236,0.8256267455910296,0.11125422013723443,False
GSM330187,0.0,0.12383829802274704,0.24956540763378143,0.415181040763855,0.9998090863227844,0.28560826,0.19803284,0.8023196605796743,-0.9083711664524704,False
GSM330188,0.0,0.12383829802274704,0.24956540763378143,0.415181040763855,0.9998090863227844,0.28560838,0.19803241,0.8354671886387622,0.5417484471875086,False
GSM330189,0.0,0.12383829802274704,0.24956540763378143,0.415181040763855,0.9998090863227844,0.28560853,0.1980325,0.8296633368577567,0.28784476884103377,False
GSM330190,0.0,0.12383829802274704,0.24956540763378143,0.415181040763855,0.9998090863227844,0.285608,0.19803245,0.8465133966087908,1.0249918071487938,False
GSM330191,0.0,0.12383829802274704,0.24956540763378143,0.415181040763855,0.9998090863227844,0.28560692,0.1980326,0.8336066970727003,0.4603566973668611,False
GSM330192,0.0,0.12383829802274704,0.24956540763378143,0.415181040763855,0.9998090863227844,0.28560826,0.1980322,0.7036485501018866,-5.2249800052297575,True
GSM330193,0.0,0.12383829802274704,0.24956540763378143,0.415181040763855,0.9998090863227844,0.28560764,0.19803208,0.8396915277767758,0.7265524852980062,False
GSM330194,0.0,0.12383829802274704,0.24956540763378143,0.415181040763855,0.9998090863227844,0.28560853,0.1980321,0.8028069610824945,-0.8870530151979773,False
GSM330195,0.0,0.12383829802274704,0.24956540763378143,0.415181040763855,0.9998090863227844,0.28560808,0.19803296,0.8230797605077829,-0.00016986609570151072,False
GSM330196,0.0,0.12383829802274704,0.24956540763378143,0.415181040763855,0.9998090863227844,0.2856086,0.19803229,0.810750077488283,-0.5395619783723398,False
GSM330197,0.0,0.12383829802274704,0.24956540763378143,0.415181040763855,0.9998090863227844,0.28561005,0.19803232,0.8294206990335811,0.2772299843171063,False
GSM330198,0.0,0.12383829802274704,0.24956540763378143,0.415181040763855,0.9998090863227844,0.2856076,0.19803175,0.8289111907798561,0.2549403007328284,False
GSM330199,0.0,0.12383829802274704,0.24956540763378143,0.415181040763855,0.9998090863227844,0.28560805,0.19803207,0.811043414739,-0.5267292235461669,False
GSM330200,0.0,0.12383829802274704,0.24956540763378143,0.415181040763855,0.9998090863227844,0.2856094,0.19803211,0.8214091487614824,-0.07325485921401742,False
GSM330201,0.0,0.12383829802274704,0.24956540763378143,0.415181040763855,0.9998090863227844,0.2856078,0.19803235,0.8238332730638729,0.03279438193999944,False
GSM330202,0.0,0.12383829802274704,0.24956540763378143,0.415181040763855,0.9998090863227844,0.2856086,0.19803293,0.8395828646100129,0.7217987495406281,False
GSM330203,0.0,0.12383829802274704,0.24956540763378143,0.415181040763855,0.9998090863227844,0.28560844,0.19803226,0.816135351260681,-0.3039700178419877,False
GSM330204,0.0,0.12383829802274704,0.24956540763378143,0.415181040763855,0.9998090863227844,0.2856076,0.19803225,0.8331313563717794,0.4395617568712055,False
GSM330205,0.0,0.12383829802274704,0.24956540763378143,0.415181040763855,0.9998090863227844,0.28560746,0.19803265,0.8305304375105078,0.32577820572697497,False
GSM330206,0.0,0.12383829802274704,0.24956540763378143,0.415181040763855,0.9998090863227844,0.28560758,0.19803213,0.8059553862113654,-0.7493174645012799,False
GSM330207,0.0,0.12383829802274704,0.24956540763378143,0.415181040763855,0.9998090863227844,0.28560755,0.19803186,0.8380819269083307,0.6561365621165421,False
GSM330208,0.0,0.12383829802274704,0.24956540763378143,0.415181040763855,0.9998090863227844,0.2856067,0.19803225,0.8529547297874173,1.3067836669721185,False
GSM330209,0.0,0.12383829802274704,0.24956540763378143,0.415181040763855,0.9998090863227844,0.2856085,0.19803204,0.827641394453989,0.19938995760662276,False
GSM330210,0.0,0.12383829802274704,0.24956540763378143,0.415181040763855,0.9998090863227844,0.28560713,0.19803174,0.8365113321813948,0.5874270579100944,False
GSM330211,0.0,0.12383829802274704,0.24956540763378143,0.415181040763855,0.9998090863227844,0.28560734,0.19803247,0.7959919610999542,-1.185191842443901,False
GSM330212,0.0,0.12383829802274704,0.24956540763378143,0.415181040763855,0.9998090863227844,0.28560755,0.19803178,0.8038010845163577,-0.8435626563617356,False
GSM330213,0.0,0.12383829802274704,0.24956540763378143,0.415181040763855,0.9998090863227844,0.28560862,0.19803235,0.8300230500208574,0.30358130014939977,False
GSM330214,0.0,0.12383829802274704,0.24956540763378143,0.415181040763855,0.9998090863227844,0.28560808,0.19803265,0.8408732752218975,0.7782509149813635,False
GSM330215,0.0,0.12383829802274704,0.24956540763378143,0.415181040763855,0.9998090863227844,0.28560877,0.19803184,0.8179620291370964,-0.22405753050144667,False
GSM330216,0.0,0.12383829802274704,0.24956540763378143,0.415181040763855,0.9998090863227844,0.28560874,0.19803181,0.786975152215923,-1.5796541803856299,False
GSM330217,0.0,0.12383829802274704,0.24956540763378143,0.415181040763855,0.9998090863227844,0.28560877,0.19803227,0.8281386302756163,0.22114275366009675,False
GSM330218,0.0,0.12383829802274704,0.24956540763378143,0.415181040763855,0.9998090863227844,0.2856065,0.1980323,0.8261381350487014,0.13362620158504257,False
GSM330219,0.0,0.12383829802274704,0.24956540763378143,0.415181040763855,0.9998090863227844,0.28560796,0.19803211,0.7064980631863852,-5.100321092330151,True
GSM330220,0.0,0.12383829802274704,0.24956540763378143,0.415181040763855,0.9998090863227844,0.2856076,0.19803308,0.8120999913928432,-0.4805066959923507,False
GSM330221,0.0,0.12383829802274704,0.24956540763378143,0.415181040763855,0.9998090863227844,0.28560832,0.198032,0.8260869790834724,0.1313882588823171,False
GSM330222,0.0,0.12383829802274704,0.24956540763378143,0.415181040763855,0.9998090863227844,0.28560796,0.19803232,0.793070219838895,-1.3130105534226062,False
GSM330223,0.0,0.12383829802274704,0.24956540763378143,0.415181040763855,0.9998090863227844,0.2856067,0.1980329,0.8452013831223493,0.9675945711721772,False
GSM330224,0.0,0.12383829802274704,0.24956540763378143,0.415181040763855,0.9998090863227844,0.2856084,0.19803281,0.8189477645322163,-0.18093412691688726,False
GSM330225,0.0,0.12383829802274704,0.24956540763378143,0.415181040763855,0.9998090863227844,0.28560874,0.198032,0.8151375841735481,-0.34761977719408016,False
GSM330226,0.0,0.12383829802274704,0.24956540763378143,0.415181040763855,0.9998090863227844,0.285608,0.19803286,0.7836456394508872,-1.7253118522288053,False
GSM330227,0.0,0.12383829802274704,0.24956540763378143,0.415181040763855,0.9998090863227844,0.28560883,0.19803225,0.8376288605924948,0.6363160690257091,False
GSM330228,0.0,0.12383829802274704,0.24956540763378143,0.415181040763855,0.9998090863227844,0.285608,0.19803245,0.804687935225221,-0.8047652050102887,False
GSM330229,0.0,0.12383829802274704,0.24956540763378143,0.415181040763855,0.9998090863227844,0.28560832,0.19803278,0.7968451412312072,-1.1478673927868253,False
GSM330230,0.0,0.12383829802274704,0.24956540763378143,0.415181040763855,0.9998090863227844,0.28560835,0.19803248,0.8306584564474123,0.3313787069466026,False
GSM330231,0.0,0.12383829802274704,0.24956540763378143,0.415181040763855,0.9998090863227844,0.28560862,0.19803217,0.8287783635759702,0.24912945012470816,False
GSM330232,0.0,0.12383829802274704,0.24956540763378143,0.415181040763855,0.9998090863227844,0.2856078,0.19803236,0.8097915219995583,-0.5814963305353164,False
GSM330233,0.0,0.12383829802274704,0.24956540763378143,0.415181040763855,0.9998090863227844,0.285607,0.19803253,0.8505771218010391,1.20276939572848,False
GSM330234,0.0,0.12383829802274704,0.24956540763378143,0.415181040763855,0.9998090863227844,0.28560826,0.19803217,0.8410730053268856,0.78698859648091,False
GSM330235,0.0,0.12383829802274704,0.24956540763378143,0.415181040763855,0.9998090863227844,0.2856069,0.1980329,0.8327866686288075,0.4244825492822151,False
GSM330236,0.0,0.12383829802274704,0.24956540763378143,0.415181040763855,0.9998090863227844,0.28560823,0.1980325,0.836719403184542,0.5965296323812749,False
GSM330237,0.0,0.12383829802274704,0.24956540763378143,0.415181040763855,0.9998090863227844,0.28560835,0.19803199,0.8330251530364743,0.43491563245175074,False
GSM330238,0.0,0.12383829802274704,0.24956540763378143,0.415181040763855,0.9998090863227844,0.2856077,0.19803211,0.8282761743640462,0.2271599559086902,False
GSM330239,0.0,0.12383829802274704,0.24956540763378143,0.415181040763855,0.9998090863227844,0.2856084,0.19803278,0.7722941280156599,-2.2219114583091906,False
GSM330240,0.0,0.12383829802274704,0.24956540763378143,0.415181040763855,0.9998090863227844,0.28560892,0.19803262,0.7643609261156415,-2.568968760853007,False
GSM330241,0.0,0.12383829802274704,0.24956540763378143,0.415181040763855,0.9998090863227844,0.2856076,0.19803251,0.8314802718665216,0.3673310306287129,False
GSM330242,0.0,0.12383829802274704,0.24956540763378143,0.415181040763855,0.9998090863227844,0.2856074,0.19803233,0.8378124335691581,0.6443469174654275,False
GSM330243,0.0,0.12383829802274704,0.24956540763378143,0.415181040763855,0.9998090863227844,0.28560778,0.19803262,0.8186701497945013,-0.19307906199254282,False
GSM330244,0.0,0.12383829802274704,0.24956540763378143,0.415181040763855,0.9998090863227844,0.2856092,0.19803253,0.8225948328427934,-0.02138421176106407,False
GSM330245,0.0,0.12383829802274704,0.24956540763378143,0.415181040763855,0.9998090863227844,0.28560895,0.19803217,0.8193028388405699,-0.16540053364485435,False
GSM330246,0.0,0.12383829802274704,0.24956540763378143,0.415181040763855,0.9998090863227844,0.2856076,0.19803229,0.8547912246716058,1.3871256233063616,False
GSM330247,0.0,0.12383829802274704,0.24956540763378143,0.415181040763855,0.9998090863227844,0.285608,0.19803222,0.8337267856173802,0.4656102642000628,False
GSM330248,0.0,0.12383829802274704,0.24956540763378143,0.415181040763855,0.9998090863227844,0.28560796,0.19803241,0.8204964542060883,-0.11318291278350696,False
GSM330249,0.0,0.12383829802274704,0.24956540763378143,0.415181040763855,0.9998090863227844,0.2856069,0.19803254,0.811387815243437,-0.5116625819087791,False
GSM330250,0.0,0.12383829802274704,0.24956540763378143,0.415181040763855,0.9998090863227844,0.28560805,0.19803256,0.8470318960895512,1.0476748339305364,False
GSM330251,0.0,0.12383829802274704,0.24956540763378143,0.415181040763855,0.9998090863227844,0.28560716,0.19803236,0.8185087808487151,-0.20013854084416988,False
GSM330252,0.0,0.12383829802274704,0.24956540763378143,0.415181040763855,0.9998090863227844,0.2856097,0.1980322,0.8484923664037953,1.1115666766057761,False
GSM330253,0.0,0.12383829802274704,0.24956540763378143,0.415181040763855,0.9998090863227844,0.28560823,0.19803247,0.8044422712873264,-0.8155123742734074,False
GSM330254,0.0,0.12383829802274704,0.24956540763378143,0.415181040763855,0.9998090863227844,0.28560865,0.19803211,0.8204959630945274,-0.11320439765880817,False
GSM330255,0.0,0.12383829802274704,0.24956540763378143,0.415181040763855,0.9998090863227844,0.2856081,0.19803253,0.8351068586003857,0.5259849291628149,False
GSM330256,0.0,0.12383829802274704,0.24956540763378143,0.415181040763855,0.9998090863227844,0.28560743,0.19803205,0.7947718134679076,-1.2385701821382853,False
GSM330257,0.0,0.12383829802274704,0.24956540763378143,0.415181040763855,0.9998090863227844,0.285608,0.1980324,0.837144322124768,0.6151187497456362,False
GSM330258,0.0,0.12383829802274704,0.24956540763378143,0.415181040763855,0.9998090863227844,0.2856067,0.19803242,0.8321329649393082,0.39588468400665433,False
GSM330259,0.0,0.12383829802274704,0.24956540763378143,0.415181040763855,0.9998090863227844,0.28560826,0.19803247,0.8262903701058157,0.1402860961573205,False
GSM330260,0.0,0.12383829802274704,0.24956540763378143,0.415181040763855,0.9998090863227844,0.28560695,0.19803247,0.8371153518980726,0.6138513763877305,False
GSM330261,0.0,0.12383829802274704,0.24956540763378143,0.415181040763855,0.9998090863227844,0.28560838,0.19803229,0.8572769636941263,1.4958703509530717,False
GSM330262,0.0,0.12383829802274704,0.24956540763378143,0.415181040763855,0.9998090863227844,0.2856078,0.19803286,0.8394907871077663,0.7177705942059449,False
GSM330263,0.0,0.12383829802274704,0.24956540763378143,0.415181040763855,0.9998090863227844,0.285608,0.1980319,0.8185339175196128,-0.1990388757522414,False
GSM330264,0.0,0.12383829802274704,0.24956540763378143,0.415181040763855,0.9998090863227844,0.2856086,0.1980322,0.8346421282602405,0.5056541648265793,False
GSM330265,0.0,0.12383829802274704,0.24956540763378143,0.415181040763855,0.9998090863227844,0.28560904,0.1980323,0.8049792600964611,-0.7920204866417437,False
GSM330266,0.0,0.12383829802274704,0.24956540763378143,0.415181040763855,0.9998090863227844,0.2856083,0.19803193,0.8373435478216138,0.6238343646784372,False
GSM330267,0.0,0.12383829802274704,0.24956540763378143,0.415181040763855,0.9998090863227844,0.285609,0.19803268,0.8312107348759333,0.3555394763397524,False
GSM330268,0.0,0.12383829802274704,0.24956540763378143,0.415181040763855,0.9998090863227844,0.28560814,0.1980326,0.8244560784919533,0.06004052726736761,False
GSM330269,0.0,0.12383829802274704,0.24956540763378143,0.415181040763855,0.9998090863227844,0.28560883,0.19803214,0.8077970366428557,-0.668749966152321,False
GSM330270,0.0,0.12383829802274704,0.24956540763378143,0.415181040763855,0.9998090863227844,0.285607,0.19803229,0.8104333625928375,-0.5534174453923466,False
GSM330271,0.0,0.12383829802274704,0.24956540763378143,0.415181040763855,0.9998090863227844,0.28560844,0.19803189,0.8289023079396028,0.2545516991800038,False
GSM330272,0.0,0.12383829802274704,0.24956540763378143,0.415181040763855,0.9998090863227844,0.28560892,0.19803205,0.8274215444432743,0.18977208166643178,False
GSM330273,0.0,0.12383829802274704,0.24956540763378143,0.415181040763855,0.9998090863227844,0.28560776,0.19803181,0.8333573489710396,0.44944835535724065,False
GSM330274,0.0,0.12383829802274704,0.24956540763378143,0.415181040763855,0.9998090863227844,0.28560814,0.1980322,0.8132761999356738,-0.4290505791244758,False
GSM330275,0.0,0.12383829802274704,0.24956540763378143,0.415181040763855,0.9998090863227844,0.28560764,0.19803265,0.8430615138474385,0.8739807607956643,False
GSM330276,0.0,0.12383829802274704,0.24956540763378143,0.415181040763855,0.9998090863227844,0.28560826,0.1980328,0.8086748945684583,-0.6303459260792155,False
GSM330277,0.0,0.12383829802274704,0.24956540763378143,0.415181040763855,0.9998090863227844,0.28560725,0.19803253,0.8332402126593411,0.4443239411698335,False
GSM330278,0.0,0.12383829802274704,0.24956540763378143,0.415181040763855,0.9998090863227844,0.2856085,0.19803236,0.8230155318421538,-0.0029797060216405955,False
GSM330279,0.0,0.12383829802274704,0.24956540763378143,0.415181040763855,0.9998090863227844,0.28560844,0.19803242,0.8397303197401584,0.728249534527514,False
GSM330280,0.0,0.12383829802274704,0.24956540763378143,0.415181040763855,0.9998090863227844,0.28560817,0.19803268,0.8301000081558982,0.3069480218202564,False
GSM330281,0.0,0.12383829802274704,0.24956540763378143,0.415181040763855,0.9998090863227844,0.28560746,0.19803198,0.8391459113035948,0.7026831594202393,False
GSM330282,0.0,0.12383829802274704,0.24956540763378143,0.415181040763855,0.9998090863227844,0.28560716,0.19803207,0.8328709200155073,0.4281683320685535,False
GSM330283,0.0,0.12383829802274704,0.24956540763378143,0.415181040763855,0.9998090863227844,0.28560796,0.19803236,0.8291199593805715,0.26407339331426943,False
GSM330284,0.0,0.12383829802274704,0.24956540763378143,0.415181040763855,0.9998090863227844,0.28560823,0.19803235,0.8303292493776602,0.3169767392359018,False
GSM330285,0.0,0.12383829802274704,0.24956540763378143,0.415181040763855,0.9998090863227844,0.28560716,0.19803251,0.8303603244826786,0.31833619563949306,False
GSM330286,0.0,0.12383829802274704,0.24956540763378143,0.415181040763855,0.9998090863227844,0.28560752,0.19803226,0.840455590249283,0.7599782652069581,False
GSM330287,0.0,0.12383829802274704,0.24956540763378143,0.415181040763855,0.9998090863227844,0.28560704,0.19803275,0.8137778173473881,-0.40710609970587336,False
GSM330288,0.0,0.12383829802274704,0.24956540763378143,0.415181040763855,0.9998090863227844,0.28560755,0.19803283,0.8195556596669186,-0.15434026880786902,False
GSM330289,0.0,0.12383829802274704,0.24956540763378143,0.415181040763855,0.9998090863227844,0.28560957,0.19803257,0.8272581343387013,0.18262330733593424,False
GSM330290,0.0,0.12383829802274704,0.24956540763378143,0.415181040763855,0.9998090863227844,0.28560886,0.19803268,0.8504553980749449,1.1974442938886114,False
GSM330291,0.0,0.12383829802274704,0.24956540763378143,0.415181040763855,0.9998090863227844,0.28560743,0.1980327,0.820682374295822,-0.10504938414716376,False
GSM330292,0.0,0.12383829802274704,0.24956540763378143,0.415181040763855,0.9998090863227844,0.28560737,0.19803196,0.8191668864551359,-0.17134810295643302,False
GSM330293,0.0,0.12383829802274704,0.24956540763378143,0.415181040763855,0.9998090863227844,0.28560853,0.19803211,0.8175049263491642,-0.24405460892757916,False
GSM330294,0.0,0.12383829802274704,0.24956540763378143,0.415181040763855,0.9998090863227844,0.2856074,0.19803275,0.8308007794457549,0.3376049742869835,False
GSM330295,0.0,0.12383829802274704,0.24956540763378143,0.415181040763855,0.9998090863227844,0.28560707,0.19803205,0.8277508959957246,0.20418037012581794,False
GSM330296,0.0,0.12383829802274704,0.24956540763378143,0.415181040763855,0.9998090863227844,0.2856086,0.19803262,0.8163032298179084,-0.29662576013109665,False
GSM330297,0.0,0.12383829802274704,0.24956540763378143,0.415181040763855,0.9998090863227844,0.28560826,0.19803213,0.782537053338585,-1.773809660632273,False
GSM330298,0.0,0.12383829802274704,0.24956540763378143,0.415181040763855,0.9998090863227844,0.28560737,0.19803245,0.8426059861689879,0.8540525893827093,False
GSM330299,0.0,0.12383829802274704,0.24956540763378143,0.415181040763855,0.9998090863227844,0.28560796,0.19803193,0.8421748064157225,0.8351895774531337,False
GSM330300,0.0,0.12383829802274704,0.24956540763378143,0.415181040763855,0.9998090863227844,0.28560835,0.19803207,0.8407641707218695,0.7734778720218721,False
GSM330301,0.0,0.12383829802274704,0.24956540763378143,0.415181040763855,0.9998090863227844,0.28560892,0.19803265,0.8372359630834642,0.6191278074159764,False
GSM330302,0.0,0.12383829802274704,0.24956540763378143,0.415181040763855,0.9998090863227844,0.28560737,0.19803235,0.8189719144872074,-0.17987762812341124,False
GSM330303,0.0,0.12383829802274704,0.24956540763378143,0.415181040763855,0.9998090863227844,0.2856079,0.19803245,0.8287464515611577,0.24773338105711507,False
GSM330304,0.0,0.12383829802274704,0.24956540763378143,0.415181040763855,0.9998090863227844,0.2856069,0.19803202,0.8425036940758023,0.8495775718072126,False
GSM330305,0.0,0.12383829802274704,0.24956540763378143,0.415181040763855,0.9998090863227844,0.2856073,0.19803278,0.7870850935824094,-1.5748445266579614,False
GSM330306,0.0,0.12383829802274704,0.24956540763378143,0.415181040763855,0.9998090863227844,0.28560778,0.19803192,0.8094234261235823,-0.5975995841022562,False
GSM330307,0.0,0.12383829802274704,0.24956540763378143,0.415181040763855,0.9998090863227844,0.28560716,0.19803166,0.8450804825798257,0.9623054815091228,False
GSM330308,0.0,0.12383829802274704,0.24956540763378143,0.415181040763855,0.9998090863227844,0.285608,0.19803242,0.8048923575555641,-0.7958222506467496,False
GSM330309,0.0,0.12383829802274704,0.24956540763378143,0.415181040763855,0.9998090863227844,0.2856085,0.19803241,0.8285916218570414,0.24095997731150612,False
GSM330310,0.0,0.12383829802274704,0.24956540763378143,0.415181040763855,0.9998090863227844,0.28560722,0.19803236,0.8377050327785116,0.6396484074359814,False
GSM330317,0.0,0.12383829802274704,0.24956540763378143,0.415181040763855,0.9998090863227844,0.28560916,0.1980327,0.823537397518338,0.01985058320448712,False
GSM330318,0.0,0.12383829802274704,0.24956540763378143,0.415181040763855,0.9998090863227844,0.2856087,0.19803242,0.8310654914894701,0.3491854494848259,False
GSM330319,0.0,0.12383829802274704,0.24956540763378143,0.415181040763855,0.9998090863227844,0.28560713,0.19803222,0.8173302868371976,-0.2516946411244858,False
GSM330320,0.0,0.12383829802274704,0.24956540763378143,0.415181040763855,0.9998090863227844,0.28560692,0.19803233,0.8240432973875847,0.041982409192383004,False
GSM330321,0.0,0.12383829802274704,0.24956540763378143,0.415181040763855,0.9998090863227844,0.28560746,0.19803241,0.805318387770022,-0.7771845178756263,False
GSM330322,0.0,0.12383829802274704,0.24956540763378143,0.415181040763855,0.9998090863227844,0.28560725,0.19803308,0.8454918491473365,0.9803017172127282,False
GSM330323,0.0,0.12383829802274704,0.24956540763378143,0.415181040763855,0.9998090863227844,0.28560805,0.19803268,0.8190203291048186,-0.1777596123709333,False
GSM330324,0.0,0.12383829802274704,0.24956540763378143,0.415181040763855,0.9998090863227844,0.28560916,0.19803223,0.835840469753726,0.5580785417045224,False
GSM330325,0.0,0.12383829802274704,0.24956540763378143,0.415181040763855,0.9998090863227844,0.28560683,0.19803292,0.8161042912124192,-0.3053288155509682,False
GSM330326,0.0,0.12383829802274704,0.24956540763378143,0.415181040763855,0.9998090863227844,0.28560805,0.19803198,0.8113635621369569,-0.5127235933161963,False
GSM330327,0.0,0.12383829802274704,0.24956540763378143,0.415181040763855,0.9998090863227844,0.28560746,0.19803265,0.8244155203289056,0.0582662113176578,False
GSM330328,0.0,0.12383829802274704,0.24956540763378143,0.415181040763855,0.9998090863227844,0.2856076,0.19803208,0.8351944776857669,0.5298180401572168,False
GSM330329,0.0,0.12383829802274704,0.24956540763378143,0.415181040763855,0.9998090863227844,0.28560778,0.19803213,0.7314467195299471,-4.00888115649929,False
GSM330330,0.0,0.12383829802274704,0.24956540763378143,0.415181040763855,0.9998090863227844,0.28560823,0.19803241,0.8282156212777285,0.22451091318130503,False
GSM330331,0.0,0.12383829802274704,0.24956540763378143,0.415181040763855,0.9998090863227844,0.2856087,0.19803299,0.8290821276328763,0.26241835106637285,False
GSM330332,0.0,0.12383829802274704,0.24956540763378143,0.415181040763855,0.9998090863227844,0.28560826,0.19803256,0.8403126249335912,0.7537238981245815,False
GSM330333,0.0,0.12383829802274704,0.24956540763378143,0.415181040763855,0.9998090863227844,0.2856071,0.19803235,0.8227449095377262,-0.01481874001655682,False
GSM330334,0.0,0.12383829802274704,0.24956540763378143,0.415181040763855,0.9998090863227844,0.2856073,0.19803214,0.832728788410064,0.4219504376782369,False
GSM330335,0.0,0.12383829802274704,0.24956540763378143,0.415181040763855,0.9998090863227844,0.285608,0.1980324,0.8282873808187409,0.22765020965319632,False
GSM330336,0.0,0.12383829802274704,0.24956540763378143,0.415181040763855,0.9998090863227844,0.28560904,0.19803263,0.8306822793298838,0.3324208971534792,False
GSM330337,0.0,0.12383829802274704,0.24956540763378143,0.415181040763855,0.9998090863227844,0.28560916,0.19803245,0.8353427777379177,0.5363057883218534,False
GSM330338,0.0,0.12383829802274704,0.24956540763378143,0.415181040763855,0.9998090863227844,0.28560838,0.1980322,0.8282558637521438,0.226271418560377,False
GSM330339,0.0,0.12383829802274704,0.24956540763378143,0.415181040763855,0.9998090863227844,0.28560728,0.19803233,0.8312204272345415,0.35596349225113666,False
GSM330340,0.0,0.12383829802274704,0.24956540763378143,0.415181040763855,0.9998090863227844,0.2856087,0.19803235,0.8318576479789055,0.38384027081433253,False
GSM330341,0.0,0.12383829802274704,0.24956540763378143,0.415181040763855,0.9998090863227844,0.28560734,0.19803245,0.8093881168068993,-0.5991442764417587,False
GSM330342,0.0,0.12383829802274704,0.24956540763378143,0.415181040763855,0.9998090863227844,0.2856089,0.198032,0.8399399934169031,0.737422221871481,False
GSM330343,0.0,0.12383829802274704,0.24956540763378143,0.415181040763855,0.9998090863227844,0.28560725,0.19803251,0.8226332682416482,-0.01970276131812405,False
GSM330344,0.0,0.12383829802274704,0.24956540763378143,0.415181040763855,0.9998090863227844,0.28560752,0.19803254,0.835588919062011,0.5470738420107706,False
GSM330345,0.0,0.12383829802274704,0.24956540763378143,0.415181040763855,0.9998090863227844,0.2856093,0.19803275,0.8193417096926773,-0.1637000332353103,False
GSM330346,0.0,0.12383829802274704,0.24956540763378143,0.415181040763855,0.9998090863227844,0.28560793,0.1980323,0.8172028036664806,-0.2572717039430516,False
GSM330347,0.0,0.12383829802274704,0.24956540763378143,0.415181040763855,0.9998090863227844,0.28560778,0.1980324,0.819241452493766,-0.168086029388347,False
GSM330348,0.0,0.12383829802274704,0.24956540763378143,0.415181040763855,0.9998090863227844,0.2856063,0.19803242,0.8270322580857612,0.17274179870397516,False
GSM330349,0.0,0.12383829802274704,0.24956540763378143,0.415181040763855,0.9998090863227844,0.28560776,0.19803253,0.8453381563757066,0.9735780513569234,False
GSM330350,0.0,0.12383829802274704,0.24956540763378143,0.415181040763855,0.9998090863227844,0.28560662,0.19803183,0.8299345250551908,0.2997085592083232,False
GSM330351,0.0,0.12383829802274704,0.24956540763378143,0.415181040763855,0.9998090863227844,0.28560734,0.19803219,0.8344658304716988,0.4979415872687576,False
GSM330352,0.0,0.12383829802274704,0.24956540763378143,0.415181040763855,0.9998090863227844,0.28560838,0.19803222,0.828277181701353,0.22720402434068684,False
GSM330353,0.0,0.12383829802274704,0.24956540763378143,0.415181040763855,0.9998090863227844,0.28560814,0.1980322,0.8232055656060302,0.005333785342172334,False
GSM330354,0.0,0.12383829802274704,0.24956540763378143,0.415181040763855,0.9998090863227844,0.28560758,0.19803254,0.831191414298858,0.3546942504841826,False
GSM330355,0.0,0.12383829802274704,0.24956540763378143,0.415181040763855,0.9998090863227844,0.28560787,0.19803214,0.8206384963229547,-0.1069689332896588,False
GSM330356,0.0,0.12383829802274704,0.24956540763378143,0.415181040763855,0.9998090863227844,0.28561017,0.19803277,0.8045445795234683,-0.8110366504848405,False
GSM330357,0.0,0.12383829802274704,0.24956540763378143,0.415181040763855,0.9998090863227844,0.28560948,0.19803225,0.8127476119302056,-0.45217495307169353,False
GSM330358,0.0,0.12383829802274704,0.24956540763378143,0.415181040763855,0.9998090863227844,0.28560862,0.19803263,0.8263520552507713,0.14298466355609546,False
GSM330359,0.0,0.12383829802274704,0.24956540763378143,0.415181040763855,0.9998090863227844,0.28560892,0.19803168,0.8031607597454357,-0.8715752281516542,False
GSM330360,0.0,0.12383829802274704,0.24956540763378143,0.415181040763855,0.9998090863227844,0.28560922,0.19803196,0.8398109421857929,0.731776560419331,False
GSM330361,0.0,0.12383829802274704,0.24956540763378143,0.415181040763855,0.9998090863227844,0.28560817,0.19803189,0.8143179455067721,-0.3834768735262992,False
GSM330362,0.0,0.12383829802274704,0.24956540763378143,0.415181040763855,0.9998090863227844,0.28560787,0.19803186,0.845905058604188,0.998378574613788,False
GSM330363,0.0,0.12383829802274704,0.24956540763378143,0.415181040763855,0.9998090863227844,0.28560826,0.19803217,0.8311765820617265,0.35404537802708086,False
GSM330364,0.0,0.12383829802274704,0.24956540763378143,0.415181040763855,0.9998090863227844,0.28560987,0.19803275,0.8322129307343491,0.3993829831136764,False
GSM330365,0.0,0.12383829802274704,0.24956540763378143,0.415181040763855,0.9998090863227844,0.28560877,0.19803178,0.8324608267590263,0.41022780046738777,False
GSM330366,0.0,0.12383829802274704,0.24956540763378143,0.415181040763855,0.9998090863227844,0.2856078,0.19803248,0.8244919165725392,0.06160835167587484,False
GSM330367,0.0,0.12383829802274704,0.24956540763378143,0.415181040763855,0.9998090863227844,0.28560892,0.19803199,0.8374335362209898,0.627771127103153,False
GSM330368,0.0,0.12383829802274704,0.24956540763378143,0.415181040763855,0.9998090863227844,0.2856084,0.19803254,0.8431987338272917,0.8799837841225818,False
GSM330369,0.0,0.12383829802274704,0.24956540763378143,0.415181040763855,0.9998090863227844,0.28560832,0.19803254,0.8365479453695791,0.5890287912945341,False
GSM330370,0.0,0.12383829802274704,0.24956540763378143,0.415181040763855,0.9998090863227844,0.28560933,0.198032,0.8241056016311795,0.044708060573949784,False
GSM330371,0.0,0.12383829802274704,0.24956540763378143,0.415181040763855,0.9998090863227844,0.2856078,0.19803245,0.8155938017548583,-0.32766142429470196,False
GSM330372,0.0,0.12383829802274704,0.24956540763378143,0.415181040763855,0.9998090863227844,0.28560665,0.19803245,0.829735796602994,0.2910146974577511,False
GSM330373,0.0,0.12383829802274704,0.24956540763378143,0.415181040763855,0.9998090863227844,0.28560835,0.1980324,0.8222071676353806,-0.038343573550971455,False
GSM330374,0.0,0.12383829802274704,0.24956540763378143,0.415181040763855,0.9998090863227844,0.28560826,0.19803263,0.8359992519030773,0.5650248548250639,False
GSM330375,0.0,0.12383829802274704,0.24956540763378143,0.415181040763855,0.9998090863227844,0.28560898,0.1980324,0.8220787346008673,-0.04396219048237559,False
GSM330376,0.0,0.12383829802274704,0.24956540763378143,0.415181040763855,0.9998090863227844,0.28560877,0.19803227,0.842096017438068,0.8317427610983256,False
GSM330377,0.0,0.12383829802274704,0.24956540763378143,0.415181040763855,0.9998090863227844,0.2856087,0.19803217,0.8385783501644387,0.6778538105058035,False
GSM330378,0.0,0.12383829802274704,0.24956540763378143,0.415181040763855,0.9998090863227844,0.2856084,0.19803265,0.8313607449564392,0.3621020338733787,False
GSM330379,0.0,0.12383829802274704,0.24956540763378143,0.415181040763855,0.9998090863227844,0.28560823,0.19803211,0.8184909197717221,-0.20091991730223452,False
GSM330380,0.0,0.12383829802274704,0.24956540763378143,0.415181040763855,0.9998090863227844,0.28560728,0.19803269,0.8435397698727949,0.8949032392825808,False
GSM330381,0.0,0.12383829802274704,0.24956540763378143,0.415181040763855,0.9998090863227844,0.2856072,0.1980322,0.8417325557408161,0.8158422410036659,False
GSM330382,0.0,0.12383829802274704,0.24956540763378143,0.415181040763855,0.9998090863227844,0.28560808,0.19803254,0.8210683348822859,-0.08816459516604888,False
GSM330383,0.0,0.12383829802274704,0.24956540763378143,0.415181040763855,0.9998090863227844,0.28560853,0.19803225,0.7188029633432482,-4.562013166938513,False
GSM330384,0.0,0.12383829802274704,0.24956540763378143,0.415181040763855,0.9998090863227844,0.28560805,0.19803257,0.8029048800069741,-0.8827693125737172,False
GSM330385,0.0,0.12383829802274704,0.24956540763378143,0.415181040763855,0.9998090863227844,0.28560778,0.1980327,0.8291062367457007,0.2634730631194676,False
GSM330386,0.0,0.12383829802274704,0.24956540763378143,0.415181040763855,0.9998090863227844,0.28560755,0.19803248,0.8314027995839055,0.3639418163158135,False
GSM330387,0.0,0.12383829802274704,0.24956540763378143,0.415181040763855,0.9998090863227844,0.28560728,0.19803275,0.8144562048255791,-0.3774283817771336,False
GSM330388,0.0,0.12383829802274704,0.24956540763378143,0.415181040763855,0.9998090863227844,0.2856069,0.19803256,0.8187540627758965,-0.18940808357317818,False
GSM330389,0.0,0.12383829802274704,0.24956540763378143,0.415181040763855,0.9998090863227844,0.28560746,0.19803217,0.8489976997005284,1.1336737164945947,False
GSM330390,0.0,0.12383829802274704,0.24956540763378143,0.415181040763855,0.9998090863227844,0.28560826,0.19803229,0.8373041326161202,0.6221100501998442,False
GSM330391,0.0,0.12383829802274704,0.24956540763378143,0.415181040763855,0.9998090863227844,0.28560734,0.19803205,0.8401491451346271,0.7465720748426442,False
GSM330392,0.0,0.12383829802274704,0.24956540763378143,0.415181040763855,0.9998090863227844,0.28560844,0.19803208,0.837511442961682,0.631179347846224,False
GSM330393,0.0,0.12383829802274704,0.24956540763378143,0.415181040763855,0.9998090863227844,0.28560922,0.198032,0.8371556151203352,0.615612789432083,False
GSM330394,0.0,0.12383829802274704,0.24956540763378143,0.415181040763855,0.9998090863227844,0.28560862,0.19803207,0.8205540344896445,-0.11066392257721085,False
GSM330395,0.0,0.12383829802274704,0.24956540763378143,0.415181040763855,0.9998090863227844,0.28560895,0.19803192,0.81436741966584,-0.38131250554371765,False
GSM330396,0.0,0.12383829802274704,0.24956540763378143,0.415181040763855,0.9998090863227844,0.28560817,0.1980324,0.8180561634722896,-0.21993939398347373,False
GSM330397,0.0,0.12383829802274704,0.24956540763378143,0.415181040763855,0.9998090863227844,0.2856071,0.19803202,0.8424336412052648,0.8465129378056317,False
GSM330398,0.0,0.12383829802274704,0.24956540763378143,0.415181040763855,0.9998090863227844,0.28560814,0.19803186,0.8232109583984044,0.005569706222311475,False
GSM330399,0.0,0.12383829802274704,0.24956540763378143,0.415181040763855,0.9998090863227844,0.28560686,0.1980323,0.7751473076593449,-2.0970921428184344,False
GSM330400,0.0,0.12383829802274704,0.24956540763378143,0.415181040763855,0.9998090863227844,0.28560707,0.19803253,0.8421726337666332,0.8350945296096763,False
GSM330401,0.0,0.12383829802274704,0.24956540763378143,0.415181040763855,0.9998090863227844,0.2856082,0.1980321,0.8470687354226546,1.0492864605770666,False
GSM330402,0.0,0.12383829802274704,0.24956540763378143,0.415181040763855,0.9998090863227844,0.28560966,0.19803226,0.8262117459465792,0.1368464901869561,False
GSM330403,0.0,0.12383829802274704,0.24956540763378143,0.415181040763855,0.9998090863227844,0.28560862,0.19803225,0.8326439647667473,0.4182396201278377,False
GSM330404,0.0,0.12383829802274704,0.24956540763378143,0.415181040763855,0.9998090863227844,0.28560868,0.19803229,0.8408802155471765,0.7785545364699473,False
GSM330405,0.0,0.12383829802274704,0.24956540763378143,0.415181040763855,0.9998090863227844,0.2856088,0.19803245,0.8392103088653773,0.7055003881211203,False
GSM330406,0.0,0.12383829802274704,0.24956540763378143,0.415181040763855,0.9998090863227844,0.28560743,0.19803196,0.8253313344658979,0.09833073860711133,False
GSM330407,0.0,0.12383829802274704,0.24956540763378143,0.415181040763855,0.9998090863227844,0.28560683,0.19803272,0.7890688145729898,-1.4880618045405782,False
GSM330408,0.0,0.12383829802274704,0.24956540763378143,0.415181040763855,0.9998090863227844,0.28560802,0.19803202,0.8207811459780445,-0.10072837555165882,False
GSM330409,0.0,0.12383829802274704,0.24956540763378143,0.415181040763855,0.9998090863227844,0.28560683,0.1980323,0.8403407902244994,0.7549560575995525,False
GSM330410,0.0,0.12383829802274704,0.24956540763378143,0.415181040763855,0.9998090863227844,0.28560764,0.19803259,0.8407576812022629,0.7731939721290105,False
GSM330411,0.0,0.12383829802274704,0.24956540763378143,0.415181040763855,0.9998090863227844,0.28560653,0.1980325,0.8414621016701672,0.8040105668064961,False
GSM330412,0.0,0.12383829802274704,0.24956540763378143,0.415181040763855,0.9998090863227844,0.28560764,0.19803196,0.8470994512875678,1.0506302011444226,False
GSM330413,0.0,0.12383829802274704,0.24956540763378143,0.415181040763855,0.9998090863227844,0.28560862,0.19803303,0.8306378008197414,0.33047507604042164,False
GSM330414,0.0,0.12383829802274704,0.24956540763378143,0.415181040763855,0.9998090863227844,0.28560764,0.19803217,0.8233757440435951,0.012778656938378175,False
GSM330415,0.0,0.12383829802274704,0.24956540763378143,0.415181040763855,0.9998090863227844,0.28560835,0.1980322,0.8308779111112863,0.3409792874731844,False
GSM330416,0.0,0.12383829802274704,0.24956540763378143,0.415181040763855,0.9998090863227844,0.28560773,0.19803254,0.8205187991851632,-0.11220537707209029,False
GSM330417,0.0,0.12383829802274704,0.24956540763378143,0.415181040763855,0.9998090863227844,0.28560713,0.19803189,0.7400832272148705,-3.6310560238096077,False
GSM330418,0.0,0.12383829802274704,0.24956540763378143,0.415181040763855,0.9998090863227844,0.28560826,0.19803242,0.8266980399901266,0.1581206114211946,False
GSM330419,0.0,0.12383829802274704,0.24956540763378143,0.415181040763855,0.9998090863227844,0.2856072,0.19803225,0.8242640402822288,0.05163934652189821,False
GSM330420,0.0,0.12383829802274704,0.24956540763378143,0.415181040763855,0.9998090863227844,0.28560808,0.19803241,0.8343102847048403,0.4911368576087327,False
GSM330421,0.0,0.12383829802274704,0.24956540763378143,0.415181040763855,0.9998090863227844,0.28560904,0.198032,0.8461231945859853,1.0079214661706195,False
GSM330422,0.0,0.12383829802274704,0.24956540763378143,0.415181040763855,0.9998090863227844,0.28560665,0.19803196,0.8217735135030412,-0.05731483323949035,False
GSM330423,0.0,0.12383829802274704,0.24956540763378143,0.415181040763855,0.9998090863227844,0.2856081,0.19803241,0.8289077080483405,0.2547879401323382,False
GSM330424,0.0,0.12383829802274704,0.24956540763378143,0.415181040763855,0.9998090863227844,0.28560796,0.19803195,0.8360122924652897,0.5655953460847257,False
GSM330425,0.0,0.12383829802274704,0.24956540763378143,0.415181040763855,0.9998090863227844,0.28560916,0.19803263,0.8524396956637058,1.2842522407023669,False
GSM330426,0.0,0.12383829802274704,0.24956540763378143,0.415181040763855,0.9998090863227844,0.28560787,0.19803219,0.8403376158454604,0.7548171866316384,False
GSM330427,0.0,0.12383829802274704,0.24956540763378143,0.415181040763855,0.9998090863227844,0.28560895,0.19803227,0.8231200897621267,0.0015944356833998861,False
GSM330428,0.0,0.12383829802274704,0.24956540763378143,0.415181040763855,0.9998090863227844,0.28560716,0.19803186,0.7845366889223231,-1.6863307157485992,False
GSM330429,0.0,0.12383829802274704,0.24956540763378143,0.415181040763855,0.9998090863227844,0.28560886,0.198032,0.8042197621389564,-0.8252465806881495,False
GSM330430,0.0,0.12383829802274704,0.24956540763378143,0.415181040763855,0.9998090863227844,0.28560707,0.19803248,0.816744835635027,-0.27730663456132043,False
GSM330431,0.0,0.12383829802274704,0.24956540763378143,0.415181040763855,0.9998090863227844,0.28560787,0.19803223,0.8019171065501168,-0.9259818761491486,False
GSM330432,0.0,0.12383829802274704,0.24956540763378143,0.415181040763855,0.9998090863227844,0.28560817,0.1980327,0.7318566994340887,-3.990945583773197,False
GSM330433,0.0,0.12383829802274704,0.24956540763378143,0.415181040763855,0.9998090863227844,0.2856073,0.1980329,0.8085562726391085,-0.6355353322410088,False
GSM330434,0.0,0.12383829802274704,0.24956540763378143,0.415181040763855,0.9998090863227844,0.285608,0.1980316,0.8294104464452153,0.2767814597860094,False
GSM330435,0.0,0.12383829802274704,0.24956540763378143,0.415181040763855,0.9998090863227844,0.28560746,0.19803225,0.8235411613697569,0.02001524208208428,False
GSM330436,0.0,0.12383829802274704,0.24956540763378143,0.415181040763855,0.9998090863227844,0.28560722,0.19803214,0.8213582813798074,-0.07548017712399821,False
GSM330437,0.0,0.12383829802274704,0.24956540763378143,0.415181040763855,0.9998090863227844,0.2856084,0.19803254,0.8101288504039235,-0.5667390751968234,False
GSM330438,0.0,0.12383829802274704,0.24956540763378143,0.415181040763855,0.9998090863227844,0.285608,0.19803222,0.8232108035507767,0.005562932034454014,False
GSM330439,0.0,0.12383829802274704,0.24956540763378143,0.415181040763855,0.9998090863227844,0.28560844,0.1980319,0.822978206775493,-0.004612582269568093,False
GSM330440,0.0,0.12383829802274704,0.24956540763378143,0.415181040763855,0.9998090863227844,0.28560844,0.19803211,0.82136040419483,-0.07538730939356013,False
GSM330441,0.0,0.12383829802274704,0.24956540763378143,0.415181040763855,0.9998090863227844,0.28560838,0.19803281,0.8247035616979643,0.07086728485976765,False
GSM330442,0.0,0.12383829802274704,0.24956540763378143,0.415181040763855,0.9998090863227844,0.28560826,0.19803247,0.8201671729178001,-0.12758812736542827,False
GSM330443,0.0,0.12383829802274704,0.24956540763378143,0.415181040763855,0.9998090863227844,0.28560776,0.19803275,0.8450500463546524,0.9609739744655122,False
GSM330444,0.0,0.12383829802274704,0.24956540763378143,0.415181040763855,0.9998090863227844,0.28560778,0.1980329,0.8400464227486376,0.7420782330569833,False
GSM330445,0.0,0.12383829802274704,0.24956540763378143,0.415181040763855,0.9998090863227844,0.28560862,0.19803214,0.8228797481398955,-0.008919895875509313,False
GSM330446,0.0,0.12383829802274704,0.24956540763378143,0.415181040763855,0.9998090863227844,0.2856084,0.19803207,0.8265317840116693,0.1508473373835016,False
GSM330447,0.0,0.12383829802274704,0.24956540763378143,0.415181040763855,0.9998090863227844,0.28560826,0.1980321,0.836280023557829,0.5773078969506736,False
GSM330448,0.0,0.12383829802274704,0.24956540763378143,0.415181040763855,0.9998090863227844,0.28560728,0.19803219,0.825498966814078,0.10566422530159797,False
GSM330449,0.0,0.12383829802274704,0.24956540763378143,0.415181040763855,0.9998090863227844,0.28560838,0.19803214,0.8327700414669558,0.4237551534571834,False
GSM330450,0.0,0.12383829802274704,0.24956540763378143,0.415181040763855,0.9998090863227844,0.28560865,0.1980327,0.8113460274255282,-0.5134906921151475,False
GSM330451,0.0,0.12383829802274704,0.24956540763378143,0.415181040763855,0.9998090863227844,0.28560716,0.19803242,0.8292668106395257,0.27049776048027946,False
GSM330452,0.0,0.12383829802274704,0.24956540763378143,0.415181040763855,0.9998090863227844,0.2856086,0.19803226,0.8336616383558196,0.46276023805043415,False
GSM330453,0.0,0.12383829802274704,0.24956540763378143,0.415181040763855,0.9998090863227844,0.28560796,0.19803257,0.8320398616970265,0.39181165516765465,False
GSM330454,0.0,0.12383829802274704,0.24956540763378143,0.415181040763855,0.9998090863227844,0.2856094,0.19803227,0.828059980926492,0.21770204569654003,False
GSM330455,0.0,0.12383829802274704,0.24956540763378143,0.415181040763855,0.9998090863227844,0.28560838,0.19803211,0.8268454942218647,0.16457135710505075,False
GSM330456,0.0,0.12383829802274704,0.24956540763378143,0.415181040763855,0.9998090863227844,0.2856079,0.19803277,0.8368814561982753,0.6036190374568272,False
GSM330457,0.0,0.12383829802274704,0.24956540763378143,0.415181040763855,0.9998090863227844,0.285607,0.19803229,0.820111696775661,-0.1300150667637916,False
GSM330458,0.0,0.12383829802274704,0.24956540763378143,0.415181040763855,0.9998090863227844,0.28560758,0.19803217,0.8308189789115006,0.3384011543879101,False
GSM330459,0.0,0.12383829802274704,0.24956540763378143,0.415181040763855,0.9998090863227844,0.28560707,0.1980325,0.8432900700893715,0.8839795120948873,False
GSM330460,0.0,0.12383829802274704,0.24956540763378143,0.415181040763855,0.9998090863227844,0.28560796,0.19803262,0.8023884787355365,-0.9053605480614859,False
GSM330461,0.0,0.12383829802274704,0.24956540763378143,0.415181040763855,0.9998090863227844,0.28560585,0.19803186,0.8325559494856775,0.414389176584902,False
GSM330462,0.0,0.12383829802274704,0.24956540763378143,0.415181040763855,0.9998090863227844,0.28560704,0.19803241,0.8247408176234265,0.07249713635701266,False
GSM330463,0.0,0.12383829802274704,0.24956540763378143,0.415181040763855,0.9998090863227844,0.28560826,0.19803245,0.8234687615373374,0.01684793449798426,False
GSM330464,0.0,0.12383829802274704,0.24956540763378143,0.415181040763855,0.9998090863227844,0.28560728,0.19803226,0.8041875828264374,-0.8266543433470734,False
GSM330465,0.0,0.12383829802274704,0.24956540763378143,0.415181040763855,0.9998090863227844,0.2856077,0.19803227,0.8356580567268532,0.5500984381028289,False
GSM330466,0.0,0.12383829802274704,0.24956540763378143,0.415181040763855,0.9998090863227844,0.28560764,0.19803287,0.8314779509229715,0.3672294952816973,False
GSM330467,0.0,0.12383829802274704,0.24956540763378143,0.415181040763855,0.9998090863227844,0.28560665,0.19803162,0.845205880150967,0.9677913046779161,False
GSM330468,0.0,0.12383829802274704,0.24956540763378143,0.415181040763855,0.9998090863227844,0.28560728,0.19803175,0.8526127619551799,1.2918234485245343,False
GSM330469,0.0,0.12383829802274704,0.24956540763378143,0.415181040763855,0.9998090863227844,0.28560716,0.19803274,0.8264377215349777,0.14673234449127784,False
GSM330470,0.0,0.12383829802274704,0.24956540763378143,0.415181040763855,0.9998090863227844,0.2856076,0.19803245,0.8257673965198744,0.11740733871159778,False
GSM330471,0.0,0.12383829802274704,0.24956540763378143,0.415181040763855,0.9998090863227844,0.28560767,0.19803193,0.8584346650211281,1.5465168244406182,False
GSM330472,0.0,0.12383829802274704,0.24956540763378143,0.415181040763855,0.9998090863227844,0.2856078,0.19803207,0.8252281618610586,0.09381720089772125,False
GSM330473,0.0,0.12383829802274704,0.24956540763378143,0.415181040763855,0.9998090863227844,0.28560874,0.19803274,0.8173632061732747,-0.2502545043266999,False
GSM330474,0.0,0.12383829802274704,0.24956540763378143,0.415181040763855,0.9998090863227844,0.285608,0.19803233,0.8474205764411457,1.0646786056832558,False
GSM330475,0.0,0.12383829802274704,0.24956540763378143,0.415181040763855,0.9998090863227844,0.28560773,0.1980324,0.8395894480764923,0.7220867593690088,False
GSM330476,0.0,0.12383829802274704,0.24956540763378143,0.415181040763855,0.9998090863227844,0.28560796,0.19803245,0.835684625419706,0.5512607504944471,False
GSM330477,0.0,0.12383829802274704,0.24956540763378143,0.415181040763855,0.9998090863227844,0.28560853,0.19803262,0.8523644289921302,1.280959516234024,False
GSM330478,0.0,0.12383829802274704,0.24956540763378143,0.415181040763855,0.9998090863227844,0.28560627,0.19803168,0.7993347142079997,-1.0389549394419029,False
GSM330479,0.0,0.12383829802274704,0.24956540763378143,0.415181040763855,0.9998090863227844,0.2856078,0.1980324,0.8519568014931751,1.2631268552211106,False
GSM330480,0.0,0.12383829802274704,0.24956540763378143,0.415181040763855,0.9998090863227844,0.28560808,0.19803235,0.8384773384070554,0.6734348043485822,False
GSM330481,0.0,0.12383829802274704,0.24956540763378143,0.415181040763855,0.9998090863227844,0.28560862,0.19803192,0.8529908878301175,1.308365488905172,False
GSM330482,0.0,0.12383829802274704,0.24956540763378143,0.415181040763855,0.9998090863227844,0.285607,0.1980325,0.8429970258733278,0.8711595767865523,False
GSM330483,0.0,0.12383829802274704,0.24956540763378143,0.415181040763855,0.9998090863227844,0.28560907,0.19803241,0.8465942959115945,1.028530944834005,False
GSM330484,0.0,0.12383829802274704,0.24956540763378143,0.415181040763855,0.9998090863227844,0.28560895,0.19803214,0.8448934312116465,0.9541224623328107,False
GSM330485,0.0,0.12383829802274704,0.24956540763378143,0.415181040763855,0.9998090863227844,0.28560865,0.19803233,0.8312876203346008,0.3589030186050655,False
GSM330486,0.0,0.12383829802274704,0.24956540763378143,0.415181040763855,0.9998090863227844,0.2856083,0.1980323,0.8228785555749827,-0.008972067541750586,False
GSM330487,0.0,0.12383829802274704,0.24956540763378143,0.415181040763855,0.9998090863227844,0.28560805,0.19803262,0.8239366091786169,0.03731507278972161,False
GSM330488,0.0,0.12383829802274704,0.24956540763378143,0.415181040763855,0.9998090863227844,0.28560826,0.19803263,0.8422385335727915,0.8379774776616378,False
GSM330489,0.0,0.12383829802274704,0.24956540763378143,0.415181040763855,0.9998090863227844,0.28560722,0.1980325,0.8524277496120933,1.2837296314834252,False
GSM330490,0.0,0.12383829802274704,0.24956540763378143,0.415181040763855,0.9998090863227844,0.28560725,0.1980324,0.8318145390557912,0.38195436563251806,False
GSM330491,0.0,0.12383829802274704,0.24956540763378143,0.415181040763855,0.9998090863227844,0.28560832,0.19803225,0.8382098556150762,0.6617331159973792,False
GSM330492,0.0,0.12383829802274704,0.24956540763378143,0.415181040763855,0.9998090863227844,0.28560773,0.19803277,0.8034767219624662,-0.8577526888881397,False
GSM330493,0.0,0.12383829802274704,0.24956540763378143,0.415181040763855,0.9998090863227844,0.28560928,0.19803198,0.8282278350702825,0.2250452353819808,False
GSM330494,0.0,0.12383829802274704,0.24956540763378143,0.415181040763855,0.9998090863227844,0.28560725,0.19803241,0.8248730658680791,0.07828265897873654,False
GSM330495,0.0,0.12383829802274704,0.24956540763378143,0.415181040763855,0.9998090863227844,0.28560612,0.19803208,0.8010782087691346,-0.9626815094935379,False
GSM330496,0.0,0.12383829802274704,0.24956540763378143,0.415181040763855,0.9998090863227844,0.28560683,0.19803229,0.8354559406567315,0.5412563767282083,False
GSM330497,0.0,0.12383829802274704,0.24956540763378143,0.415181040763855,0.9998090863227844,0.2856086,0.19803232,0.818695612207517,-0.19196514651568244,False
GSM330498,0.0,0.12383829802274704,0.24956540763378143,0.415181040763855,0.9998090863227844,0.28560942,0.19803245,0.8384942691477174,0.6741754809704906,False
GSM330499,0.0,0.12383829802274704,0.24956540763378143,0.415181040763855,0.9998090863227844,0.28560734,0.19803286,0.8269573430612692,0.1694644578965859,False
GSM330500,0.0,0.12383829802274704,0.24956540763378143,0.415181040763855,0.9998090863227844,0.2856081,0.19803227,0.8344757692482672,0.4983763833359558,False
GSM330501,0.0,0.12383829802274704,0.24956540763378143,0.415181040763855,0.9998090863227844,0.28560752,0.19803253,0.8114931544620808,-0.5070542603842093,False
GSM330502,0.0,0.12383829802274704,0.24956540763378143,0.415181040763855,0.9998090863227844,0.2856081,0.19803202,0.8336438413043192,0.46198166254399853,False
GSM330503,0.0,0.12383829802274704,0.24956540763378143,0.415181040763855,0.9998090863227844,0.28560838,0.19803283,0.8207269710734479,-0.10309838913404541,False
GSM330504,0.0,0.12383829802274704,0.24956540763378143,0.415181040763855,0.9998090863227844,0.2856082,0.19803262,0.8374401256252639,0.6280593966948723,False
GSM330505,0.0,0.12383829802274704,0.24956540763378143,0.415181040763855,0.9998090863227844,0.28560868,0.19803262,0.8446174208067975,0.9420477127186969,False
GSM330506,0.0,0.12383829802274704,0.24956540763378143,0.415181040763855,0.9998090863227844,0.285609,0.19803251,0.8200144712547331,-0.13426843475528996,False
GSM330507,0.0,0.12383829802274704,0.24956540763378143,0.415181040763855,0.9998090863227844,0.28560907,0.1980323,0.8252822908107452,0.09618520407027581,False
GSM330508,0.0,0.12383829802274704,0.24956540763378143,0.415181040763855,0.9998090863227844,0.28560778,0.19803207,0.8270775438201499,0.17472293381420223,False
GSM330509,0.0,0.12383829802274704,0.24956540763378143,0.415181040763855,0.9998090863227844,0.28561005,0.1980326,0.839837187334749,0.7329247185925832,False
GSM330510,0.0,0.12383829802274704,0.24956540763378143,0.415181040763855,0.9998090863227844,0.28560773,0.1980326,0.8100801888433103,-0.5688678940743465,False
GSM330511,0.0,0.12383829802274704,0.24956540763378143,0.415181040763855,0.9998090863227844,0.28560907,0.19803254,0.8274061917762774,0.1891004417331541,False
GSM330512,0.0,0.12383829802274704,0.24956540763378143,0.415181040763855,0.9998090863227844,0.28560778,0.19803202,0.8199375973638722,-0.13763147095864128,False
GSM330513,0.0,0.12383829802274704,0.24956540763378143,0.415181040763855,0.9998090863227844,0.2856077,0.19803208,0.73364267415803,-3.912813755299115,False
GSM330514,0.0,0.12383829802274704,0.24956540763378143,0.415181040763855,0.9998090863227844,0.28560707,0.19803219,0.8271180952380288,0.1764969546800224,False
GSM330515,0.0,0.12383829802274704,0.24956540763378143,0.415181040763855,0.9998090863227844,0.28560793,0.19803192,0.7975571171388645,-1.116720266935012,False
GSM330516,0.0,0.12383829802274704,0.24956540763378143,0.415181040763855,0.9998090863227844,0.28560674,0.198032,0.8345560046862207,0.5018864786310869,False
GSM330517,0.0,0.12383829802274704,0.24956540763378143,0.415181040763855,0.9998090863227844,0.2856078,0.19803207,0.7996967584687165,-1.0231164285720953,False
GSM330518,0.0,0.12383829802274704,0.24956540763378143,0.415181040763855,0.9998090863227844,0.2856084,0.19803268,0.8124201127628988,-0.46650220441652285,False
GSM330519,0.0,0.12383829802274704,0.24956540763378143,0.415181040763855,0.9998090863227844,0.28560752,0.1980323,0.8279362856459797,0.2122906933909943,False
GSM330520,0.0,0.12383829802274704,0.24956540763378143,0.415181040763855,0.9998090863227844,0.28560808,0.19803183,0.7569054672206452,-2.8951260282380398,False
GSM330521,0.0,0.12383829802274704,0.24956540763378143,0.415181040763855,0.9998090863227844,0.28560832,0.1980323,0.7579680383785814,-2.8486412564546146,False
GSM330522,0.0,0.12383829802274704,0.24956540763378143,0.415181040763855,0.9998090863227844,0.28560752,0.19803256,0.8164382437129715,-0.2907192473740693,False
GSM330523,0.0,0.12383829802274704,0.24956540763378143,0.415181040763855,0.9998090863227844,0.2856068,0.19803256,0.816097500075213,-0.3056259104427548,False
GSM330524,0.0,0.12383829802274704,0.24956540763378143,0.415181040763855,0.9998090863227844,0.2856087,0.19803235,0.826252103049692,0.1386120102785063,False
GSM330525,0.0,0.12383829802274704,0.24956540763378143,0.415181040763855,0.9998090863227844,0.28560746,0.19803236,0.8376227860107518,0.6360503216036265,False
GSM330526,0.0,0.12383829802274704,0.24956540763378143,0.415181040763855,0.9998090863227844,0.28560734,0.1980323,0.8435927876801121,0.8972226328170214,False
GSM330527,0.0,0.12383829802274704,0.24956540763378143,0.415181040763855,0.9998090863227844,0.28560823,0.19803242,0.811292674043174,-0.515824766199586,False
GSM330528,0.0,0.12383829802274704,0.24956540763378143,0.415181040763855,0.9998090863227844,0.2856091,0.19803196,0.8274018714403033,0.1889114380788736,False
GSM330529,0.0,0.12383829802274704,0.24956540763378143,0.415181040763855,0.9998090863227844,0.2856089,0.19803199,0.788604162770001,-1.5083891330769978,False
GSM330530,0.0,0.12383829802274704,0.24956540763378143,0.415181040763855,0.9998090863227844,0.28560835,0.19803242,0.8440943822913498,0.9191661147730594,False
GSM330531,0.0,0.12383829802274704,0.24956540763378143,0.415181040763855,0.9998090863227844,0.28560868,0.19803287,0.8557852358210212,1.4306110699850558,False
GSM330532,0.0,0.12383829802274704,0.24956540763378143,0.415181040763855,0.9998090863227844,0.28560743,0.19803281,0.8334886254045966,0.4551913637278878,False
GSM330533,0.0,0.12383829802274704,0.24956540763378143,0.415181040763855,0.9998090863227844,0.2856078,0.1980317,0.8292303532960884,0.26890284490511646,False
GSM330534,0.0,0.12383829802274704,0.24956540763378143,0.415181040763855,0.9998090863227844,0.2856083,0.19803222,0.8195915682078982,-0.15276936193725696,False
GSM330535,0.0,0.12383829802274704,0.24956540763378143,0.415181040763855,0.9998090863227844,0.28560746,0.1980327,0.8329574787751016,0.43195505652041244,False
GSM330536,0.0,0.12383829802274704,0.24956540763378143,0.415181040763855,0.9998090863227844,0.28560856,0.19803163,0.8283487968182597,0.23033700262716328,False
GSM330537,0.0,0.12383829802274704,0.24956540763378143,0.415181040763855,0.9998090863227844,0.28560805,0.19803226,0.8249920882948963,0.08348958588089013,False
GSM330538,0.0,0.12383829802274704,0.24956540763378143,0.415181040763855,0.9998090863227844,0.28560942,0.19803153,0.823445929257128,0.01584908060768115,False
GSM330539,0.0,0.12383829802274704,0.24956540763378143,0.415181040763855,0.9998090863227844,0.28561032,0.19803263,0.8250776216586387,0.08723145188556933,False
GSM330540,0.0,0.12383829802274704,0.24956540763378143,0.415181040763855,0.9998090863227844,0.28560832,0.19803219,0.8381483942461626,0.6590443382283729,False
GSM330541,0.0,0.12383829802274704,0.24956540763378143,0.415181040763855,0.9998090863227844,0.28560662,0.19803236,0.7670236237915807,-2.4524825444995564,False
GSM330542,0.0,0.12383829802274704,0.24956540763378143,0.415181040763855,0.9998090863227844,0.28560644,0.19803287,0.8360780889120413,0.5684737724268691,False
GSM330543,0.0,0.12383829802274704,0.24956540763378143,0.415181040763855,0.9998090863227844,0.28560692,0.19803229,0.7871436772639812,-1.5722816403535893,False
GSM330544,0.0,0.12383829802274704,0.24956540763378143,0.415181040763855,0.9998090863227844,0.28560856,0.19803235,0.8466507191296058,1.030999316380654,False
GSM330545,0.0,0.12383829802274704,0.24956540763378143,0.415181040763855,0.9998090863227844,0.2856071,0.19803223,0.812516193315576,-0.4622989258589729,False
GSM330546,0.0,0.12383829802274704,0.24956540763378143,0.415181040763855,0.9998090863227844,0.28560743,0.19803222,0.8269198028679285,0.1678221704063659,False
GSM330547,0.0,0.12383829802274704,0.24956540763378143,0.415181040763855,0.9998090863227844,0.28560764,0.19803217,0.8168142126404909,-0.2742715679289146,False
GSM330548,0.0,0.12383829802274704,0.24956540763378143,0.415181040763855,0.9998090863227844,0.2856068,0.19803235,0.8007296791494702,-0.9779287893663792,False
GSM330549,0.0,0.12383829802274704,0.24956540763378143,0.415181040763855,0.9998090863227844,0.2856077,0.1980324,0.8499922414067516,1.177182373677306,False
GSM330550,0.0,0.12383829802274704,0.24956540763378143,0.415181040763855,0.9998090863227844,0.28560838,0.19803207,0.8480722105526319,1.0931859322114563,False
GSM330551,0.0,0.12383829802274704,0.24956540763378143,0.415181040763855,0.9998090863227844,0.28560948,0.19803247,0.8510187680659462,1.2220902907856044,False
GSM330552,0.0,0.12383829802274704,0.24956540763378143,0.415181040763855,0.9998090863227844,0.28560752,0.19803214,0.823816459415171,0.03205882779201054,False
GSM330553,0.0,0.12383829802274704,0.24956540763378143,0.415181040763855,0.9998090863227844,0.28560755,0.19803168,0.7976701790099638,-1.1117740991078429,False
GSM330554,0.0,0.12383829802274704,0.24956540763378143,0.415181040763855,0.9998090863227844,0.28560835,0.1980327,0.8188211985095908,-0.18647106685106524,False
GSM330555,0.0,0.12383829802274704,0.24956540763378143,0.415181040763855,0.9998090863227844,0.28560802,0.1980323,0.8441435753596784,0.9213181857543798,False
GSM330556,0.0,0.12383829802274704,0.24956540763378143,0.415181040763855,0.9998090863227844,0.28560773,0.19803274,0.8334403244147698,0.4530783189004974,False
GSM330557,0.0,0.12383829802274704,0.24956540763378143,0.415181040763855,0.9998090863227844,0.2856084,0.19803265,0.8071369627937269,-0.697626509626883,False
GSM330558,0.0,0.12383829802274704,0.24956540763378143,0.415181040763855,0.9998090863227844,0.28560963,0.19803229,0.8160223453960768,-0.30891373552817203,False
GSM330559,0.0,0.12383829802274704,0.24956540763378143,0.415181040763855,0.9998090863227844,0.28560707,0.19803292,0.8449973220695979,0.9586674217796998,False
GSM330560,0.0,0.12383829802274704,0.24956540763378143,0.415181040763855,0.9998090863227844,0.2856077,0.1980323,0.8490146633719877,1.1344158337547006,False
GSM330561,0.0,0.12383829802274704,0.24956540763378143,0.415181040763855,0.9998090863227844,0.28560853,0.19803183,0.8175257741654837,-0.2431425702593387,False
GSM330562,0.0,0.12383829802274704,0.24956540763378143,0.415181040763855,0.9998090863227844,0.2856077,0.1980324,0.8527160643700419,1.29634266509057,False
GSM330563,0.0,0.12383829802274704,0.24956540763378143,0.415181040763855,0.9998090863227844,0.28560647,0.19803253,0.8583387644427609,1.5423214192990418,False
GSM330564,0.0,0.12383829802274704,0.24956540763378143,0.415181040763855,0.9998090863227844,0.28560695,0.19803256,0.8060044769273892,-0.7471698711716415,False
GSM330565,0.0,0.12383829802274704,0.24956540763378143,0.415181040763855,0.9998090863227844,0.28560907,0.19803268,0.8499816940717778,1.1767209547356041,False
GSM330566,0.0,0.12383829802274704,0.24956540763378143,0.415181040763855,0.9998090863227844,0.28560844,0.19803213,0.7964643845104197,-1.1645245259478558,False
GSM330567,0.0,0.12383829802274704,0.24956540763378143,0.415181040763855,0.9998090863227844,0.2856087,0.1980319,0.820550311944545,-0.11082677440893203,False
GSM330568,0.0,0.12383829802274704,0.24956540763378143,0.415181040763855,0.9998090863227844,0.2856088,0.19803257,0.8391369996396448,0.7022932969043668,False
GSM330569,0.0,0.12383829802274704,0.24956540763378143,0.415181040763855,0.9998090863227844,0.28560823,0.19803225,0.8184073221665594,-0.20457709881765762,False
GSM330570,0.0,0.12383829802274704,0.24956540763378143,0.415181040763855,0.9998090863227844,0.28560925,0.1980324,0.8467309673065467,1.0345099689739183,False
GSM330571,0.0,0.12383829802274704,0.24956540763378143,0.415181040763855,0.9998090863227844,0.28560847,0.19803219,0.8363845170314844,0.581879219294075,False
GSM330572,0.0,0.12383829802274704,0.24956540763378143,0.415181040763855,0.9998090863227844,0.28560784,0.19803268,0.8236953487938224,0.026760547717411542,False
GSM330573,0.0,0.12383829802274704,0.24956540763378143,0.415181040763855,0.9998090863227844,0.28560752,0.19803211,0.8431041866961395,0.875847588836683,False
GSM330574,0.0,0.12383829802274704,0.24956540763378143,0.415181040763855,0.9998090863227844,0.285608,0.19803226,0.8135555224551803,-0.41683093296124984,False
GSM330575,0.0,0.12383829802274704,0.24956540763378143,0.415181040763855,0.9998090863227844,0.28560773,0.19803275,0.8447086421949266,0.9460384152493259,False
GSM330576,0.0,0.12383829802274704,0.24956540763378143,0.415181040763855,0.9998090863227844,0.28560576,0.19803245,0.823327683997873,0.010676152799613073,False
GSM330577,0.0,0.12383829802274704,0.24956540763378143,0.415181040763855,0.9998090863227844,0.2856076,0.19803226,0.8270638005792803,0.17412170215963066,False
GSM330578,0.0,0.12383829802274704,0.24956540763378143,0.415181040763855,0.9998090863227844,0.28560725,0.1980329,0.8460702672285609,1.0056060295877658,False
GSM330579,0.0,0.12383829802274704,0.24956540763378143,0.415181040763855,0.9998090863227844,0.2856077,0.19803183,0.8243492103658279,0.05536531994900399,False
GSM330580,0.0,0.12383829802274704,0.24956540763378143,0.415181040763855,0.9998090863227844,0.28560942,0.19803223,0.766491552896499,-2.475759285963647,False
GSM330581,0.0,0.12383829802274704,0.24956540763378143,0.415181040763855,0.9998090863227844,0.28560835,0.19803211,0.7278315299331268,-4.167036459423574,False
GSM330582,0.0,0.12383829802274704,0.24956540763378143,0.415181040763855,0.9998090863227844,0.2856071,0.1980322,0.823508219956546,0.018574139466138385,False
GSM330583,0.0,0.12383829802274704,0.24956540763378143,0.415181040763855,0.9998090863227844,0.28560752,0.19803235,0.8396679440346412,0.7255207568695247,False
GSM330584,0.0,0.12383829802274704,0.24956540763378143,0.415181040763855,0.9998090863227844,0.28560776,0.198032,0.837584328411881,0.6343678999667369,False
GSM330585,0.0,0.12383829802274704,0.24956540763378143,0.415181040763855,0.9998090863227844,0.28560683,0.19803223,0.840112714569063,0.7449783307309756,False
GSM330586,0.0,0.12383829802274704,0.24956540763378143,0.415181040763855,0.9998090863227844,0.2856089,0.19803263,0.8023615639034841,-0.9065380031582118,False
GSM330587,0.0,0.12383829802274704,0.24956540763378143,0.415181040763855,0.9998090863227844,0.28560758,0.19803222,0.8430062749774746,0.871564201448396,False
GSM330588,0.0,0.12383829802274704,0.24956540763378143,0.415181040763855,0.9998090863227844,0.28560868,0.19803281,0.849132506995178,1.1395711910116861,False
GSM330589,0.0,0.12383829802274704,0.24956540763378143,0.415181040763855,0.9998090863227844,0.28560796,0.19803219,0.8248176188587772,0.07585699406752734,False
GSM330590,0.0,0.12383829802274704,0.24956540763378143,0.415181040763855,0.9998090863227844,0.28560844,0.19803211,0.8190931550228288,-0.17457366463149315,False
GSM330591,0.0,0.12383829802274704,0.24956540763378143,0.415181040763855,0.9998090863227844,0.28560713,0.1980322,0.8389511873023076,0.694164482159908,False
GSM330592,0.0,0.12383829802274704,0.24956540763378143,0.415181040763855,0.9998090863227844,0.28560692,0.19803247,0.8398940035247751,0.7354102816602796,False
GSM330593,0.0,0.12383829802274704,0.24956540763378143,0.415181040763855,0.9998090863227844,0.28560725,0.19803186,0.8073375156019824,-0.6888528369625614,False
GSM330594,0.0,0.12383829802274704,0.24956540763378143,0.415181040763855,0.9998090863227844,0.28560874,0.19803251,0.847330091123749,1.0607201043654682,False
GSM330595,0.0,0.12383829802274704,0.24956540763378143,0.415181040763855,0.9998090863227844,0.28560877,0.19803269,0.8013372688322623,-0.9513482939975698,False
GSM330596,0.0,0.12383829802274704,0.24956540763378143,0.415181040763855,0.9998090863227844,0.28560838,0.19803247,0.8218905737484391,-0.052193746758276795,False
GSM330597,0.0,0.12383829802274704,0.24956540763378143,0.415181040763855,0.9998090863227844,0.28560796,0.19803248,0.8328343008424827,0.42656633686264595,False
GSM330598,0.0,0.12383829802274704,0.24956540763378143,0.415181040763855,0.9998090863227844,0.28560856,0.19803211,0.8323097386697004,0.4036180828037236,False
GSM330599,0.0,0.12383829802274704,0.24956540763378143,0.415181040763855,0.9998090863227844,0.28560823,0.19803219,0.8402257262736021,0.7499223038993812,False
GSM330600,0.0,0.12383829802274704,0.24956540763378143,0.415181040763855,0.9998090863227844,0.28560922,0.19803241,0.825210345800154,0.0930377937784447,False
GSM330601,0.0,0.12383829802274704,0.24956540763378143,0.415181040763855,0.9998090863227844,0.28560826,0.19803229,0.8450899218644554,0.9627184260809132,False
GSM330602,0.0,0.12383829802274704,0.24956540763378143,0.415181040763855,0.9998090863227844,0.28560787,0.19803257,0.8361692923273814,0.5724636886939236,False
GSM330603,0.0,0.12383829802274704,0.24956540763378143,0.415181040763855,0.9998090863227844,0.28560868,0.19803225,0.8414343414791825,0.8027961294175732,False
GSM330604,0.0,0.12383829802274704,0.24956540763378143,0.415181040763855,0.9998090863227844,0.28560787,0.19803283,0.8326580037174255,0.41885378833057935,False
GSM330605,0.0,0.12383829802274704,0.24956540763378143,0.415181040763855,0.9998090863227844,0.28560776,0.19803177,0.8435096601601144,0.8935860163258287,False
GSM330606,0.0,0.12383829802274704,0.24956540763378143,0.415181040763855,0.9998090863227844,0.2856093,0.19803251,0.843617551329021,0.8983059791505427,False
GSM330607,0.0,0.12383829802274704,0.24956540763378143,0.415181040763855,0.9998090863227844,0.28560868,0.19803198,0.8106296938563796,-0.5448284545172004,False
GSM330608,0.0,0.12383829802274704,0.24956540763378143,0.415181040763855,0.9998090863227844,0.28560722,0.19803189,0.8409218360323002,0.7803753262947414,False
GSM330609,0.0,0.12383829802274704,0.24956540763378143,0.415181040763855,0.9998090863227844,0.28560793,0.19803263,0.8458342040372192,0.9952788684428118,False
GSM330610,0.0,0.12383829802274704,0.24956540763378143,0.415181040763855,0.9998090863227844,0.28560725,0.19803219,0.8432515245092799,0.8822932415045017,False
GSM330611,0.0,0.12383829802274704,0.24956540763378143,0.415181040763855,0.9998090863227844,0.28560805,0.19803235,0.794174146208311,-1.2647165968581586,False
GSM330612,0.0,0.12383829802274704,0.24956540763378143,0.415181040763855,0.9998090863227844,0.28560778,0.19803211,0.8205493199628512,-0.11087017107211514,False
GSM330613,0.0,0.12383829802274704,0.24956540763378143,0.415181040763855,0.9998090863227844,0.2856078,0.19803236,0.8183383858617527,-0.2075928859229266,False
GSM330614,0.0,0.12383829802274704,0.24956540763378143,0.415181040763855,0.9998090863227844,0.28560844,0.19803199,0.8333062869774306,0.4472145236726563,False
GSM330615,0.0,0.12383829802274704,0.24956540763378143,0.415181040763855,0.9998090863227844,0.28560933,0.19803207,0.8487787457584584,1.1240950412668795,False
GSM330616,0.0,0.12383829802274704,0.24956540763378143,0.415181040763855,0.9998090863227844,0.28560773,0.19803213,0.8341419205100206,0.4837713544946686,False
GSM330617,0.0,0.12383829802274704,0.24956540763378143,0.415181040763855,0.9998090863227844,0.28560817,0.1980327,0.8392730566562682,0.7082454435629997,False
GSM330618,0.0,0.12383829802274704,0.24956540763378143,0.415181040763855,0.9998090863227844,0.2856071,0.19803207,0.8288177138549466,0.2508509242341546,False
GSM330619,0.0,0.12383829802274704,0.24956540763378143,0.415181040763855,0.9998090863227844,0.2856082,0.19803245,0.8246878164738977,0.07017847155822893,False
GSM330620,0.0,0.12383829802274704,0.24956540763378143,0.415181040763855,0.9998090863227844,0.28560865,0.19803219,0.8452389196900508,0.9692367000499542,False
GSM330621,0.0,0.12383829802274704,0.24956540763378143,0.415181040763855,0.9998090863227844,0.28560826,0.19803227,0.8367559387964342,0.5981279720012546,False
GSM330622,0.0,0.12383829802274704,0.24956540763378143,0.415181040763855,0.9998090863227844,0.2856071,0.19803247,0.8366781363152336,0.5947243123444101,False
GSM330623,0.0,0.12383829802274704,0.24956540763378143,0.415181040763855,0.9998090863227844,0.2856087,0.19803262,0.842168327956266,0.834906161413561,False
GSM330624,0.0,0.12383829802274704,0.24956540763378143,0.415181040763855,0.9998090863227844,0.2856083,0.19803268,0.842401629506447,0.8451125078176468,False
GSM330625,0.0,0.12383829802274704,0.24956540763378143,0.415181040763855,0.9998090863227844,0.28560814,0.19803214,0.823997681256087,0.03998682005326528,False
GSM330626,0.0,0.12383829802274704,0.24956540763378143,0.415181040763855,0.9998090863227844,0.28560773,0.19803219,0.8439580932783735,0.9132038188670617,False
GSM330627,0.0,0.12383829802274704,0.24956540763378143,0.415181040763855,0.9998090863227844,0.2856068,0.19803222,0.847026385170394,1.0474337453056215,False
GSM330628,0.0,0.12383829802274704,0.24956540763378143,0.415181040763855,0.9998090863227844,0.28560826,0.1980327,0.8336465845915908,0.46210167434914,False
GSM330629,0.0,0.12383829802274704,0.24956540763378143,0.415181040763855,0.9998090863227844,0.28560853,0.19803242,0.8160759486795494,-0.3065687289086574,False
GSM330630,0.0,0.12383829802274704,0.24956540763378143,0.415181040763855,0.9998090863227844,0.28560695,0.19803229,0.8454219523546633,0.9772439112187101,False
GSM330631,0.0,0.12383829802274704,0.24956540763378143,0.415181040763855,0.9998090863227844,0.28560802,0.19803225,0.7821143998075075,-1.792299672137721,False
GSM330632,0.0,0.12383829802274704,0.24956540763378143,0.415181040763855,0.9998090863227844,0.28560832,0.19803214,0.8305681402881939,0.32742760586667397,False
GSM330633,0.0,0.12383829802274704,0.24956540763378143,0.415181040763855,0.9998090863227844,0.28560907,0.19803268,0.8427363477626127,0.8597555758450436,False
GSM330634,0.0,0.12383829802274704,0.24956540763378143,0.415181040763855,0.9998090863227844,0.2856088,0.19803253,0.8310916853975322,0.35033136599996,False
GSM330635,0.0,0.12383829802274704,0.24956540763378143,0.415181040763855,0.9998090863227844,0.2856091,0.19803205,0.852319262405907,1.2789835935514473,False
GSM330636,0.0,0.12383829802274704,0.24956540763378143,0.415181040763855,0.9998090863227844,0.28560713,0.19803214,0.8341809287786933,0.4854778665276525,False
GSM330637,0.0,0.12383829802274704,0.24956540763378143,0.415181040763855,0.9998090863227844,0.285608,0.1980324,0.8261816373494942,0.13552931603465543,False
GSM330638,0.0,0.12383829802274704,0.24956540763378143,0.415181040763855,0.9998090863227844,0.2856074,0.19803247,0.8165444744076239,-0.28607192605311016,False
GSM330639,0.0,0.12383829802274704,0.24956540763378143,0.415181040763855,0.9998090863227844,0.28560778,0.19803251,0.8358105261291616,0.5567685846782612,False
GSM330640,0.0,0.12383829802274704,0.24956540763378143,0.415181040763855,0.9998090863227844,0.28560778,0.19803275,0.8536183242257298,1.3358142272233706,False
GSM330641,0.0,0.12383829802274704,0.24956540763378143,0.415181040763855,0.9998090863227844,0.2856079,0.19803242,0.8156181194151717,-0.32659758882210044,False
GSM330642,0.0,0.12383829802274704,0.24956540763378143,0.415181040763855,0.9998090863227844,0.28560746,0.1980324,0.8238860725092466,0.035104222697635266,False
GSM330643,0.0,0.12383829802274704,0.24956540763378143,0.415181040763855,0.9998090863227844,0.28560817,0.19803225,0.8324513955459275,0.4098152090044395,False
GSM330644,0.0,0.12383829802274704,0.24956540763378143,0.415181040763855,0.9998090863227844,0.28560933,0.19803263,0.8321248369306137,0.3955291044048578,False
GSM330645,0.0,0.12383829802274704,0.24956540763378143,0.415181040763855,0.9998090863227844,0.28560764,0.19803211,0.8452258600827788,0.9686653756176203,False
GSM330646,0.0,0.12383829802274704,0.24956540763378143,0.415181040763855,0.9998090863227844,0.2856072,0.1980322,0.8065730516831754,-0.722296179120868,False
GSM330647,0.0,0.12383829802274704,0.24956540763378143,0.415181040763855,0.9998090863227844,0.28560743,0.19803286,0.8137561215202865,-0.40805523667795784,False
GSM330648,0.0,0.12383829802274704,0.24956540763378143,0.415181040763855,0.9998090863227844,0.28560746,0.19803183,0.8321188446304643,0.3952669565921462,False
GSM330649,0.0,0.12383829802274704,0.24956540763378143,0.415181040763855,0.9998090863227844,0.2856072,0.19803242,0.8318511604501032,0.38355645801406973,False
GSM330650,0.0,0.12383829802274704,0.24956540763378143,0.415181040763855,0.9998090863227844,0.285607,0.19803184,0.8262291698444844,0.13760874117753638,False
GSM330651,0.0,0.12383829802274704,0.24956540763378143,0.415181040763855,0.9998090863227844,0.28560904,0.19803253,0.8426419358418354,0.8556252956673923,False
GSM330652,0.0,0.12383829802274704,0.24956540763378143,0.415181040763855,0.9998090863227844,0.2856085,0.19803256,0.8121350855220326,-0.478971417555584,False
GSM330653,0.0,0.12383829802274704,0.24956540763378143,0.415181040763855,0.9998090863227844,0.28560874,0.19803245,0.86226933172887,1.7142736898924364,False
GSM330654,0.0,0.12383829802274704,0.24956540763378143,0.415181040763855,0.9998090863227844,0.285608,0.19803251,0.8256249948107588,0.11117762797611531,False
GSM330655,0.0,0.12383829802274704,0.24956540763378143,0.415181040763855,0.9998090863227844,0.28560674,0.1980327,0.8314337984620945,0.365297937990486,False
GSM330656,0.0,0.12383829802274704,0.24956540763378143,0.415181040763855,0.9998090863227844,0.28560734,0.19803198,0.8513022802511401,1.2344932241121156,False
GSM330657,0.0,0.12383829802274704,0.24956540763378143,0.415181040763855,0.9998090863227844,0.28560868,0.19803229,0.8492279978888743,1.143748673496238,False
GSM330658,0.0,0.12383829802274704,0.24956540763378143,0.415181040763855,0.9998090863227844,0.28560767,0.19803193,0.8295549193425359,0.2831017797106348,False
GSM330659,0.0,0.12383829802274704,0.24956540763378143,0.415181040763855,0.9998090863227844,0.28560898,0.1980316,0.8300404043292627,0.3043405067772624,False
GSM330660,0.0,0.12383829802274704,0.24956540763378143,0.415181040763855,0.9998090863227844,0.28560826,0.19803254,0.825833167426709,0.12028464774766488,False
GSM330661,0.0,0.12383829802274704,0.24956540763378143,0.415181040763855,0.9998090863227844,0.28560826,0.19803156,0.8358144558830793,0.5569405013660668,False
GSM330662,0.0,0.12383829802274704,0.24956540763378143,0.415181040763855,0.9998090863227844,0.28560734,0.19803233,0.8360128339686601,0.5656190354728702,False
GSM330663,0.0,0.12383829802274704,0.24956540763378143,0.415181040763855,0.9998090863227844,0.285608,0.19803247,0.8204568020542867,-0.11491759305734191,False
GSM330664,0.0,0.12383829802274704,0.24956540763378143,0.415181040763855,0.9998090863227844,0.28560972,0.19803281,0.8368598246675153,0.6026727132853187,False
GSM330665,0.0,0.12383829802274704,0.24956540763378143,0.415181040763855,0.9998090863227844,0.2856073,0.19803236,0.844880380739379,0.9535515375335721,False
GSM330666,0.0,0.12383829802274704,0.24956540763378143,0.415181040763855,0.9998090863227844,0.2856088,0.19803225,0.7967098323546352,-1.1537868102307702,False
GSM330667,0.0,0.12383829802274704,0.24956540763378143,0.415181040763855,0.9998090863227844,0.28560746,0.19803168,0.8093941679858379,-0.5988795528325395,False
GSM330668,0.0,0.12383829802274704,0.24956540763378143,0.415181040763855,0.9998090863227844,0.28560835,0.19803256,0.8422938032606497,0.8403953852129955,False
GSM330669,0.0,0.12383829802274704,0.24956540763378143,0.415181040763855,0.9998090863227844,0.28560817,0.19803257,0.7951319782799109,-1.2228138923450336,False
GSM330670,0.0,0.12383829802274704,0.24956540763378143,0.415181040763855,0.9998090863227844,0.28560764,0.19803259,0.8289804079296527,0.25796837408844475,False
GSM330671,0.0,0.12383829802274704,0.24956540763378143,0.415181040763855,0.9998090863227844,0.28560805,0.198032,0.8201901472005828,-0.12658306122555832,False
GSM330672,0.0,0.12383829802274704,0.24956540763378143,0.415181040763855,0.9998090863227844,0.28560802,0.1980325,0.8511756579133444,1.2289538205332067,False
GSM330673,0.0,0.12383829802274704,0.24956540763378143,0.415181040763855,0.9998090863227844,0.28560597,0.19803247,0.8399131278770072,0.7362469231805941,False
GSM330674,0.0,0.12383829802274704,0.24956540763378143,0.415181040763855,0.9998090863227844,0.2856058,0.1980328,0.8277000668467679,0.20195672479952503,False
GSM330675,0.0,0.12383829802274704,0.24956540763378143,0.415181040763855,0.9998090863227844,0.28560916,0.19803211,0.8306015071770583,0.3288873219547662,False
GSM330676,0.0,0.12383829802274704,0.24956540763378143,0.415181040763855,0.9998090863227844,0.28560853,0.19803214,0.8270813340524484,0.17488874678784583,False
GSM330677,0.0,0.12383829802274704,0.24956540763378143,0.415181040763855,0.9998090863227844,0.2856082,0.19803242,0.8275693642780768,0.19623882154972017,False
GSM330678,0.0,0.12383829802274704,0.24956540763378143,0.415181040763855,0.9998090863227844,0.28560832,0.19803213,0.8394409684114583,0.7155911535998963,False
GSM330679,0.0,0.12383829802274704,0.24956540763378143,0.415181040763855,0.9998090863227844,0.28560817,0.19803277,0.8299481308155013,0.3003037764398942,False
GSM330680,0.0,0.12383829802274704,0.24956540763378143,0.415181040763855,0.9998090863227844,0.28560966,0.19803265,0.8295890879255823,0.2845965678697257,False
GSM330681,0.0,0.12383829802274704,0.24956540763378143,0.415181040763855,0.9998090863227844,0.2856072,0.19803242,0.8366203079880089,0.5921944708617207,False
GSM330682,0.0,0.12383829802274704,0.24956540763378143,0.415181040763855,0.9998090863227844,0.28560826,0.19803263,0.8310918943596408,0.3503405075580175,False
GSM330683,0.0,0.12383829802274704,0.24956540763378143,0.415181040763855,0.9998090863227844,0.28560773,0.19803245,0.8403626356217293,0.7559117378823904,False
GSM330684,0.0,0.12383829802274704,0.24956540763378143,0.415181040763855,0.9998090863227844,0.2856086,0.19803217,0.7911581926716628,-1.396656854047905,False
GSM330685,0.0,0.12383829802274704,0.24956540763378143,0.415181040763855,0.9998090863227844,0.28560764,0.19803251,0.832112554229725,0.3949917676406972,False
GSM330686,0.0,0.12383829802274704,0.24956540763378143,0.415181040763855,0.9998090863227844,0.28560886,0.19803262,0.857494574856724,1.5053902830115757,False
GSM330687,0.0,0.12383829802274704,0.24956540763378143,0.415181040763855,0.9998090863227844,0.2856097,0.1980323,0.8460223232377154,1.003508602553167,False
GSM330688,0.0,0.12383829802274704,0.24956540763378143,0.415181040763855,0.9998090863227844,0.28560808,0.19803245,0.8492839050165061,1.1461944674081297,False
GSM330689,0.0,0.12383829802274704,0.24956540763378143,0.415181040763855,0.9998090863227844,0.28560922,0.19803235,0.7848208416271546,-1.6738997613253763,False
GSM330690,0.0,0.12383829802274704,0.24956540763378143,0.415181040763855,0.9998090863227844,0.28560826,0.19803247,0.8499609242662945,1.1758123288420208,False
GSM330691,0.0,0.12383829802274704,0.24956540763378143,0.415181040763855,0.9998090863227844,0.2856077,0.19803281,0.8426498598103751,0.8559719490340246,False
GSM330692,0.0,0.12383829802274704,0.24956540763378143,0.415181040763855,0.9998090863227844,0.28560796,0.19803242,0.8023525557754231,-0.9069320857323394,False
GSM330693,0.0,0.12383829802274704,0.24956540763378143,0.415181040763855,0.9998090863227844,0.28560752,0.1980322,0.8294058788798522,0.2765816404779787,False
GSM330694,0.0,0.12383829802274704,0.24956540763378143,0.415181040763855,0.9998090863227844,0.28560737,0.19803217,0.825660811020267,0.11274449558088849,False
GSM330695,0.0,0.12383829802274704,0.24956540763378143,0.415181040763855,0.9998090863227844,0.2856085,0.19803269,0.8256593863010401,0.11268216775688861,False
GSM330696,0.0,0.12383829802274704,0.24956540763378143,0.415181040763855,0.9998090863227844,0.28560862,0.19803217,0.8380590238860832,0.6551346134429177,False
GSM330697,0.0,0.12383829802274704,0.24956540763378143,0.415181040763855,0.9998090863227844,0.28560793,0.19803235,0.849713750243099,1.1649990972073965,False
GSM330698,0.0,0.12383829802274704,0.24956540763378143,0.415181040763855,0.9998090863227844,0.28560853,0.19803275,0.8268580314970106,0.1651198308421669,False
GSM330699,0.0,0.12383829802274704,0.24956540763378143,0.415181040763855,0.9998090863227844,0.28560737,0.19803269,0.7602017817970586,-2.7509206922786427,False
GSM330700,0.0,0.12383829802274704,0.24956540763378143,0.415181040763855,0.9998090863227844,0.28560805,0.19803257,0.7867535548289133,-1.589348499571702,False
GSM330701,0.0,0.12383829802274704,0.24956540763378143,0.415181040763855,0.9998090863227844,0.28560752,0.19803186,0.8105400046833567,-0.548752126553914,False
GSM330702,0.0,0.12383829802274704,0.24956540763378143,0.415181040763855,0.9998090863227844,0.28560764,0.19803274,0.8115177482285681,-0.5059783459723415,False
GSM330703,0.0,0.12383829802274704,0.24956540763378143,0.415181040763855,0.9998090863227844,0.28560576,0.19803233,0.8246147193187986,0.06698065788954485,False
GSM330704,0.0,0.12383829802274704,0.24956540763378143,0.415181040763855,0.9998090863227844,0.2856081,0.19803223,0.7978489370924715,-1.1039538899785537,False
GSM330705,0.0,0.12383829802274704,0.24956540763378143,0.415181040763855,0.9998090863227844,0.2856078,0.19803192,0.8147705986342194,-0.3636744563711858,False
GSM330706,0.0,0.12383829802274704,0.24956540763378143,0.415181040763855,0.9998090863227844,0.28560594,0.19803235,0.8251519266924238,0.09048210715892108,False
GSM330707,0.0,0.12383829802274704,0.24956540763378143,0.415181040763855,0.9998090863227844,0.28560668,0.1980327,0.817943769729519,-0.22485633290427465,False
GSM330708,0.0,0.12383829802274704,0.24956540763378143,0.415181040763855,0.9998090863227844,0.2856078,0.19803229,0.844346013760376,0.9301743482676793,False
GSM330709,0.0,0.12383829802274704,0.24956540763378143,0.415181040763855,0.9998090863227844,0.28560954,0.19803223,0.8376861370931437,0.6388217695064082,False
GSM330710,0.0,0.12383829802274704,0.24956540763378143,0.415181040763855,0.9998090863227844,0.28560826,0.19803178,0.8273952393708288,0.18862130199370808,False
GSM330711,0.0,0.12383829802274704,0.24956540763378143,0.415181040763855,0.9998090863227844,0.28560773,0.19803235,0.8493429585641168,1.1487779091505324,False
GSM330712,0.0,0.12383829802274704,0.24956540763378143,0.415181040763855,0.9998090863227844,0.28560826,0.19803196,0.8401444609574924,0.7463671540677157,False
GSM330713,0.0,0.12383829802274704,0.24956540763378143,0.415181040763855,0.9998090863227844,0.28560692,0.19803225,0.8369091562147709,0.604830842365685,False
GSM330714,0.0,0.12383829802274704,0.24956540763378143,0.415181040763855,0.9998090863227844,0.28560767,0.19803204,0.8193884620133465,-0.16165473872451794,False
GSM330715,0.0,0.12383829802274704,0.24956540763378143,0.415181040763855,0.9998090863227844,0.28560805,0.19803184,0.8321517585247317,0.39670685532466576,False
GSM330716,0.0,0.12383829802274704,0.24956540763378143,0.415181040763855,0.9998090863227844,0.28560683,0.19803251,0.7922938672194575,-1.3469739958410065,False
GSM330717,0.0,0.12383829802274704,0.24956540763378143,0.415181040763855,0.9998090863227844,0.28560826,0.19803225,0.8421414166082275,0.8337288587335396,False
GSM330718,0.0,0.12383829802274704,0.24956540763378143,0.415181040763855,0.9998090863227844,0.2856077,0.19803292,0.8175405147251535,-0.24249770845681698,False
GSM330719,0.0,0.12383829802274704,0.24956540763378143,0.415181040763855,0.9998090863227844,0.2856079,0.19803245,0.8524924812378485,1.286561474629105,False
GSM330720,0.0,0.12383829802274704,0.24956540763378143,0.415181040763855,0.9998090863227844,0.28560814,0.198032,0.821374216806545,-0.07478304294184314,False
GSM330721,0.0,0.12383829802274704,0.24956540763378143,0.415181040763855,0.9998090863227844,0.28560758,0.19803253,0.8340416617140244,0.47938528847324996,False
GSM330722,0.0,0.12383829802274704,0.24956540763378143,0.415181040763855,0.9998090863227844,0.28560713,0.19803207,0.8534640436599014,1.3290648468740276,False
GSM330723,0.0,0.12383829802274704,0.24956540763378143,0.415181040763855,0.9998090863227844,0.285608,0.19803184,0.7999970127693287,-1.00998107049588,False
GSM330724,0.0,0.12383829802274704,0.24956540763378143,0.415181040763855,0.9998090863227844,0.2856067,0.19803242,0.8524230442386296,1.2835237834232884,False
GSM330725,0.0,0.12383829802274704,0.24956540763378143,0.415181040763855,0.9998090863227844,0.28560826,0.19803235,0.838012134876947,0.6530833391611275,False
GSM330726,0.0,0.12383829802274704,0.24956540763378143,0.415181040763855,0.9998090863227844,0.28560883,0.19803207,0.8306980102643253,0.3331090853204479,False
GSM330727,0.0,0.12383829802274704,0.24956540763378143,0.415181040763855,0.9998090863227844,0.28560808,0.19803229,0.8484472372567435,1.1095923917912347,False
GSM330728,0.0,0.12383829802274704,0.24956540763378143,0.415181040763855,0.9998090863227844,0.28560808,0.19803245,0.8529342091319977,1.3058859407568897,False
GSM330729,0.0,0.12383829802274704,0.24956540763378143,0.415181040763855,0.9998090863227844,0.28560907,0.19803213,0.835442241780445,0.5406570859107337,False
GSM330730,0.0,0.12383829802274704,0.24956540763378143,0.415181040763855,0.9998090863227844,0.28560773,0.19803192,0.8291362923503814,0.26478791898955345,False
GSM330731,0.0,0.12383829802274704,0.24956540763378143,0.415181040763855,0.9998090863227844,0.28560737,0.1980322,0.8249052886379469,0.07969232278557668,False
GSM330732,0.0,0.12383829802274704,0.24956540763378143,0.415181040763855,0.9998090863227844,0.28560784,0.19803268,0.8341236950702263,0.48297403809551726,False
GSM330733,0.0,0.12383829802274704,0.24956540763378143,0.415181040763855,0.9998090863227844,0.2856069,0.19803207,0.8381503558924471,0.6591301552385324,False
GSM330734,0.0,0.12383829802274704,0.24956540763378143,0.415181040763855,0.9998090863227844,0.2856079,0.19803211,0.8308077406883992,0.3379095108568249,False
GSM330735,0.0,0.12383829802274704,0.24956540763378143,0.415181040763855,0.9998090863227844,0.28560847,0.19803265,0.8415488028473058,0.8078035216618399,False
GSM330736,0.0,0.12383829802274704,0.24956540763378143,0.415181040763855,0.9998090863227844,0.28560904,0.19803219,0.8419441762716143,0.8251000982355063,False
GSM330737,0.0,0.12383829802274704,0.24956540763378143,0.415181040763855,0.9998090863227844,0.2856074,0.1980322,0.8044301133637946,-0.8160442523471871,False
GSM330738,0.0,0.12383829802274704,0.24956540763378143,0.415181040763855,0.9998090863227844,0.28560624,0.19803213,0.7894296219306146,-1.4722774050190017,False
GSM330739,0.0,0.12383829802274704,0.24956540763378143,0.415181040763855,0.9998090863227844,0.28560778,0.1980325,0.8356100134207074,0.5479966662777327,False
GSM330740,0.0,0.12383829802274704,0.24956540763378143,0.415181040763855,0.9998090863227844,0.28560674,0.1980327,0.8298891610290932,0.29772399903597346,False
GSM330741,0.0,0.12383829802274704,0.24956540763378143,0.415181040763855,0.9998090863227844,0.28560844,0.19803277,0.8285043112752896,0.23714036256222712,False
GSM330742,0.0,0.12383829802274704,0.24956540763378143,0.415181040763855,0.9998090863227844,0.28560796,0.19803208,0.8467740908939028,1.0363965156788197,False
GSM330743,0.0,0.12383829802274704,0.24956540763378143,0.415181040763855,0.9998090863227844,0.28560844,0.19803192,0.847165884045739,1.0535364644844982,False
GSM330744,0.0,0.12383829802274704,0.24956540763378143,0.415181040763855,0.9998090863227844,0.28560844,0.19803229,0.8438029124586663,0.9064150547119525,False
GSM330745,0.0,0.12383829802274704,0.24956540763378143,0.415181040763855,0.9998090863227844,0.2856086,0.1980326,0.8482760862348093,1.1021049721152059,False
GSM330746,0.0,0.12383829802274704,0.24956540763378143,0.415181040763855,0.9998090863227844,0.28560826,0.1980323,0.8194987283919074,-0.1568308665494579,False
GSM330747,0.0,0.12383829802274704,0.24956540763378143,0.415181040763855,0.9998090863227844,0.2856068,0.19803225,0.8352106629203893,0.5305261027957144,False
GSM330748,0.0,0.12383829802274704,0.24956540763378143,0.415181040763855,0.9998090863227844,0.28560907,0.19803259,0.833580556523964,0.459213115185824,False
GSM330749,0.0,0.12383829802274704,0.24956540763378143,0.415181040763855,0.9998090863227844,0.28560907,0.19803257,0.8421092667577346,0.8323223849629378,False
GSM330750,0.0,0.12383829802274704,0.24956540763378143,0.415181040763855,0.9998090863227844,0.28560898,0.19803208,0.8303029401056445,0.3158257758427205,False
GSM330751,0.0,0.12383829802274704,0.24956540763378143,0.415181040763855,0.9998090863227844,0.28560832,0.19803281,0.8201180160534999,-0.12973861451305702,False
GSM330752,0.0,0.12383829802274704,0.24956540763378143,0.415181040763855,0.9998090863227844,0.28560844,0.1980322,0.8308937448095701,0.3416719712955474,False
GSM330753,0.0,0.12383829802274704,0.24956540763378143,0.415181040763855,0.9998090863227844,0.28560698,0.19803225,0.8314719025365216,0.3669648938367192,False
GSM330754,0.0,0.12383829802274704,0.24956540763378143,0.415181040763855,0.9998090863227844,0.2856072,0.19803329,0.8441929140790312,0.923476628595661,False
GSM330755,0.0,0.12383829802274704,0.24956540763378143,0.415181040763855,0.9998090863227844,0.28560844,0.19803257,0.840062627118569,0.742787132816337,False
GSM330756,0.0,0.12383829802274704,0.24956540763378143,0.415181040763855,0.9998090863227844,0.2856072,0.19803236,0.8128561992893526,-0.4474245337037178,False
GSM330757,0.0,0.12383829802274704,0.24956540763378143,0.415181040763855,0.9998090863227844,0.2856076,0.19803229,0.8488920883421875,1.129053489553984,False
GSM330758,0.0,0.12383829802274704,0.24956540763378143,0.415181040763855,0.9998090863227844,0.28560784,0.19803149,0.8225213410430152,-0.024599290125584452,False
GSM330759,0.0,0.12383829802274704,0.24956540763378143,0.415181040763855,0.9998090863227844,0.28560856,0.19803248,0.8501268576592953,1.183071490590652,False
GSM330760,0.0,0.12383829802274704,0.24956540763378143,0.415181040763855,0.9998090863227844,0.2856077,0.19803263,0.8334295090902992,0.4526051761034031,False
GSM330761,0.0,0.12383829802274704,0.24956540763378143,0.415181040763855,0.9998090863227844,0.28560773,0.198032,0.8317949268906595,0.3810963835449032,False
GSM330762,0.0,0.12383829802274704,0.24956540763378143,0.415181040763855,0.9998090863227844,0.28560743,0.19803259,0.8207386875505776,-0.1025858232118408,False
GSM330763,0.0,0.12383829802274704,0.24956540763378143,0.415181040763855,0.9998090863227844,0.2856095,0.19803287,0.8243873151936598,0.05703230875477529,False
GSM330764,0.0,0.12383829802274704,0.24956540763378143,0.415181040763855,0.9998090863227844,0.28560817,0.1980324,0.8025194066486273,-0.8996327865702689,False
GSM330765,0.0,0.12383829802274704,0.24956540763378143,0.415181040763855,0.9998090863227844,0.28560793,0.19803253,0.837484955917147,0.630020607359781,False
GSM330766,0.0,0.12383829802274704,0.24956540763378143,0.415181040763855,0.9998090863227844,0.28560862,0.19803302,0.7975332619320998,-1.1177638712470788,False
GSM330767,0.0,0.12383829802274704,0.24956540763378143,0.415181040763855,0.9998090863227844,0.28560644,0.19803233,0.8193815240600157,-0.16195825644642708,False
GSM330768,0.0,0.12383829802274704,0.24956540763378143,0.415181040763855,0.9998090863227844,0.28560865,0.19803257,0.8254787249885376,0.10477869718077779,False
GSM330769,0.0,0.12383829802274704,0.24956540763378143,0.415181040763855,0.9998090863227844,0.28560802,0.19803204,0.8289432678804654,0.2563435918819988,False
GSM330770,0.0,0.12383829802274704,0.24956540763378143,0.415181040763855,0.9998090863227844,0.2856086,0.1980324,0.8466256761085468,1.0299037482297586,False
GSM330771,0.0,0.12383829802274704,0.24956540763378143,0.415181040763855,0.9998090863227844,0.28560773,0.19803248,0.8512814169931116,1.2335805099085808,False
GSM330772,0.0,0.12383829802274704,0.24956540763378143,0.415181040763855,0.9998090863227844,0.2856089,0.19803241,0.8206155078948638,-0.10797461825059884,False
GSM330773,0.0,0.12383829802274704,0.24956540763378143,0.415181040763855,0.9998090863227844,0.28560746,0.19803213,0.846980380413775,1.0454211548109398,False
GSM330774,0.0,0.12383829802274704,0.24956540763378143,0.415181040763855,0.9998090863227844,0.28560787,0.1980321,0.8460128060188006,1.0030922485556346,False
GSM330775,0.0,0.12383829802274704,0.24956540763378143,0.415181040763855,0.9998090863227844,0.28560707,0.19803256,0.839821360825736,0.732232349282441,False
GSM330776,0.0,0.12383829802274704,0.24956540763378143,0.415181040763855,0.9998090863227844,0.28560883,0.19803214,0.8473407253079513,1.0611853227388977,False
GSM330777,0.0,0.12383829802274704,0.24956540763378143,0.415181040763855,0.9998090863227844,0.2856079,0.19803211,0.7819742345412722,-1.7984315442144723,False
GSM330778,0.0,0.12383829802274704,0.24956540763378143,0.415181040763855,0.9998090863227844,0.28560737,0.19803314,0.828275686561613,0.22713861579926367,False
GSM330779,0.0,0.12383829802274704,0.24956540763378143,0.415181040763855,0.9998090863227844,0.28560936,0.19803192,0.8353456752294979,0.5364325461712878,False
GSM330780,0.0,0.12383829802274704,0.24956540763378143,0.415181040763855,0.9998090863227844,0.28560758,0.1980327,0.8414623970666923,0.8040234896493135,False
GSM330781,0.0,0.12383829802274704,0.24956540763378143,0.415181040763855,0.9998090863227844,0.28560823,0.19803254,0.836517805375161,0.5877102435891717,False
GSM330782,0.0,0.12383829802274704,0.24956540763378143,0.415181040763855,0.9998090863227844,0.28560796,0.19803223,0.8221649108795412,-0.040192198593002076,False
GSM330783,0.0,0.12383829802274704,0.24956540763378143,0.415181040763855,0.9998090863227844,0.2856074,0.19803257,0.8557514149190946,1.429131491986137,False
GSM330784,0.0,0.12383829802274704,0.24956540763378143,0.415181040763855,0.9998090863227844,0.28560716,0.19803225,0.7434505990757795,-3.4837421133056643,False
GSM330785,0.0,0.12383829802274704,0.24956540763378143,0.415181040763855,0.9998090863227844,0.28560767,0.19803257,0.8295474054626772,0.2827730666754386,False
GSM330786,0.0,0.12383829802274704,0.24956540763378143,0.415181040763855,0.9998090863227844,0.28560776,0.19803195,0.8300114272617721,0.30307283415205183,False
GSM330787,0.0,0.12383829802274704,0.24956540763378143,0.415181040763855,0.9998090863227844,0.2856087,0.19803253,0.8177756514641862,-0.23221107723198606,False
GSM330788,0.0,0.12383829802274704,0.24956540763378143,0.415181040763855,0.9998090863227844,0.2856084,0.19803253,0.8363084549361964,0.5785516970717528,False
GSM330789,0.0,0.12383829802274704,0.24956540763378143,0.415181040763855,0.9998090863227844,0.2856085,0.19803253,0.8520278864532269,1.2662366405004895,False
GSM330790,0.0,0.12383829802274704,0.24956540763378143,0.415181040763855,0.9998090863227844,0.28560746,0.1980324,0.8414242977276863,0.8023567409656457,False
GSM330791,0.0,0.12383829802274704,0.24956540763378143,0.415181040763855,0.9998090863227844,0.2856076,0.19803242,0.834418820330808,0.4958850137823707,False
GSM330792,0.0,0.12383829802274704,0.24956540763378143,0.415181040763855,0.9998090863227844,0.28560898,0.1980321,0.8374504778959216,0.6285122820714136,False
GSM330793,0.0,0.12383829802274704,0.24956540763378143,0.415181040763855,0.9998090863227844,0.28560755,0.19803196,0.8283715780565877,0.23133362356564005,False
GSM330794,0.0,0.12383829802274704,0.24956540763378143,0.415181040763855,0.9998090863227844,0.28560895,0.19803186,0.8197081267443846,-0.1476702239383449,False
GSM330795,0.0,0.12383829802274704,0.24956540763378143,0.415181040763855,0.9998090863227844,0.28560784,0.1980325,0.8330100205269508,0.43425362384512295,False
GSM330796,0.0,0.12383829802274704,0.24956540763378143,0.415181040763855,0.9998090863227844,0.2856078,0.19803242,0.8402492245870553,0.7509502950414402,False
GSM330797,0.0,0.12383829802274704,0.24956540763378143,0.415181040763855,0.9998090863227844,0.2856078,0.19803207,0.8285980995537625,0.24124335998335353,False
GSM330798,0.0,0.12383829802274704,0.24956540763378143,0.415181040763855,0.9998090863227844,0.28560913,0.19803192,0.8015495784769752,-0.942060289793629,False
GSM330799,0.0,0.12383829802274704,0.24956540763378143,0.415181040763855,0.9998090863227844,0.28560814,0.19803257,0.8048801408315076,-0.7963567010931649,False
GSM330800,0.0,0.12383829802274704,0.24956540763378143,0.415181040763855,0.9998090863227844,0.28560814,0.19803229,0.8108983713798247,-0.5330744997185989,False
GSM330801,0.0,0.12383829802274704,0.24956540763378143,0.415181040763855,0.9998090863227844,0.28560886,0.1980322,0.7910123864283538,-1.4030355044509328,False
GSM330802,0.0,0.12383829802274704,0.24956540763378143,0.415181040763855,0.9998090863227844,0.28560948,0.1980321,0.8473167629694675,1.0601370316879861,False
GSM330803,0.0,0.12383829802274704,0.24956540763378143,0.415181040763855,0.9998090863227844,0.28560847,0.19803236,0.8062911140328836,-0.7346302305705856,False
GSM330804,0.0,0.12383829802274704,0.24956540763378143,0.415181040763855,0.9998090863227844,0.28560862,0.19803262,0.8268601695496849,0.16521336518090798,False
GSM330805,0.0,0.12383829802274704,0.24956540763378143,0.415181040763855,0.9998090863227844,0.28560752,0.19803303,0.8343184267259083,0.49149305021604767,False
GSM330806,0.0,0.12383829802274704,0.24956540763378143,0.415181040763855,0.9998090863227844,0.28560913,0.19803259,0.8311796787698147,0.3541808510894577,False
GSM330807,0.0,0.12383829802274704,0.24956540763378143,0.415181040763855,0.9998090863227844,0.28560814,0.19803196,0.8055320149691191,-0.7678388740355941,False
GSM330808,0.0,0.12383829802274704,0.24956540763378143,0.415181040763855,0.9998090863227844,0.28560758,0.19803189,0.8334428121885953,0.4531871526455726,False
GSM330809,0.0,0.12383829802274704,0.24956540763378143,0.415181040763855,0.9998090863227844,0.28560776,0.19803232,0.8133499050311566,-0.4258261696181547,False
GSM330810,0.0,0.12383829802274704,0.24956540763378143,0.415181040763855,0.9998090863227844,0.28560838,0.19803241,0.8258631691511329,0.12159714649425565,False
GSM330811,0.0,0.12383829802274704,0.24956540763378143,0.415181040763855,0.9998090863227844,0.28560758,0.19803254,0.8297201328949187,0.2903294502724472,False
GSM330812,0.0,0.12383829802274704,0.24956540763378143,0.415181040763855,0.9998090863227844,0.2856091,0.19803211,0.830290592304861,0.3152855911245846,False
GSM330813,0.0,0.12383829802274704,0.24956540763378143,0.415181040763855,0.9998090863227844,0.28560767,0.19803196,0.8058455546162848,-0.7541223160105639,False
GSM330814,0.0,0.12383829802274704,0.24956540763378143,0.415181040763855,0.9998090863227844,0.28560778,0.19803217,0.814194294400256,-0.38888629333243185,False
GSM330815,0.0,0.12383829802274704,0.24956540763378143,0.415181040763855,0.9998090863227844,0.2856094,0.19803247,0.8450132927106131,0.9593660964964776,False
GSM330816,0.0,0.12383829802274704,0.24956540763378143,0.415181040763855,0.9998090863227844,0.2856094,0.19803232,0.8465072995516051,1.0247250764835483,False
GSM330817,0.0,0.12383829802274704,0.24956540763378143,0.415181040763855,0.9998090863227844,0.28560808,0.19803296,0.8364090079448274,0.5829506341438139,False
GSM330818,0.0,0.12383829802274704,0.24956540763378143,0.415181040763855,0.9998090863227844,0.28560755,0.19803275,0.8610071304877261,1.6590556123066602,False
GSM330819,0.0,0.12383829802274704,0.24956540763378143,0.415181040763855,0.9998090863227844,0.2856056,0.19803247,0.8391817345418721,0.7042503345156883,False
GSM330820,0.0,0.12383829802274704,0.24956540763378143,0.415181040763855,0.9998090863227844,0.28560847,0.19803253,0.8365048434403226,0.5871431920761203,False
GSM330821,0.0,0.12383829802274704,0.24956540763378143,0.415181040763855,0.9998090863227844,0.28560784,0.19803225,0.8232701371265191,0.008158624291748833,False
GSM330822,0.0,0.12383829802274704,0.24956540763378143,0.415181040763855,0.9998090863227844,0.2856078,0.19803211,0.8488394415718462,1.1267503279387143,False
GSM330823,0.0,0.12383829802274704,0.24956540763378143,0.415181040763855,0.9998090863227844,0.28560677,0.1980324,0.8382914338122949,0.6653019535777045,False
GSM330824,0.0,0.12383829802274704,0.24956540763378143,0.415181040763855,0.9998090863227844,0.2856068,0.19803281,0.8229555041804966,-0.005605762763336393,False
GSM330825,0.0,0.12383829802274704,0.24956540763378143,0.415181040763855,0.9998090863227844,0.28560638,0.19803283,0.8377835991245436,0.6430854842264411,False
GSM330826,0.0,0.12383829802274704,0.24956540763378143,0.415181040763855,0.9998090863227844,0.28560707,0.19803166,0.8450782067928037,0.9622059216447713,False
GSM330827,0.0,0.12383829802274704,0.24956540763378143,0.415181040763855,0.9998090863227844,0.2856085,0.19803268,0.8354745622859459,0.5420710254016657,False
GSM330828,0.0,0.12383829802274704,0.24956540763378143,0.415181040763855,0.9998090863227844,0.28560862,0.19803219,0.8451747685566298,0.9664302519599098,False
GSM330829,0.0,0.12383829802274704,0.24956540763378143,0.415181040763855,0.9998090863227844,0.28560856,0.19803196,0.8296106834307878,0.28554131601532434,False
GSM330830,0.0,0.12383829802274704,0.24956540763378143,0.415181040763855,0.9998090863227844,0.28560668,0.1980324,0.8403939759303074,0.757282796263746,False
GSM330831,0.0,0.12383829802274704,0.24956540763378143,0.415181040763855,0.9998090863227844,0.285608,0.19803229,0.854551703231168,1.3766471726041847,False
GSM330832,0.0,0.12383829802274704,0.24956540763378143,0.415181040763855,0.9998090863227844,0.28560707,0.19803219,0.8454634767992192,0.9790604995141815,False
GSM330833,0.0,0.12383829802274704,0.24956540763378143,0.415181040763855,0.9998090863227844,0.28560883,0.19803257,0.840945048595015,0.7813908165724934,False
GSM330834,0.0,0.12383829802274704,0.24956540763378143,0.415181040763855,0.9998090863227844,0.2856072,0.19803299,0.8175325711689977,-0.2428452187315838,False
GSM330835,0.0,0.12383829802274704,0.24956540763378143,0.415181040763855,0.9998090863227844,0.28560817,0.1980322,0.820491552633736,-0.11339734404345264,False
GSM330836,0.0,0.12383829802274704,0.24956540763378143,0.415181040763855,0.9998090863227844,0.28560746,0.19803196,0.8331937141658831,0.44228975095063994,False
GSM330837,0.0,0.12383829802274704,0.24956540763378143,0.415181040763855,0.9998090863227844,0.2856091,0.19803257,0.8345590795804944,0.5020209973948432,False
GSM330838,0.0,0.12383829802274704,0.24956540763378143,0.415181040763855,0.9998090863227844,0.28560817,0.19803208,0.7981468164336006,-1.0909224303083336,False
GSM330839,0.0,0.12383829802274704,0.24956540763378143,0.415181040763855,0.9998090863227844,0.28560773,0.19803245,0.8506625486368218,1.2065066014072534,False
GSM330840,0.0,0.12383829802274704,0.24956540763378143,0.415181040763855,0.9998090863227844,0.2856079,0.1980327,0.8318335767680692,0.3827872168763288,False
GSM330841,0.0,0.12383829802274704,0.24956540763378143,0.415181040763855,0.9998090863227844,0.2856076,0.19803213,0.8470427502166844,1.0481496742449252,False
GSM330842,0.0,0.12383829802274704,0.24956540763378143,0.415181040763855,0.9998090863227844,0.2856083,0.19803308,0.8490324684051389,1.1351947584379536,False
GSM330843,0.0,0.12383829802274704,0.24956540763378143,0.415181040763855,0.9998090863227844,0.28560853,0.19803242,0.7971451068946003,-1.1347446618510695,False
GSM330844,0.0,0.12383829802274704,0.24956540763378143,0.415181040763855,0.9998090863227844,0.28560686,0.19803241,0.7499081692606602,-3.2012399259672972,False
GSM330845,0.0,0.12383829802274704,0.24956540763378143,0.415181040763855,0.9998090863227844,0.28560737,0.19803189,0.8284284437112572,0.23382135058503675,False
GSM330846,0.0,0.12383829802274704,0.24956540763378143,0.415181040763855,0.9998090863227844,0.28560793,0.1980327,0.7855477540022828,-1.6420992032055661,False
GSM330847,0.0,0.12383829802274704,0.24956540763378143,0.415181040763855,0.9998090863227844,0.28560778,0.19803199,0.8335460739013402,0.45770458859803603,False
GSM330848,0.0,0.12383829802274704,0.24956540763378143,0.415181040763855,0.9998090863227844,0.28560856,0.19803257,0.820779942420802,-0.10078102810422405,False
GSM330849,0.0,0.12383829802274704,0.24956540763378143,0.415181040763855,0.9998090863227844,0.28560823,0.19803235,0.8400958037877042,0.7442385272775583,False
GSM330850,0.0,0.12383829802274704,0.24956540763378143,0.415181040763855,0.9998090863227844,0.28560844,0.198032,0.8460454911872148,1.004522141116798,False
GSM330851,0.0,0.12383829802274704,0.24956540763378143,0.415181040763855,0.9998090863227844,0.28560743,0.19803257,0.7926395237349428,-1.3318524069311413,False
GSM330852,0.0,0.12383829802274704,0.24956540763378143,0.415181040763855,0.9998090863227844,0.28560716,0.1980319,0.8534250550204804,1.3273591935706286,False
GSM330853,0.0,0.12383829802274704,0.24956540763378143,0.415181040763855,0.9998090863227844,0.28560868,0.19803229,0.8345314317293425,0.5008114745864212,False
GSM330854,0.0,0.12383829802274704,0.24956540763378143,0.415181040763855,0.9998090863227844,0.2856084,0.1980319,0.8248158938436916,0.0757815290673896,False
GSM330855,0.0,0.12383829802274704,0.24956540763378143,0.415181040763855,0.9998090863227844,0.28560704,0.19803253,0.8150263378169833,-0.3524865209015753,False
GSM330856,0.0,0.12383829802274704,0.24956540763378143,0.415181040763855,0.9998090863227844,0.28560755,0.19803226,0.8043631398123494,-0.8189741740105039,False
GSM330857,0.0,0.12383829802274704,0.24956540763378143,0.415181040763855,0.9998090863227844,0.2856087,0.19803232,0.8434078418259,0.8891317244941943,False
GSM330858,0.0,0.12383829802274704,0.24956540763378143,0.415181040763855,0.9998090863227844,0.28560877,0.19803214,0.835558230212251,0.5457312832873014,False
GSM330859,0.0,0.12383829802274704,0.24956540763378143,0.415181040763855,0.9998090863227844,0.28560814,0.19803192,0.8397079435506065,0.7272706334375163,False
GSM330860,0.0,0.12383829802274704,0.24956540763378143,0.415181040763855,0.9998090863227844,0.28560653,0.19803248,0.8210914874484743,-0.08715172958295114,False
GSM330861,0.0,0.12383829802274704,0.24956540763378143,0.415181040763855,0.9998090863227844,0.28560787,0.1980323,0.8384258806054352,0.6711836570753611,False
GSM330862,0.0,0.12383829802274704,0.24956540763378143,0.415181040763855,0.9998090863227844,0.28560656,0.1980324,0.8455827312035253,0.9842775748384422,False
GSM330863,0.0,0.12383829802274704,0.24956540763378143,0.415181040763855,0.9998090863227844,0.28560734,0.19803308,0.8362215948923252,0.574751792202985,False
GSM330864,0.0,0.12383829802274704,0.24956540763378143,0.415181040763855,0.9998090863227844,0.2856078,0.19803217,0.8355688763611675,0.5461970250863912,False
GSM330865,0.0,0.12383829802274704,0.24956540763378143,0.415181040763855,0.9998090863227844,0.28560892,0.19803275,0.8200739715569016,-0.1316654486430753,False
GSM330866,0.0,0.12383829802274704,0.24956540763378143,0.415181040763855,0.9998090863227844,0.2856067,0.19803199,0.8343591962241851,0.4932766115417691,False
GSM330867,0.0,0.12383829802274704,0.24956540763378143,0.415181040763855,0.9998090863227844,0.2856085,0.19803263,0.824525750134334,0.0630884835116662,False
GSM330868,0.0,0.12383829802274704,0.24956540763378143,0.415181040763855,0.9998090863227844,0.28560835,0.19803219,0.8303886985779216,0.3195774897703213,False
GSM330869,0.0,0.12383829802274704,0.24956540763378143,0.415181040763855,0.9998090863227844,0.28560713,0.19803233,0.8461627237940479,1.0096507679701703,False
GSM330870,0.0,0.12383829802274704,0.24956540763378143,0.415181040763855,0.9998090863227844,0.28560713,0.19803217,0.8486821600217604,1.1198696621998845,False
GSM330871,0.0,0.12383829802274704,0.24956540763378143,0.415181040763855,0.9998090863227844,0.28560805,0.19803292,0.8589403818344706,1.5686406422006722,False
GSM330872,0.0,0.12383829802274704,0.24956540763378143,0.415181040763855,0.9998090863227844,0.28560865,0.1980318,0.8391290650882652,0.7019461805655413,False
GSM330873,0.0,0.12383829802274704,0.24956540763378143,0.415181040763855,0.9998090863227844,0.28560737,0.19803178,0.8170840109599574,-0.2624685811695986,False
GSM330874,0.0,0.12383829802274704,0.24956540763378143,0.415181040763855,0.9998090863227844,0.2856084,0.19803253,0.8367871680415448,0.599494171639835,False
GSM330875,0.0,0.12383829802274704,0.24956540763378143,0.415181040763855,0.9998090863227844,0.28560746,0.1980317,0.8522910053325947,1.2777474188309303,False
GSM330876,0.0,0.12383829802274704,0.24956540763378143,0.415181040763855,0.9998090863227844,0.28560802,0.19803211,0.8181153291583926,-0.2173510464687071,False
GSM330877,0.0,0.12383829802274704,0.24956540763378143,0.415181040763855,0.9998090863227844,0.28560868,0.19803241,0.8281183076508012,0.22025369077756451,False
GSM330878,0.0,0.12383829802274704,0.24956540763378143,0.415181040763855,0.9998090863227844,0.28560755,0.19803172,0.8208611099396247,-0.097230156653856,False
GSM330879,0.0,0.12383829802274704,0.24956540763378143,0.415181040763855,0.9998090863227844,0.28560907,0.19803242,0.8352429427062933,0.5319382609083827,False
GSM330880,0.0,0.12383829802274704,0.24956540763378143,0.415181040763855,0.9998090863227844,0.28560793,0.19803207,0.848008255553691,1.0903880645035147,False
GSM330881,0.0,0.12383829802274704,0.24956540763378143,0.415181040763855,0.9998090863227844,0.28560898,0.19803272,0.8172201692196503,-0.2565120053854905,False
GSM330882,0.0,0.12383829802274704,0.24956540763378143,0.415181040763855,0.9998090863227844,0.2856065,0.19803192,0.836354220165401,0.5805538088543842,False
GSM330883,0.0,0.12383829802274704,0.24956540763378143,0.415181040763855,0.9998090863227844,0.2856084,0.19803225,0.8260067103582703,0.12787670735515963,False
GSM330884,0.0,0.12383829802274704,0.24956540763378143,0.415181040763855,0.9998090863227844,0.28560823,0.19803225,0.8245038251649796,0.062129322151798595,False
GSM330885,0.0,0.12383829802274704,0.24956540763378143,0.415181040763855,0.9998090863227844,0.2856078,0.19803232,0.8207449954512009,-0.10230986868519955,False
GSM330886,0.0,0.12383829802274704,0.24956540763378143,0.415181040763855,0.9998090863227844,0.28560835,0.19803222,0.8348102315337457,0.5130082533001556,False
GSM330887,0.0,0.12383829802274704,0.24956540763378143,0.415181040763855,0.9998090863227844,0.28560746,0.19803272,0.850521576250952,1.2003394199098298,False
GSM330888,0.0,0.12383829802274704,0.24956540763378143,0.415181040763855,0.9998090863227844,0.28560814,0.19803245,0.7772946931992148,-2.0031495150646728,False
GSM330889,0.0,0.12383829802274704,0.24956540763378143,0.415181040763855,0.9998090863227844,0.2856079,0.19803225,0.8506177258374894,1.2045457185222834,False
GSM330890,0.0,0.12383829802274704,0.24956540763378143,0.415181040763855,0.9998090863227844,0.28560746,0.19803236,0.8235054549423703,0.018453177164482772,False
GSM330891,0.0,0.12383829802274704,0.24956540763378143,0.415181040763855,0.9998090863227844,0.28560832,0.19803205,0.8322208633186251,0.3997300133967486,False
GSM330892,0.0,0.12383829802274704,0.24956540763378143,0.415181040763855,0.9998090863227844,0.28560778,0.19803274,0.8211918285757137,-0.08276206178011265,False
GSM330893,0.0,0.12383829802274704,0.24956540763378143,0.415181040763855,0.9998090863227844,0.28560954,0.19803245,0.8414992142042778,0.8056341452986733,False
GSM330894,0.0,0.12383829802274704,0.24956540763378143,0.415181040763855,0.9998090863227844,0.28560835,0.19803217,0.8355542163520404,0.5455556871641958,False
GSM330895,0.0,0.12383829802274704,0.24956540763378143,0.415181040763855,0.9998090863227844,0.2856064,0.19803236,0.7908109343705981,-1.4118485169820303,False
GSM330896,0.0,0.12383829802274704,0.24956540763378143,0.415181040763855,0.9998090863227844,0.28560647,0.19803223,0.824388685902754,0.057092273773542056,False
GSM330897,0.0,0.12383829802274704,0.24956540763378143,0.415181040763855,0.9998090863227844,0.28560787,0.19803214,0.7895396299874741,-1.4674648337580027,False
GSM330898,0.0,0.12383829802274704,0.24956540763378143,0.415181040763855,0.9998090863227844,0.28560746,0.19803195,0.8120450802666692,-0.48290891738665687,False
GSM330899,0.0,0.12383829802274704,0.24956540763378143,0.415181040763855,0.9998090863227844,0.28560764,0.1980326,0.8302199545399203,0.3121953694880965,False
GSM330900,0.0,0.12383829802274704,0.24956540763378143,0.415181040763855,0.9998090863227844,0.28560728,0.19803195,0.8392835278751992,0.7087035326224183,False
GSM330901,0.0,0.12383829802274704,0.24956540763378143,0.415181040763855,0.9998090863227844,0.28560817,0.19803263,0.8153784365316927,-0.3370831022446121,False
GSM330902,0.0,0.12383829802274704,0.24956540763378143,0.415181040763855,0.9998090863227844,0.28560817,0.1980329,0.8213893998539893,-0.07411882343037432,False
GSM330903,0.0,0.12383829802274704,0.24956540763378143,0.415181040763855,0.9998090863227844,0.2856067,0.19803245,0.8326451466671153,0.41829132524750695,False
GSM330904,0.0,0.12383829802274704,0.24956540763378143,0.415181040763855,0.9998090863227844,0.28560853,0.19803236,0.848686297027904,1.1200506456427466,False
GSM330905,0.0,0.12383829802274704,0.24956540763378143,0.415181040763855,0.9998090863227844,0.28560886,0.19803259,0.821336507464576,-0.07643273025213776,False
GSM330906,0.0,0.12383829802274704,0.24956540763378143,0.415181040763855,0.9998090863227844,0.28560802,0.19803256,0.8305863489066295,0.3282241863743873,False
GSM330907,0.0,0.12383829802274704,0.24956540763378143,0.415181040763855,0.9998090863227844,0.28560877,0.19803225,0.7854167820133877,-1.6478288929005467,False
GSM330908,0.0,0.12383829802274704,0.24956540763378143,0.415181040763855,0.9998090863227844,0.2856079,0.19803196,0.8309017120417163,0.3420205173343632,False
GSM330909,0.0,0.12383829802274704,0.24956540763378143,0.415181040763855,0.9998090863227844,0.28560755,0.19803219,0.8293512518808109,0.27419184891938075,False
GSM330910,0.0,0.12383829802274704,0.24956540763378143,0.415181040763855,0.9998090863227844,0.2856076,0.19803236,0.8504700156687434,1.1980837762486127,False
GSM330911,0.0,0.12383829802274704,0.24956540763378143,0.415181040763855,0.9998090863227844,0.2856074,0.19803226,0.8418920686614351,0.8228205234990084,False
GSM330912,0.0,0.12383829802274704,0.24956540763378143,0.415181040763855,0.9998090863227844,0.2856072,0.19803207,0.8340640725416337,0.4803657048897104,False
GSM330913,0.0,0.12383829802274704,0.24956540763378143,0.415181040763855,0.9998090863227844,0.28560778,0.19803189,0.8499883883572821,1.177013812613022,False
GSM330914,0.0,0.12383829802274704,0.24956540763378143,0.415181040763855,0.9998090863227844,0.2856094,0.19803184,0.7737595997531261,-2.157800816153712,False
GSM330915,0.0,0.12383829802274704,0.24956540763378143,0.415181040763855,0.9998090863227844,0.28560933,0.19803253,0.8384239012829487,0.6710970667765542,False
GSM330916,0.0,0.12383829802274704,0.24956540763378143,0.415181040763855,0.9998090863227844,0.2856083,0.19803289,0.8212327109116319,-0.0809735640960427,False
GSM330917,0.0,0.12383829802274704,0.24956540763378143,0.415181040763855,0.9998090863227844,0.28560677,0.19803202,0.8388692275761055,0.6905789536619062,False
GSM330918,0.0,0.12383829802274704,0.24956540763378143,0.415181040763855,0.9998090863227844,0.2856072,0.19803225,0.8479198850604164,1.0865220813346914,False
GSM330919,0.0,0.12383829802274704,0.24956540763378143,0.415181040763855,0.9998090863227844,0.28560862,0.1980324,0.8373428640615816,0.6238044519250072,False
GSM330920,0.0,0.12383829802274704,0.24956540763378143,0.415181040763855,0.9998090863227844,0.2856075,0.19803236,0.8377867194834425,0.643221991951327,False
GSM330921,0.0,0.12383829802274704,0.24956540763378143,0.415181040763855,0.9998090863227844,0.2856083,0.19803217,0.8466412432066099,1.0305847689740086,False
GSM330922,0.0,0.12383829802274704,0.24956540763378143,0.415181040763855,0.9998090863227844,0.2856072,0.19803236,0.8428905261342896,0.8665004854615057,False
GSM330923,0.0,0.12383829802274704,0.24956540763378143,0.415181040763855,0.9998090863227844,0.28560928,0.19803278,0.8397470711851904,0.728982367423964,False
GSM330924,0.0,0.12383829802274704,0.24956540763378143,0.415181040763855,0.9998090863227844,0.28560805,0.19803263,0.8136705092088694,-0.41180055644158325,False
GSM330925,0.0,0.12383829802274704,0.24956540763378143,0.415181040763855,0.9998090863227844,0.28560796,0.1980326,0.8516467449980671,1.249562676194215,False
GSM330926,0.0,0.12383829802274704,0.24956540763378143,0.415181040763855,0.9998090863227844,0.28560865,0.19803247,0.8439332811380146,0.9121183511565689,False
GSM330927,0.0,0.12383829802274704,0.24956540763378143,0.415181040763855,0.9998090863227844,0.28560776,0.19803286,0.8524625828123207,1.2852534949451435,False
GSM330928,0.0,0.12383829802274704,0.24956540763378143,0.415181040763855,0.9998090863227844,0.28560844,0.19803217,0.8462875245315633,1.015110481193589,False
GSM330929,0.0,0.12383829802274704,0.24956540763378143,0.415181040763855,0.9998090863227844,0.2856072,0.19803207,0.8063475237140431,-0.7321624512265951,False
GSM330930,0.0,0.12383829802274704,0.24956540763378143,0.415181040763855,0.9998090863227844,0.28560767,0.19803257,0.7444178274481099,-3.4414283446564546,False
GSM330931,0.0,0.12383829802274704,0.24956540763378143,0.415181040763855,0.9998090863227844,0.28560692,0.19803236,0.8168034824343385,-0.2747409870171869,False
GSM330932,0.0,0.12383829802274704,0.24956540763378143,0.415181040763855,0.9998090863227844,0.28560787,0.1980327,0.7919756368283467,-1.3608957619221291,False
GSM330933,0.0,0.12383829802274704,0.24956540763378143,0.415181040763855,0.9998090863227844,0.28560874,0.19803236,0.8243336440918975,0.05468433525845546,False
GSM330934,0.0,0.12383829802274704,0.24956540763378143,0.415181040763855,0.9998090863227844,0.28560832,0.1980326,0.7934865581614222,-1.2947968161469205,False
GSM330935,0.0,0.12383829802274704,0.24956540763378143,0.415181040763855,0.9998090863227844,0.28560862,0.19803235,0.8243131083859312,0.05378595062028415,False
GSM330936,0.0,0.12383829802274704,0.24956540763378143,0.415181040763855,0.9998090863227844,0.28560847,0.19803196,0.822943681398945,-0.006122979232241957,False
GSM330937,0.0,0.12383829802274704,0.24956540763378143,0.415181040763855,0.9998090863227844,0.2856078,0.19803287,0.7980489407539297,-1.0952042410827634,False
GSM330938,0.0,0.12383829802274704,0.24956540763378143,0.415181040763855,0.9998090863227844,0.28560728,0.19803241,0.8352497485856464,0.5322360007314062,False
GSM330939,0.0,0.12383829802274704,0.24956540763378143,0.415181040763855,0.9998090863227844,0.28560913,0.19803253,0.8084914974131747,-0.6383690827830409,False
GSM330940,0.0,0.12383829802274704,0.24956540763378143,0.415181040763855,0.9998090863227844,0.28560853,0.19803275,0.824733191687854,0.07216352117079325,False
GSM330941,0.0,0.12383829802274704,0.24956540763378143,0.415181040763855,0.9998090863227844,0.2856091,0.19803248,0.813327371781179,-0.426811941700263,False
GSM330942,0.0,0.12383829802274704,0.24956540763378143,0.415181040763855,0.9998090863227844,0.2856091,0.19803232,0.7625124440206885,-2.649835127013871,False
GSM330943,0.0,0.12383829802274704,0.24956540763378143,0.415181040763855,0.9998090863227844,0.28560844,0.198032,0.8398720860491887,0.7344514481336117,False
GSM330944,0.0,0.12383829802274704,0.24956540763378143,0.415181040763855,0.9998090863227844,0.28560796,0.198032,0.8105499489017791,-0.5483170924195164,False
GSM330945,0.0,0.12383829802274704,0.24956540763378143,0.415181040763855,0.9998090863227844,0.28560698,0.19803227,0.8240561126677376,0.04254304493785411,False
GSM330946,0.0,0.12383829802274704,0.24956540763378143,0.415181040763855,0.9998090863227844,0.28560778,0.19803256,0.8242073561434263,0.0491595603576573,False
GSM330947,0.0,0.12383829802274704,0.24956540763378143,0.415181040763855,0.9998090863227844,0.28560808,0.19803219,0.8191343616598338,-0.1727709796039217,False
GSM330948,0.0,0.12383829802274704,0.24956540763378143,0.415181040763855,0.9998090863227844,0.2856081,0.19803226,0.8163090676121203,-0.2963703715581684,False
GSM330949,0.0,0.12383829802274704,0.24956540763378143,0.415181040763855,0.9998090863227844,0.28560835,0.19803259,0.8194080436883123,-0.16079809050371285,False
GSM330950,0.0,0.12383829802274704,0.24956540763378143,0.415181040763855,0.9998090863227844,0.28560692,0.19803223,0.78891259934813,-1.4948958212767482,False
GSM330951,0.0,0.12383829802274704,0.24956540763378143,0.415181040763855,0.9998090863227844,0.28560743,0.19803253,0.8130333080870785,-0.4396764765673685,False
GSM330952,0.0,0.12383829802274704,0.24956540763378143,0.415181040763855,0.9998090863227844,0.28560868,0.19803248,0.8116564046697873,-0.4999124811328589,False
GSM330953,0.0,0.12383829802274704,0.24956540763378143,0.415181040763855,0.9998090863227844,0.2856071,0.19803192,0.7216163806306272,-4.438933352886936,False
GSM330954,0.0,0.12383829802274704,0.24956540763378143,0.415181040763855,0.9998090863227844,0.28560844,0.19803278,0.807325377229023,-0.6893838597487787,False
GSM330955,0.0,0.12383829802274704,0.24956540763378143,0.415181040763855,0.9998090863227844,0.2856077,0.19803214,0.8214655108965575,-0.07078915988967183,False
GSM330956,0.0,0.12383829802274704,0.24956540763378143,0.415181040763855,0.9998090863227844,0.2856079,0.19803189,0.8264341025378753,0.1465740226197163,False
GSM330957,0.0,0.12383829802274704,0.24956540763378143,0.415181040763855,0.9998090863227844,0.2856076,0.19803262,0.8256205974465084,0.1109852545316626,False
GSM330958,0.0,0.12383829802274704,0.24956540763378143,0.415181040763855,0.9998090863227844,0.28560853,0.19803287,0.8342646070584882,0.4891385773519961,False
GSM330959,0.0,0.12383829802274704,0.24956540763378143,0.415181040763855,0.9998090863227844,0.2856087,0.19803272,0.8236414980090027,0.024404713546674065,False
GSM330960,0.0,0.12383829802274704,0.24956540763378143,0.415181040763855,0.9998090863227844,0.28560793,0.19803196,0.8217420680600203,-0.05869049098395156,False
GSM330961,0.0,0.12383829802274704,0.24956540763378143,0.415181040763855,0.9998090863227844,0.28560892,0.1980324,0.8091569005185825,-0.6092593979700832,False
GSM330962,0.0,0.12383829802274704,0.24956540763378143,0.415181040763855,0.9998090863227844,0.28560773,0.19803226,0.8119301786667753,-0.48793556864547055,False
GSM330963,0.0,0.12383829802274704,0.24956540763378143,0.415181040763855,0.9998090863227844,0.28560776,0.19803257,0.8216552172155162,-0.06248999340392368,False
GSM330964,0.0,0.12383829802274704,0.24956540763378143,0.415181040763855,0.9998090863227844,0.28560704,0.19803192,0.7862703063151837,-1.6104893866620607,False
GSM330965,0.0,0.12383829802274704,0.24956540763378143,0.415181040763855,0.9998090863227844,0.28560847,0.19803235,0.8267761741504287,0.16153878119082,False
GSM330966,0.0,0.12383829802274704,0.24956540763378143,0.415181040763855,0.9998090863227844,0.28560862,0.19803247,0.8452821384289192,0.9711274093902732,False
GSM330967,0.0,0.12383829802274704,0.24956540763378143,0.415181040763855,0.9998090863227844,0.2856082,0.19803308,0.8211935124889881,-0.08268839487914534,False
GSM330968,0.0,0.12383829802274704,0.24956540763378143,0.415181040763855,0.9998090863227844,0.2856072,0.19803232,0.8125488907058173,-0.46086849862412266,False
GSM330969,0.0,0.12383829802274704,0.24956540763378143,0.415181040763855,0.9998090863227844,0.28560716,0.19803207,0.7464563062920632,-3.352250106437985,False
GSM330970,0.0,0.12383829802274704,0.24956540763378143,0.415181040763855,0.9998090863227844,0.28560805,0.19803219,0.8318761333042057,0.38464895653999553,False
GSM330971,0.0,0.12383829802274704,0.24956540763378143,0.415181040763855,0.9998090863227844,0.28560793,0.19803229,0.8225099787489811,-0.02509636144280023,False
GSM330972,0.0,0.12383829802274704,0.24956540763378143,0.415181040763855,0.9998090863227844,0.2856074,0.19803251,0.814608011211674,-0.3707872404660946,False
GSM330973,0.0,0.12383829802274704,0.24956540763378143,0.415181040763855,0.9998090863227844,0.2856082,0.19803227,0.8290786750331613,0.26226730865513465,False
GSM330974,0.0,0.12383829802274704,0.24956540763378143,0.415181040763855,0.9998090863227844,0.28560725,0.19803253,0.8267274124257923,0.15940558039333877,False
GSM330975,0.0,0.12383829802274704,0.24956540763378143,0.415181040763855,0.9998090863227844,0.28560752,0.19803195,0.8323632447863136,0.40595883862154136,False
GSM330976,0.0,0.12383829802274704,0.24956540763378143,0.415181040763855,0.9998090863227844,0.28560808,0.1980328,0.7914736443502682,-1.3828566495353385,False
GSM330977,0.0,0.12383829802274704,0.24956540763378143,0.415181040763855,0.9998090863227844,0.28561017,0.1980322,0.8383610016318569,0.6683453678391006,False
GSM330978,0.0,0.12383829802274704,0.24956540763378143,0.415181040763855,0.9998090863227844,0.28560847,0.19803211,0.8164037604988241,-0.29222779983949804,False
GSM330979,0.0,0.12383829802274704,0.24956540763378143,0.415181040763855,0.9998090863227844,0.28560725,0.1980322,0.8196324543474903,-0.1509806978521763,False
GSM330980,0.0,0.12383829802274704,0.24956540763378143,0.415181040763855,0.9998090863227844,0.2856083,0.19803235,0.8372071288279461,0.6178663824494792,False
GSM330981,0.0,0.12383829802274704,0.24956540763378143,0.415181040763855,0.9998090863227844,0.2856082,0.19803235,0.8398335479835239,0.7327655062801912,False
GSM330982,0.0,0.12383829802274704,0.24956540763378143,0.415181040763855,0.9998090863227844,0.28560737,0.19803208,0.822542276292712,-0.023683426470602686,False
GSM330983,0.0,0.12383829802274704,0.24956540763378143,0.415181040763855,0.9998090863227844,0.28560776,0.19803292,0.826844110459904,0.1645108210567452,False
GSM330984,0.0,0.12383829802274704,0.24956540763378143,0.415181040763855,0.9998090863227844,0.28560796,0.19803253,0.841732120688141,0.8158232085613065,False
GSM330985,0.0,0.12383829802274704,0.24956540763378143,0.415181040763855,0.9998090863227844,0.28560805,0.19803199,0.8173552947039494,-0.2506006108846585,False
GSM330986,0.0,0.12383829802274704,0.24956540763378143,0.415181040763855,0.9998090863227844,0.2856079,0.19803211,0.8124537681501484,-0.46502986726160145,False
GSM330987,0.0,0.12383829802274704,0.24956540763378143,0.415181040763855,0.9998090863227844,0.28560656,0.1980323,0.8220639984839665,-0.0446068579251093,False
GSM330988,0.0,0.12383829802274704,0.24956540763378143,0.415181040763855,0.9998090863227844,0.28560683,0.1980324,0.8186472946431186,-0.19407891643820901,False
GSM330989,0.0,0.12383829802274704,0.24956540763378143,0.415181040763855,0.9998090863227844,0.28560856,0.19803235,0.8274050330451314,0.18904975020771658,False
GSM330990,0.0,0.12383829802274704,0.24956540763378143,0.415181040763855,0.9998090863227844,0.2856081,0.19803263,0.8279992875409055,0.21504686523480546,False
GSM330991,0.0,0.12383829802274704,0.24956540763378143,0.415181040763855,0.9998090863227844,0.28560716,0.19803247,0.8068249926111862,-0.7112744075867757,False
GSM330992,0.0,0.12383829802274704,0.24956540763378143,0.415181040763855,0.9998090863227844,0.28560758,0.1980325,0.827397072172415,0.18870148237769543,False
GSM330993,0.0,0.12383829802274704,0.24956540763378143,0.415181040763855,0.9998090863227844,0.285608,0.19803318,0.8208968585938302,-0.09566624442087569,False
GSM330994,0.0,0.12383829802274704,0.24956540763378143,0.415181040763855,0.9998090863227844,0.28560835,0.19803217,0.8155042046219174,-0.331581069813121,False
GSM330995,0.0,0.12383829802274704,0.24956540763378143,0.415181040763855,0.9998090863227844,0.2856085,0.19803186,0.8270345398922645,0.17284162190524285,False
GSM330996,0.0,0.12383829802274704,0.24956540763378143,0.415181040763855,0.9998090863227844,0.28560835,0.19803227,0.7991085660654308,-1.0488483425500588,False
GSM330997,0.0,0.12383829802274704,0.24956540763378143,0.415181040763855,0.9998090863227844,0.28560773,0.19803211,0.8246512384188766,0.06857827515986224,False
GSM330998,0.0,0.12383829802274704,0.24956540763378143,0.415181040763855,0.9998090863227844,0.28560743,0.1980325,0.8341260943058195,0.48307899851927005,False
GSM330999,0.0,0.12383829802274704,0.24956540763378143,0.415181040763855,0.9998090863227844,0.2856079,0.19803253,0.8216762764332818,-0.0615687064628457,False
GSM331000,0.0,0.12383829802274704,0.24956540763378143,0.415181040763855,0.9998090863227844,0.28560746,0.19803278,0.8338672713606632,0.47175615632837664,False
GSM331001,0.0,0.12383829802274704,0.24956540763378143,0.415181040763855,0.9998090863227844,0.2856087,0.19803229,0.8109404760423384,-0.5312325283707491,False
GSM331002,0.0,0.12383829802274704,0.24956540763378143,0.415181040763855,0.9998090863227844,0.2856088,0.19803253,0.8232760136989308,0.00841570931178338,False
GSM331003,0.0,0.12383829802274704,0.24956540763378143,0.415181040763855,0.9998090863227844,0.28560835,0.19803199,0.8315957714609162,0.372383842618208,False
GSM331004,0.0,0.12383829802274704,0.24956540763378143,0.415181040763855,0.9998090863227844,0.28560925,0.19803211,0.8230821493213095,-6.536161071682019e-05,False
GSM331005,0.0,0.12383829802274704,0.24956540763378143,0.415181040763855,0.9998090863227844,0.28560767,0.19803268,0.7970880122258392,-1.137242407651512,False
GSM331006,0.0,0.12383829802274704,0.24956540763378143,0.415181040763855,0.9998090863227844,0.28560787,0.19803257,0.8101353765477277,-0.5664535730889403,False
GSM331007,0.0,0.12383829802274704,0.24956540763378143,0.415181040763855,0.9998090863227844,0.2856085,0.1980327,0.8317394463083365,0.37866924989984574,False
GSM331008,0.0,0.12383829802274704,0.24956540763378143,0.415181040763855,0.9998090863227844,0.28560856,0.19803253,0.8189413428552944,-0.1812150588657278,False
GSM331009,0.0,0.12383829802274704,0.24956540763378143,0.415181040763855,0.9998090863227844,0.28560787,0.19803245,0.8088924219603117,-0.6208296587766186,False
GSM331010,0.0,0.12383829802274704,0.24956540763378143,0.415181040763855,0.9998090863227844,0.2856086,0.19803245,0.8246273419528095,0.06753286585879074,False
GSM331011,0.0,0.12383829802274704,0.24956540763378143,0.415181040763855,0.9998090863227844,0.28560916,0.19803183,0.8075794448545119,-0.6782690506367469,False
GSM331012,0.0,0.12383829802274704,0.24956540763378143,0.415181040763855,0.9998090863227844,0.28560778,0.19803219,0.8133209316495714,-0.42709368099442363,False
GSM331013,0.0,0.12383829802274704,0.24956540763378143,0.415181040763855,0.9998090863227844,0.28560817,0.19803204,0.8184684701800243,-0.2019020295484645,False
GSM331014,0.0,0.12383829802274704,0.24956540763378143,0.415181040763855,0.9998090863227844,0.28560945,0.19803229,0.816848354811518,-0.27277793522815014,False
GSM331015,0.0,0.12383829802274704,0.24956540763378143,0.415181040763855,0.9998090863227844,0.28560877,0.19803227,0.8324572231221523,0.41007015056655255,False
GSM331016,0.0,0.12383829802274704,0.24956540763378143,0.415181040763855,0.9998090863227844,0.2856085,0.19803208,0.8129855927257014,-0.4417639016471992,False
GSM331017,0.0,0.12383829802274704,0.24956540763378143,0.415181040763855,0.9998090863227844,0.28560787,0.19803296,0.8200432638675199,-0.13300883155182927,False
GSM331018,0.0,0.12383829802274704,0.24956540763378143,0.415181040763855,0.9998090863227844,0.28560892,0.19803219,0.8161234952639809,-0.3044886873887341,False
GSM331019,0.0,0.12383829802274704,0.24956540763378143,0.415181040763855,0.9998090863227844,0.285608,0.1980321,0.8301290970304375,0.30822058571801836,False
GSM331020,0.0,0.12383829802274704,0.24956540763378143,0.415181040763855,0.9998090863227844,0.2856087,0.19803263,0.8050273784515487,-0.7899154316173035,False
GSM331021,0.0,0.12383829802274704,0.24956540763378143,0.415181040763855,0.9998090863227844,0.28560683,0.1980326,0.8101159767669006,-0.5673022639061726,False
GSM331022,0.0,0.12383829802274704,0.24956540763378143,0.415181040763855,0.9998090863227844,0.28560692,0.19803225,0.8203035471220804,-0.12162210455766466,False
GSM331023,0.0,0.12383829802274704,0.24956540763378143,0.415181040763855,0.9998090863227844,0.28560817,0.19803168,0.7847677717783146,-1.6762214315433979,False
GSM331024,0.0,0.12383829802274704,0.24956540763378143,0.415181040763855,0.9998090863227844,0.28560844,0.19803207,0.8018010021063995,-0.9310611487502656,False
GSM331025,0.0,0.12383829802274704,0.24956540763378143,0.415181040763855,0.9998090863227844,0.28560913,0.19803241,0.8164384097671489,-0.2907119829283116,False
GSM331026,0.0,0.12383829802274704,0.24956540763378143,0.415181040763855,0.9998090863227844,0.28560817,0.19803236,0.8043720921901728,-0.8185825303667524,False
GSM331027,0.0,0.12383829802274704,0.24956540763378143,0.415181040763855,0.9998090863227844,0.28560805,0.19803174,0.8219249711411858,-0.0506889487597312,False
GSM331028,0.0,0.12383829802274704,0.24956540763378143,0.415181040763855,0.9998090863227844,0.28560773,0.19803253,0.8257677363891254,0.11742220712247955,False
GSM331029,0.0,0.12383829802274704,0.24956540763378143,0.415181040763855,0.9998090863227844,0.28560752,0.19803195,0.8261792196370312,0.13542354729508296,False
GSM331030,0.0,0.12383829802274704,0.24956540763378143,0.415181040763855,0.9998090863227844,0.28560704,0.19803248,0.8082684864332045,-0.6481252430474035,False
GSM331031,0.0,0.12383829802274704,0.24956540763378143,0.415181040763855,0.9998090863227844,0.28560743,0.19803223,0.807759697763583,-0.6703834466667101,False
GSM331032,0.0,0.12383829802274704,0.24956540763378143,0.415181040763855,0.9998090863227844,0.2856077,0.19803248,0.811919576441995,-0.4883993888758893,False
GSM331033,0.0,0.12383829802274704,0.24956540763378143,0.415181040763855,0.9998090863227844,0.28560922,0.19803225,0.8324879226733316,0.4114131774497542,False
GSM331034,0.0,0.12383829802274704,0.24956540763378143,0.415181040763855,0.9998090863227844,0.28560734,0.19803174,0.8460259266302541,1.0036662417649562,False
GSM331035,0.0,0.12383829802274704,0.24956540763378143,0.415181040763855,0.9998090863227844,0.2856079,0.19803259,0.8520135710712085,1.2656103791332856,False
GSM331036,0.0,0.12383829802274704,0.24956540763378143,0.415181040763855,0.9998090863227844,0.2856084,0.19803242,0.8170865346157148,-0.26235817768173325,False
GSM331037,0.0,0.12383829802274704,0.24956540763378143,0.415181040763855,0.9998090863227844,0.28560925,0.19803251,0.8368573011633764,0.602562316430375,False
GSM331038,0.0,0.12383829802274704,0.24956540763378143,0.415181040763855,0.9998090863227844,0.28560743,0.1980318,0.7615604757879626,-2.6914813035666825,False
GSM331039,0.0,0.12383829802274704,0.24956540763378143,0.415181040763855,0.9998090863227844,0.28560722,0.19803269,0.8239385761022232,0.03740112066921885,False
GSM331040,0.0,0.12383829802274704,0.24956540763378143,0.415181040763855,0.9998090863227844,0.28560853,0.19803247,0.8046694552972888,-0.8055736546148949,False
GSM331041,0.0,0.12383829802274704,0.24956540763378143,0.415181040763855,0.9998090863227844,0.28560898,0.19803235,0.8250882698066547,0.08769728114014917,False
GSM331042,0.0,0.12383829802274704,0.24956540763378143,0.415181040763855,0.9998090863227844,0.2856085,0.19803143,0.8240939832714929,0.04419978703904494,False
GSM331043,0.0,0.12383829802274704,0.24956540763378143,0.415181040763855,0.9998090863227844,0.28560856,0.19803214,0.8196652582532604,-0.14954561083523743,False
GSM331044,0.0,0.12383829802274704,0.24956540763378143,0.415181040763855,0.9998090863227844,0.28560674,0.19803251,0.8193875352050229,-0.16169528421936274,False
GSM331045,0.0,0.12383829802274704,0.24956540763378143,0.415181040763855,0.9998090863227844,0.28560945,0.19803259,0.814880456164542,-0.3588684702613676,False
GSM331046,0.0,0.12383829802274704,0.24956540763378143,0.415181040763855,0.9998090863227844,0.2856075,0.19803207,0.8258564930700182,0.12130508501234262,False
GSM331047,0.0,0.12383829802274704,0.24956540763378143,0.415181040763855,0.9998090863227844,0.2856077,0.19803286,0.8158730141093188,-0.31544659757060944,False
GSM331048,0.0,0.12383829802274704,0.24956540763378143,0.415181040763855,0.9998090863227844,0.28560805,0.19803229,0.8004480832444665,-0.9902478903333878,False
GSM331049,0.0,0.12383829802274704,0.24956540763378143,0.415181040763855,0.9998090863227844,0.28560898,0.19803281,0.8332739184840773,0.44579848483585566,False
GSM331050,0.0,0.12383829802274704,0.24956540763378143,0.415181040763855,0.9998090863227844,0.28560895,0.19803204,0.7978678156077544,-1.1031280031963064,False
GSM331051,0.0,0.12383829802274704,0.24956540763378143,0.415181040763855,0.9998090863227844,0.28560743,0.1980323,0.8231069695595271,0.0010204603603933518,False
GSM331052,0.0,0.12383829802274704,0.24956540763378143,0.415181040763855,0.9998090863227844,0.285608,0.19803272,0.8434227417266447,0.8897835570613951,False
GSM331053,0.0,0.12383829802274704,0.24956540763378143,0.415181040763855,0.9998090863227844,0.28560787,0.19803298,0.818245317144811,-0.21166440436656114,False
GSM331054,0.0,0.12383829802274704,0.24956540763378143,0.415181040763855,0.9998090863227844,0.28560865,0.19803242,0.81556592025038,-0.32888116883884116,False
GSM331055,0.0,0.12383829802274704,0.24956540763378143,0.415181040763855,0.9998090863227844,0.2856068,0.1980327,0.7684351296573017,-2.3907327712735977,False
GSM331056,0.0,0.12383829802274704,0.24956540763378143,0.415181040763855,0.9998090863227844,0.2856088,0.19803263,0.8429955377131519,0.871094473583218,False
GSM331057,0.0,0.12383829802274704,0.24956540763378143,0.415181040763855,0.9998090863227844,0.2856076,0.19803268,0.8279445033011616,0.21265019479744313,False
GSM331058,0.0,0.12383829802274704,0.24956540763378143,0.415181040763855,0.9998090863227844,0.28560853,0.1980324,0.8138000745829079,-0.40613240255068256,False
GSM331059,0.0,0.12383829802274704,0.24956540763378143,0.415181040763855,0.9998090863227844,0.2856083,0.19803225,0.8325427610774683,0.4138122174408373,False
GSM331060,0.0,0.12383829802274704,0.24956540763378143,0.415181040763855,0.9998090863227844,0.2856086,0.19803248,0.7914103569988515,-1.38562530937088,False
GSM331061,0.0,0.12383829802274704,0.24956540763378143,0.415181040763855,0.9998090863227844,0.28560853,0.1980327,0.8517049954137915,1.2521109829697317,False
GSM331062,0.0,0.12383829802274704,0.24956540763378143,0.415181040763855,0.9998090863227844,0.28560805,0.1980321,0.8271832212326498,0.17934605045540844,False
GSM331063,0.0,0.12383829802274704,0.24956540763378143,0.415181040763855,0.9998090863227844,0.2856092,0.1980324,0.8283276541129398,0.229412063319018,False
GSM331064,0.0,0.12383829802274704,0.24956540763378143,0.415181040763855,0.9998090863227844,0.28560784,0.19803208,0.8119435400651904,-0.4873510416221314,False
GSM331065,0.0,0.12383829802274704,0.24956540763378143,0.415181040763855,0.9998090863227844,0.2856079,0.19803242,0.8237798316545075,0.030456456898858144,False
GSM331066,0.0,0.12383829802274704,0.24956540763378143,0.415181040763855,0.9998090863227844,0.28561106,0.19803241,0.7906376967686283,-1.4194272192004471,False
GSM331067,0.0,0.12383829802274704,0.24956540763378143,0.415181040763855,0.9998090863227844,0.28560737,0.19803225,0.8216746698073317,-0.06163899224095282,False
GSM331068,0.0,0.12383829802274704,0.24956540763378143,0.415181040763855,0.9998090863227844,0.28560826,0.19803225,0.8266395469815055,0.1555616918266178,False
GSM331069,0.0,0.12383829802274704,0.24956540763378143,0.415181040763855,0.9998090863227844,0.28560635,0.1980322,0.8436512558907618,0.899780467563746,False
GSM331070,0.0,0.12383829802274704,0.24956540763378143,0.415181040763855,0.9998090863227844,0.28560847,0.1980326,0.8203144388866672,-0.12114561770089793,False
GSM331071,0.0,0.12383829802274704,0.24956540763378143,0.415181040763855,0.9998090863227844,0.28560773,0.19803236,0.7211206093004937,-4.460622081181406,False
GSM331072,0.0,0.12383829802274704,0.24956540763378143,0.415181040763855,0.9998090863227844,0.28560743,0.19803292,0.8179762552939742,-0.22343517250604755,False
GSM331073,0.0,0.12383829802274704,0.24956540763378143,0.415181040763855,0.9998090863227844,0.28560743,0.19803289,0.8327107423757434,0.4211609698099196,False
GSM331074,0.0,0.12383829802274704,0.24956540763378143,0.415181040763855,0.9998090863227844,0.28560814,0.19803256,0.8163374974959818,-0.2951266368178997,False
GSM331075,0.0,0.12383829802274704,0.24956540763378143,0.415181040763855,0.9998090863227844,0.28560665,0.1980325,0.8177610616933348,-0.23284934240917582,False
GSM331076,0.0,0.12383829802274704,0.24956540763378143,0.415181040763855,0.9998090863227844,0.2856072,0.19803257,0.8256953987162176,0.11425761885810846,False
GSM331077,0.0,0.12383829802274704,0.24956540763378143,0.415181040763855,0.9998090863227844,0.28560686,0.19803256,0.8051101872695432,-0.7862927575240165,False
GSM331078,0.0,0.12383829802274704,0.24956540763378143,0.415181040763855,0.9998090863227844,0.2856078,0.19803229,0.8155024020200529,-0.331659929036491,False
GSM331079,0.0,0.12383829802274704,0.24956540763378143,0.415181040763855,0.9998090863227844,0.28560868,0.19803207,0.8175739333414845,-0.24103572942429613,False
GSM331080,0.0,0.12383829802274704,0.24956540763378143,0.415181040763855,0.9998090863227844,0.28560862,0.19803198,0.821470330384876,-0.07057831959636345,False
GSM331081,0.0,0.12383829802274704,0.24956540763378143,0.415181040763855,0.9998090863227844,0.2856073,0.19803241,0.8367496273274068,0.59785186136606,False
GSM331082,0.0,0.12383829802274704,0.24956540763378143,0.415181040763855,0.9998090863227844,0.2856079,0.19803172,0.8127431708145054,-0.4523692405302278,False
GSM331083,0.0,0.12383829802274704,0.24956540763378143,0.415181040763855,0.9998090863227844,0.28560746,0.1980324,0.7899546136060723,-1.4493103613160179,False
GSM331084,0.0,0.12383829802274704,0.24956540763378143,0.415181040763855,0.9998090863227844,0.2856071,0.19803251,0.8128919922307606,-0.4458586840188465,False
GSM331085,0.0,0.12383829802274704,0.24956540763378143,0.415181040763855,0.9998090863227844,0.28560853,0.19803242,0.8257597861813528,0.11707440585648635,False
GSM331086,0.0,0.12383829802274704,0.24956540763378143,0.415181040763855,0.9998090863227844,0.28560716,0.19803196,0.8112250895164177,-0.5187814164708558,False
GSM331087,0.0,0.12383829802274704,0.24956540763378143,0.415181040763855,0.9998090863227844,0.28560847,0.19803207,0.8264908505225538,0.1490566018778168,False
GSM331088,0.0,0.12383829802274704,0.24956540763378143,0.415181040763855,0.9998090863227844,0.28560877,0.19803196,0.831786934450768,0.38074673473167053,False
GSM331089,0.0,0.12383829802274704,0.24956540763378143,0.415181040763855,0.9998090863227844,0.28560713,0.19803214,0.8097237450366022,-0.5844613993983829,False
GSM331090,0.0,0.12383829802274704,0.24956540763378143,0.415181040763855,0.9998090863227844,0.2856075,0.19803236,0.8303479878581376,0.3177964998533948,False
GSM331091,0.0,0.12383829802274704,0.24956540763378143,0.415181040763855,0.9998090863227844,0.28560823,0.19803225,0.8001397273750284,-1.0037376713347383,False
GSM331092,0.0,0.12383829802274704,0.24956540763378143,0.415181040763855,0.9998090863227844,0.28560883,0.19803163,0.8293176611160368,0.27272233883255476,False
GSM331093,0.0,0.12383829802274704,0.24956540763378143,0.415181040763855,0.9998090863227844,0.28560665,0.19803256,0.8093426372875687,-0.6011338891477973,False
GSM331094,0.0,0.12383829802274704,0.24956540763378143,0.415181040763855,0.9998090863227844,0.28560808,0.19803233,0.8039965757947363,-0.8350104126901408,False
GSM331095,0.0,0.12383829802274704,0.24956540763378143,0.415181040763855,0.9998090863227844,0.28560904,0.19803227,0.8127330232145558,-0.452813172086516,False
GSM331096,0.0,0.12383829802274704,0.24956540763378143,0.415181040763855,0.9998090863227844,0.2856088,0.19803192,0.807868083500673,-0.6656418477483,False
GSM331097,0.0,0.12383829802274704,0.24956540763378143,0.415181040763855,0.9998090863227844,0.28560832,0.19803211,0.8184112450232723,-0.20440548386493013,False
GSM331098,0.0,0.12383829802274704,0.24956540763378143,0.415181040763855,0.9998090863227844,0.2856084,0.19803254,0.8248445235632136,0.0770340061069401,False
GSM331099,0.0,0.12383829802274704,0.24956540763378143,0.415181040763855,0.9998090863227844,0.2856071,0.19803184,0.8028028039150203,-0.8872348806475127,False
GSM331100,0.0,0.12383829802274704,0.24956540763378143,0.415181040763855,0.9998090863227844,0.2856084,0.19803229,0.8298257590799585,0.2949503258432301,False
GSM331101,0.0,0.12383829802274704,0.24956540763378143,0.415181040763855,0.9998090863227844,0.28560644,0.19803256,0.8358609361035504,0.558973892188792,False
GSM331102,0.0,0.12383829802274704,0.24956540763378143,0.415181040763855,0.9998090863227844,0.285608,0.19803257,0.8223532463716954,-0.031953002275544796,False
GSM331103,0.0,0.12383829802274704,0.24956540763378143,0.415181040763855,0.9998090863227844,0.28560892,0.1980322,0.8118485681617655,-0.49150581960906475,False
GSM331104,0.0,0.12383829802274704,0.24956540763378143,0.415181040763855,0.9998090863227844,0.2856088,0.1980324,0.8363971013799637,0.5824297523691858,False
GSM331105,0.0,0.12383829802274704,0.24956540763378143,0.415181040763855,0.9998090863227844,0.28560755,0.19803236,0.8136977718187799,-0.4106078869526327,False
GSM331106,0.0,0.12383829802274704,0.24956540763378143,0.415181040763855,0.9998090863227844,0.2856078,0.19803247,0.8204534836940262,-0.11506276283562533,False
GSM331107,0.0,0.12383829802274704,0.24956540763378143,0.415181040763855,0.9998090863227844,0.28561038,0.19803229,0.7992474589511522,-1.0427721338680513,False
GSM331108,0.0,0.12383829802274704,0.24956540763378143,0.415181040763855,0.9998090863227844,0.285608,0.19803225,0.8023306296412177,-0.9078912980514552,False
GSM331109,0.0,0.12383829802274704,0.24956540763378143,0.415181040763855,0.9998090863227844,0.28560743,0.1980324,0.8245701433248934,0.06503057211107718,False
GSM331110,0.0,0.12383829802274704,0.24956540763378143,0.415181040763855,0.9998090863227844,0.28560957,0.19803211,0.8330840105734084,0.43749049922813843,False
GSM331111,0.0,0.12383829802274704,0.24956540763378143,0.415181040763855,0.9998090863227844,0.28560895,0.19803233,0.8323085333328306,0.4035653523970168,False
GSM331112,0.0,0.12383829802274704,0.24956540763378143,0.415181040763855,0.9998090863227844,0.28560793,0.19803278,0.8104343684310015,-0.5533734425440154,False
GSM331113,0.0,0.12383829802274704,0.24956540763378143,0.415181040763855,0.9998090863227844,0.28560755,0.19803235,0.8245476678580721,0.06404732789433737,False
GSM331114,0.0,0.12383829802274704,0.24956540763378143,0.415181040763855,0.9998090863227844,0.2856079,0.19803236,0.8121923326975977,-0.4764669999723342,False
GSM331115,0.0,0.12383829802274704,0.24956540763378143,0.415181040763855,0.9998090863227844,0.28560925,0.1980324,0.8252779530126334,0.09599543649210987,False
GSM331116,0.0,0.12383829802274704,0.24956540763378143,0.415181040763855,0.9998090863227844,0.28560862,0.19803247,0.8212615741540288,-0.07971087102769632,False
GSM331117,0.0,0.12383829802274704,0.24956540763378143,0.415181040763855,0.9998090863227844,0.28560916,0.1980324,0.8509960697729693,1.2210972984941921,False
GSM331118,0.0,0.12383829802274704,0.24956540763378143,0.415181040763855,0.9998090863227844,0.28560773,0.19803211,0.8298372616539047,0.29545353404798746,False
GSM331119,0.0,0.12383829802274704,0.24956540763378143,0.415181040763855,0.9998090863227844,0.28560784,0.19803277,0.8173962421191927,-0.2488092661464832,False
GSM331120,0.0,0.12383829802274704,0.24956540763378143,0.415181040763855,0.9998090863227844,0.28560823,0.19803217,0.8239619507672664,0.03842370250943927,False
GSM331121,0.0,0.12383829802274704,0.24956540763378143,0.415181040763855,0.9998090863227844,0.28560993,0.19803219,0.8413586363850986,0.7994842250852835,False
GSM331122,0.0,0.12383829802274704,0.24956540763378143,0.415181040763855,0.9998090863227844,0.2856084,0.19803195,0.7964249300063009,-1.1662505596408395,False
GSM331123,0.0,0.12383829802274704,0.24956540763378143,0.415181040763855,0.9998090863227844,0.28560656,0.19803214,0.7885292323625529,-1.5116671468493927,False
GSM331124,0.0,0.12383829802274704,0.24956540763378143,0.415181040763855,0.9998090863227844,0.28560773,0.19803242,0.7002581690681979,-5.373300508221746,True
GSM331125,0.0,0.12383829802274704,0.24956540763378143,0.415181040763855,0.9998090863227844,0.28560683,0.19803227,0.831285665687421,0.3588175077878458,False
GSM331126,0.0,0.12383829802274704,0.24956540763378143,0.415181040763855,0.9998090863227844,0.28560773,0.19803171,0.8104478812636075,-0.5527822906619555,False
GSM331127,0.0,0.12383829802274704,0.24956540763378143,0.415181040763855,0.9998090863227844,0.28560877,0.19803248,0.8218642059761161,-0.05334726939035457,False
GSM331128,0.0,0.12383829802274704,0.24956540763378143,0.415181040763855,0.9998090863227844,0.2856086,0.19803259,0.8088935277471306,-0.6207812834301457,False
GSM331129,0.0,0.12383829802274704,0.24956540763378143,0.415181040763855,0.9998090863227844,0.28560808,0.19803214,0.8240991709724285,0.044426735693044395,False
GSM331130,0.0,0.12383829802274704,0.24956540763378143,0.415181040763855,0.9998090863227844,0.28560707,0.19803251,0.7735600152190748,-2.166532129296916,False
GSM331131,0.0,0.12383829802274704,0.24956540763378143,0.415181040763855,0.9998090863227844,0.28560665,0.19803251,0.8247108820333251,0.07118753081796264,False
GSM331132,0.0,0.12383829802274704,0.24956540763378143,0.415181040763855,0.9998090863227844,0.2856078,0.1980325,0.8216130825032911,-0.06433327934982208,False
GSM331133,0.0,0.12383829802274704,0.24956540763378143,0.415181040763855,0.9998090863227844,0.28560874,0.19803242,0.8214253700032331,-0.07254522135570189,False
GSM331134,0.0,0.12383829802274704,0.24956540763378143,0.415181040763855,0.9998090863227844,0.2856082,0.19803293,0.8192325367495176,-0.16847607040684504,False
GSM331135,0.0,0.12383829802274704,0.24956540763378143,0.415181040763855,0.9998090863227844,0.28560773,0.19803253,0.8309751339495605,0.3452325381054433,False
GSM331136,0.0,0.12383829802274704,0.24956540763378143,0.415181040763855,0.9998090863227844,0.28560653,0.19803263,0.7962521489339488,-1.1738092898555592,False
GSM331137,0.0,0.12383829802274704,0.24956540763378143,0.415181040763855,0.9998090863227844,0.28560746,0.19803259,0.8068423782702282,-0.7105138294487053,False
GSM331138,0.0,0.12383829802274704,0.24956540763378143,0.415181040763855,0.9998090863227844,0.28560725,0.19803254,0.7976291565986311,-1.1135687247332102,False
GSM331139,0.0,0.12383829802274704,0.24956540763378143,0.415181040763855,0.9998090863227844,0.2856085,0.19803293,0.8210353540641014,-0.08960742164885493,False
GSM331140,0.0,0.12383829802274704,0.24956540763378143,0.415181040763855,0.9998090863227844,0.2856073,0.19803248,0.801084630241772,-0.9624005864816211,False
GSM331141,0.0,0.12383829802274704,0.24956540763378143,0.415181040763855,0.9998090863227844,0.28560728,0.19803207,0.8137006428113388,-0.41048228836763795,False
GSM331142,0.0,0.12383829802274704,0.24956540763378143,0.415181040763855,0.9998090863227844,0.28560737,0.19803199,0.8219147303436306,-0.05113695747300887,False
GSM331143,0.0,0.12383829802274704,0.24956540763378143,0.415181040763855,0.9998090863227844,0.2856076,0.19803226,0.8197674197618942,-0.14507630600005492,False
GSM331144,0.0,0.12383829802274704,0.24956540763378143,0.415181040763855,0.9998090863227844,0.285608,0.19803235,0.8275128169044975,0.1937650185143628,False
GSM331145,0.0,0.12383829802274704,0.24956540763378143,0.415181040763855,0.9998090863227844,0.28560725,0.19803219,0.8357631426405702,0.5546956781843991,False
GSM331146,0.0,0.12383829802274704,0.24956540763378143,0.415181040763855,0.9998090863227844,0.2856079,0.19803222,0.8234931831939364,0.017916319542222035,False
GSM331147,0.0,0.12383829802274704,0.24956540763378143,0.415181040763855,0.9998090863227844,0.285607,0.19803211,0.8116115581122568,-0.501874403378259,False
GSM331148,0.0,0.12383829802274704,0.24956540763378143,0.415181040763855,0.9998090863227844,0.28560635,0.1980316,0.7597587825479907,-2.7703007769340044,False
GSM331149,0.0,0.12383829802274704,0.24956540763378143,0.415181040763855,0.9998090863227844,0.285607,0.19803268,0.8090280819171035,-0.6148948824705658,False
GSM331150,0.0,0.12383829802274704,0.24956540763378143,0.415181040763855,0.9998090863227844,0.28560737,0.19803232,0.8244748448208928,0.06086150618388483,False
GSM331151,0.0,0.12383829802274704,0.24956540763378143,0.415181040763855,0.9998090863227844,0.28560826,0.1980324,0.8236915824536605,0.026595779963666005,False
GSM331152,0.0,0.12383829802274704,0.24956540763378143,0.415181040763855,0.9998090863227844,0.2856084,0.19803256,0.8280448917395228,0.2170419323409084,False
GSM331153,0.0,0.12383829802274704,0.24956540763378143,0.415181040763855,0.9998090863227844,0.28560734,0.19803186,0.8168648181001298,-0.272057708438434,False
GSM331154,0.0,0.12383829802274704,0.24956540763378143,0.415181040763855,0.9998090863227844,0.2856079,0.19803284,0.8184456414110686,-0.20290072983039792,False
GSM331155,0.0,0.12383829802274704,0.24956540763378143,0.415181040763855,0.9998090863227844,0.28560865,0.19803204,0.8269821907930864,0.17055148264239428,False
GSM331156,0.0,0.12383829802274704,0.24956540763378143,0.415181040763855,0.9998090863227844,0.28560802,0.1980324,0.8116867747513447,-0.49858386770335406,False
GSM331157,0.0,0.12383829802274704,0.24956540763378143,0.415181040763855,0.9998090863227844,0.28560576,0.19803254,0.8369679024075037,0.6074008381179079,False
GSM331158,0.0,0.12383829802274704,0.24956540763378143,0.415181040763855,0.9998090863227844,0.28560933,0.19803202,0.8161020200351455,-0.3054281737506133,False
GSM331159,0.0,0.12383829802274704,0.24956540763378143,0.415181040763855,0.9998090863227844,0.28560838,0.19803235,0.8389996436094118,0.6962843217211325,False
GSM331160,0.0,0.12383829802274704,0.24956540763378143,0.415181040763855,0.9998090863227844,0.28560758,0.19803223,0.8312829374596792,0.3586981547986318,False
GSM331161,0.0,0.12383829802274704,0.24956540763378143,0.415181040763855,0.9998090863227844,0.2856079,0.19803242,0.8033841680741733,-0.8618016848945056,False
GSM331162,0.0,0.12383829802274704,0.24956540763378143,0.415181040763855,0.9998090863227844,0.28560752,0.19803225,0.8228914944789412,-0.008406023570817017,False
GSM331163,0.0,0.12383829802274704,0.24956540763378143,0.415181040763855,0.9998090863227844,0.28560856,0.19803268,0.79624126224131,-1.1742855548275681,False
GSM331164,0.0,0.12383829802274704,0.24956540763378143,0.415181040763855,0.9998090863227844,0.28560707,0.19803298,0.8097624823188717,-0.5827667423277847,False
GSM331165,0.0,0.12383829802274704,0.24956540763378143,0.415181040763855,0.9998090863227844,0.28560868,0.19803217,0.8201734244982868,-0.1273146367007883,False
GSM331166,0.0,0.12383829802274704,0.24956540763378143,0.415181040763855,0.9998090863227844,0.28560826,0.19803217,0.8287236527820481,0.24673599275428465,False
GSM331167,0.0,0.12383829802274704,0.24956540763378143,0.415181040763855,0.9998090863227844,0.28560787,0.19803225,0.8196938939861967,-0.14829287072418315,False
GSM331168,0.0,0.12383829802274704,0.24956540763378143,0.415181040763855,0.9998090863227844,0.28560725,0.19803259,0.7795977028585799,-1.9023987299233374,False
GSM331169,0.0,0.12383829802274704,0.24956540763378143,0.415181040763855,0.9998090863227844,0.2856072,0.19803226,0.8268664400367375,0.1654876829594716,False
GSM331170,0.0,0.12383829802274704,0.24956540763378143,0.415181040763855,0.9998090863227844,0.28560752,0.1980322,0.8174246258944021,-0.24756754854187166,False
GSM331171,0.0,0.12383829802274704,0.24956540763378143,0.415181040763855,0.9998090863227844,0.28560838,0.19803162,0.812419794004517,-0.4665161492808469,False
GSM331172,0.0,0.12383829802274704,0.24956540763378143,0.415181040763855,0.9998090863227844,0.2856085,0.1980321,0.8297815167529995,0.29301483714066573,False
GSM331173,0.0,0.12383829802274704,0.24956540763378143,0.415181040763855,0.9998090863227844,0.28560916,0.19803208,0.6862332813390878,-5.986853492891605,True
GSM331174,0.0,0.12383829802274704,0.24956540763378143,0.415181040763855,0.9998090863227844,0.285608,0.19803281,0.8244679375875349,0.06055933238225206,False
GSM331175,0.0,0.12383829802274704,0.24956540763378143,0.415181040763855,0.9998090863227844,0.2856067,0.1980323,0.8242606430121439,0.05149072464052637,False
GSM331176,0.0,0.12383829802274704,0.24956540763378143,0.415181040763855,0.9998090863227844,0.28560746,0.19803251,0.8406374619490541,0.7679346871318156,False
GSM331177,0.0,0.12383829802274704,0.24956540763378143,0.415181040763855,0.9998090863227844,0.28560728,0.19803275,0.8075160252093887,-0.6810434979837515,False
GSM331178,0.0,0.12383829802274704,0.24956540763378143,0.415181040763855,0.9998090863227844,0.28560916,0.19803286,0.8194212555958184,-0.1602201033254854,False
GSM331179,0.0,0.12383829802274704,0.24956540763378143,0.415181040763855,0.9998090863227844,0.28560746,0.19803225,0.8217580500836564,-0.05799131830660557,False
GSM331180,0.0,0.12383829802274704,0.24956540763378143,0.415181040763855,0.9998090863227844,0.28560647,0.19803184,0.8199599010966299,-0.13665573966816147,False
GSM331181,0.0,0.12383829802274704,0.24956540763378143,0.415181040763855,0.9998090863227844,0.2856095,0.19803251,0.8294362431303204,0.27790999881223916,False
GSM331182,0.0,0.12383829802274704,0.24956540763378143,0.415181040763855,0.9998090863227844,0.28560764,0.19803242,0.823371137319956,0.012577124555879367,False
GSM331183,0.0,0.12383829802274704,0.24956540763378143,0.415181040763855,0.9998090863227844,0.28560838,0.19803214,0.8071639146485972,-0.6964474348765237,False
GSM331184,0.0,0.12383829802274704,0.24956540763378143,0.415181040763855,0.9998090863227844,0.28560895,0.19803245,0.8132059978657133,-0.43212174021939365,False
GSM331185,0.0,0.12383829802274704,0.24956540763378143,0.415181040763855,0.9998090863227844,0.2856087,0.19803205,0.8221559938866102,-0.04058229423817179,False
GSM331186,0.0,0.12383829802274704,0.24956540763378143,0.415181040763855,0.9998090863227844,0.28560883,0.19803214,0.8191468888799843,-0.1722229457471492,False
GSM331187,0.0,0.12383829802274704,0.24956540763378143,0.415181040763855,0.9998090863227844,0.28560704,0.19803211,0.7932495580844628,-1.305164963642575,False
GSM331188,0.0,0.12383829802274704,0.24956540763378143,0.415181040763855,0.9998090863227844,0.28560698,0.19803253,0.7957718027498589,-1.194823207443748,False
GSM331189,0.0,0.12383829802274704,0.24956540763378143,0.415181040763855,0.9998090863227844,0.28560734,0.19803278,0.6036723006716735,-9.598685336694642,True
GSM331190,0.0,0.12383829802274704,0.24956540763378143,0.415181040763855,0.9998090863227844,0.2856085,0.19803217,0.8157136008693858,-0.3224205192907632,False
GSM331191,0.0,0.12383829802274704,0.24956540763378143,0.415181040763855,0.9998090863227844,0.28560743,0.19803174,0.8072691374962361,-0.6918442042859273,False
GSM331192,0.0,0.12383829802274704,0.24956540763378143,0.415181040763855,0.9998090863227844,0.28560725,0.19803232,0.818644215500368,-0.19421362106196893,False
GSM331193,0.0,0.12383829802274704,0.24956540763378143,0.415181040763855,0.9998090863227844,0.28560725,0.19803217,0.8273476120571454,0.18653772877538968,False
GSM331194,0.0,0.12383829802274704,0.24956540763378143,0.415181040763855,0.9998090863227844,0.28560773,0.1980321,0.8089904857626286,-0.6165396181173505,False
GSM331195,0.0,0.12383829802274704,0.24956540763378143,0.415181040763855,0.9998090863227844,0.28560755,0.19803211,0.8134147196026232,-0.4229906978096399,False
GSM331196,0.0,0.12383829802274704,0.24956540763378143,0.415181040763855,0.9998090863227844,0.28560755,0.19803214,0.8151174798973793,-0.34849928788152834,False
GSM331197,0.0,0.12383829802274704,0.24956540763378143,0.415181040763855,0.9998090863227844,0.2856079,0.19803245,0.8218338147885752,-0.054676806152682556,False
GSM331198,0.0,0.12383829802274704,0.24956540763378143,0.415181040763855,0.9998090863227844,0.28560692,0.19803257,0.8232087779719673,0.005474318139771535,False
GSM331199,0.0,0.12383829802274704,0.24956540763378143,0.415181040763855,0.9998090863227844,0.28560743,0.19803225,0.8250214659386487,0.08477478269351027,False
GSM331200,0.0,0.12383829802274704,0.24956540763378143,0.415181040763855,0.9998090863227844,0.2856076,0.19803253,0.8147008039288995,-0.36672779630447283,False
GSM331201,0.0,0.12383829802274704,0.24956540763378143,0.415181040763855,0.9998090863227844,0.2856084,0.19803259,0.8181691314549837,-0.21499733353401707,False
GSM331202,0.0,0.12383829802274704,0.24956540763378143,0.415181040763855,0.9998090863227844,0.2856074,0.19803245,0.8129345063378164,-0.4439988005189936,False
GSM331203,0.0,0.12383829802274704,0.24956540763378143,0.415181040763855,0.9998090863227844,0.28560925,0.198032,0.8215549178735879,-0.06687783320621743,False
GSM331204,0.0,0.12383829802274704,0.24956540763378143,0.415181040763855,0.9998090863227844,0.28560692,0.19803223,0.8293481647074391,0.2740567929764695,False
GSM331205,0.0,0.12383829802274704,0.24956540763378143,0.415181040763855,0.9998090863227844,0.2856083,0.19803242,0.8285930307588484,0.24102161316382004,False
GSM331206,0.0,0.12383829802274704,0.24956540763378143,0.415181040763855,0.9998090863227844,0.28560814,0.19803242,0.8216034608113891,-0.06475420377346576,False
GSM331207,0.0,0.12383829802274704,0.24956540763378143,0.415181040763855,0.9998090863227844,0.28560778,0.19803245,0.8333983560306459,0.4512423093838214,False
GSM331208,0.0,0.12383829802274704,0.24956540763378143,0.415181040763855,0.9998090863227844,0.28560773,0.19803207,0.837921451207123,0.649116160431714,False
GSM331209,0.0,0.12383829802274704,0.24956540763378143,0.415181040763855,0.9998090863227844,0.28560844,0.19803281,0.8269055297199221,0.167197756669222,False
GSM331210,0.0,0.12383829802274704,0.24956540763378143,0.415181040763855,0.9998090863227844,0.28560764,0.19803263,0.8193235996850131,-0.16449229977386362,False
GSM331211,0.0,0.12383829802274704,0.24956540763378143,0.415181040763855,0.9998090863227844,0.28560957,0.19803286,0.7974641671996129,-1.120786589158349,False
GSM331212,0.0,0.12383829802274704,0.24956540763378143,0.415181040763855,0.9998090863227844,0.28560796,0.19803202,0.8117607274014023,-0.49534862831723675,False
GSM331213,0.0,0.12383829802274704,0.24956540763378143,0.415181040763855,0.9998090863227844,0.2856076,0.1980324,0.8152956720563226,-0.34070383646144203,False
GSM331214,0.0,0.12383829802274704,0.24956540763378143,0.415181040763855,0.9998090863227844,0.28560826,0.19803286,0.8152233448595265,-0.3438679664227051,False
GSM331215,0.0,0.12383829802274704,0.24956540763378143,0.415181040763855,0.9998090863227844,0.2856072,0.1980332,0.8034873633225368,-0.8572871565888196,False
GSM331216,0.0,0.12383829802274704,0.24956540763378143,0.415181040763855,0.9998090863227844,0.28560832,0.19803256,0.8243947526343836,0.05735767777322959,False
GSM331217,0.0,0.12383829802274704,0.24956540763378143,0.415181040763855,0.9998090863227844,0.2856092,0.19803257,0.8257670961830917,0.11739419974514258,False
GSM331218,0.0,0.12383829802274704,0.24956540763378143,0.415181040763855,0.9998090863227844,0.2856072,0.19803232,0.8147107436240592,-0.3662929600512578,False
GSM331219,0.0,0.12383829802274704,0.24956540763378143,0.415181040763855,0.9998090863227844,0.28560716,0.19803219,0.7860081346389679,-1.6219587272760478,False
GSM331220,0.0,0.12383829802274704,0.24956540763378143,0.415181040763855,0.9998090863227844,0.28560877,0.19803211,0.8194901935086588,-0.15720424587285256,False
GSM331221,0.0,0.12383829802274704,0.24956540763378143,0.415181040763855,0.9998090863227844,0.2856078,0.19803253,0.823234716883955,0.006609079228523894,False
GSM331222,0.0,0.12383829802274704,0.24956540763378143,0.415181040763855,0.9998090863227844,0.2856051,0.19803299,0.8136450886578811,-0.4129126405617617,False
GSM331223,0.0,0.12383829802274704,0.24956540763378143,0.415181040763855,0.9998090863227844,0.2856085,0.19803275,0.7990405027175006,-1.0518259400236212,False
GSM331224,0.0,0.12383829802274704,0.24956540763378143,0.415181040763855,0.9998090863227844,0.28560752,0.19803263,0.8238965291165667,0.035561672536429376,False
GSM331225,0.0,0.12383829802274704,0.24956540763378143,0.415181040763855,0.9998090863227844,0.28560746,0.19803262,0.7859604052812219,-1.6240467646612349,False
GSM331226,0.0,0.12383829802274704,0.24956540763378143,0.415181040763855,0.9998090863227844,0.28560746,0.19803229,0.8153285060918181,-0.3392674313460419,False
GSM331227,0.0,0.12383829802274704,0.24956540763378143,0.415181040763855,0.9998090863227844,0.2856089,0.19803242,0.8117364217089031,-0.4964119402285576,False
GSM331228,0.0,0.12383829802274704,0.24956540763378143,0.415181040763855,0.9998090863227844,0.28560805,0.19803199,0.8342884402626508,0.4901812191064748,False
GSM331229,0.0,0.12383829802274704,0.24956540763378143,0.415181040763855,0.9998090863227844,0.2856077,0.19803256,0.8373475816169198,0.6240108329110069,False
GSM331230,0.0,0.12383829802274704,0.24956540763378143,0.415181040763855,0.9998090863227844,0.28560856,0.1980323,0.8190256835230426,-0.17752537026176463,False
GSM331231,0.0,0.12383829802274704,0.24956540763378143,0.415181040763855,0.9998090863227844,0.2856079,0.19803272,0.8235091005432016,0.018612662881172835,False
GSM331232,0.0,0.12383829802274704,0.24956540763378143,0.415181040763855,0.9998090863227844,0.28560707,0.19803257,0.8331703676419099,0.44126840021029295,False
GSM331233,0.0,0.12383829802274704,0.24956540763378143,0.415181040763855,0.9998090863227844,0.28560835,0.19803245,0.740957110160158,-3.592825878963577,False
GSM331234,0.0,0.12383829802274704,0.24956540763378143,0.415181040763855,0.9998090863227844,0.2856074,0.19803232,0.8138753490293527,-0.4028393379516931,False
GSM331235,0.0,0.12383829802274704,0.24956540763378143,0.415181040763855,0.9998090863227844,0.28560826,0.19803281,0.8289911785350087,0.2584395605385994,False
GSM331236,0.0,0.12383829802274704,0.24956540763378143,0.415181040763855,0.9998090863227844,0.28560796,0.19803207,0.7871287205678337,-1.572935957574471,False
GSM331237,0.0,0.12383829802274704,0.24956540763378143,0.415181040763855,0.9998090863227844,0.28560865,0.19803292,0.8258904622409942,0.12279114940313361,False
GSM331238,0.0,0.12383829802274704,0.24956540763378143,0.415181040763855,0.9998090863227844,0.28560776,0.19803219,0.76935018119769,-2.3507016056360475,False
GSM331239,0.0,0.12383829802274704,0.24956540763378143,0.415181040763855,0.9998090863227844,0.28560734,0.19803235,0.8177442360436323,-0.23358542157026302,False
GSM331240,0.0,0.12383829802274704,0.24956540763378143,0.415181040763855,0.9998090863227844,0.28560883,0.19803202,0.7654115873260253,-2.5230050188281923,False
GSM331241,0.0,0.12383829802274704,0.24956540763378143,0.415181040763855,0.9998090863227844,0.28560755,0.19803265,0.8243576229543125,0.05573334918911098,False
GSM331242,0.0,0.12383829802274704,0.24956540763378143,0.415181040763855,0.9998090863227844,0.2856081,0.19803241,0.7997221920349967,-1.0220037750661664,False
GSM331243,0.0,0.12383829802274704,0.24956540763378143,0.415181040763855,0.9998090863227844,0.28560752,0.19803223,0.8032917518916104,-0.8658446566272204,False
GSM331244,0.0,0.12383829802274704,0.24956540763378143,0.415181040763855,0.9998090863227844,0.28560776,0.1980325,0.8161062277394153,-0.305244097445462,False
GSM331245,0.0,0.12383829802274704,0.24956540763378143,0.415181040763855,0.9998090863227844,0.2856087,0.19803303,0.8273030438782502,0.18458798488362987,False
GSM331246,0.0,0.12383829802274704,0.24956540763378143,0.415181040763855,0.9998090863227844,0.28560966,0.19803254,0.8376954167014882,0.6392277286489207,False
GSM331247,0.0,0.12383829802274704,0.24956540763378143,0.415181040763855,0.9998090863227844,0.28560764,0.19803236,0.8232412280844807,0.00689392760617369,False
GSM331248,0.0,0.12383829802274704,0.24956540763378143,0.415181040763855,0.9998090863227844,0.28560793,0.19803219,0.8120193800152014,-0.48403323768778445,False
GSM331249,0.0,0.12383829802274704,0.24956540763378143,0.415181040763855,0.9998090863227844,0.2856087,0.1980327,0.8302526425554718,0.31362538660423844,False
GSM331250,0.0,0.12383829802274704,0.24956540763378143,0.415181040763855,0.9998090863227844,0.28560656,0.1980325,0.8244634155048052,0.0603615028231616,False
GSM331251,0.0,0.12383829802274704,0.24956540763378143,0.415181040763855,0.9998090863227844,0.28560847,0.19803217,0.8395312481643843,0.719540661997601,False
GSM331252,0.0,0.12383829802274704,0.24956540763378143,0.415181040763855,0.9998090863227844,0.28560817,0.19803245,0.799938345777041,-1.012547601431095,False
GSM331253,0.0,0.12383829802274704,0.24956540763378143,0.415181040763855,0.9998090863227844,0.28561026,0.19803219,0.7630775487009996,-2.6251132418941676,False
GSM331254,0.0,0.12383829802274704,0.24956540763378143,0.415181040763855,0.9998090863227844,0.28560862,0.19803214,0.8365707528102124,0.5900265585168849,False
GSM331255,0.0,0.12383829802274704,0.24956540763378143,0.415181040763855,0.9998090863227844,0.28560835,0.19803174,0.8358770523464327,0.559678936615037,False
GSM331256,0.0,0.12383829802274704,0.24956540763378143,0.415181040763855,0.9998090863227844,0.28560704,0.19803262,0.8300786741184053,0.3060147122186628,False
GSM331257,0.0,0.12383829802274704,0.24956540763378143,0.415181040763855,0.9998090863227844,0.2856076,0.19803211,0.8376231885747701,0.6360679327503069,False
GSM331258,0.0,0.12383829802274704,0.24956540763378143,0.415181040763855,0.9998090863227844,0.28560895,0.1980323,0.841684154123426,0.813724793977628,False
GSM331259,0.0,0.12383829802274704,0.24956540763378143,0.415181040763855,0.9998090863227844,0.2856074,0.19803217,0.8322233622361142,0.3998393346486161,False
GSM331260,0.0,0.12383829802274704,0.24956540763378143,0.415181040763855,0.9998090863227844,0.28560877,0.19803256,0.82228099544892,-0.03511379544339253,False
GSM331261,0.0,0.12383829802274704,0.24956540763378143,0.415181040763855,0.9998090863227844,0.28560647,0.19803265,0.81881506130034,-0.18673955406651413,False
GSM331262,0.0,0.12383829802274704,0.24956540763378143,0.415181040763855,0.9998090863227844,0.28560764,0.19803198,0.8091085190872488,-0.6113759619077583,False
GSM331263,0.0,0.12383829802274704,0.24956540763378143,0.415181040763855,0.9998090863227844,0.2856088,0.19803281,0.8313518675548326,0.36171367024744133,False
GSM331264,0.0,0.12383829802274704,0.24956540763378143,0.415181040763855,0.9998090863227844,0.2856083,0.19803247,0.8266930244030507,0.1579011923085629,False
GSM331265,0.0,0.12383829802274704,0.24956540763378143,0.415181040763855,0.9998090863227844,0.28560817,0.19803178,0.8007886441521118,-0.9753492212400181,False
GSM331266,0.0,0.12383829802274704,0.24956540763378143,0.415181040763855,0.9998090863227844,0.28560922,0.19803306,0.8339309170587442,0.474540492914399,False
GSM331267,0.0,0.12383829802274704,0.24956540763378143,0.415181040763855,0.9998090863227844,0.28560776,0.19803204,0.8301231486095801,0.3079603575121619,False
GSM331268,0.0,0.12383829802274704,0.24956540763378143,0.415181040763855,0.9998090863227844,0.2856082,0.19803253,0.8248168378291325,0.07582282601720855,False
GSM331269,0.0,0.12383829802274704,0.24956540763378143,0.415181040763855,0.9998090863227844,0.2856067,0.19803225,0.8336899177466451,0.4639973891050995,False
GSM331270,0.0,0.12383829802274704,0.24956540763378143,0.415181040763855,0.9998090863227844,0.2856076,0.19803259,0.8202253590023287,-0.12504263491526604,False
GSM331271,0.0,0.12383829802274704,0.24956540763378143,0.415181040763855,0.9998090863227844,0.2856087,0.19803236,0.7277660601800564,-4.1699005937523355,False
GSM331272,0.0,0.12383829802274704,0.24956540763378143,0.415181040763855,0.9998090863227844,0.28560627,0.19803265,0.8169759809651382,-0.26719461727308924,False
GSM331273,0.0,0.12383829802274704,0.24956540763378143,0.415181040763855,0.9998090863227844,0.28560692,0.19803207,0.818225770643327,-0.21251951383745102,False
GSM331274,0.0,0.12383829802274704,0.24956540763378143,0.415181040763855,0.9998090863227844,0.28560877,0.1980323,0.7873398955040386,-1.5636975939669626,False
GSM331275,0.0,0.12383829802274704,0.24956540763378143,0.415181040763855,0.9998090863227844,0.28560802,0.19803236,0.8124371261095253,-0.4657579139948423,False
GSM331276,0.0,0.12383829802274704,0.24956540763378143,0.415181040763855,0.9998090863227844,0.28560853,0.19803214,0.8314150984142282,0.3644798587014785,False
GSM331277,0.0,0.12383829802274704,0.24956540763378143,0.415181040763855,0.9998090863227844,0.2856095,0.19803281,0.8159557688136644,-0.3118262908111245,False
GSM331278,0.0,0.12383829802274704,0.24956540763378143,0.415181040763855,0.9998090863227844,0.28560746,0.19803207,0.8176386126710958,-0.23820617410121953,False
GSM331279,0.0,0.12383829802274704,0.24956540763378143,0.415181040763855,0.9998090863227844,0.28560895,0.19803192,0.7783181073156948,-1.9583777637431807,False
GSM331280,0.0,0.12383829802274704,0.24956540763378143,0.415181040763855,0.9998090863227844,0.28560823,0.19803256,0.8346897300668097,0.5077366221738535,False
GSM331281,0.0,0.12383829802274704,0.24956540763378143,0.415181040763855,0.9998090863227844,0.28560942,0.19803278,0.8285118780323771,0.23747138884101268,False
GSM331282,0.0,0.12383829802274704,0.24956540763378143,0.415181040763855,0.9998090863227844,0.28560764,0.19803257,0.8245134888105703,0.0625520819420737,False
GSM331283,0.0,0.12383829802274704,0.24956540763378143,0.415181040763855,0.9998090863227844,0.28560835,0.19803156,0.8146880895149962,-0.3672840194093862,False
GSM331284,0.0,0.12383829802274704,0.24956540763378143,0.415181040763855,0.9998090863227844,0.28560835,0.19803178,0.8272374356768896,0.18171779379610628,False
GSM331285,0.0,0.12383829802274704,0.24956540763378143,0.415181040763855,0.9998090863227844,0.28560835,0.19803219,0.8226365615526054,-0.019558687382823438,False
GSM331286,0.0,0.12383829802274704,0.24956540763378143,0.415181040763855,0.9998090863227844,0.28560752,0.19803219,0.8346000662390283,0.5038140589266608,False
GSM331287,0.0,0.12383829802274704,0.24956540763378143,0.415181040763855,0.9998090863227844,0.28560853,0.19803217,0.8403239182936909,0.754217953758394,False
GSM331288,0.0,0.12383829802274704,0.24956540763378143,0.415181040763855,0.9998090863227844,0.28560826,0.19803245,0.8339234106487179,0.47421210666527025,False
GSM331289,0.0,0.12383829802274704,0.24956540763378143,0.415181040763855,0.9998090863227844,0.28560862,0.19803324,0.8168513289644488,-0.27264782364060536,False
GSM331290,0.0,0.12383829802274704,0.24956540763378143,0.415181040763855,0.9998090863227844,0.2856079,0.19803275,0.804168577050469,-0.8274857974589819,False
GSM331291,0.0,0.12383829802274704,0.24956540763378143,0.415181040763855,0.9998090863227844,0.28560764,0.198032,0.8200596712988691,-0.1322910483745571,False
GSM331292,0.0,0.12383829802274704,0.24956540763378143,0.415181040763855,0.9998090863227844,0.28560653,0.19803163,0.7749406899751161,-2.106131138302229,False
GSM331293,0.0,0.12383829802274704,0.24956540763378143,0.415181040763855,0.9998090863227844,0.28560725,0.198032,0.8395757922711692,0.7214893527960734,False
GSM331294,0.0,0.12383829802274704,0.24956540763378143,0.415181040763855,0.9998090863227844,0.28560776,0.19803186,0.7539033098928878,-3.026462736557696,False
GSM331295,0.0,0.12383829802274704,0.24956540763378143,0.415181040763855,0.9998090863227844,0.28560868,0.1980325,0.8185440250675006,-0.1985966963712711,False
GSM331296,0.0,0.12383829802274704,0.24956540763378143,0.415181040763855,0.9998090863227844,0.28560784,0.19803269,0.815436073085861,-0.3345616503428896,False
GSM331297,0.0,0.12383829802274704,0.24956540763378143,0.415181040763855,0.9998090863227844,0.28560817,0.19803193,0.8034401160140431,-0.8593541055515381,False
GSM331298,0.0,0.12383829802274704,0.24956540763378143,0.415181040763855,0.9998090863227844,0.2856075,0.19803265,0.8135917776547531,-0.41524486066339117,False
GSM331299,0.0,0.12383829802274704,0.24956540763378143,0.415181040763855,0.9998090863227844,0.28560773,0.19803272,0.817248300104555,-0.255281351085221,False
GSM331300,0.0,0.12383829802274704,0.24956540763378143,0.415181040763855,0.9998090863227844,0.28560814,0.19803174,0.8159924631695431,-0.31022100654755097,False
GSM331301,0.0,0.12383829802274704,0.24956540763378143,0.415181040763855,0.9998090863227844,0.28560966,0.19803232,0.8188035534836792,-0.1872429916266325,False
GSM331302,0.0,0.12383829802274704,0.24956540763378143,0.415181040763855,0.9998090863227844,0.2856071,0.19803233,0.7958811025451475,-1.1900416208158604,False
GSM331303,0.0,0.12383829802274704,0.24956540763378143,0.415181040763855,0.9998090863227844,0.28560773,0.19803219,0.8042268005737558,-0.8249386671588573,False
GSM331304,0.0,0.12383829802274704,0.24956540763378143,0.415181040763855,0.9998090863227844,0.2856086,0.19803265,0.8248736876682263,0.07830986114559794,False
GSM331305,0.0,0.12383829802274704,0.24956540763378143,0.415181040763855,0.9998090863227844,0.28560644,0.1980329,0.8004062985974669,-0.9920758618205848,False
GSM331306,0.0,0.12383829802274704,0.24956540763378143,0.415181040763855,0.9998090863227844,0.2856087,0.19803265,0.8155560595521615,-0.3293125491778323,False
GSM331307,0.0,0.12383829802274704,0.24956540763378143,0.415181040763855,0.9998090863227844,0.28560752,0.1980321,0.8241202300292291,0.04534801559231429,False
GSM331308,0.0,0.12383829802274704,0.24956540763378143,0.415181040763855,0.9998090863227844,0.28560734,0.19803247,0.8208058611529471,-0.09964714983199623,False
GSM331309,0.0,0.12383829802274704,0.24956540763378143,0.415181040763855,0.9998090863227844,0.28560752,0.19803214,0.8153759364042775,-0.33719247642765604,False
GSM331310,0.0,0.12383829802274704,0.24956540763378143,0.415181040763855,0.9998090863227844,0.28560957,0.19803204,0.8211913380094155,-0.08278352280156846,False
GSM331311,0.0,0.12383829802274704,0.24956540763378143,0.415181040763855,0.9998090863227844,0.28560764,0.19803253,0.8267310171225447,0.15956327666114484,False
GSM331312,0.0,0.12383829802274704,0.24956540763378143,0.415181040763855,0.9998090863227844,0.28560734,0.19803268,0.819246579503394,-0.16786173582390468,False
GSM331313,0.0,0.12383829802274704,0.24956540763378143,0.415181040763855,0.9998090863227844,0.28560832,0.19803178,0.8186505797434916,-0.19393520169497802,False
GSM331314,0.0,0.12383829802274704,0.24956540763378143,0.415181040763855,0.9998090863227844,0.2856082,0.19803265,0.8126523602959733,-0.456341968566342,False
GSM331315,0.0,0.12383829802274704,0.24956540763378143,0.415181040763855,0.9998090863227844,0.2856095,0.19803236,0.8277937151090555,0.20605359687048397,False
GSM331316,0.0,0.12383829802274704,0.24956540763378143,0.415181040763855,0.9998090863227844,0.28560826,0.19803247,0.816712803381482,-0.2787079637660762,False
GSM331317,0.0,0.12383829802274704,0.24956540763378143,0.415181040763855,0.9998090863227844,0.28560737,0.19803268,0.8097545893392742,-0.583112040007417,False
GSM331318,0.0,0.12383829802274704,0.24956540763378143,0.415181040763855,0.9998090863227844,0.28560865,0.198033,0.8244810996585663,0.06113513934211804,False
GSM331319,0.0,0.12383829802274704,0.24956540763378143,0.415181040763855,0.9998090863227844,0.2856077,0.19803248,0.8302160666726588,0.3120252852344222,False
GSM331320,0.0,0.12383829802274704,0.24956540763378143,0.415181040763855,0.9998090863227844,0.285608,0.19803214,0.8207601586241019,-0.1016465186341944,False
GSM331321,0.0,0.12383829802274704,0.24956540763378143,0.415181040763855,0.9998090863227844,0.28560844,0.19803268,0.8259009972920295,0.12325203095393233,False
GSM331322,0.0,0.12383829802274704,0.24956540763378143,0.415181040763855,0.9998090863227844,0.28560856,0.19803248,0.6450562464157581,-7.7882435050644085,True
GSM331323,0.0,0.12383829802274704,0.24956540763378143,0.415181040763855,0.9998090863227844,0.2856078,0.19803257,0.8106224651787327,-0.5451446906847294,False
GSM331324,0.0,0.12383829802274704,0.24956540763378143,0.415181040763855,0.9998090863227844,0.28560784,0.19803275,0.8115837570809524,-0.5030906274267629,False
GSM331325,0.0,0.12383829802274704,0.24956540763378143,0.415181040763855,0.9998090863227844,0.2856084,0.19803214,0.8172775851208756,-0.25400020648594435,False
GSM331326,0.0,0.12383829802274704,0.24956540763378143,0.415181040763855,0.9998090863227844,0.28560767,0.19803204,0.8065963690678505,-0.72127610315032,False
GSM331327,0.0,0.12383829802274704,0.24956540763378143,0.415181040763855,0.9998090863227844,0.28560606,0.19803247,0.8147911653807267,-0.36277471378869713,False
GSM331328,0.0,0.12383829802274704,0.24956540763378143,0.415181040763855,0.9998090863227844,0.28560656,0.1980323,0.834593176239045,0.5035126390411165,False
GSM331329,0.0,0.12383829802274704,0.24956540763378143,0.415181040763855,0.9998090863227844,0.28560776,0.19803204,0.8078593966808562,-0.6660218739081407,False
GSM331330,0.0,0.12383829802274704,0.24956540763378143,0.415181040763855,0.9998090863227844,0.2856084,0.19803192,0.8145419385017288,-0.3736777526167161,False
GSM331331,0.0,0.12383829802274704,0.24956540763378143,0.415181040763855,0.9998090863227844,0.28560925,0.19803286,0.8006410979386774,-0.981803990887942,False
GSM331332,0.0,0.12383829802274704,0.24956540763378143,0.415181040763855,0.9998090863227844,0.285608,0.19803225,0.7979225338973206,-1.10073421791062,False
GSM331333,0.0,0.12383829802274704,0.24956540763378143,0.415181040763855,0.9998090863227844,0.28560773,0.19803263,0.8172344595537419,-0.2558868398010578,False
GSM331334,0.0,0.12383829802274704,0.24956540763378143,0.415181040763855,0.9998090863227844,0.2856076,0.19803268,0.8236890495915311,0.02648497372056111,False
GSM331335,0.0,0.12383829802274704,0.24956540763378143,0.415181040763855,0.9998090863227844,0.2856077,0.19803256,0.819609250735975,-0.15199579653783554,False
GSM331336,0.0,0.12383829802274704,0.24956540763378143,0.415181040763855,0.9998090863227844,0.285608,0.19803236,0.8060287707384712,-0.7461070790419437,False
GSM331337,0.0,0.12383829802274704,0.24956540763378143,0.415181040763855,0.9998090863227844,0.28560778,0.19803251,0.8232497602991913,0.007267190187850238,False
GSM331338,0.0,0.12383829802274704,0.24956540763378143,0.415181040763855,0.9998090863227844,0.28560814,0.19803225,0.8371290209614765,0.6144493629678052,False
GSM331339,0.0,0.12383829802274704,0.24956540763378143,0.415181040763855,0.9998090863227844,0.28560916,0.1980322,0.8275916023082038,0.1972116785180716,False
GSM331340,0.0,0.12383829802274704,0.24956540763378143,0.415181040763855,0.9998090863227844,0.28560805,0.1980325,0.8297110022971609,0.2899300099621671,False
GSM331341,0.0,0.12383829802274704,0.24956540763378143,0.415181040763855,0.9998090863227844,0.28560716,0.19803281,0.8161957473876118,-0.30132784168652693,False
GSM331342,0.0,0.12383829802274704,0.24956540763378143,0.415181040763855,0.9998090863227844,0.28560737,0.19803199,0.8437541310712293,0.9042809937172109,False
GSM331343,0.0,0.12383829802274704,0.24956540763378143,0.415181040763855,0.9998090863227844,0.2856067,0.19803242,0.7806740778852397,-1.855310074171715,False
GSM331344,0.0,0.12383829802274704,0.24956540763378143,0.415181040763855,0.9998090863227844,0.2856085,0.19803284,0.820852019776683,-0.0976278280442973,False
GSM331345,0.0,0.12383829802274704,0.24956540763378143,0.415181040763855,0.9998090863227844,0.285607,0.19803247,0.8171010361154978,-0.26172377413812575,False
GSM331346,0.0,0.12383829802274704,0.24956540763378143,0.415181040763855,0.9998090863227844,0.28560752,0.19803227,0.8178207475690269,-0.2302382379297095,False
GSM331347,0.0,0.12383829802274704,0.24956540763378143,0.415181040763855,0.9998090863227844,0.2856071,0.19803254,0.8088383914615046,-0.6231933549748788,False
GSM331348,0.0,0.12383829802274704,0.24956540763378143,0.415181040763855,0.9998090863227844,0.28560728,0.19803207,0.7986197603229206,-1.0702323441929675,False
GSM331349,0.0,0.12383829802274704,0.24956540763378143,0.415181040763855,0.9998090863227844,0.2856086,0.1980329,0.8189999443050491,-0.17865139524877566,False
GSM331350,0.0,0.12383829802274704,0.24956540763378143,0.415181040763855,0.9998090863227844,0.2856072,0.1980324,0.8021731465872951,-0.9147807790680186,False
GSM331351,0.0,0.12383829802274704,0.24956540763378143,0.415181040763855,0.9998090863227844,0.28560734,0.1980328,0.8242881635577524,0.05269467815687392,False
GSM331352,0.0,0.12383829802274704,0.24956540763378143,0.415181040763855,0.9998090863227844,0.28560874,0.19803207,0.7998927982885584,-1.0145401876137796,False
GSM331353,0.0,0.12383829802274704,0.24956540763378143,0.415181040763855,0.9998090863227844,0.28560862,0.19803219,0.8230869894995378,0.0001463838132526083,False
GSM331354,0.0,0.12383829802274704,0.24956540763378143,0.415181040763855,0.9998090863227844,0.28560612,0.19803204,0.8306565170054353,0.33129386131813293,False
GSM331355,0.0,0.12383829802274704,0.24956540763378143,0.415181040763855,0.9998090863227844,0.28560907,0.19803236,0.8120869684176494,-0.4810764178649077,False
GSM331356,0.0,0.12383829802274704,0.24956540763378143,0.415181040763855,0.9998090863227844,0.28560805,0.19803229,0.8159859785330427,-0.3105046928170021,False
GSM331357,0.0,0.12383829802274704,0.24956540763378143,0.415181040763855,0.9998090863227844,0.28560776,0.1980322,0.8260092833397987,0.12798926871940994,False
GSM331358,0.0,0.12383829802274704,0.24956540763378143,0.415181040763855,0.9998090863227844,0.28560805,0.19803254,0.7941867707901115,-1.2641643036780972,False
GSM331359,0.0,0.12383829802274704,0.24956540763378143,0.415181040763855,0.9998090863227844,0.28560805,0.19803247,0.821623426901377,-0.06388073837817214,False
GSM331360,0.0,0.12383829802274704,0.24956540763378143,0.415181040763855,0.9998090863227844,0.2856078,0.19803233,0.8237446904352783,0.028919118393233932,False
GSM331361,0.0,0.12383829802274704,0.24956540763378143,0.415181040763855,0.9998090863227844,0.28560853,0.19803207,0.8243892572422892,0.057117268417621055,False
GSM331362,0.0,0.12383829802274704,0.24956540763378143,0.415181040763855,0.9998090863227844,0.28560877,0.19803202,0.8247428350208754,0.07258539233808921,False
GSM331363,0.0,0.12383829802274704,0.24956540763378143,0.415181040763855,0.9998090863227844,0.28560725,0.19803233,0.8362370956542938,0.5754299109126833,False
GSM331364,0.0,0.12383829802274704,0.24956540763378143,0.415181040763855,0.9998090863227844,0.28560942,0.19803254,0.8135052622230964,-0.4190296896287457,False
GSM331365,0.0,0.12383829802274704,0.24956540763378143,0.415181040763855,0.9998090863227844,0.28560758,0.19803253,0.8005057581347854,-0.9877247613230755,False
GSM331366,0.0,0.12383829802274704,0.24956540763378143,0.415181040763855,0.9998090863227844,0.2856077,0.19803168,0.8330030648130928,0.43394932914554907,False
GSM331367,0.0,0.12383829802274704,0.24956540763378143,0.415181040763855,0.9998090863227844,0.28560853,0.19803217,0.8245944626270717,0.06609447941106932,False
GSM331368,0.0,0.12383829802274704,0.24956540763378143,0.415181040763855,0.9998090863227844,0.2856079,0.19803217,0.8094198271797742,-0.5977570286934542,False
GSM331369,0.0,0.12383829802274704,0.24956540763378143,0.415181040763855,0.9998090863227844,0.28560856,0.19803245,0.8059064751693388,-0.751457197552866,False
GSM331370,0.0,0.12383829802274704,0.24956540763378143,0.415181040763855,0.9998090863227844,0.28560725,0.19803254,0.8197294437104496,-0.1467376611680819,False
GSM331371,0.0,0.12383829802274704,0.24956540763378143,0.415181040763855,0.9998090863227844,0.2856101,0.1980327,0.8436877459050259,0.9013768124040621,False
GSM331372,0.0,0.12383829802274704,0.24956540763378143,0.415181040763855,0.9998090863227844,0.28560865,0.19803193,0.8044689487754989,-0.8143453023646763,False
GSM331373,0.0,0.12383829802274704,0.24956540763378143,0.415181040763855,0.9998090863227844,0.28560808,0.19803242,0.8035405878202871,-0.8549587208763179,False
GSM331374,0.0,0.12383829802274704,0.24956540763378143,0.415181040763855,0.9998090863227844,0.28560722,0.19803247,0.8228108589566159,-0.01193362153442892,False
GSM331375,0.0,0.12383829802274704,0.24956540763378143,0.415181040763855,0.9998090863227844,0.28560877,0.1980318,0.8233263096403716,0.01061602817235628,False
GSM331376,0.0,0.12383829802274704,0.24956540763378143,0.415181040763855,0.9998090863227844,0.28560862,0.19803268,0.767612749926218,-2.4267097821619696,False
GSM331377,0.0,0.12383829802274704,0.24956540763378143,0.415181040763855,0.9998090863227844,0.28560844,0.19803253,0.8196913278058033,-0.14840513455616425,False
GSM331378,0.0,0.12383829802274704,0.24956540763378143,0.415181040763855,0.9998090863227844,0.28560725,0.19803268,0.8319391722744954,0.3874067503361967,False
GSM331379,0.0,0.12383829802274704,0.24956540763378143,0.415181040763855,0.9998090863227844,0.28560698,0.19803217,0.8400162440303797,0.7407579912826238,False
GSM331380,0.0,0.12383829802274704,0.24956540763378143,0.415181040763855,0.9998090863227844,0.28560764,0.19803263,0.8165274611333402,-0.2868162133099782,False
GSM331381,0.0,0.12383829802274704,0.24956540763378143,0.415181040763855,0.9998090863227844,0.285608,0.19803222,0.8134601502669017,-0.4210032223872374,False
GSM331382,0.0,0.12383829802274704,0.24956540763378143,0.415181040763855,0.9998090863227844,0.28560728,0.1980324,0.8314404473392661,0.36558880936943317,False
GSM331383,0.0,0.12383829802274704,0.24956540763378143,0.415181040763855,0.9998090863227844,0.28560826,0.19803192,0.8118595791287785,-0.49102411795088513,False
GSM331384,0.0,0.12383829802274704,0.24956540763378143,0.415181040763855,0.9998090863227844,0.28561035,0.19803257,0.8428004173344437,0.8625584558240246,False
GSM331385,0.0,0.12383829802274704,0.24956540763378143,0.415181040763855,0.9998090863227844,0.28560787,0.19803166,0.8432879827271523,0.8838881953339689,False
GSM331386,0.0,0.12383829802274704,0.24956540763378143,0.415181040763855,0.9998090863227844,0.28560737,0.19803214,0.8351047665334421,0.5258934065822317,False
GSM331387,0.0,0.12383829802274704,0.24956540763378143,0.415181040763855,0.9998090863227844,0.28560805,0.19803245,0.8147209096910565,-0.3658482206088436,False
GSM331388,0.0,0.12383829802274704,0.24956540763378143,0.415181040763855,0.9998090863227844,0.2856077,0.1980324,0.8170236157623011,-0.26511071667167835,False
GSM331389,0.0,0.12383829802274704,0.24956540763378143,0.415181040763855,0.9998090863227844,0.28560904,0.19803245,0.762900721511789,-2.6328489793778824,False
GSM331390,0.0,0.12383829802274704,0.24956540763378143,0.415181040763855,0.9998090863227844,0.2856076,0.19803247,0.8245605186861164,0.06460951876918232,False
GSM331391,0.0,0.12383829802274704,0.24956540763378143,0.415181040763855,0.9998090863227844,0.2856077,0.19803254,0.8431743545945065,0.8789172550117446,False
GSM331392,0.0,0.12383829802274704,0.24956540763378143,0.415181040763855,0.9998090863227844,0.2856062,0.19803298,0.7303643592954712,-4.056231649792173,False
GSM331393,0.0,0.12383829802274704,0.24956540763378143,0.415181040763855,0.9998090863227844,0.28560802,0.19803236,0.8125954656140484,-0.45883096545395563,False
GSM331394,0.0,0.12383829802274704,0.24956540763378143,0.415181040763855,0.9998090863227844,0.28560862,0.19803296,0.8102060374678044,-0.5633623384744499,False
GSM331395,0.0,0.12383829802274704,0.24956540763378143,0.415181040763855,0.9998090863227844,0.28560808,0.19803248,0.8229590231492633,-0.005451816875748588,False
GSM331396,0.0,0.12383829802274704,0.24956540763378143,0.415181040763855,0.9998090863227844,0.2856078,0.19803245,0.8007817299505156,-0.9756516998842637,False
GSM331397,0.0,0.12383829802274704,0.24956540763378143,0.415181040763855,0.9998090863227844,0.2856073,0.19803305,0.8126934507977878,-0.4545443641564681,False
GSM331398,0.0,0.12383829802274704,0.24956540763378143,0.415181040763855,0.9998090863227844,0.2856084,0.19803317,0.8244254653471036,0.05870128044019245,False
GSM331399,0.0,0.12383829802274704,0.24956540763378143,0.415181040763855,0.9998090863227844,0.28560886,0.19803253,0.8287358979253389,0.24727168646954914,False
GSM331400,0.0,0.12383829802274704,0.24956540763378143,0.415181040763855,0.9998090863227844,0.28560877,0.1980325,0.8210635014728829,-0.08837604447121633,False
GSM331401,0.0,0.12383829802274704,0.24956540763378143,0.415181040763855,0.9998090863227844,0.28560862,0.19803196,0.8361821468169035,0.5730260397490664,False
GSM331402,0.0,0.12383829802274704,0.24956540763378143,0.415181040763855,0.9998090863227844,0.2856087,0.19803281,0.8251983893857061,0.0925147312119474,False
GSM331403,0.0,0.12383829802274704,0.24956540763378143,0.415181040763855,0.9998090863227844,0.28560942,0.19803242,0.822663252475839,-0.018391027724516406,False
GSM331404,0.0,0.12383829802274704,0.24956540763378143,0.415181040763855,0.9998090863227844,0.28560668,0.19803241,0.8428875586424933,0.8663706652815681,False
GSM331405,0.0,0.12383829802274704,0.24956540763378143,0.415181040763855,0.9998090863227844,0.2856083,0.19803236,0.8172850623006044,-0.253673098987607,False
GSM331406,0.0,0.12383829802274704,0.24956540763378143,0.415181040763855,0.9998090863227844,0.2856084,0.19803247,0.8273861996779949,0.18822583854145855,False
GSM331407,0.0,0.12383829802274704,0.24956540763378143,0.415181040763855,0.9998090863227844,0.28560853,0.1980325,0.8344532301913178,0.49739035721367664,False
GSM331408,0.0,0.12383829802274704,0.24956540763378143,0.415181040763855,0.9998090863227844,0.28560844,0.19803219,0.8283689928664354,0.23122052810530494,False
GSM331409,0.0,0.12383829802274704,0.24956540763378143,0.415181040763855,0.9998090863227844,0.2856071,0.1980326,0.8296308953923048,0.2864255376614672,False
GSM331410,0.0,0.12383829802274704,0.24956540763378143,0.415181040763855,0.9998090863227844,0.2856087,0.1980322,0.8349973460367717,0.5211940344646158,False
GSM331411,0.0,0.12383829802274704,0.24956540763378143,0.415181040763855,0.9998090863227844,0.28560787,0.19803207,0.8212107574024662,-0.08193397399968978,False
GSM331412,0.0,0.12383829802274704,0.24956540763378143,0.415181040763855,0.9998090863227844,0.2856077,0.19803298,0.7849478998025823,-1.6683412909642514,False
GSM331413,0.0,0.12383829802274704,0.24956540763378143,0.415181040763855,0.9998090863227844,0.28560793,0.1980327,0.8311785693229579,0.35413231562568165,False
GSM331414,0.0,0.12383829802274704,0.24956540763378143,0.415181040763855,0.9998090863227844,0.28560916,0.19803236,0.8259175332967882,0.12397543888918161,False
GSM331415,0.0,0.12383829802274704,0.24956540763378143,0.415181040763855,0.9998090863227844,0.2856082,0.19803262,0.7663165820666271,-2.48341381247192,False
GSM331416,0.0,0.12383829802274704,0.24956540763378143,0.415181040763855,0.9998090863227844,0.2856077,0.19803171,0.8212871512923193,-0.07859193661334768,False
GSM331417,0.0,0.12383829802274704,0.24956540763378143,0.415181040763855,0.9998090863227844,0.28560817,0.19803214,0.7738313693201572,-2.154661081069134,False
GSM331418,0.0,0.12383829802274704,0.24956540763378143,0.415181040763855,0.9998090863227844,0.28560787,0.19803186,0.7784689680051066,-1.9517779942444349,False
GSM331419,0.0,0.12383829802274704,0.24956540763378143,0.415181040763855,0.9998090863227844,0.28560734,0.19803225,0.8288713580211482,0.2531977193685488,False
GSM331420,0.0,0.12383829802274704,0.24956540763378143,0.415181040763855,0.9998090863227844,0.28560826,0.19803259,0.8272133569165192,0.18066440958528507,False
GSM331421,0.0,0.12383829802274704,0.24956540763378143,0.415181040763855,0.9998090863227844,0.28560778,0.19803226,0.835443579460143,0.5407156059778528,False
GSM331422,0.0,0.12383829802274704,0.24956540763378143,0.415181040763855,0.9998090863227844,0.28560778,0.19803192,0.8100018224319405,-0.5722962242344533,False
GSM331423,0.0,0.12383829802274704,0.24956540763378143,0.415181040763855,0.9998090863227844,0.2856086,0.19803162,0.8283175082879315,0.22896820941187446,False
GSM331424,0.0,0.12383829802274704,0.24956540763378143,0.415181040763855,0.9998090863227844,0.28560835,0.19803251,0.8067159908863696,-0.7160429543935073,False
GSM331425,0.0,0.12383829802274704,0.24956540763378143,0.415181040763855,0.9998090863227844,0.28560787,0.19803256,0.6849756176707552,-6.041873063266822,True
GSM331426,0.0,0.12383829802274704,0.24956540763378143,0.415181040763855,0.9998090863227844,0.28560838,0.198032,0.8343076226928049,0.49102040138740183,False
GSM331427,0.0,0.12383829802274704,0.24956540763378143,0.415181040763855,0.9998090863227844,0.28560835,0.19803219,0.8321051349379177,0.3946671925909427,False
GSM331428,0.0,0.12383829802274704,0.24956540763378143,0.415181040763855,0.9998090863227844,0.28560743,0.19803217,0.8372987562259653,0.6218748468748663,False
GSM331429,0.0,0.12383829802274704,0.24956540763378143,0.415181040763855,0.9998090863227844,0.2856076,0.19803217,0.7970317238009057,-1.1397048823455989,False
GSM331430,0.0,0.12383829802274704,0.24956540763378143,0.415181040763855,0.9998090863227844,0.28560844,0.19803219,0.802795730126277,-0.8875443408214702,False
GSM331431,0.0,0.12383829802274704,0.24956540763378143,0.415181040763855,0.9998090863227844,0.2856088,0.19803189,0.8031193976137286,-0.8733847156749288,False
GSM331432,0.0,0.12383829802274704,0.24956540763378143,0.415181040763855,0.9998090863227844,0.28560743,0.19803211,0.8440726795362602,0.9182166747192076,False
GSM331433,0.0,0.12383829802274704,0.24956540763378143,0.415181040763855,0.9998090863227844,0.28560817,0.19803166,0.8339031558747152,0.473326012082326,False
GSM331434,0.0,0.12383829802274704,0.24956540763378143,0.415181040763855,0.9998090863227844,0.2856071,0.198032,0.8435785229771305,0.896598588528123,False
GSM331435,0.0,0.12383829802274704,0.24956540763378143,0.415181040763855,0.9998090863227844,0.2856084,0.19803245,0.8323761900978989,0.40652516290976526,False
GSM331436,0.0,0.12383829802274704,0.24956540763378143,0.415181040763855,0.9998090863227844,0.28560823,0.19803254,0.8311643084622825,0.3535084394278592,False
GSM331437,0.0,0.12383829802274704,0.24956540763378143,0.415181040763855,0.9998090863227844,0.28560895,0.19803227,0.8342923934944736,0.4903541628926077,False
GSM331438,0.0,0.12383829802274704,0.24956540763378143,0.415181040763855,0.9998090863227844,0.28560907,0.19803129,0.8234819340166722,0.017424196794517833,False
GSM331439,0.0,0.12383829802274704,0.24956540763378143,0.415181040763855,0.9998090863227844,0.28560922,0.19803296,0.8331898352852811,0.44212005984034625,False
GSM331440,0.0,0.12383829802274704,0.24956540763378143,0.415181040763855,0.9998090863227844,0.28560814,0.19803229,0.8178934118034172,-0.2270593634353058,False
GSM331441,0.0,0.12383829802274704,0.24956540763378143,0.415181040763855,0.9998090863227844,0.28560638,0.19803245,0.7832428645753554,-1.7429322233722837,False
GSM331442,0.0,0.12383829802274704,0.24956540763378143,0.415181040763855,0.9998090863227844,0.28560922,0.19803299,0.8207537755331495,-0.10192576254550985,False
GSM331443,0.0,0.12383829802274704,0.24956540763378143,0.415181040763855,0.9998090863227844,0.28560653,0.19803272,0.8215408239254863,-0.06749440740563609,False
GSM331444,0.0,0.12383829802274704,0.24956540763378143,0.415181040763855,0.9998090863227844,0.28560778,0.19803233,0.8278110051562877,0.20680999223629923,False
GSM331445,0.0,0.12383829802274704,0.24956540763378143,0.415181040763855,0.9998090863227844,0.2856082,0.19803281,0.8073179338901059,-0.6897094867981151,False
GSM331446,0.0,0.12383829802274704,0.24956540763378143,0.415181040763855,0.9998090863227844,0.2856077,0.19803223,0.8212026732933825,-0.08228763310573804,False
GSM331447,0.0,0.12383829802274704,0.24956540763378143,0.415181040763855,0.9998090863227844,0.2856078,0.19803257,0.8251636319160847,0.09099418077063809,False
GSM331448,0.0,0.12383829802274704,0.24956540763378143,0.415181040763855,0.9998090863227844,0.2856079,0.19803247,0.8198725706428915,-0.14047622376604876,False
GSM331449,0.0,0.12383829802274704,0.24956540763378143,0.415181040763855,0.9998090863227844,0.28560627,0.1980327,0.8214362006544428,-0.07207140805295353,False
GSM331450,0.0,0.12383829802274704,0.24956540763378143,0.415181040763855,0.9998090863227844,0.28560773,0.19803251,0.8279845192644489,0.2144007908937238,False
GSM331451,0.0,0.12383829802274704,0.24956540763378143,0.415181040763855,0.9998090863227844,0.28560773,0.19803168,0.8285095089073793,0.23736774567883118,False
GSM331452,0.0,0.12383829802274704,0.24956540763378143,0.415181040763855,0.9998090863227844,0.28560787,0.19803225,0.8251273459723664,0.08940676349501081,False
GSM331453,0.0,0.12383829802274704,0.24956540763378143,0.415181040763855,0.9998090863227844,0.28560844,0.19803213,0.8464276766439518,1.02124177782317,False
GSM331454,0.0,0.12383829802274704,0.24956540763378143,0.415181040763855,0.9998090863227844,0.28560826,0.19803214,0.8229074553618952,-0.007707775744268209,False
GSM331455,0.0,0.12383829802274704,0.24956540763378143,0.415181040763855,0.9998090863227844,0.28560877,0.19803184,0.8456441828134654,0.986965925677305,False
GSM331456,0.0,0.12383829802274704,0.24956540763378143,0.415181040763855,0.9998090863227844,0.28560847,0.19803205,0.8361505760728349,0.5716449004040924,False
GSM331457,0.0,0.12383829802274704,0.24956540763378143,0.415181040763855,0.9998090863227844,0.28560808,0.19803251,0.8436746153519518,0.9008023842742524,False
GSM331458,0.0,0.12383829802274704,0.24956540763378143,0.415181040763855,0.9998090863227844,0.28560802,0.19803207,0.839252721272234,0.7073558224972535,False
GSM331459,0.0,0.12383829802274704,0.24956540763378143,0.415181040763855,0.9998090863227844,0.2856084,0.19803207,0.825493783708003,0.10543747766100352,False
GSM331460,0.0,0.12383829802274704,0.24956540763378143,0.415181040763855,0.9998090863227844,0.2856093,0.19803149,0.830773647362774,0.3364180150175214,False
GSM331461,0.0,0.12383829802274704,0.24956540763378143,0.415181040763855,0.9998090863227844,0.2856092,0.1980325,0.8346124121614233,0.5043541614701041,False
GSM331462,0.0,0.12383829802274704,0.24956540763378143,0.415181040763855,0.9998090863227844,0.28560826,0.19803248,0.8303150662002087,0.3163562614805322,False
GSM331463,0.0,0.12383829802274704,0.24956540763378143,0.415181040763855,0.9998090863227844,0.28560895,0.19803225,0.8237237652679523,0.028003695816201095,False
GSM331464,0.0,0.12383829802274704,0.24956540763378143,0.415181040763855,0.9998090863227844,0.28560826,0.19803241,0.8393238620851737,0.7104680511976933,False
GSM331465,0.0,0.12383829802274704,0.24956540763378143,0.415181040763855,0.9998090863227844,0.28560716,0.198032,0.8336093025569333,0.46047068064134883,False
GSM331466,0.0,0.12383829802274704,0.24956540763378143,0.415181040763855,0.9998090863227844,0.2856078,0.19803229,0.8232823287341132,0.008691975957144353,False
GSM331467,0.0,0.12383829802274704,0.24956540763378143,0.415181040763855,0.9998090863227844,0.28560868,0.19803222,0.8307708922198123,0.3362974845562415,False
GSM331468,0.0,0.12383829802274704,0.24956540763378143,0.415181040763855,0.9998090863227844,0.2856087,0.19803219,0.8223117403627171,-0.033768784061624285,False
GSM331469,0.0,0.12383829802274704,0.24956540763378143,0.415181040763855,0.9998090863227844,0.28560868,0.19803251,0.8096682454045824,-0.5868893664189773,False
GSM331470,0.0,0.12383829802274704,0.24956540763378143,0.415181040763855,0.9998090863227844,0.28560853,0.19803277,0.7854594194615594,-1.6459636135421858,False
GSM331471,0.0,0.12383829802274704,0.24956540763378143,0.415181040763855,0.9998090863227844,0.28560707,0.19803245,0.845862400842954,0.996512406610883,False
GSM331472,0.0,0.12383829802274704,0.24956540763378143,0.415181040763855,0.9998090863227844,0.28560784,0.19803196,0.8441902964507777,0.9233621140513236,False
GSM331473,0.0,0.12383829802274704,0.24956540763378143,0.415181040763855,0.9998090863227844,0.28560802,0.19803265,0.8278788030070237,0.20977597488633576,False
GSM331474,0.0,0.12383829802274704,0.24956540763378143,0.415181040763855,0.9998090863227844,0.285608,0.19803257,0.8235222956927233,0.019189916940426127,False
GSM331475,0.0,0.12383829802274704,0.24956540763378143,0.415181040763855,0.9998090863227844,0.28560835,0.19803225,0.8458196470765356,0.9946420386265821,False
GSM331476,0.0,0.12383829802274704,0.24956540763378143,0.415181040763855,0.9998090863227844,0.28560627,0.19803245,0.8350656564126804,0.5241824387807313,False
GSM331477,0.0,0.12383829802274704,0.24956540763378143,0.415181040763855,0.9998090863227844,0.28560734,0.19803211,0.8316193242030622,0.37341421487643334,False
GSM331478,0.0,0.12383829802274704,0.24956540763378143,0.415181040763855,0.9998090863227844,0.2856084,0.19803275,0.8432754635445157,0.8833405130978812,False
GSM331479,0.0,0.12383829802274704,0.24956540763378143,0.415181040763855,0.9998090863227844,0.28560728,0.19803223,0.8285103904325491,0.23740631015146554,False
GSM331480,0.0,0.12383829802274704,0.24956540763378143,0.415181040763855,0.9998090863227844,0.28560856,0.19803225,0.8226460062468476,-0.019145506154318672,False
GSM331481,0.0,0.12383829802274704,0.24956540763378143,0.415181040763855,0.9998090863227844,0.28560755,0.19803235,0.8154424880370725,-0.3342810126266819,False
GSM331482,0.0,0.12383829802274704,0.24956540763378143,0.415181040763855,0.9998090863227844,0.28560817,0.19803284,0.8475445730745296,1.0701031414065476,False
GSM331483,0.0,0.12383829802274704,0.24956540763378143,0.415181040763855,0.9998090863227844,0.28560764,0.1980322,0.8385733307052856,0.6776342219996923,False
GSM331484,0.0,0.12383829802274704,0.24956540763378143,0.415181040763855,0.9998090863227844,0.2856078,0.19803196,0.8012889883820407,-0.9534604402697437,False
GSM331485,0.0,0.12383829802274704,0.24956540763378143,0.415181040763855,0.9998090863227844,0.28560743,0.19803183,0.7965404873367791,-1.1611952218452855,False
GSM331486,0.0,0.12383829802274704,0.24956540763378143,0.415181040763855,0.9998090863227844,0.2856082,0.19803272,0.824421288041469,0.058518533997618,False
GSM331487,0.0,0.12383829802274704,0.24956540763378143,0.415181040763855,0.9998090863227844,0.28560835,0.19803256,0.825208559467238,0.09295964627998722,False
GSM331488,0.0,0.12383829802274704,0.24956540763378143,0.415181040763855,0.9998090863227844,0.28560817,0.19803253,0.8508232833346898,1.2135383335338676,False
GSM331489,0.0,0.12383829802274704,0.24956540763378143,0.415181040763855,0.9998090863227844,0.28560817,0.19803269,0.8356497143907635,0.5497334822254043,False
GSM331490,0.0,0.12383829802274704,0.24956540763378143,0.415181040763855,0.9998090863227844,0.2856082,0.19803236,0.8437238563429132,0.9029565517482503,False
GSM331491,0.0,0.12383829802274704,0.24956540763378143,0.415181040763855,0.9998090863227844,0.2856094,0.19803263,0.8342101645488817,0.4867568567345403,False
GSM331492,0.0,0.12383829802274704,0.24956540763378143,0.415181040763855,0.9998090863227844,0.28560916,0.19803236,0.8369085863573592,0.6048059125607168,False
GSM331493,0.0,0.12383829802274704,0.24956540763378143,0.415181040763855,0.9998090863227844,0.2856077,0.19803199,0.8361076438594206,0.5697667258199084,False
GSM331494,0.0,0.12383829802274704,0.24956540763378143,0.415181040763855,0.9998090863227844,0.2856089,0.1980324,0.8239247754739703,0.03679737846332964,False
GSM331495,0.0,0.12383829802274704,0.24956540763378143,0.415181040763855,0.9998090863227844,0.2856077,0.19803241,0.805802548674881,-0.7560037160058086,False
GSM331496,0.0,0.12383829802274704,0.24956540763378143,0.415181040763855,0.9998090863227844,0.285607,0.19803198,0.8344716796033194,0.4981974718243323,False
GSM331497,0.0,0.12383829802274704,0.24956540763378143,0.415181040763855,0.9998090863227844,0.28560877,0.19803263,0.8471447756896128,1.052613027865762,False
GSM331498,0.0,0.12383829802274704,0.24956540763378143,0.415181040763855,0.9998090863227844,0.2856078,0.19803269,0.8357268394589594,0.5531075067950445,False
GSM331499,0.0,0.12383829802274704,0.24956540763378143,0.415181040763855,0.9998090863227844,0.28560805,0.19803204,0.8501454260540485,1.1838838103925229,False
GSM331500,0.0,0.12383829802274704,0.24956540763378143,0.415181040763855,0.9998090863227844,0.28560758,0.19803235,0.8372870540546321,0.6213629067946842,False
GSM331501,0.0,0.12383829802274704,0.24956540763378143,0.415181040763855,0.9998090863227844,0.28560776,0.19803254,0.8347082890217135,0.5085485290064427,False
GSM331502,0.0,0.12383829802274704,0.24956540763378143,0.415181040763855,0.9998090863227844,0.28560665,0.19803247,0.8157649302044364,-0.32017499210154804,False
GSM331503,0.0,0.12383829802274704,0.24956540763378143,0.415181040763855,0.9998090863227844,0.28560877,0.19803253,0.8457675891294331,0.9923646365227328,False
GSM331504,0.0,0.12383829802274704,0.24956540763378143,0.415181040763855,0.9998090863227844,0.28560755,0.19803265,0.8333943634026377,0.4510676421152893,False
GSM331505,0.0,0.12383829802274704,0.24956540763378143,0.415181040763855,0.9998090863227844,0.2856082,0.19803289,0.8186410084559065,-0.19435392105861482,False
GSM331506,0.0,0.12383829802274704,0.24956540763378143,0.415181040763855,0.9998090863227844,0.28560778,0.19803217,0.8457177785999441,0.9901855531941376,False
GSM331507,0.0,0.12383829802274704,0.24956540763378143,0.415181040763855,0.9998090863227844,0.28560683,0.1980327,0.8112479949305875,-0.5177793631567443,False
GSM331508,0.0,0.12383829802274704,0.24956540763378143,0.415181040763855,0.9998090863227844,0.28560892,0.1980324,0.8372234676560664,0.6185811644108618,False
GSM331509,0.0,0.12383829802274704,0.24956540763378143,0.415181040763855,0.9998090863227844,0.28560752,0.19803189,0.8398107722482188,0.7317691260848946,False
GSM331510,0.0,0.12383829802274704,0.24956540763378143,0.415181040763855,0.9998090863227844,0.28560886,0.1980322,0.8198035645968296,-0.1434950618729456,False
GSM331511,0.0,0.12383829802274704,0.24956540763378143,0.415181040763855,0.9998090863227844,0.28560755,0.19803225,0.8339244135772746,0.4742559822257236,False
GSM331512,0.0,0.12383829802274704,0.24956540763378143,0.415181040763855,0.9998090863227844,0.28560793,0.1980326,0.8490832363894363,1.137415727966763,False
GSM331513,0.0,0.12383829802274704,0.24956540763378143,0.415181040763855,0.9998090863227844,0.28560776,0.19803269,0.8244442970207938,0.05952511802250523,False
GSM331514,0.0,0.12383829802274704,0.24956540763378143,0.415181040763855,0.9998090863227844,0.2856076,0.19803296,0.8363761517936695,0.5815132615247202,False
GSM331515,0.0,0.12383829802274704,0.24956540763378143,0.415181040763855,0.9998090863227844,0.2856079,0.19803274,0.8339522849367546,0.4754752829521178,False
GSM331516,0.0,0.12383829802274704,0.24956540763378143,0.415181040763855,0.9998090863227844,0.2856092,0.19803217,0.8302177248140213,0.31209782468013086,False
GSM331517,0.0,0.12383829802274704,0.24956540763378143,0.415181040763855,0.9998090863227844,0.28560805,0.19803263,0.8407490985314967,0.7728185022238854,False
GSM331518,0.0,0.12383829802274704,0.24956540763378143,0.415181040763855,0.9998090863227844,0.28560737,0.19803232,0.7952625111994025,-1.2171034108140109,False
GSM331519,0.0,0.12383829802274704,0.24956540763378143,0.415181040763855,0.9998090863227844,0.28560713,0.19803184,0.830440985309343,0.32186490060325074,False
GSM331520,0.0,0.12383829802274704,0.24956540763378143,0.415181040763855,0.9998090863227844,0.28560737,0.19803263,0.8356916044502627,0.5515660652399812,False
GSM331521,0.0,0.12383829802274704,0.24956540763378143,0.415181040763855,0.9998090863227844,0.28560787,0.19803226,0.8339504562651682,0.4753952832450631,False
GSM331522,0.0,0.12383829802274704,0.24956540763378143,0.415181040763855,0.9998090863227844,0.285608,0.19803156,0.8545807717072499,1.3779188441215837,False
GSM331523,0.0,0.12383829802274704,0.24956540763378143,0.415181040763855,0.9998090863227844,0.2856079,0.19803281,0.816357171736946,-0.2942659390713059,False
GSM331524,0.0,0.12383829802274704,0.24956540763378143,0.415181040763855,0.9998090863227844,0.28560877,0.19803257,0.8202861386013429,-0.12238368283647069,False
GSM331525,0.0,0.12383829802274704,0.24956540763378143,0.415181040763855,0.9998090863227844,0.28560778,0.19803245,0.8293728922985881,0.27513856187517427,False
GSM331526,0.0,0.12383829802274704,0.24956540763378143,0.415181040763855,0.9998090863227844,0.28560752,0.19803163,0.8461215393078395,1.0078490519833252,False
GSM331527,0.0,0.12383829802274704,0.24956540763378143,0.415181040763855,0.9998090863227844,0.285608,0.19803235,0.838425205208813,0.6711541101997367,False
GSM331528,0.0,0.12383829802274704,0.24956540763378143,0.415181040763855,0.9998090863227844,0.2856078,0.19803229,0.8248719828062764,0.07823527779362793,False
GSM331529,0.0,0.12383829802274704,0.24956540763378143,0.415181040763855,0.9998090863227844,0.2856079,0.19803265,0.8296003649245375,0.28508990774528997,False
GSM331530,0.0,0.12383829802274704,0.24956540763378143,0.415181040763855,0.9998090863227844,0.28560805,0.19803257,0.8064261460614822,-0.7287229245177343,False
GSM331531,0.0,0.12383829802274704,0.24956540763378143,0.415181040763855,0.9998090863227844,0.28560916,0.19803242,0.8406681729290008,0.7692782139943732,False
GSM331532,0.0,0.12383829802274704,0.24956540763378143,0.415181040763855,0.9998090863227844,0.2856089,0.19803257,0.8529935711151166,1.308482875764288,False
GSM331533,0.0,0.12383829802274704,0.24956540763378143,0.415181040763855,0.9998090863227844,0.2856078,0.198032,0.8346402574746212,0.5055723227382452,False
GSM331534,0.0,0.12383829802274704,0.24956540763378143,0.415181040763855,0.9998090863227844,0.28560945,0.19803269,0.8257343418711375,0.11596128233086384,False
GSM331535,0.0,0.12383829802274704,0.24956540763378143,0.415181040763855,0.9998090863227844,0.28560826,0.1980323,0.8440720829769113,0.9181905767727475,False
GSM331536,0.0,0.12383829802274704,0.24956540763378143,0.415181040763855,0.9998090863227844,0.28560898,0.19803196,0.8314366678727556,0.3654234673714944,False
GSM331537,0.0,0.12383829802274704,0.24956540763378143,0.415181040763855,0.9998090863227844,0.2856082,0.19803184,0.8402329663640359,0.750239039347158,False
GSM331538,0.0,0.12383829802274704,0.24956540763378143,0.415181040763855,0.9998090863227844,0.2856071,0.19803213,0.8367194922872502,0.5965335303969754,False
GSM331539,0.0,0.12383829802274704,0.24956540763378143,0.415181040763855,0.9998090863227844,0.28560805,0.19803312,0.8323878149806754,0.4070337218131751,False
GSM331540,0.0,0.12383829802274704,0.24956540763378143,0.415181040763855,0.9998090863227844,0.28560814,0.19803217,0.8338564081267205,0.47128091761435165,False
GSM331541,0.0,0.12383829802274704,0.24956540763378143,0.415181040763855,0.9998090863227844,0.28560814,0.19803198,0.8508429883094086,1.2144003758036592,False
GSM331542,0.0,0.12383829802274704,0.24956540763378143,0.415181040763855,0.9998090863227844,0.2856069,0.19803181,0.8334955258805727,0.45549324191134305,False
GSM331543,0.0,0.12383829802274704,0.24956540763378143,0.415181040763855,0.9998090863227844,0.28560898,0.19803247,0.852178639142481,1.272831685268434,False
GSM331544,0.0,0.12383829802274704,0.24956540763378143,0.415181040763855,0.9998090863227844,0.28560868,0.19803181,0.8418004508378681,0.81881247793143,False
GSM331545,0.0,0.12383829802274704,0.24956540763378143,0.415181040763855,0.9998090863227844,0.28560895,0.19803214,0.8468437857297909,1.0394454865797769,False
GSM331546,0.0,0.12383829802274704,0.24956540763378143,0.415181040763855,0.9998090863227844,0.28560773,0.19803204,0.8401695876784019,0.7474663838730982,False
GSM331547,0.0,0.12383829802274704,0.24956540763378143,0.415181040763855,0.9998090863227844,0.28560627,0.1980323,0.7687683044218004,-2.3761572270608187,False
GSM331548,0.0,0.12383829802274704,0.24956540763378143,0.415181040763855,0.9998090863227844,0.2856085,0.19803193,0.8274160526648789,0.18953183040091667,False
GSM331549,0.0,0.12383829802274704,0.24956540763378143,0.415181040763855,0.9998090863227844,0.28560847,0.19803232,0.8213725316257282,-0.07485676529455028,False
GSM331550,0.0,0.12383829802274704,0.24956540763378143,0.415181040763855,0.9998090863227844,0.28560823,0.1980327,0.8294557189911148,0.27876201793354966,False
GSM331551,0.0,0.12383829802274704,0.24956540763378143,0.415181040763855,0.9998090863227844,0.2856071,0.19803207,0.8297220289350512,0.2904123971811705,False
GSM331552,0.0,0.12383829802274704,0.24956540763378143,0.415181040763855,0.9998090863227844,0.28560835,0.19803229,0.8399183241848912,0.7364742483665822,False
GSM331553,0.0,0.12383829802274704,0.24956540763378143,0.415181040763855,0.9998090863227844,0.2856074,0.1980329,0.8419608113977496,0.825827842477584,False
GSM331554,0.0,0.12383829802274704,0.24956540763378143,0.415181040763855,0.9998090863227844,0.28560746,0.19803292,0.8339520073207429,0.4754631379613119,False
GSM331555,0.0,0.12383829802274704,0.24956540763378143,0.415181040763855,0.9998090863227844,0.28560737,0.1980327,0.8422056779932013,0.836540130047169,False
GSM331556,0.0,0.12383829802274704,0.24956540763378143,0.415181040763855,0.9998090863227844,0.28560686,0.1980321,0.8127465268258229,-0.4522224236144552,False
GSM331557,0.0,0.12383829802274704,0.24956540763378143,0.415181040763855,0.9998090863227844,0.28560805,0.19803154,0.8479106794737767,1.086119360452537,False
GSM331558,0.0,0.12383829802274704,0.24956540763378143,0.415181040763855,0.9998090863227844,0.28560734,0.19803222,0.8358856314663369,0.5600542511790251,False
GSM331559,0.0,0.12383829802274704,0.24956540763378143,0.415181040763855,0.9998090863227844,0.285608,0.19803277,0.8259973821561281,0.127468622358221,False
GSM331560,0.0,0.12383829802274704,0.24956540763378143,0.415181040763855,0.9998090863227844,0.28560892,0.19803225,0.8463591226161165,1.0182427143581403,False
GSM331561,0.0,0.12383829802274704,0.24956540763378143,0.415181040763855,0.9998090863227844,0.28560796,0.19803199,0.8397869762123995,0.730728110350422,False
GSM331562,0.0,0.12383829802274704,0.24956540763378143,0.415181040763855,0.9998090863227844,0.2856059,0.19803263,0.8332597952731227,0.4451806304614251,False
GSM331563,0.0,0.12383829802274704,0.24956540763378143,0.415181040763855,0.9998090863227844,0.2856078,0.19803268,0.8399069285938002,0.7359757203882487,False
GSM331564,0.0,0.12383829802274704,0.24956540763378143,0.415181040763855,0.9998090863227844,0.28560743,0.19803225,0.7192106949581835,-4.544175951117631,False
GSM331565,0.0,0.12383829802274704,0.24956540763378143,0.415181040763855,0.9998090863227844,0.2856079,0.1980324,0.832455075324454,0.4099761899079185,False
GSM331566,0.0,0.12383829802274704,0.24956540763378143,0.415181040763855,0.9998090863227844,0.28560886,0.19803299,0.8177645970227098,-0.23269468078680375,False
GSM331567,0.0,0.12383829802274704,0.24956540763378143,0.415181040763855,0.9998090863227844,0.28560877,0.19803217,0.837113220641379,0.6137581393557702,False
GSM331568,0.0,0.12383829802274704,0.24956540763378143,0.415181040763855,0.9998090863227844,0.28560734,0.19803236,0.834995008406117,0.5210917690994337,False
GSM331569,0.0,0.12383829802274704,0.24956540763378143,0.415181040763855,0.9998090863227844,0.28560832,0.19803265,0.8324091633725105,0.4079676593805424,False
GSM331570,0.0,0.12383829802274704,0.24956540763378143,0.415181040763855,0.9998090863227844,0.28560725,0.1980327,0.8424919301298173,0.8490629292439344,False
GSM331571,0.0,0.12383829802274704,0.24956540763378143,0.415181040763855,0.9998090863227844,0.285609,0.19803227,0.8418332614348552,0.8202478576720033,False
GSM331572,0.0,0.12383829802274704,0.24956540763378143,0.415181040763855,0.9998090863227844,0.28560814,0.1980322,0.8477576287907274,1.079423784330683,False
GSM331573,0.0,0.12383829802274704,0.24956540763378143,0.415181040763855,0.9998090863227844,0.2856089,0.19803257,0.8356029105372922,0.5476859332862578,False
GSM331574,0.0,0.12383829802274704,0.24956540763378143,0.415181040763855,0.9998090863227844,0.28560716,0.19803256,0.7788027668237367,-1.9371751492587517,False
GSM331575,0.0,0.12383829802274704,0.24956540763378143,0.415181040763855,0.9998090863227844,0.28560844,0.19803232,0.8385913781448879,0.6784237513454902,False
GSM331576,0.0,0.12383829802274704,0.24956540763378143,0.415181040763855,0.9998090863227844,0.28560925,0.19803274,0.8517503392630513,1.2540946604570051,False
GSM331577,0.0,0.12383829802274704,0.24956540763378143,0.415181040763855,0.9998090863227844,0.28560805,0.19803242,0.8429975618631884,0.8711830249727396,False
GSM331578,0.0,0.12383829802274704,0.24956540763378143,0.415181040763855,0.9998090863227844,0.28560755,0.19803242,0.8545559740779984,1.3768340112349444,False
GSM331579,0.0,0.12383829802274704,0.24956540763378143,0.415181040763855,0.9998090863227844,0.28560707,0.19803235,0.8513057726780957,1.2346460088633204,False
GSM331580,0.0,0.12383829802274704,0.24956540763378143,0.415181040763855,0.9998090863227844,0.2856078,0.19803262,0.8176015886747348,-0.23982587929319715,False
GSM331581,0.0,0.12383829802274704,0.24956540763378143,0.415181040763855,0.9998090863227844,0.28560823,0.1980323,0.8476575635599775,1.0750461862939553,False
GSM331582,0.0,0.12383829802274704,0.24956540763378143,0.415181040763855,0.9998090863227844,0.28560612,0.19803281,0.8184858583881484,-0.2011413398945707,False
GSM331583,0.0,0.12383829802274704,0.24956540763378143,0.415181040763855,0.9998090863227844,0.28560722,0.19803253,0.8331661281597202,0.4410829337023858,False
GSM331584,0.0,0.12383829802274704,0.24956540763378143,0.415181040763855,0.9998090863227844,0.28560933,0.19803236,0.8357100233155225,0.5523718435087732,False
GSM331585,0.0,0.12383829802274704,0.24956540763378143,0.415181040763855,0.9998090863227844,0.28560814,0.19803205,0.8379458723166571,0.6501845215432588,False
GSM331586,0.0,0.12383829802274704,0.24956540763378143,0.415181040763855,0.9998090863227844,0.28560776,0.19803211,0.8564289675029851,1.45877268542357,False
GSM331587,0.0,0.12383829802274704,0.24956540763378143,0.415181040763855,0.9998090863227844,0.28560883,0.19803259,0.7912927397416587,-1.3907707636941655,False
GSM331588,0.0,0.12383829802274704,0.24956540763378143,0.415181040763855,0.9998090863227844,0.28560832,0.19803217,0.8344205158952199,0.4959591903908184,False
GSM331589,0.0,0.12383829802274704,0.24956540763378143,0.415181040763855,0.9998090863227844,0.28560907,0.19803274,0.8439122677237908,0.9111990680033537,False
GSM331590,0.0,0.12383829802274704,0.24956540763378143,0.415181040763855,0.9998090863227844,0.28560826,0.19803219,0.8072631931590368,-0.6921042538421824,False
GSM331591,0.0,0.12383829802274704,0.24956540763378143,0.415181040763855,0.9998090863227844,0.28560916,0.19803202,0.8090285900204655,-0.6148726542474056,False
GSM331592,0.0,0.12383829802274704,0.24956540763378143,0.415181040763855,0.9998090863227844,0.2856077,0.19803269,0.8361070398094129,0.5697403001762769,False
GSM331593,0.0,0.12383829802274704,0.24956540763378143,0.415181040763855,0.9998090863227844,0.28560895,0.19803233,0.8368843524053257,0.603745739111366,False
GSM331594,0.0,0.12383829802274704,0.24956540763378143,0.415181040763855,0.9998090863227844,0.28560713,0.19803211,0.8313792218475858,0.36291035062638305,False
GSM331595,0.0,0.12383829802274704,0.24956540763378143,0.415181040763855,0.9998090863227844,0.28560883,0.19803232,0.7714436040501882,-2.259119707503604,False
GSM331596,0.0,0.12383829802274704,0.24956540763378143,0.415181040763855,0.9998090863227844,0.2856079,0.1980326,0.8378905322201007,0.6477635337913487,False
GSM331597,0.0,0.12383829802274704,0.24956540763378143,0.415181040763855,0.9998090863227844,0.28560808,0.19803223,0.830647297635094,0.3308905374342691,False
GSM331598,0.0,0.12383829802274704,0.24956540763378143,0.415181040763855,0.9998090863227844,0.2856095,0.1980327,0.8393075469138278,0.7097543041597105,False
GSM331599,0.0,0.12383829802274704,0.24956540763378143,0.415181040763855,0.9998090863227844,0.28561,0.19803241,0.8030055293212133,-0.8783661623774968,False
GSM331600,0.0,0.12383829802274704,0.24956540763378143,0.415181040763855,0.9998090863227844,0.28560743,0.19803241,0.8417577122340462,0.8169427732719645,False
GSM331601,0.0,0.12383829802274704,0.24956540763378143,0.415181040763855,0.9998090863227844,0.28560817,0.19803289,0.8419981628161716,0.8274618715476987,False
GSM331602,0.0,0.12383829802274704,0.24956540763378143,0.415181040763855,0.9998090863227844,0.28560713,0.19803217,0.837447241268276,0.6283706878860893,False
GSM331603,0.0,0.12383829802274704,0.24956540763378143,0.415181040763855,0.9998090863227844,0.28560904,0.19803223,0.8463539655300591,1.0180171050268019,False
GSM331604,0.0,0.12383829802274704,0.24956540763378143,0.415181040763855,0.9998090863227844,0.2856076,0.19803211,0.8119682412777415,-0.4862704267196532,False
GSM331605,0.0,0.12383829802274704,0.24956540763378143,0.415181040763855,0.9998090863227844,0.28560796,0.19803277,0.8163501874651402,-0.29457148310808934,False
GSM331606,0.0,0.12383829802274704,0.24956540763378143,0.415181040763855,0.9998090863227844,0.28560752,0.19803235,0.8402915209192424,0.7528006514475113,False
GSM331607,0.0,0.12383829802274704,0.24956540763378143,0.415181040763855,0.9998090863227844,0.28561026,0.19803207,0.806416073017829,-0.729163594426649,False
GSM331608,0.0,0.12383829802274704,0.24956540763378143,0.415181040763855,0.9998090863227844,0.28560856,0.19803217,0.8161319797619628,-0.30411751229194844,False
GSM331609,0.0,0.12383829802274704,0.24956540763378143,0.415181040763855,0.9998090863227844,0.28560853,0.19803217,0.8351883181332203,0.5295485754796919,False
GSM331610,0.0,0.12383829802274704,0.24956540763378143,0.415181040763855,0.9998090863227844,0.28560886,0.19803219,0.8203174516427495,-0.12101381732416291,False
GSM331611,0.0,0.12383829802274704,0.24956540763378143,0.415181040763855,0.9998090863227844,0.28560823,0.19803217,0.7341189381409244,-3.8919784235774117,False
GSM331612,0.0,0.12383829802274704,0.24956540763378143,0.415181040763855,0.9998090863227844,0.2856086,0.1980324,0.8345068056320917,0.49973414578630065,False
GSM331613,0.0,0.12383829802274704,0.24956540763378143,0.415181040763855,0.9998090863227844,0.28560752,0.19803241,0.8200764158214804,-0.13155851831631807,False
GSM331614,0.0,0.12383829802274704,0.24956540763378143,0.415181040763855,0.9998090863227844,0.28560913,0.19803213,0.8367725393357767,0.5988542031595672,False
GSM331615,0.0,0.12383829802274704,0.24956540763378143,0.415181040763855,0.9998090863227844,0.28560835,0.19803259,0.8151783818340654,-0.3458349838423295,False
GSM331616,0.0,0.12383829802274704,0.24956540763378143,0.415181040763855,0.9998090863227844,0.28560728,0.19803262,0.8508471666153726,1.2145831660080866,False
GSM331617,0.0,0.12383829802274704,0.24956540763378143,0.415181040763855,0.9998090863227844,0.28560692,0.1980318,0.8458778408815495,0.9971878688282373,False
GSM331618,0.0,0.12383829802274704,0.24956540763378143,0.415181040763855,0.9998090863227844,0.28560752,0.19803268,0.8513926851285922,1.2384482063879703,False
GSM331619,0.0,0.12383829802274704,0.24956540763378143,0.415181040763855,0.9998090863227844,0.28560907,0.19803214,0.8442359150160045,0.9253578096598633,False
GSM331620,0.0,0.12383829802274704,0.24956540763378143,0.415181040763855,0.9998090863227844,0.28560823,0.19803253,0.8389082119528449,0.692284420483885,False
GSM331621,0.0,0.12383829802274704,0.24956540763378143,0.415181040763855,0.9998090863227844,0.28560847,0.1980322,0.8384038229712566,0.6702186919685847,False
GSM331622,0.0,0.12383829802274704,0.24956540763378143,0.415181040763855,0.9998090863227844,0.2856087,0.19803248,0.8405033854772849,0.7620691842474494,False
GSM331623,0.0,0.12383829802274704,0.24956540763378143,0.415181040763855,0.9998090863227844,0.285608,0.19803277,0.8200110948374804,-0.13441614437856478,False
GSM331624,0.0,0.12383829802274704,0.24956540763378143,0.415181040763855,0.9998090863227844,0.28560752,0.19803256,0.8240470128127287,0.04214494954425202,False
GSM331625,0.0,0.12383829802274704,0.24956540763378143,0.415181040763855,0.9998090863227844,0.2856068,0.19803225,0.8464200537125577,1.0209082940620782,False
GSM331626,0.0,0.12383829802274704,0.24956540763378143,0.415181040763855,0.9998090863227844,0.28560787,0.19803268,0.8478257011420808,1.0824017756809952,False
GSM331627,0.0,0.12383829802274704,0.24956540763378143,0.415181040763855,0.9998090863227844,0.28560796,0.19803207,0.8511977456239167,1.22992010140532,False
GSM331628,0.0,0.12383829802274704,0.24956540763378143,0.415181040763855,0.9998090863227844,0.28560698,0.19803265,0.8401073652902485,0.744744313457837,False
GSM331629,0.0,0.12383829802274704,0.24956540763378143,0.415181040763855,0.9998090863227844,0.28560773,0.19803256,0.8518150321853024,1.2569248104233242,False
GSM331630,0.0,0.12383829802274704,0.24956540763378143,0.415181040763855,0.9998090863227844,0.28560728,0.1980327,0.8370293161126088,0.610087530717138,False
GSM331631,0.0,0.12383829802274704,0.24956540763378143,0.415181040763855,0.9998090863227844,0.28560653,0.19803265,0.8440172619058005,0.9157922950572372,False
GSM331632,0.0,0.12383829802274704,0.24956540763378143,0.415181040763855,0.9998090863227844,0.28560773,0.1980324,0.8335547403307376,0.45808372272915643,False
GSM331633,0.0,0.12383829802274704,0.24956540763378143,0.415181040763855,0.9998090863227844,0.28560895,0.19803192,0.8396093038951442,0.7229554006752542,False
GSM331634,0.0,0.12383829802274704,0.24956540763378143,0.415181040763855,0.9998090863227844,0.28560734,0.19803236,0.8432571846702767,0.8825408590783725,False
GSM331635,0.0,0.12383829802274704,0.24956540763378143,0.415181040763855,0.9998090863227844,0.28560755,0.19803241,0.8452970964919458,0.971781786408624,False
GSM331636,0.0,0.12383829802274704,0.24956540763378143,0.415181040763855,0.9998090863227844,0.2856084,0.19803286,0.8219746678792865,-0.04851484351347145,False
GSM331637,0.0,0.12383829802274704,0.24956540763378143,0.415181040763855,0.9998090863227844,0.28560793,0.1980323,0.8459914681221208,1.0021587701244816,False
GSM331638,0.0,0.12383829802274704,0.24956540763378143,0.415181040763855,0.9998090863227844,0.28560886,0.19803227,0.8450378426911397,0.960440095384498,False
GSM331639,0.0,0.12383829802274704,0.24956540763378143,0.415181040763855,0.9998090863227844,0.28560823,0.19803189,0.8371452317803552,0.6151585448521155,False
GSM331640,0.0,0.12383829802274704,0.24956540763378143,0.415181040763855,0.9998090863227844,0.2856091,0.19803217,0.8555994040814481,1.4224814064423803,False
GSM331641,0.0,0.12383829802274704,0.24956540763378143,0.415181040763855,0.9998090863227844,0.28560832,0.1980322,0.8527025916102846,1.295753266293198,False
GSM331642,0.0,0.12383829802274704,0.24956540763378143,0.415181040763855,0.9998090863227844,0.28560707,0.19803236,0.6796382908169039,-6.275367468683132,True
GSM331643,0.0,0.12383829802274704,0.24956540763378143,0.415181040763855,0.9998090863227844,0.2856086,0.19803225,0.8167836616523033,-0.2756080955610191,False
GSM331644,0.0,0.12383829802274704,0.24956540763378143,0.415181040763855,0.9998090863227844,0.2856077,0.19803196,0.849970348432212,1.1762246120087985,False
GSM331645,0.0,0.12383829802274704,0.24956540763378143,0.415181040763855,0.9998090863227844,0.28560886,0.19803217,0.8478613256635174,1.083960257422669,False
GSM331646,0.0,0.12383829802274704,0.24956540763378143,0.415181040763855,0.9998090863227844,0.28560656,0.198032,0.838520410194969,0.6753190849602995,False
GSM331647,0.0,0.12383829802274704,0.24956540763378143,0.415181040763855,0.9998090863227844,0.2856079,0.19803241,0.8080340934441962,-0.6583793371100054,False
GSM331648,0.0,0.12383829802274704,0.24956540763378143,0.415181040763855,0.9998090863227844,0.28560835,0.19803196,0.8384042374209739,0.6702368230842108,False
GSM331649,0.0,0.12383829802274704,0.24956540763378143,0.415181040763855,0.9998090863227844,0.2856077,0.19803204,0.8126295831652419,-0.4573384098079684,False
GSM331650,0.0,0.12383829802274704,0.24956540763378143,0.415181040763855,0.9998090863227844,0.28560978,0.19803259,0.8334884692012029,0.4551845302287362,False
GSM331651,0.0,0.12383829802274704,0.24956540763378143,0.415181040763855,0.9998090863227844,0.28560862,0.19803247,0.8093558902117207,-0.6005541075961645,False
GSM331652,0.0,0.12383829802274704,0.24956540763378143,0.415181040763855,0.9998090863227844,0.2856096,0.19803263,0.8157030694604652,-0.3228812415083537,False
GSM331653,0.0,0.12383829802274704,0.24956540763378143,0.415181040763855,0.9998090863227844,0.28560728,0.19803171,0.8341781311845643,0.4853554789363284,False
GSM331654,0.0,0.12383829802274704,0.24956540763378143,0.415181040763855,0.9998090863227844,0.2856088,0.19803198,0.8322283014644835,0.4000554132630397,False
GSM331655,0.0,0.12383829802274704,0.24956540763378143,0.415181040763855,0.9998090863227844,0.28560752,0.19803242,0.835667252092906,0.5505007118604381,False
GSM331656,0.0,0.12383829802274704,0.24956540763378143,0.415181040763855,0.9998090863227844,0.2856083,0.1980329,0.8549708819775,1.39498517116002,False
GSM331657,0.0,0.12383829802274704,0.24956540763378143,0.415181040763855,0.9998090863227844,0.28560817,0.19803223,0.8369457753430065,0.6064328356121855,False
GSM331658,0.0,0.12383829802274704,0.24956540763378143,0.415181040763855,0.9998090863227844,0.28560832,0.19803178,0.8433776894944047,0.8878126370732458,False
GSM331659,0.0,0.12383829802274704,0.24956540763378143,0.415181040763855,0.9998090863227844,0.28560796,0.19803213,0.8378399773342637,0.6455518867754145,False
GSM331660,0.0,0.12383829802274704,0.24956540763378143,0.415181040763855,0.9998090863227844,0.28560844,0.19803235,0.8385633339426284,0.677196889189345,False
GSM331661,0.0,0.12383829802274704,0.24956540763378143,0.415181040763855,0.9998090863227844,0.28560993,0.1980324,0.8560992592020754,1.4443487901310819,False
GSM331662,0.0,0.12383829802274704,0.24956540763378143,0.415181040763855,0.9998090863227844,0.28560838,0.19803242,0.8191692730858857,-0.17124369396235534,False
GSM331663,0.0,0.12383829802274704,0.24956540763378143,0.415181040763855,0.9998090863227844,0.2856078,0.19803272,0.8494196536447172,1.1521331228620963,False
GSM331664,0.0,0.12383829802274704,0.24956540763378143,0.415181040763855,0.9998090863227844,0.28560764,0.19803205,0.8132585565215408,-0.42982243338884973,False
GSM331665,0.0,0.12383829802274704,0.24956540763378143,0.415181040763855,0.9998090863227844,0.28560895,0.19803236,0.8261887778300944,0.1358416938068564,False
GSM331666,0.0,0.12383829802274704,0.24956540763378143,0.415181040763855,0.9998090863227844,0.28560746,0.1980321,0.8413486961710417,0.7990493661316399,False
GSM331667,0.0,0.12383829802274704,0.24956540763378143,0.415181040763855,0.9998090863227844,0.28560597,0.19803253,0.8270123625328698,0.17187141912633094,False
GSM331668,0.0,0.12383829802274704,0.24956540763378143,0.415181040763855,0.9998090863227844,0.28560764,0.19803235,0.8287301286990175,0.2470192975665459,False
GSM331669,0.0,0.12383829802274704,0.24956540763378143,0.415181040763855,0.9998090863227844,0.28560725,0.19803251,0.8379968809231775,0.652416017679195,False
GSM331670,0.0,0.12383829802274704,0.24956540763378143,0.415181040763855,0.9998090863227844,0.2856081,0.19803253,0.8646832730296071,1.8198774507561308,False
GSM331671,0.0,0.12383829802274704,0.24956540763378143,0.415181040763855,0.9998090863227844,0.28560916,0.1980328,0.8362252003537046,0.5749095219212689,False
GSM331672,0.0,0.12383829802274704,0.24956540763378143,0.415181040763855,0.9998090863227844,0.28560886,0.19803225,0.8445443259415849,0.9388499992266934,False
GSM331673,0.0,0.12383829802274704,0.24956540763378143,0.415181040763855,0.9998090863227844,0.28560704,0.19803241,0.8499364735462821,1.1747426723477425,False
GSM331674,0.0,0.12383829802274704,0.24956540763378143,0.415181040763855,0.9998090863227844,0.28560773,0.19803275,0.8203593718644706,-0.1191799147894833,False
GSM331675,0.0,0.12383829802274704,0.24956540763378143,0.415181040763855,0.9998090863227844,0.28560862,0.19803235,0.8547898794072412,1.3870667714294649,False
GSM331676,0.0,0.12383829802274704,0.24956540763378143,0.415181040763855,0.9998090863227844,0.28560817,0.19803277,0.8110711862730569,-0.5255142899268351,False
GSM331677,0.0,0.12383829802274704,0.24956540763378143,0.415181040763855,0.9998090863227844,0.28560755,0.19803241,0.8338339737249644,0.4702994698892365,False
GSM331678,0.0,0.12383829802274704,0.24956540763378143,0.415181040763855,0.9998090863227844,0.28560862,0.19803245,0.8328542764788367,0.4274402198870538,False
GSM331679,0.0,0.12383829802274704,0.24956540763378143,0.415181040763855,0.9998090863227844,0.28560805,0.19803256,0.8298829562587235,0.2974525561942911,False
GSM331680,0.0,0.12383829802274704,0.24956540763378143,0.415181040763855,0.9998090863227844,0.28560883,0.1980322,0.8289815741252301,0.2580193921636741,False
GSM331681,0.0,0.12383829802274704,0.24956540763378143,0.415181040763855,0.9998090863227844,0.28560773,0.19803199,0.8517755567941611,1.2551978629764997,False
GSM331682,0.0,0.12383829802274704,0.24956540763378143,0.415181040763855,0.9998090863227844,0.28560737,0.19803199,0.862359758613986,1.7182296349473216,False
GSM331683,0.0,0.12383829802274704,0.24956540763378143,0.415181040763855,0.9998090863227844,0.2856076,0.19803247,0.8032198404350043,-0.8689905990179795,False
GSM331684,0.0,0.12383829802274704,0.24956540763378143,0.415181040763855,0.9998090863227844,0.28560826,0.19803189,0.852928883498105,1.3056529578886333,False
GSM331685,0.0,0.12383829802274704,0.24956540763378143,0.415181040763855,0.9998090863227844,0.2856065,0.19803202,0.828746477375049,0.24773451034887087,False
GSM331686,0.0,0.12383829802274704,0.24956540763378143,0.415181040763855,0.9998090863227844,0.28560904,0.19803247,0.8555223668095514,1.4191112227363873,False
GSM331687,0.0,0.12383829802274704,0.24956540763378143,0.415181040763855,0.9998090863227844,0.28560728,0.19803236,0.8268152695172087,0.16324910354333824,False
GSM331688,0.0,0.12383829802274704,0.24956540763378143,0.415181040763855,0.9998090863227844,0.2856081,0.19803146,0.8460423043322984,1.0043827243611392,False
GSM331689,0.0,0.12383829802274704,0.24956540763378143,0.415181040763855,0.9998090863227844,0.28560665,0.198032,0.851774377044857,1.255146251960381,False
GSM331690,0.0,0.12383829802274704,0.24956540763378143,0.415181040763855,0.9998090863227844,0.285608,0.1980326,0.7274096168770482,-4.185494077040786,False
GSM331691,0.0,0.12383829802274704,0.24956540763378143,0.415181040763855,0.9998090863227844,0.28560835,0.1980322,0.6925288853086622,-5.711436913419502,True
GSM331692,0.0,0.12383829802274704,0.24956540763378143,0.415181040763855,0.9998090863227844,0.2856078,0.19803178,0.8439094715279724,0.9110767415845428,False
GSM331693,0.0,0.12383829802274704,0.24956540763378143,0.415181040763855,0.9998090863227844,0.2856077,0.19803242,0.8457436890612804,0.9913190696396234,False
GSM331694,0.0,0.12383829802274704,0.24956540763378143,0.415181040763855,0.9998090863227844,0.28560778,0.19803207,0.8299409340477348,0.299988936248058,False
GSM331695,0.0,0.12383829802274704,0.24956540763378143,0.415181040763855,0.9998090863227844,0.2856069,0.19803181,0.7984371845934805,-1.0782195656160498,False
GSM331696,0.0,0.12383829802274704,0.24956540763378143,0.415181040763855,0.9998090863227844,0.28560826,0.19803247,0.8370309032866968,0.6101569655260092,False
GSM331697,0.0,0.12383829802274704,0.24956540763378143,0.415181040763855,0.9998090863227844,0.28560767,0.19803202,0.8416201272154002,0.8109237804310561,False
GSM331698,0.0,0.12383829802274704,0.24956540763378143,0.415181040763855,0.9998090863227844,0.28560853,0.19803284,0.8456238731251068,0.986077428731672,False
GSM331699,0.0,0.12383829802274704,0.24956540763378143,0.415181040763855,0.9998090863227844,0.2856071,0.19803198,0.8274947785677735,0.19297588739622157,False
GSM331700,0.0,0.12383829802274704,0.24956540763378143,0.415181040763855,0.9998090863227844,0.2856078,0.19803247,0.8316791213172166,0.37603018575425456,False
GSM331701,0.0,0.12383829802274704,0.24956540763378143,0.415181040763855,0.9998090863227844,0.28560722,0.19803241,0.8531689971539438,1.3161573165006513,False
GSM331702,0.0,0.12383829802274704,0.24956540763378143,0.415181040763855,0.9998090863227844,0.28560776,0.19803219,0.8532572166896814,1.32001669566314,False
GSM331703,0.0,0.12383829802274704,0.24956540763378143,0.415181040763855,0.9998090863227844,0.2856097,0.19803217,0.8067106590101456,-0.7162762103478008,False
GSM331704,0.0,0.12383829802274704,0.24956540763378143,0.415181040763855,0.9998090863227844,0.2856065,0.19803245,0.8483939510550563,1.1072612566892368,False
GSM331705,0.0,0.12383829802274704,0.24956540763378143,0.415181040763855,0.9998090863227844,0.28560743,0.1980322,0.8610774072860898,1.6621300425781829,False
GSM331706,0.0,0.12383829802274704,0.24956540763378143,0.415181040763855,0.9998090863227844,0.28560653,0.19803242,0.8249696895628514,0.08250969861445259,False
GSM331707,0.0,0.12383829802274704,0.24956540763378143,0.415181040763855,0.9998090863227844,0.28560823,0.1980322,0.8341458808911941,0.48394461104662134,False
GSM331708,0.0,0.12383829802274704,0.24956540763378143,0.415181040763855,0.9998090863227844,0.2856087,0.19803219,0.8199075846803576,-0.13894444913743131,False
GSM331709,0.0,0.12383829802274704,0.24956540763378143,0.415181040763855,0.9998090863227844,0.28560773,0.19803268,0.8524164268304267,1.2832342887312769,False
GSM331710,0.0,0.12383829802274704,0.24956540763378143,0.415181040763855,0.9998090863227844,0.2856081,0.19803286,0.8527527516546121,1.2979476400024723,False
GSM331711,0.0,0.12383829802274704,0.24956540763378143,0.415181040763855,0.9998090863227844,0.28560826,0.19803265,0.8059172004799441,-0.7509879926322632,False
GSM331712,0.0,0.12383829802274704,0.24956540763378143,0.415181040763855,0.9998090863227844,0.2856077,0.19803227,0.8576002217571448,1.5100120648273236,False
GSM331713,0.0,0.12383829802274704,0.24956540763378143,0.415181040763855,0.9998090863227844,0.285608,0.19803214,0.8546658460971734,1.3816406311950178,False
GSM331714,0.0,0.12383829802274704,0.24956540763378143,0.415181040763855,0.9998090863227844,0.28560856,0.19803183,0.8321634829203046,0.3972197676585239,False
GSM331715,0.0,0.12383829802274704,0.24956540763378143,0.415181040763855,0.9998090863227844,0.28560755,0.19803219,0.8394765046662197,0.7171457739001772,False
GSM331716,0.0,0.12383829802274704,0.24956540763378143,0.415181040763855,0.9998090863227844,0.28560898,0.19803226,0.8536624531171196,1.337744753409773,False
GSM331717,0.0,0.12383829802274704,0.24956540763378143,0.415181040763855,0.9998090863227844,0.2856085,0.19803257,0.854612039924501,1.3792867486916778,False
GSM331718,0.0,0.12383829802274704,0.24956540763378143,0.415181040763855,0.9998090863227844,0.28560835,0.19803223,0.8424178539108388,0.8458222840334227,False
GSM331719,0.0,0.12383829802274704,0.24956540763378143,0.415181040763855,0.9998090863227844,0.28560725,0.19803274,0.848899616801553,1.1293828404053325,False
GSM331720,0.0,0.12383829802274704,0.24956540763378143,0.415181040763855,0.9998090863227844,0.28560796,0.19803205,0.8288679832024444,0.25305007967770443,False
GSM331721,0.0,0.12383829802274704,0.24956540763378143,0.415181040763855,0.9998090863227844,0.28560826,0.19803198,0.8371517082448686,0.6154418736180275,False
GSM331722,0.0,0.12383829802274704,0.24956540763378143,0.415181040763855,0.9998090863227844,0.28560665,0.1980321,0.8411763847572773,0.7915111822794877,False
GSM331723,0.0,0.12383829802274704,0.24956540763378143,0.415181040763855,0.9998090863227844,0.2856075,0.19803199,0.8554872760011237,1.4175760895744591,False
GSM331724,0.0,0.12383829802274704,0.24956540763378143,0.415181040763855,0.9998090863227844,0.2856087,0.19803232,0.8490828070755646,1.137396946582383,False
GSM331725,0.0,0.12383829802274704,0.24956540763378143,0.415181040763855,0.9998090863227844,0.28560847,0.19803196,0.8442099611500747,0.9242223943743733,False
GSM331726,0.0,0.12383829802274704,0.24956540763378143,0.415181040763855,0.9998090863227844,0.2856087,0.19803241,0.838057214982017,0.6550554785143367,False
GSM331727,0.0,0.12383829802274704,0.24956540763378143,0.415181040763855,0.9998090863227844,0.28560805,0.19803248,0.8378959693997782,0.6480013965025337,False
GSM331728,0.0,0.12383829802274704,0.24956540763378143,0.415181040763855,0.9998090863227844,0.28560728,0.19803147,0.8368977010080307,0.6043297063551017,False
GSM331729,0.0,0.12383829802274704,0.24956540763378143,0.415181040763855,0.9998090863227844,0.2856074,0.19803257,0.8450595634784043,0.9613903242999072,False
GSM331730,0.0,0.12383829802274704,0.24956540763378143,0.415181040763855,0.9998090863227844,0.28560978,0.19803251,0.8392071325623357,0.7053614329830099,False
GSM331731,0.0,0.12383829802274704,0.24956540763378143,0.415181040763855,0.9998090863227844,0.28560847,0.19803236,0.8223065819193284,-0.03399445277274447,False
GSM331732,0.0,0.12383829802274704,0.24956540763378143,0.415181040763855,0.9998090863227844,0.2856087,0.19803211,0.8547853981324498,1.3868707271133558,False
