probe_id,mad
206676_at,0.2984027
209728_at,0.29705977
211560_s_at,0.2862169
207341_at,0.2740773
207826_s_at,0.26990032
213831_at,0.26955912
206851_at,0.26664495
209480_at,0.26576382
209995_s_at,0.26525185
210244_at,0.2640702
203948_s_at,0.26255953
203757_s_at,0.26165277
206255_at,0.26107776
207384_at,0.26101568
225782_at,0.25713196
212531_at,0.25281027
207802_at,0.25196397
210487_at,0.25113612
207269_at,0.25016397
214575_s_at,0.25004214
206207_at,0.24732833
209395_at,0.24467698
231688_at,0.24046165
210254_at,0.24037845
221969_at,0.23947406
205653_at,0.23912899
205557_at,0.23647076
201427_s_at,0.23580816
1566363_at,0.23322132
205837_s_at,0.23318242
39318_at,0.23198819
205513_at,0.22719264
209369_at,0.2266294
206871_at,0.22659487
1565162_s_at,0.22646256
211743_s_at,0.22487947
210746_s_at,0.22428739
204581_at,0.22293007
242064_at,0.22285789
211657_at,0.22104475
220377_at,0.21914212
1554892_a_at,0.21907228
220068_at,0.21814574
212768_s_at,0.21779501
204351_at,0.21755773
211821_x_at,0.21738604
224918_x_at,0.21727455
223669_at,0.21663141
219672_at,0.21576937
227923_at,0.2150517
202718_at,0.21457723
206398_s_at,0.21369308
219737_s_at,0.21305916
219837_s_at,0.21178702
230983_at,0.21177778
211820_x_at,0.21158013
206145_at,0.21014649
206177_s_at,0.20905264
207655_s_at,0.20902807
223708_at,0.20831037
213668_s_at,0.208043
223422_s_at,0.20796332
208470_s_at,0.20778844
202018_s_at,0.20775507
232629_at,0.20703474
205936_s_at,0.20537433
214433_s_at,0.2026115
205592_at,0.20231825
205627_at,0.20059279
203435_s_at,0.19853921
206120_at,0.19735754
220416_at,0.19662249
206660_at,0.19618352
207329_at,0.19618234
209396_s_at,0.1959075
240336_at,0.19563872
214146_s_at,0.19552378
205267_at,0.19471079
206522_at,0.1942565
209774_x_at,0.19226897
219890_at,0.19214872
205051_s_at,0.1920234
205049_s_at,0.191883
203372_s_at,0.1917478
201506_at,0.19157691
208791_at,0.19107118
205382_s_at,0.19095439
214407_x_at,0.18864983
203373_at,0.18747437
205950_s_at,0.18593259
219686_at,0.18495643
213258_at,0.18410447
211506_s_at,0.18392949
214777_at,0.18363416
205997_at,0.18311939
205624_at,0.18307382
209099_x_at,0.18256587
228056_s_at,0.1821714
221602_s_at,0.18213618
217963_s_at,0.18154636
206697_s_at,0.18145075
216667_at,0.18139443
235818_at,0.18098499
228988_at,0.18024229
201110_s_at,0.1794952
244413_at,0.17887487
215646_s_at,0.17854205
236203_at,0.17830579
237403_at,0.17779754
203290_at,0.17767105
231736_x_at,0.17756441
38521_at,0.17714298
230896_at,0.17712365
228492_at,0.17686076
228055_at,0.17670149
1554127_s_at,0.17620221
206390_x_at,0.17613654
229934_at,0.1760621
201015_s_at,0.17570096
207459_x_at,0.1754433
212387_at,0.17516267
206157_at,0.17488793
219218_at,0.1746262
203949_at,0.1741116
236694_at,0.17402586
209959_at,0.17387995
203936_s_at,0.173871
1565358_at,0.17323697
229584_at,0.17272776
216268_s_at,0.17255437
214651_s_at,0.17232777
217378_x_at,0.17203993
212385_at,0.17199259
204614_at,0.17190704
220005_at,0.17179644
212012_at,0.17149122
218559_s_at,0.17144194
206674_at,0.1710878
44790_s_at,0.17094694
205239_at,0.17062326
230877_at,0.17052372
211644_x_at,0.17046583
222146_s_at,0.17029496
205048_s_at,0.17002231
206937_at,0.16998431
201324_at,0.16984011
209301_at,0.1694794
212956_at,0.16930076
244172_at,0.16926481
205767_at,0.16896465
213524_s_at,0.16876587
206111_at,0.16866326
217975_at,0.16862714
218825_at,0.16862059
227030_at,0.16795862
201418_s_at,0.16773392
209183_s_at,0.16761932
244261_at,0.16754961
214131_at,0.16732618
221731_x_at,0.16721134
202242_at,0.16694494
231078_at,0.16680858
227769_at,0.16674548
209524_at,0.16645217
205268_s_at,0.16635767
1553369_at,0.16628882
229002_at,0.1661905
205838_at,0.1659476
234307_s_at,0.16505106
207674_at,0.16497956
227235_at,0.16497767
216317_x_at,0.16454905
204030_s_at,0.16454142
218718_at,0.1644114
228592_at,0.16439077
201743_at,0.1643362
230802_at,0.16413319
236307_at,0.1639685
1552398_a_at,0.16349229
206698_at,0.16335432
224973_at,0.16335148
221234_s_at,0.16316448
218454_at,0.16293384
201109_s_at,0.16266966
209930_s_at,0.16255586
232618_at,0.16249084
223044_at,0.16237652
209555_s_at,0.16223796
238021_s_at,0.16217138
204466_s_at,0.16167879
227478_at,0.1616224
212999_x_at,0.16159819
1555756_a_at,0.16150413
241742_at,0.16106483
222692_s_at,0.16093029
228837_at,0.1605373
210664_s_at,0.16035658
204409_s_at,0.16025108
212382_at,0.16024028
225790_at,0.16010666
205040_at,0.1595836
214039_s_at,0.15937822
205801_s_at,0.15928207
209576_at,0.1592526
218847_at,0.15905116
205041_s_at,0.158537
218332_at,0.15839562
208029_s_at,0.1583623
206310_at,0.15831083
206881_s_at,0.15830395
204971_at,0.15769988
204410_at,0.15735164
213891_s_at,0.15717733
223646_s_at,0.15691298
222717_at,0.15691108
228976_at,0.15689743
227692_at,0.15686426
202890_at,0.1567829
215047_at,0.15650725
204214_s_at,0.15608129
1566428_at,0.15572983
220088_at,0.15562275
205640_at,0.155606
221909_at,0.155527
205297_s_at,0.15549916
202833_s_at,0.15528634
204748_at,0.15527064
215049_x_at,0.15525998
204724_s_at,0.15519954
220001_at,0.15517099
227297_at,0.15512091
210517_s_at,0.15498835
221491_x_at,0.15456808
205403_at,0.15456083
206515_at,0.15442424
204848_x_at,0.15396154
223828_s_at,0.15367411
210084_x_at,0.15358393
223670_s_at,0.15354872
204419_x_at,0.15319717
232530_at,0.15316659
218899_s_at,0.15310156
204304_s_at,0.15302896
203753_at,0.15290241
219471_at,0.15286325
207850_at,0.15251073
205237_at,0.15249038
226751_at,0.15248373
1554997_a_at,0.1524513
232383_at,0.15221739
204620_s_at,0.15217532
239278_at,0.1521405
204112_s_at,0.15196836
206715_at,0.15194684
216576_x_at,0.15189572
212592_at,0.15159762
209583_s_at,0.15141377
238022_at,0.15138608
204619_s_at,0.15099356
221942_s_at,0.1508095
205001_s_at,0.15065801
212013_at,0.15062185
224367_at,0.15050195
243780_at,0.15047647
227474_at,0.1502335
205896_at,0.15022798
232231_at,0.15019351
215176_x_at,0.1500245
203021_at,0.15002006
227198_at,0.14905667
215925_s_at,0.14877754
226864_at,0.14874186
219332_at,0.14857477
205568_at,0.14855489
207741_x_at,0.1483678
238919_at,0.1483095
217418_x_at,0.14803773
210430_x_at,0.1480142
205119_s_at,0.14797638
215382_x_at,0.14790812
210948_s_at,0.1478897
211571_s_at,0.14779387
231049_at,0.14769158
238513_at,0.14762676
214464_at,0.14761972
203799_at,0.14760636
239214_at,0.14758104
1561690_at,0.14757581
206624_at,0.14756396
209906_at,0.14755714
230263_s_at,0.14736474
205844_at,0.14733326
220570_at,0.14719446
204004_at,0.14711282
235085_at,0.14703578
225019_at,0.1470348
234980_at,0.14693879
210783_x_at,0.14676917
220807_at,0.14666183
203819_s_at,0.14657277
201325_s_at,0.146559
202949_s_at,0.14644378
210586_x_at,0.14638454
213338_at,0.14626615
235721_at,0.14620565
209160_at,0.14613828
206067_s_at,0.14594693
204039_at,0.14587826
210145_at,0.14567049
226636_at,0.14548115
1563209_a_at,0.14541662
235982_at,0.1454132
203645_s_at,0.14540693
221698_s_at,0.14535147
212671_s_at,0.14532673
228915_at,0.1449987
201462_at,0.14499475
235086_at,0.14494047
217867_x_at,0.1444842
210190_at,0.14428522
222281_s_at,0.1442841
206380_s_at,0.14423116
232623_at,0.14410295
209791_at,0.14409888
205131_x_at,0.1440799
229530_at,0.14389645
226043_at,0.14372715
205484_at,0.14357236
227646_at,0.14356658
204959_at,0.14351109
228058_at,0.14342965
242020_s_at,0.14339909
202286_s_at,0.14336976
221748_s_at,0.14329293
218857_s_at,0.14306518
227798_at,0.14297625
203355_s_at,0.14267907
1555779_a_at,0.14267841
230206_at,0.14266187
209905_at,0.142642
213150_at,0.14262739
202219_at,0.14251548
228266_s_at,0.14244893
223280_x_at,0.1423676
243808_at,0.14234103
223501_at,0.14233895
206488_s_at,0.14226261
1554899_s_at,0.14197353
202990_at,0.14181416
203434_s_at,0.14177153
206393_at,0.14170823
205683_x_at,0.14168096
221349_at,0.1414158
235278_at,0.1413771
212841_s_at,0.14129758
1559263_s_at,0.14126928
229967_at,0.14121257
229461_x_at,0.14107923
220450_at,0.14095418
243362_s_at,0.14066973
214511_x_at,0.14050356
227265_at,0.14050066
205174_s_at,0.1404565
231644_at,0.14041537
230240_at,0.14040926
201189_s_at,0.14039141
227654_at,0.1403327
216401_x_at,0.14029475
226223_at,0.14017569
224480_s_at,0.14003861
1552924_a_at,0.13996574
227671_at,0.13991964
1566482_at,0.13985197
1553723_at,0.13978572
1557813_at,0.13960074
210356_x_at,0.1394702
224356_x_at,0.1394389
202005_at,0.13935827
231793_s_at,0.13933519
242832_at,0.13911986
217388_s_at,0.13909304
205220_at,0.13909039
206295_at,0.13899836
219667_s_at,0.13899526
235568_at,0.13894692
226878_at,0.13872656
216984_x_at,0.1387069
235816_s_at,0.13870637
200923_at,0.13867028
227038_at,0.13863806
201005_at,0.13860238
211030_s_at,0.13831888
204430_s_at,0.13826765
214769_at,0.13824172
223502_s_at,0.13821505
205453_at,0.13816917
202948_at,0.13810313
210504_at,0.13808292
210140_at,0.13804942
200660_at,0.13792363
212372_at,0.13780989
223204_at,0.13779043
221766_s_at,0.13774183
211650_x_at,0.13768065
1554406_a_at,0.13764484
227889_at,0.1375834
202552_s_at,0.13755932
207134_x_at,0.13744745
235079_at,0.13737915
205863_at,0.13728753
226818_at,0.1371844
216474_x_at,0.13706571
236216_at,0.13701487
236995_x_at,0.13677116
208268_at,0.13660485
222771_s_at,0.13657615
230986_at,0.13653547
204115_at,0.13652113
243882_at,0.136515
210473_s_at,0.13650373
208450_at,0.13648094
208949_s_at,0.13648057
204150_at,0.1364626
221558_s_at,0.13625571
217762_s_at,0.13619672
212386_at,0.13614991
213674_x_at,0.13603258
202555_s_at,0.13594738
205933_at,0.13592029
211149_at,0.13563477
203828_s_at,0.13539965
221802_s_at,0.1353399
219666_at,0.13527866
205390_s_at,0.13521563
228766_at,0.13521297
208146_s_at,0.13518931
210051_at,0.13509922
212775_at,0.13507727
209994_s_at,0.13493726
201060_x_at,0.13491334
201212_at,0.13468575
217281_x_at,0.13462515
227711_at,0.13440256
201360_at,0.13434464
203036_s_at,0.13415688
226841_at,0.13409908
213541_s_at,0.13409208
222285_at,0.13395062
201540_at,0.13392249
227236_at,0.1338845
209191_at,0.13383602
240413_at,0.13380933
211413_s_at,0.13380511
228518_at,0.13374704
218613_at,0.13370985
204005_s_at,0.13370447
231771_at,0.13357341
236260_at,0.1335687
224341_x_at,0.1334503
221728_x_at,0.1334478
227806_at,0.133445
206371_at,0.13330641
205830_at,0.1332266
231899_at,0.1331763
218589_at,0.13315924
205262_at,0.13310812
202295_s_at,0.13309541
232544_at,0.13301612
38487_at,0.13298589
210889_s_at,0.13292746
225792_at,0.13292205
206077_at,0.1329155
203591_s_at,0.13289961
228497_at,0.13271673
225655_at,0.13270052
205330_at,0.13266478
206414_s_at,0.1326387
209823_x_at,0.13263357
231925_at,0.13247906
222934_s_at,0.13233572
227230_s_at,0.13233098
209983_s_at,0.13228308
212827_at,0.13222474
219434_at,0.13222376
218510_x_at,0.13207445
217422_s_at,0.1320486
244482_at,0.13204034
205899_at,0.13198131
225355_at,0.13197468
205419_at,0.13193119
212158_at,0.13184622
239317_at,0.13159232
214218_s_at,0.13158034
226545_at,0.13157594
221601_s_at,0.13152419
203029_s_at,0.13148099
203542_s_at,0.13142963
210184_at,0.13142458
218881_s_at,0.131409
203066_at,0.1313467
243968_x_at,0.13131002
232472_at,0.13124904
222670_s_at,0.13122128
243591_at,0.13117309
201670_s_at,0.13117027
218865_at,0.13093053
205768_s_at,0.13090777
227584_at,0.13084225
227173_s_at,0.13083443
228737_at,0.13077083
222833_at,0.13068241
217889_s_at,0.13067833
232068_s_at,0.13067372
212657_s_at,0.13066888
210511_s_at,0.13057473
220000_at,0.1305591
235385_at,0.13038462
203665_at,0.13038167
209543_s_at,0.13031542
211645_x_at,0.13031045
225386_s_at,0.13020009
204015_s_at,0.13010013
217078_s_at,0.13007323
206283_s_at,0.13007054
223809_at,0.13003723
211429_s_at,0.12999147
202201_at,0.1299887
224823_at,0.12991628
203153_at,0.12988268
212614_at,0.12982705
206494_s_at,0.1298199
230803_s_at,0.12976466
209781_s_at,0.12970737
224996_at,0.12964469
218880_at,0.129466
220162_s_at,0.12942049
225897_at,0.12937695
220384_at,0.12932162
1557814_a_at,0.12930241
217764_s_at,0.1292978
203821_at,0.1292965
227647_at,0.12922499
212589_at,0.12921923
202437_s_at,0.12919062
237515_at,0.12905753
206478_at,0.12904671
203404_at,0.12896399
209982_s_at,0.12895013
204232_at,0.12889251
201631_s_at,0.12887947
206772_at,0.1288261
211924_s_at,0.12882274
1558871_at,0.12879375
202551_s_at,0.12877153
204588_s_at,0.12874141
1568870_at,0.12873162
209581_at,0.12863922
228325_at,0.12857449
217763_s_at,0.12849936
210665_at,0.1283564
242814_at,0.12827833
209498_at,0.12823316
1558662_s_at,0.12823273
215164_at,0.12810141
218864_at,0.12809733
201508_at,0.12809348
230760_at,0.12807724
227792_at,0.12801567
205769_at,0.12795614
202411_at,0.12789693
216950_s_at,0.1278433
219243_at,0.12782696
219574_at,0.1276694
227195_at,0.12766555
228383_at,0.12764499
226713_at,0.12759328
222764_at,0.12754062
227860_at,0.12745318
224851_at,0.1274018
207978_s_at,0.1273812
228425_at,0.1273691
223366_at,0.12736455
1563392_at,0.12732258
207550_at,0.12731984
228599_at,0.1272377
233251_at,0.12718622
225745_at,0.12704787
209960_at,0.12703997
236099_at,0.12694588
205715_at,0.1268534
225056_at,0.12681326
239704_at,0.12679607
210845_s_at,0.12679468
216705_s_at,0.12676886
222760_at,0.12676653
228390_at,0.12676466
204381_at,0.12673315
206655_s_at,0.12672082
224435_at,0.12670867
41577_at,0.12666517
221810_at,0.12664747
204891_s_at,0.12663436
1558048_x_at,0.12663306
211796_s_at,0.12658209
202178_at,0.12651616
223565_at,0.12646505
201792_at,0.12640268
211656_x_at,0.12635332
203543_s_at,0.12633908
216920_s_at,0.12631929
236889_at,0.12630157
220059_at,0.12626165
223475_at,0.12623425
209170_s_at,0.1262287
201655_s_at,0.1262244
228693_at,0.12616399
223168_at,0.12614715
220404_at,0.126141
201162_at,0.12612697
210547_x_at,0.126116
205101_at,0.12608658
208079_s_at,0.12607479
203178_at,0.12606332
216491_x_at,0.1260396
1554242_a_at,0.12599456
207165_at,0.12582698
204467_s_at,0.12570702
241505_at,0.1256839
204612_at,0.12567464
201292_at,0.12566337
204006_s_at,0.12564673
213355_at,0.1255196
236189_at,0.12551853
200665_s_at,0.1255003
208456_s_at,0.12546977
219694_at,0.12543869
221586_s_at,0.1254228
1554624_a_at,0.12534308
201188_s_at,0.12532166
223514_at,0.12521541
221286_s_at,0.12519675
227929_at,0.12518947
229116_at,0.12517428
213395_at,0.1251008
215819_s_at,0.12509346
202888_s_at,0.12495479
216015_s_at,0.124938376
1552798_a_at,0.12486534
205249_at,0.1248391
203305_at,0.1247635
227388_at,0.12475903
205861_at,0.124626644
223732_at,0.12451287
210512_s_at,0.12450433
211031_s_at,0.12442343
210298_x_at,0.12438086
223467_at,0.12434782
231979_at,0.12430307
218856_at,0.12426408
235171_at,0.1242414
201042_at,0.124229476
38037_at,0.12420295
205898_at,0.12410195
202976_s_at,0.12408416
235142_at,0.1240408
242292_at,0.12388522
210762_s_at,0.12387613
238066_at,0.123789944
201810_s_at,0.12375386
223939_at,0.123709545
228624_at,0.12360515
206206_at,0.12356792
200986_at,0.123511255
220811_at,0.12350012
229437_at,0.12346904
229776_at,0.12344825
219631_at,0.12329967
229865_at,0.123289175
230788_at,0.123267755
212314_at,0.12325454
213958_at,0.12324941
204081_at,0.12322867
201445_at,0.12322205
203764_at,0.123193234
204007_at,0.123122245
207781_s_at,0.12305839
227233_at,0.12298098
205681_at,0.122977585
205789_at,0.12287578
203685_at,0.122864515
207169_x_at,0.12281553
210993_s_at,0.12242496
213689_x_at,0.12240246
202023_at,0.122360304
226726_at,0.122265324
204393_s_at,0.122167416
204069_at,0.12215883
209772_s_at,0.12214577
228762_at,0.1220885
1566825_at,0.12205571
202435_s_at,0.12201728
230550_at,0.12184607
227140_at,0.12182999
206277_at,0.12182396
222566_at,0.12180341
229770_at,0.12170411
210387_at,0.1216965
232739_at,0.12153497
230690_at,0.121504605
214983_at,0.1214945
228094_at,0.121479794
204416_x_at,0.12139676
226047_at,0.12136862
210299_s_at,0.1213215
203815_at,0.12130681
206440_at,0.121249124
203973_s_at,0.121221155
229487_at,0.12119241
203037_s_at,0.12118271
223645_s_at,0.12115936
202723_s_at,0.12111583
205289_at,0.1209681
207819_s_at,0.120948404
202912_at,0.120940566
219918_s_at,0.12093586
217979_at,0.12093103
1553635_s_at,0.12086004
237009_at,0.1208494
235333_at,0.12083402
1559827_at,0.12082848
206834_at,0.120781094
203126_at,0.120777935
1553605_a_at,0.12071149
212224_at,0.12069966
228377_at,0.12056689
217820_s_at,0.12051974
201291_s_at,0.12051794
203923_s_at,0.12049556
231042_s_at,0.12042242
226342_at,0.12041995
211816_x_at,0.12041869
217572_at,0.12039165
226122_at,0.120300174
210506_at,0.120259255
237194_at,0.12024821
218793_s_at,0.12024628
212192_at,0.12023802
241133_at,0.1202302
209710_at,0.120167285
244579_at,0.12016407
231124_x_at,0.12014805
236280_at,0.12014657
219271_at,0.120134115
212985_at,0.12006075
213006_at,0.12004885
204912_at,0.12004565
218532_s_at,0.12002191
236081_at,0.120017506
1555167_s_at,0.1199269
204187_at,0.119884685
224818_at,0.11973466
1553043_a_at,0.11967249
214539_at,0.11964452
1554636_at,0.11960304
208886_at,0.11959055
214627_at,0.11959043
1552553_a_at,0.11957821
205609_at,0.11956331
227099_s_at,0.11955425
209813_x_at,0.11953449
213419_at,0.11945389
215449_at,0.119444795
222116_s_at,0.11942596
228365_at,0.11941835
214836_x_at,0.11940107
226722_at,0.11936359
202007_at,0.119348586
221261_x_at,0.11934495
209485_s_at,0.11933787
208621_s_at,0.11931361
218345_at,0.11927591
211728_s_at,0.11926737
210150_s_at,0.11920583
224771_at,0.11910342
207949_s_at,0.119053505
213817_at,0.11901626
208820_at,0.11900705
218656_s_at,0.1189719
220122_at,0.11894901
207030_s_at,0.11886115
207085_x_at,0.11881815
201131_s_at,0.11871439
225962_at,0.11869791
208540_x_at,0.118624315
238029_s_at,0.11856602
205164_at,0.11855264
1554503_a_at,0.11852584
200832_s_at,0.11849931
217230_at,0.11841777
227232_at,0.11838882
223595_at,0.118346125
204639_at,0.11833376
212488_at,0.11830848
215806_x_at,0.11828229
223627_at,0.118239775
228854_at,0.118225336
225032_at,0.11820567
227396_at,0.11815877
230348_at,0.11814894
203213_at,0.118100464
209582_s_at,0.11807731
210094_s_at,0.11807324
203680_at,0.118061006
216905_s_at,0.11803205
213844_at,0.11802863
211372_s_at,0.11798963
219229_at,0.11793976
231592_at,0.11790208
211734_s_at,0.11787814
230972_at,0.11786947
228376_at,0.117847554
203820_s_at,0.1178425
235759_at,0.117825
231982_at,0.117822796
225612_s_at,0.117809966
240718_at,0.117747694
235099_at,0.11774467
1558549_s_at,0.11774309
225353_s_at,0.11765961
227408_s_at,0.11759707
215177_s_at,0.11759592
244740_at,0.117486715
220145_at,0.11748618
219593_at,0.11744255
206693_at,0.117381565
202524_s_at,0.11737463
225590_at,0.11736904
202672_s_at,0.11735092
223600_s_at,0.11733076
209101_at,0.11729703
209602_s_at,0.11728793
232622_at,0.11724351
226980_at,0.11720904
205153_s_at,0.11716814
219812_at,0.11714095
235102_x_at,0.11712232
224762_at,0.11710416
209803_s_at,0.11708857
232069_at,0.117071815
237625_s_at,0.11706537
226550_at,0.11704311
228729_at,0.11700554
236988_x_at,0.117002934
1007_s_at,0.116983324
206026_s_at,0.11693774
205389_s_at,0.11690594
207246_at,0.116898194
209670_at,0.11689156
210559_s_at,0.116817296
202207_at,0.11676985
207072_at,0.116741434
223922_x_at,0.11667451
205229_s_at,0.116656005
222915_s_at,0.11664939
209200_at,0.116607174
239043_at,0.116606474
228361_at,0.11659831
235916_at,0.11653251
219359_at,0.116506964
213288_at,0.11650555
220146_at,0.11649473
215017_s_at,0.11643394
206643_at,0.11641091
208651_x_at,0.11640301
221658_s_at,0.11639352
236796_at,0.11633533
204720_s_at,0.11633232
230252_at,0.11632048
238756_at,0.116310194
212750_at,0.11630581
232278_s_at,0.11630122
204438_at,0.116230324
211163_s_at,0.11621207
209047_at,0.11614268
235522_at,0.11605051
1553970_s_at,0.116044134
211634_x_at,0.116025254
239580_at,0.11591272
219049_at,0.11581518
235287_at,0.11574325
203787_at,0.11573005
232882_at,0.11571798
229622_at,0.115702614
218542_at,0.11567549
207895_at,0.11567247
228994_at,0.11564079
225798_at,0.11563006
1555349_a_at,0.11561689
213096_at,0.1155938
224215_s_at,0.115481935
222303_at,0.11544567
214230_at,0.115394264
205114_s_at,0.11535846
1553906_s_at,0.115349054
212606_at,0.11534068
1557359_at,0.11531672
209199_s_at,0.115271986
235458_at,0.11519041
212558_at,0.11514108
201904_s_at,0.1151022
206148_at,0.115097515
240539_at,0.1150828
211307_s_at,0.1150506
203556_at,0.115041375
222347_at,0.1150371
205391_x_at,0.11501079
217552_x_at,0.11500864
239205_s_at,0.11495624
221526_x_at,0.11493744
219148_at,0.11493275
212993_at,0.11488962
226806_s_at,0.11488047
227461_at,0.11486043
206102_at,0.114860296
240227_at,0.114816055
205290_s_at,0.1148065
224970_at,0.11478026
202889_x_at,0.11475222
1561181_at,0.11469726
203234_at,0.11469579
209773_s_at,0.114673674
219938_s_at,0.114620924
228155_at,0.11459893
219630_at,0.11459493
1561737_at,0.11457997
208622_s_at,0.11456671
212062_at,0.11456245
205786_s_at,0.114475414
218445_at,0.11447528
223253_at,0.1144167
211324_s_at,0.11438948
205544_s_at,0.11437878
229307_at,0.11433044
223703_at,0.11432034
210448_s_at,0.114304975
209723_at,0.11427896
222958_s_at,0.1142672
232948_at,0.1142562
224848_at,0.11425345
210139_s_at,0.11419754
1556543_at,0.11419353
206700_s_at,0.11412832
225060_at,0.11412395
227193_at,0.11408204
214708_at,0.1140635
204470_at,0.11405164
1553613_s_at,0.11403072
204447_at,0.11396739
230840_at,0.113950856
242931_at,0.11393994
218424_s_at,0.11383916
206632_s_at,0.11380701
205671_s_at,0.1136502
204621_s_at,0.11362606
200771_at,0.113625444
218660_at,0.11362311
211643_x_at,0.11357135
226218_at,0.1135606
226010_at,0.113461316
218976_at,0.11341115
203231_s_at,0.11340265
229151_at,0.113399915
1555758_a_at,0.11334993
201243_s_at,0.11333525
220532_s_at,0.113331206
227177_at,0.11330046
1557961_s_at,0.11327023
206232_s_at,0.113257825
225603_s_at,0.11322296
229492_at,0.11319261
232204_at,0.11317921
222693_at,0.11317259
229560_at,0.11314879
1559502_s_at,0.113140516
227231_at,0.11310859
213506_at,0.11304718
226496_at,0.11298463
221210_s_at,0.11297971
205611_at,0.11289841
201669_s_at,0.11286962
211794_at,0.11284387
228190_at,0.11281577
1556590_s_at,0.11279691
203913_s_at,0.11277504
225436_at,0.11276926
221908_at,0.11273998
1552422_at,0.11272903
206641_at,0.112716235
227336_at,0.11267854
209526_s_at,0.11267836
212473_s_at,0.112675324
205479_s_at,0.112672776
231418_at,0.11261271
204681_s_at,0.11258267
207339_s_at,0.11256768
230489_at,0.11256459
244665_at,0.112528384
210151_s_at,0.1124825
205033_s_at,0.11242455
1556499_s_at,0.11241555
235743_at,0.11235745
236632_at,0.11234542
242104_at,0.112337485
201839_s_at,0.11233325
210232_at,0.11227189
219971_at,0.11222738
1552671_a_at,0.11220303
220528_at,0.112153426
224710_at,0.11212239
1559315_s_at,0.11210967
213067_at,0.11210059
206885_x_at,0.1120865
220051_at,0.11203658
220637_at,0.11202349
227952_at,0.112012036
201416_at,0.11197272
217996_at,0.111926734
217911_s_at,0.11190519
219550_at,0.11190182
206025_s_at,0.11189485
210992_x_at,0.111848
220588_at,0.1118373
225834_at,0.111836076
202087_s_at,0.11179194
235048_at,0.11177285
210873_x_at,0.11172272
200999_s_at,0.11171237
202806_at,0.11168292
225450_at,0.11167257
206886_x_at,0.11166265
238032_at,0.11159547
206023_at,0.11155751
201058_s_at,0.11150892
1566557_at,0.11149836
215767_at,0.11146009
213566_at,0.11141974
1554835_a_at,0.11141947
226811_at,0.11139977
213537_at,0.11137371
236341_at,0.11136709
221556_at,0.11136033
225385_s_at,0.11129003
214507_s_at,0.11126834
212590_at,0.11125669
205495_s_at,0.11121115
202391_at,0.11120385
212686_at,0.11120184
202761_s_at,0.11113693
205076_s_at,0.11111071
214446_at,0.1110508
229937_x_at,0.11104344
209671_x_at,0.11098176
230381_at,0.11096488
223754_at,0.1109626
228284_at,0.11091101
238784_at,0.11087054
202441_at,0.11084357
214581_x_at,0.110832244
232504_at,0.11082995
234985_at,0.110803746
228067_at,0.11078416
204348_s_at,0.11077156
220751_s_at,0.11074405
216560_x_at,0.11072573
1553380_at,0.11071412
205472_s_at,0.11067958
232662_x_at,0.11063502
209892_at,0.11061904
201061_s_at,0.11058015
221606_s_at,0.110579655
225202_at,0.110575706
214534_at,0.110575594
225600_at,0.11055864
229072_at,0.1105577
202897_at,0.1105469
1553311_at,0.11052792
227697_at,0.11051713
234764_x_at,0.110516876
208069_x_at,0.1104977
205514_at,0.1104775
225369_at,0.11045988
243806_at,0.11043477
210663_s_at,0.110418186
212526_at,0.11041534
202768_at,0.11040518
1555630_a_at,0.1103462
221591_s_at,0.11033263
225016_at,0.11032669
218726_at,0.11030172
232210_at,0.11028355
215666_at,0.1102697
209474_s_at,0.11026393
221858_at,0.11023338
226103_at,0.11019471
236854_at,0.11017333
217023_x_at,0.11013227
209949_at,0.110126466
241577_at,0.11011484
226034_at,0.11008361
210972_x_at,0.11003114
204881_s_at,0.11001867
235146_at,0.11001345
211379_x_at,0.10999371
206637_at,0.10995922
211151_x_at,0.10994963
233072_at,0.109942734
229513_at,0.10992627
200998_s_at,0.10991794
203888_at,0.10991709
209691_s_at,0.109873176
238940_at,0.10985776
204072_s_at,0.10983838
1554343_a_at,0.10983169
233690_at,0.10978685
1556599_s_at,0.10977919
1554565_x_at,0.10973427
212070_at,0.10967304
239142_at,0.10966879
228585_at,0.109654754
214450_at,0.10962185
227522_at,0.10959795
205922_at,0.10959247
241869_at,0.10958959
202766_s_at,0.109573744
235740_at,0.109565064
1569110_x_at,0.10955846
224832_at,0.10952173
210233_at,0.10947641
214696_at,0.10943632
204440_at,0.10937902
225681_at,0.10934658
1570505_at,0.10932424
229280_s_at,0.10930316
210942_s_at,0.10927907
205019_s_at,0.109249055
223484_at,0.10924721
208637_x_at,0.10921422
244741_s_at,0.10920768
206359_at,0.10918879
209962_at,0.109180845
213147_at,0.10913943
228787_s_at,0.10907606
213624_at,0.10905427
201242_s_at,0.109052286
1556034_s_at,0.109040454
1557030_at,0.10903026
219452_at,0.10900903
216248_s_at,0.10894111
229881_at,0.108906224
205148_s_at,0.108859345
223344_s_at,0.10883354
203570_at,0.108830415
202862_at,0.108808264
229205_at,0.10879932
209457_at,0.10875799
206647_at,0.10873939
225907_at,0.108704306
244697_at,0.10870272
210119_at,0.10869063
1555120_at,0.10867598
209392_at,0.10865897
210951_x_at,0.10863848
205891_at,0.10860418
230997_at,0.108589895
205471_s_at,0.10857939
210052_s_at,0.10857743
220306_at,0.10856974
240392_at,0.1085379
205901_at,0.10853104
201108_s_at,0.10850986
212187_x_at,0.108504325
208438_s_at,0.108469635
202728_s_at,0.10844487
212538_at,0.10840971
1566362_at,0.108403824
204293_at,0.1083989
238461_at,0.108398706
236898_at,0.10837181
228107_at,0.10836621
218832_x_at,0.10835643
228702_at,0.108343035
225387_at,0.108336955
226865_at,0.10832839
224774_s_at,0.10831505
206574_s_at,0.10826677
211922_s_at,0.10824084
232286_at,0.108191945
219777_at,0.10815668
203184_at,0.10815184
244726_at,0.108098045
214438_at,0.108095676
207237_at,0.10809454
1557128_at,0.108085304
214032_at,0.10805631
211199_s_at,0.1080071
206150_at,0.10800579
211144_x_at,0.10800558
230015_at,0.10799776
204713_s_at,0.10795997
215200_x_at,0.10791561
1553645_at,0.10786824
206487_at,0.10786806
205098_at,0.1078645
239108_at,0.10784854
232304_at,0.1078307
1559034_at,0.10780103
239549_at,0.10777828
228320_x_at,0.10777706
205798_at,0.10775277
209680_s_at,0.10771726
1554276_at,0.107705645
1555388_s_at,0.10770484
214669_x_at,0.10770118
213515_x_at,0.10769361
216510_x_at,0.10768353
228532_at,0.10766685
210997_at,0.1076401
202855_s_at,0.10762973
222962_s_at,0.107628815
206864_s_at,0.10761601
227266_s_at,0.10758808
223169_s_at,0.107570164
204686_at,0.10755162
203887_s_at,0.107523024
221030_s_at,0.107514635
229292_at,0.10749439
238732_at,0.10747343
207075_at,0.10746805
209514_s_at,0.10743463
217849_s_at,0.10742226
210895_s_at,0.107399136
231798_at,0.10738654
228293_at,0.107357
1556346_at,0.10732329
205910_s_at,0.10731815
204698_at,0.10731709
232423_at,0.107294485
207838_x_at,0.1072927
224685_at,0.10725521
225308_s_at,0.10724164
239598_s_at,0.10723272
210915_x_at,0.10720524
211653_x_at,0.107192
223423_at,0.10718447
243363_at,0.10718297
201809_s_at,0.10718119
235964_x_at,0.10715762
241926_s_at,0.10715313
224772_at,0.10715033
214710_s_at,0.107133836
210321_at,0.10712877
243757_at,0.10712293
219478_at,0.107109025
211284_s_at,0.10710147
237411_at,0.107023925
224789_at,0.10700202
223681_s_at,0.10699646
202436_s_at,0.10698515
229464_at,0.10696997
206130_s_at,0.10693886
209687_at,0.10692496
224466_s_at,0.106911555
224393_s_at,0.1068914
205190_at,0.10688105
229383_at,0.106858104
243357_at,0.10684377
1552773_at,0.10683893
226456_at,0.10683176
219714_s_at,0.10681242
218872_at,0.106811106
230110_at,0.106773116
221765_at,0.106764734
203116_s_at,0.10675116
210036_s_at,0.106720775
219990_at,0.106683165
209473_at,0.106652915
234907_x_at,0.10664509
225842_at,0.10661045
201798_s_at,0.1065934
204622_x_at,0.10658321
222608_s_at,0.106579766
230689_at,0.10656878
244035_at,0.10655749
215268_at,0.106549695
219607_s_at,0.10654166
227530_at,0.10653402
225150_s_at,0.10652828
216080_s_at,0.10652608
203765_at,0.106504396
40148_at,0.106482275
227404_s_at,0.106466144
242457_at,0.10642683
209699_x_at,0.106426366
1555745_a_at,0.10641888
219412_at,0.10640985
243154_at,0.10635568
212509_s_at,0.10630861
225599_s_at,0.10630566
236104_at,0.106242955
224590_at,0.106232464
204092_s_at,0.10621405
240061_at,0.10621143
213779_at,0.10617475
230988_at,0.10617378
1557260_a_at,0.10616928
221541_at,0.10616624
243617_at,0.10614756
210452_x_at,0.10613868
1558102_at,0.106136635
203431_s_at,0.1061285
220066_at,0.10610947
209098_s_at,0.10610155
201425_at,0.10609782
219479_at,0.106082365
215116_s_at,0.106081955
208018_s_at,0.10607192
206877_at,0.106062666
235814_at,0.106022894
202953_at,0.106013805
202870_s_at,0.10600309
206337_at,0.105944306
231887_s_at,0.105929896
211026_s_at,0.10592973
226066_at,0.10592732
236787_at,0.10589845
202724_s_at,0.10589065
222780_s_at,0.10588968
228280_at,0.10588905
205840_x_at,0.10588196
209714_s_at,0.10587826
203695_s_at,0.10586065
220615_s_at,0.10585792
239219_at,0.105791464
201564_s_at,0.10577655
227948_at,0.10576545
221436_s_at,0.105753794
204560_at,0.105751075
201656_at,0.10570839
227415_at,0.10568965
204890_s_at,0.10568887
236316_at,0.10565846
204301_at,0.1056436
210791_s_at,0.10562965
214761_at,0.10552412
203722_at,0.10547576
201279_s_at,0.10546395
218051_s_at,0.10543819
1558299_at,0.10543378
224929_at,0.10542792
244650_at,0.10542249
203939_at,0.10541028
226333_at,0.1053939
237201_at,0.10528848
206395_at,0.10522407
211654_x_at,0.10521811
238983_at,0.105217546
229221_at,0.10519987
204141_at,0.10519716
236459_at,0.105132945
236781_at,0.10513116
202464_s_at,0.1051168
234987_at,0.105106115
222330_at,0.10508743
216833_x_at,0.105085135
241837_at,0.10505229
209684_at,0.105049595
242551_at,0.10503517
232726_at,0.1050231
210770_s_at,0.10500537
244876_at,0.10495926
1559910_at,0.10495791
232051_at,0.10494404
202878_s_at,0.1049031
235900_at,0.104902595
235657_at,0.10487448
222528_s_at,0.10485858
236293_at,0.10485196
205466_s_at,0.10480845
243824_at,0.10480319
1553962_s_at,0.10479215
209297_at,0.104776986
224589_at,0.104711056
201329_s_at,0.104705185
226051_at,0.10467243
204439_at,0.10465813
216044_x_at,0.104653694
231929_at,0.10460046
218858_at,0.1045966
1556203_a_at,0.104577646
202869_at,0.10457237
241769_at,0.10454771
220266_s_at,0.104527384
223432_at,0.10448543
222344_at,0.104478285
204352_at,0.104477316
1553297_a_at,0.10447341
206631_at,0.10446507
203139_at,0.10441397
241985_at,0.10439816
1554600_s_at,0.10438317
233309_at,0.104379565
228555_at,0.104368
229963_at,0.10436621
205559_s_at,0.104329534
1554679_a_at,0.10432434
228278_at,0.10429684
244387_at,0.104265735
237336_at,0.10424887
235670_at,0.10422939
244297_at,0.10421559
208168_s_at,0.10418641
211649_x_at,0.1041569
36711_at,0.104148805
212154_at,0.10411015
1569150_x_at,0.10409386
211661_x_at,0.104085594
205857_at,0.104061455
1560263_at,0.10406042
210829_s_at,0.10404301
203560_at,0.1040414
223767_at,0.104010865
236395_at,0.10399309
223229_at,0.10397585
221920_s_at,0.103970304
229309_at,0.10395146
204420_at,0.10394861
205000_at,0.103936136
237033_at,0.10393207
244634_at,0.10392998
214704_at,0.10392408
205780_at,0.10391864
203796_s_at,0.10390714
206591_at,0.10390222
203418_at,0.103897154
1552755_at,0.103885815
206093_x_at,0.10387045
218694_at,0.103827626
241692_at,0.103824906
233261_at,0.10382272
1564248_at,0.103821814
204924_at,0.10380611
211986_at,0.103800744
223062_s_at,0.10379539
217184_s_at,0.103761815
214183_s_at,0.10375896
228423_at,0.10374127
216733_s_at,0.10373986
203115_at,0.1037302
225800_at,0.103695214
37145_at,0.10368703
208893_s_at,0.10368496
208890_s_at,0.10367158
209355_s_at,0.10366431
216834_at,0.10363141
229228_at,0.10362324
204548_at,0.10362232
235276_at,0.10361695
218978_s_at,0.10361302
208158_s_at,0.10361278
224588_at,0.10360146
238444_at,0.10358548
233813_at,0.10358372
233500_x_at,0.103569746
210220_at,0.10353919
227354_at,0.10351065
206761_at,0.1034994
225799_at,0.10347757
222378_at,0.10347293
220110_s_at,0.103464216
222101_s_at,0.103461966
202381_at,0.103437856
213451_x_at,0.1034337
211795_s_at,0.10341352
243871_at,0.1033635
211658_at,0.10333893
219403_s_at,0.10333372
219998_at,0.10326023
211502_s_at,0.103226356
222900_at,0.103217095
206907_at,0.10321182
208576_s_at,0.10320893
240862_at,0.10319872
1552386_at,0.103197664
242406_at,0.103191435
235696_at,0.10316975
225669_at,0.10315916
212651_at,0.103128985
204204_at,0.10307966
210854_x_at,0.103075385
242509_at,0.10303883
233177_s_at,0.103024006
222294_s_at,0.10302195
228153_at,0.1030207
236305_at,0.10297032
232213_at,0.10293546
1556874_a_at,0.10293162
203232_s_at,0.10292694
205067_at,0.10289472
219073_s_at,0.10289368
242197_x_at,0.102887265
226548_at,0.102882035
1554952_s_at,0.10286859
1557129_a_at,0.10283468
204182_s_at,0.10283382
1566880_at,0.102819085
224994_at,0.10280966
226872_at,0.10280202
221756_at,0.1028007
1556472_s_at,0.10278838
215509_s_at,0.10275231
242672_at,0.1027334
204454_at,0.1027301
232950_s_at,0.10270527
232636_at,0.102702215
224916_at,0.1026901
34726_at,0.10264665
204961_s_at,0.10263255
211126_s_at,0.10263197
1558000_at,0.10262138
212949_at,0.1025875
201739_at,0.10252088
236558_at,0.10250953
204497_at,0.102458455
232653_at,0.10242891
222996_s_at,0.10242581
218755_at,0.10240179
1556667_at,0.1023967
204011_at,0.10238546
236963_at,0.10237338
1558001_s_at,0.102369204
214321_at,0.10236745
1559949_at,0.102335975
217977_at,0.10230678
235492_at,0.10229543
238778_at,0.10226028
229215_at,0.10224728
1554291_at,0.10223049
235728_at,0.102229945
224901_at,0.10220436
206146_s_at,0.10215649
233011_at,0.10214765
206420_at,0.10213415
238910_at,0.10213143
208078_s_at,0.10212585
202988_s_at,0.10211429
228303_at,0.10209538
228188_at,0.102083266
214020_x_at,0.10204381
209676_at,0.10203864
240286_at,0.10200884
238439_at,0.10198262
211302_s_at,0.10195714
225252_at,0.101955354
210279_at,0.10194023
238455_at,0.10191317
207063_at,0.10189985
212023_s_at,0.101863235
230405_at,0.10184598
202336_s_at,0.101772934
1552892_at,0.10176784
226489_at,0.10171546
237338_at,0.10171037
1556474_a_at,0.10170625
219789_at,0.10169192
231897_at,0.101691276
243454_at,0.10168863
211160_x_at,0.10168676
221563_at,0.10167602
226884_at,0.101662286
207111_at,0.10164761
239669_at,0.10164679
201218_at,0.10163954
231963_at,0.10163818
235205_at,0.1016345
229610_at,0.10161947
205193_at,0.10161941
227052_at,0.101618156
1556209_at,0.101610735
229041_s_at,0.101592064
41660_at,0.10157685
208352_x_at,0.10153798
202789_at,0.101529196
212805_at,0.10150754
203548_s_at,0.10150595
241791_at,0.10150248
205945_at,0.101490125
226101_at,0.10148865
209879_at,0.10148689
210755_at,0.10146994
235567_at,0.10145746
228726_at,0.10145268
229638_at,0.101446144
207087_x_at,0.101441
225626_at,0.10143885
210439_at,0.10143511
225589_at,0.10141581
228057_at,0.10139689
1564310_a_at,0.101367824
31874_at,0.10136126
210214_s_at,0.10133131
202208_s_at,0.10131624
232227_at,0.101294465
230480_at,0.101292476
219615_s_at,0.10121819
211633_x_at,0.10118071
232797_at,0.10117805
236191_at,0.1011543
226517_at,0.10114454
202481_at,0.10113619
224406_s_at,0.10113487
1561195_at,0.10112332
228181_at,0.101086125
222292_at,0.1010804
242335_at,0.10107462
202820_at,0.1010471
224724_at,0.10104099
224748_at,0.101017684
215621_s_at,0.1010058
222446_s_at,0.10099648
227400_at,0.10099107
223374_s_at,0.10097988
204057_at,0.10096663
228214_at,0.100963935
235699_at,0.1009143
1558827_a_at,0.100912035
212077_at,0.10091072
215471_s_at,0.10090716
229373_at,0.10088967
220619_at,0.10088299
203662_s_at,0.10087091
232027_at,0.100809395
225102_at,0.100753784
202760_s_at,0.100749984
243736_at,0.10074909
222433_at,0.10074394
235749_at,0.100725286
230218_at,0.10071565
211908_x_at,0.100710064
210805_x_at,0.100705475
223343_at,0.100695476
213069_at,0.10068474
221004_s_at,0.10066208
222108_at,0.10063881
200878_at,0.10062072
219498_s_at,0.10060914
203325_s_at,0.10059327
206589_at,0.100589305
235652_at,0.10058511
206548_at,0.100560464
1552807_a_at,0.100545555
224404_s_at,0.10052658
226764_at,0.1005227
204760_s_at,0.100507334
212998_x_at,0.10048917
205020_s_at,0.100463256
241150_at,0.10043117
221538_s_at,0.10039088
205639_at,0.10038778
220987_s_at,0.100360066
217739_s_at,0.10032904
208792_s_at,0.10032351
225207_at,0.10032093
205254_x_at,0.10029955
206480_at,0.10027451
202954_at,0.10024172
239966_at,0.10022545
224975_at,0.10019421
201911_s_at,0.100179955
225021_at,0.10016889
204444_at,0.100165546
204199_at,0.10014443
212820_at,0.10012554
209807_s_at,0.10011287
203214_x_at,0.10010034
235401_s_at,0.10009715
213174_at,0.10009433
232017_at,0.100089215
216925_s_at,0.10007164
211597_s_at,0.100056246
207426_s_at,0.100055575
228011_at,0.10004236
226216_at,0.10004236
1555680_a_at,0.10002974
207067_s_at,0.100019634
209357_at,0.10000372
1558890_at,0.099969074
203986_at,0.099963635
239862_at,0.09996195
226425_at,0.09995356
211812_s_at,0.099922165
212022_s_at,0.09991878
235766_x_at,0.0999053
204834_at,0.099855945
202206_at,0.09985107
212089_at,0.099848956
226558_at,0.099836856
213415_at,0.099830344
210933_s_at,0.099820256
223952_x_at,0.09981419
221485_at,0.09980062
218180_s_at,0.099779174
202877_s_at,0.09976753
239742_at,0.09974967
211087_x_at,0.09974179
219820_at,0.09973664
1553183_at,0.09972976
202743_at,0.09972783
225001_at,0.09971887
242520_s_at,0.099714294
223313_s_at,0.09970622
217901_at,0.09970464
211732_x_at,0.09968595
212977_at,0.09967548
222348_at,0.09966636
218618_s_at,0.09966269
238534_at,0.09960815
204165_at,0.09958802
230541_at,0.099548966
208636_at,0.09954634
227481_at,0.099539965
228831_s_at,0.09953737
205900_at,0.099535
202237_at,0.09952667
200628_s_at,0.09952411
232951_at,0.09951636
230464_at,0.09950194
203881_s_at,0.099490225
244414_at,0.09947791
227180_at,0.09947401
232676_x_at,0.09947197
218729_at,0.09946635
235051_at,0.0994613
237483_at,0.09944264
211373_s_at,0.09944053
226885_at,0.09943492
207001_x_at,0.09942868
223393_s_at,0.09942226
219840_s_at,0.09942142
242598_at,0.099399984
222838_at,0.09939855
229367_s_at,0.09938619
208869_s_at,0.0993841
213931_at,0.09936753
224773_at,0.09932625
203041_s_at,0.09932178
210060_at,0.09930147
206233_at,0.0993
216693_x_at,0.09928806
214455_at,0.09920344
204896_s_at,0.09920036
203056_s_at,0.0991894
201280_s_at,0.099188685
227261_at,0.09918773
242784_at,0.099169806
212311_at,0.099167734
1552542_s_at,0.09915534
221690_s_at,0.09914806
1563335_at,0.09914158
1555326_a_at,0.099126056
211626_x_at,0.09911685
201163_s_at,0.09902629
232045_at,0.09900622
206975_at,0.0989948
210123_s_at,0.09894074
222895_s_at,0.09894018
201118_at,0.098936886
214875_x_at,0.09893352
212254_s_at,0.09892324
224967_at,0.09887421
235532_at,0.098861106
214606_at,0.09881902
237865_x_at,0.098775774
231281_at,0.098768346
222529_at,0.098734215
1557458_s_at,0.09872312
228176_at,0.09871946
235529_x_at,0.09869933
205442_at,0.09867856
242133_s_at,0.09867156
209893_s_at,0.09866294
231911_at,0.09863223
239206_at,0.09861952
204484_at,0.09857288
203549_s_at,0.09856765
202861_at,0.09856361
209585_s_at,0.09855914
204647_at,0.09854923
222357_at,0.098516256
238593_at,0.098498054
1557261_at,0.09849254
224839_s_at,0.09848045
217234_s_at,0.0984782
207968_s_at,0.09846436
219947_at,0.0984527
241706_at,0.098433346
212230_at,0.09843305
205259_at,0.09843126
1559391_s_at,0.09842652
207828_s_at,0.098410845
236094_at,0.0983986
226184_at,0.098380335
1556682_s_at,0.098377265
220016_at,0.098374665
208195_at,0.098368265
204546_at,0.098353244
208269_s_at,0.098353095
230424_at,0.098345585
222876_s_at,0.09831594
220674_at,0.098303474
236981_at,0.09829318
217202_s_at,0.09829071
236338_at,0.09827766
209709_s_at,0.098247826
201566_x_at,0.09822035
209304_x_at,0.0982154
233555_s_at,0.09820012
221031_s_at,0.09819533
240064_at,0.09816965
214469_at,0.09816483
200766_at,0.09816414
201876_at,0.09816383
223391_at,0.09815499
218232_at,0.09815167
222668_at,0.098134086
211748_x_at,0.09810847
201666_at,0.09810442
204083_s_at,0.098099336
200648_s_at,0.098088264
215802_at,0.09806045
203921_at,0.09805587
222150_s_at,0.09804854
214040_s_at,0.098032266
213792_s_at,0.09801361
244548_at,0.098010965
209616_s_at,0.09800879
244313_at,0.09800486
225238_at,0.09798704
220023_at,0.09798433
1554929_at,0.09797292
201367_s_at,0.097965
204776_at,0.09795907
215501_s_at,0.097944394
214916_x_at,0.09794313
232098_at,0.097919196
226231_at,0.097919
212489_at,0.0979143
204709_s_at,0.09790242
210446_at,0.09789579
1554876_a_at,0.09788889
223599_at,0.09788105
230337_at,0.097870715
200800_s_at,0.097862124
214326_x_at,0.0978325
225262_at,0.097828716
201694_s_at,0.09781477
225168_at,0.09778156
229286_at,0.09778102
217771_at,0.09776676
227184_at,0.097727045
1553604_at,0.09771178
215706_x_at,0.09769961
233587_s_at,0.09767505
239448_at,0.09766872
225955_at,0.09765583
229234_at,0.097640574
209604_s_at,0.097637445
235651_at,0.09763698
236831_at,0.0976325
205613_at,0.09759562
203411_s_at,0.09759116
204014_at,0.09758933
222033_s_at,0.0975843
209515_s_at,0.09756519
204254_s_at,0.097509295
228708_at,0.0975073
206100_at,0.09748078
239292_at,0.097432986
227276_at,0.097418085
210116_at,0.097415864
215054_at,0.09740487
232354_at,0.0973885
236251_at,0.097386055
1554453_at,0.09735243
216333_x_at,0.09734541
220253_s_at,0.097334296
228297_at,0.09732997
209035_at,0.097312994
229801_at,0.097308636
207681_at,0.09728186
231423_s_at,0.097266674
221060_s_at,0.097248495
226301_at,0.09722918
228170_at,0.09722549
1569856_at,0.09720451
220359_s_at,0.09717675
227361_at,0.09717165
226446_at,0.09715016
244137_at,0.09714755
218816_at,0.097140715
235572_at,0.09714019
206287_s_at,0.09713809
226610_at,0.09713429
204256_at,0.097105995
200965_s_at,0.09707394
232081_at,0.097071335
1556473_at,0.09706228
243605_at,0.09705061
224098_at,0.09704499
216041_x_at,0.09704381
1559688_at,0.09703689
226879_at,0.09703489
204529_s_at,0.09702775
220945_x_at,0.09699617
204487_s_at,0.09698585
205349_at,0.09698275
226546_at,0.09697685
203751_x_at,0.096966475
228290_at,0.09691637
205856_at,0.09691249
32541_at,0.09690447
1558105_a_at,0.09688537
208022_s_at,0.096884914
201691_s_at,0.0968782
226039_at,0.09686874
223694_at,0.09686747
243969_at,0.096857995
244267_at,0.096833885
50221_at,0.09679669
221724_s_at,0.096786976
211902_x_at,0.09678492
226944_at,0.09677407
207008_at,0.09674214
218801_at,0.0967307
222037_at,0.0967108
225941_at,0.09670976
202497_x_at,0.09665418
220952_s_at,0.09665218
241060_x_at,0.0966499
210429_at,0.09664454
1568619_s_at,0.096632734
209305_s_at,0.09662926
220496_at,0.0966129
224989_at,0.096575804
202095_s_at,0.0965482
1564984_at,0.09654256
228007_at,0.09652308
222258_s_at,0.0965228
223028_s_at,0.096487984
244450_at,0.09645873
219497_s_at,0.09645724
241929_at,0.09644345
240440_at,0.096422106
213142_x_at,0.09641014
204040_at,0.09636554
230133_at,0.09636015
336_at,0.09635574
227382_at,0.09634473
219622_at,0.09634134
221524_s_at,0.0963293
210358_x_at,0.09630482
206759_at,0.09629917
225512_at,0.0962984
216813_at,0.09629321
207000_s_at,0.09628835
212188_at,0.09628324
201890_at,0.09626913
210322_x_at,0.09626867
203795_s_at,0.09625967
220230_s_at,0.09625094
39402_at,0.09624693
210660_at,0.09624575
230312_at,0.096244395
224164_at,0.09621535
222891_s_at,0.096211076
202430_s_at,0.09619734
226282_at,0.09615271
230748_at,0.09614192
223120_at,0.096138895
238183_at,0.096127704
218486_at,0.09610963
206324_s_at,0.09609195
239544_at,0.09608833
222196_at,0.096081376
219313_at,0.09607549
202652_at,0.09605563
244042_x_at,0.09604083
227568_at,0.096040726
226676_at,0.09604053
1556173_a_at,0.09603995
216433_s_at,0.096039414
202523_s_at,0.09603669
219871_at,0.096030496
233371_at,0.09602949
206244_at,0.0960255
207777_s_at,0.096025206
214953_s_at,0.09595677
203932_at,0.095951974
242722_at,0.09594777
227486_at,0.09594235
218012_at,0.09594154
214349_at,0.09591828
211709_s_at,0.09591034
219288_at,0.09590422
210538_s_at,0.09590213
202498_s_at,0.09588975
224707_at,0.09587689
235349_at,0.09585571
207291_at,0.09584053
202637_s_at,0.09583531
58780_s_at,0.095821485
1568813_at,0.0958181
217967_s_at,0.09579454
209558_s_at,0.09578703
1570253_a_at,0.09577303
208121_s_at,0.09575415
208536_s_at,0.095745996
205645_at,0.09573911
207275_s_at,0.09573822
219024_at,0.09572998
208608_s_at,0.095724985
232238_at,0.09572476
222154_s_at,0.09570345
1560034_a_at,0.09570307
239835_at,0.0957026
235824_at,0.09568171
209815_at,0.09563463
208501_at,0.095627405
244181_at,0.095620185
230207_s_at,0.09559971
220617_s_at,0.09558438
243296_at,0.09558052
222453_at,0.09557411
205120_s_at,0.095572636
209871_s_at,0.0955683
1569149_at,0.09556278
1569422_at,0.09555885
211209_x_at,0.095552966
1554007_at,0.09553456
201719_s_at,0.095524
213418_at,0.09551339
231935_at,0.09549144
203060_s_at,0.09547247
217897_at,0.0954506
209574_s_at,0.095443055
207980_s_at,0.095430374
227425_at,0.095420346
201397_at,0.0954202
209921_at,0.095412955
228770_at,0.09541155
1553518_at,0.095411524
201328_at,0.095398724
221246_x_at,0.09539747
244860_at,0.09538722
242051_at,0.095385626
219247_s_at,0.095366895
208302_at,0.09533379
224009_x_at,0.09533168
229070_at,0.095328346
226587_at,0.09532808
226473_at,0.095327765
204784_s_at,0.09532678
203756_at,0.09531866
204457_s_at,0.095315374
213353_at,0.095304385
206493_at,0.095282145
33304_at,0.09527224
41397_at,0.09525795
223075_s_at,0.09524374
235500_at,0.095238805
227618_at,0.09523147
203069_at,0.095223665
225046_at,0.09520651
205944_s_at,0.095182106
1569617_at,0.095177904
224428_s_at,0.09517324
209605_at,0.09516889
217521_at,0.09514171
1555561_a_at,0.09513289
215379_x_at,0.09512296
1552772_at,0.095109165
232724_at,0.09510854
219383_at,0.09510444
214243_s_at,0.09510346
222463_s_at,0.09510096
200799_at,0.09509766
1568768_s_at,0.09509149
203585_at,0.095077574
209135_at,0.09506817
208416_s_at,0.095032595
235783_at,0.09499688
206363_at,0.094989225
210612_s_at,0.094980985
244367_at,0.0949791
227925_at,0.09497884
205942_s_at,0.094972976
202933_s_at,0.094944745
221841_s_at,0.09494099
1554833_at,0.0949222
1552619_a_at,0.09492102
232889_at,0.094892055
239615_at,0.09488855
209383_at,0.094879836
220646_s_at,0.09481555
229114_at,0.09480734
216398_at,0.09480545
213002_at,0.09480189
228362_s_at,0.094749704
217147_s_at,0.09473215
240038_at,0.094717994
201334_s_at,0.09470917
214537_at,0.09470609
238063_at,0.09470366
208868_s_at,0.09470147
215967_s_at,0.09469637
228298_at,0.09467024
201811_x_at,0.0946604
236297_at,0.09465909
237594_at,0.09465863
229168_at,0.094628304
229997_at,0.09457269
1555363_s_at,0.09455883
214366_s_at,0.094558746
1555759_a_at,0.09455216
221828_s_at,0.09455189
231324_at,0.09452955
203708_at,0.09452158
238452_at,0.0944937
230134_s_at,0.09448999
241155_at,0.09447789
203987_at,0.09447135
206470_at,0.09444477
204140_at,0.09444332
222142_at,0.09442389
214807_at,0.09441601
235705_at,0.0943935
228818_at,0.09436766
236635_at,0.094363846
209651_at,0.094348036
226438_at,0.09432843
244696_at,0.094324395
223609_at,0.09432433
226694_at,0.094322145
227762_at,0.09431736
1555579_s_at,0.0943158
241681_at,0.0942761
210549_s_at,0.094241515
215223_s_at,0.09423572
1557137_at,0.094234675
59631_at,0.0942322
206278_at,0.09422987
225959_s_at,0.09421684
226549_at,0.09420909
227367_at,0.094207704
204401_at,0.094198406
243366_s_at,0.09419006
1563473_at,0.09418163
228648_at,0.09416098
243233_at,0.0941561
201718_s_at,0.09415354
207224_s_at,0.09415332
226470_at,0.09414742
236198_at,0.09412724
231600_at,0.094105706
212094_at,0.094104655
209262_s_at,0.09410423
241871_at,0.09410154
205659_at,0.094080105
217143_s_at,0.09407072
241881_at,0.09406242
225464_at,0.09404909
209880_s_at,0.09402051
205081_at,0.09400788
238484_s_at,0.09396114
209468_at,0.093954675
222747_s_at,0.09393586
1564077_at,0.093933776
242793_at,0.093932815
219587_at,0.09392349
209211_at,0.09392009
203485_at,0.09390807
1556064_at,0.09390516
201906_s_at,0.09388813
1559618_at,0.09385439
203470_s_at,0.093838155
204505_s_at,0.093823165
207854_at,0.093782574
204951_at,0.093752235
225665_at,0.093744844
209374_s_at,0.09373546
203628_at,0.093717076
200696_s_at,0.093705475
223143_s_at,0.093681306
204215_at,0.09367916
210215_at,0.09364918
219256_s_at,0.09363553
238462_at,0.093628615
213599_at,0.093611434
235136_at,0.09360361
221958_s_at,0.09358695
204604_at,0.09358622
227841_at,0.09358391
215812_s_at,0.09355727
204714_s_at,0.093540534
244015_at,0.09349291
228580_at,0.09347449
201690_s_at,0.09347314
211840_s_at,0.093466476
213119_at,0.0934644
226112_at,0.093454875
215779_s_at,0.09345177
226485_at,0.09344456
241808_at,0.09343164
1569652_at,0.09343107
1556608_a_at,0.093411386
219806_s_at,0.09340644
239072_at,0.093400076
208657_s_at,0.093396336
238151_at,0.09338306
208767_s_at,0.093382
225637_at,0.09337616
218950_at,0.09336692
228263_at,0.09336336
213578_at,0.09335314
202284_s_at,0.093333185
238583_at,0.09332093
207857_at,0.09331718
209324_s_at,0.093281634
226682_at,0.09327863
224358_s_at,0.09325349
209094_at,0.09324794
1556462_a_at,0.09324694
202068_s_at,0.093246445
217157_x_at,0.09323947
228843_at,0.09323844
205205_at,0.093232095
226179_at,0.09320396
204794_at,0.09319556
1561363_a_at,0.0931935
234884_x_at,0.09318675
200808_s_at,0.09317839
203349_s_at,0.09316721
243921_at,0.09315845
226190_at,0.09313491
227250_at,0.09312395
241154_x_at,0.093119144
209679_s_at,0.093100086
214567_s_at,0.09306336
238861_at,0.093040206
227959_at,0.09301357
223686_at,0.09300319
238365_s_at,0.09295562
226702_at,0.09293778
230021_at,0.09293003
1565692_at,0.09292872
225285_at,0.09291749
206622_at,0.092899084
1554999_at,0.09288561
1568795_at,0.09288365
1555723_at,0.092881635
218501_at,0.09287502
229971_at,0.092830345
238429_at,0.092827275
239731_at,0.09279923
217966_s_at,0.092781216
227995_at,0.092776686
223836_at,0.09274997
1554026_a_at,0.09273433
235094_at,0.09272963
1569401_at,0.09272391
236802_at,0.09272343
224998_at,0.09271908
204735_at,0.092716426
244868_at,0.09271424
1556762_a_at,0.09269406
1559035_a_at,0.09268407
239597_at,0.092666
220030_at,0.09264098
202705_at,0.092626214
215716_s_at,0.092621505
205718_at,0.09261918
229716_at,0.09260942
222772_at,0.09260312
214255_at,0.09259541
236045_x_at,0.092577234
215016_x_at,0.09257193
215185_at,0.09256679
201689_s_at,0.09255387
206126_at,0.092543796
232306_at,0.09253672
210365_at,0.09250745
228904_at,0.09250203
243469_at,0.09249352
206342_x_at,0.09249121
213056_at,0.09248899
224847_at,0.0924862
241460_at,0.09247525
209298_s_at,0.092461124
213843_x_at,0.09244667
202351_at,0.09243277
241365_at,0.09241651
203561_at,0.09241025
235407_at,0.09240866
203221_at,0.09240486
243798_at,0.0924039
216236_s_at,0.09239817
221759_at,0.09236994
205200_at,0.092362255
242230_at,0.09235735
210146_x_at,0.092339605
1565681_s_at,0.09233127
1568983_a_at,0.09230547
210369_at,0.092304856
242029_at,0.09229703
227534_at,0.0922939
218711_s_at,0.09224946
208015_at,0.09224723
226064_s_at,0.09224091
203040_s_at,0.092229575
225388_at,0.09221629
229192_s_at,0.09220292
208190_s_at,0.092200324
238520_at,0.0921938
229670_at,0.09216955
35974_at,0.0921652
239412_at,0.09216182
229062_at,0.09215388
214523_at,0.09215349
235301_at,0.09215249
226003_at,0.09212828
244761_at,0.09212081
233689_at,0.09208657
216014_s_at,0.09208286
206666_at,0.09207776
39729_at,0.09206593
210757_x_at,0.09203106
229869_at,0.09200367
203922_s_at,0.09198673
229817_at,0.09196229
208335_s_at,0.09196021
228343_at,0.0919566
202338_at,0.09194584
203868_s_at,0.09193853
202975_s_at,0.09193224
235574_at,0.0919307
202708_s_at,0.091915965
236301_at,0.09189633
210830_s_at,0.09189318
233955_x_at,0.09188941
209829_at,0.09187363
237082_at,0.09186505
241889_at,0.09185779
231183_s_at,0.09185595
1556451_at,0.09185141
234068_s_at,0.09184428
226638_at,0.091839716
241616_at,0.09183962
219179_at,0.09182037
229879_at,0.091816455
1559883_s_at,0.09180719
234986_at,0.091797955
230821_at,0.09179366
226858_at,0.09178761
202759_s_at,0.091763794
222862_s_at,0.0917421
232232_s_at,0.09173727
210847_x_at,0.09173701
205306_x_at,0.091721244
225059_at,0.09172046
228846_at,0.09171492
209081_s_at,0.09171182
1559425_at,0.09169513
216853_x_at,0.09169392
226876_at,0.09169191
1563217_at,0.0916919
216804_s_at,0.09169129
234645_at,0.09167738
209409_at,0.091668084
202094_at,0.0916569
211269_s_at,0.09165593
236612_at,0.091623545
213927_at,0.09159714
226677_at,0.09157626
222462_s_at,0.091563605
225163_at,0.09155207
218412_s_at,0.091517285
239494_at,0.091514066
202260_s_at,0.09149884
209642_at,0.09148228
239492_at,0.09147119
201309_x_at,0.09145081
202016_at,0.09145072
203859_s_at,0.09143347
209739_s_at,0.09140113
220448_at,0.09140092
231964_at,0.091377944
237143_at,0.09137193
228574_at,0.091365956
213222_at,0.091343924
1568764_x_at,0.091340505
206726_at,0.09133949
214615_at,0.091328606
222326_at,0.09132834
242939_at,0.09132624
243461_at,0.091311455
235841_at,0.09130831
204363_at,0.09130796
205686_s_at,0.09130296
208547_at,0.09129603
208702_x_at,0.09126517
211100_x_at,0.09124786
211635_x_at,0.09124703
1566446_at,0.09124468
237340_at,0.091243684
209891_at,0.09124233
240661_at,0.091238156
208703_s_at,0.09123169
206060_s_at,0.09123087
231969_at,0.09122742
237315_at,0.09121227
230175_s_at,0.09120613
232686_at,0.091180645
222449_at,0.09117231
226244_at,0.09117073
221747_at,0.0911524
233506_at,0.09110558
204962_s_at,0.09108126
227576_at,0.09105551
205379_at,0.09104424
235733_at,0.09104332
1559477_s_at,0.091038175
221520_s_at,0.091024116
242904_x_at,0.0910079
225008_at,0.090999246
202609_at,0.09098734
211404_s_at,0.0909861
1569076_a_at,0.090970114
228046_at,0.09094651
228488_at,0.09094626
219978_s_at,0.090925366
202588_at,0.09092378
242388_x_at,0.09091079
230383_x_at,0.09090972
241387_at,0.09089478
240370_at,0.09088242
1553138_a_at,0.0908776
223319_at,0.090874866
204122_at,0.090851694
227921_at,0.090845
205983_at,0.090840206
1569136_at,0.09082919
203547_at,0.09082143
204731_at,0.090814054
225940_at,0.0908086
219681_s_at,0.09079775
213066_at,0.09076728
240652_at,0.090764076
211210_x_at,0.09075384
235706_at,0.09074713
232628_at,0.090737075
239336_at,0.090697855
207996_s_at,0.09069149
238884_at,0.09066481
207143_at,0.09066312
225602_at,0.09065634
214374_s_at,0.090650395
236794_at,0.090637416
1560762_at,0.09063484
242218_at,0.0906304
210548_at,0.09060898
1562056_at,0.090608194
230521_at,0.09060582
203304_at,0.09059308
232659_at,0.09059153
209212_s_at,0.09058842
220034_at,0.09058705
216054_x_at,0.090584725
206804_at,0.09058441
225129_at,0.09057975
206995_x_at,0.090551645
228620_at,0.0905436
204695_at,0.09053311
209696_at,0.09051938
1559117_at,0.09051214
216016_at,0.09049876
236168_at,0.090488836
243347_at,0.09047854
221627_at,0.090470195
239647_at,0.09046686
218810_at,0.09046143
210164_at,0.090439945
218418_s_at,0.09042311
233323_at,0.090421826
211458_s_at,0.09041345
207167_at,0.09040286
39248_at,0.09039132
227062_at,0.090366736
226556_at,0.09036648
229007_at,0.09035916
235683_at,0.09035468
205758_at,0.090341166
204306_s_at,0.09033887
200636_s_at,0.09033433
221484_at,0.09032625
218087_s_at,0.090308174
212141_at,0.09030789
201465_s_at,0.090301484
205606_at,0.09030047
206618_at,0.090296164
222039_at,0.09028518
230446_at,0.090250485
223307_at,0.09024888
224833_at,0.09024435
221011_s_at,0.09022109
238214_at,0.090220906
235227_at,0.09021951
227393_at,0.09021622
230180_at,0.09021483
223279_s_at,0.090214655
216766_at,0.09020162
213652_at,0.09019646
203755_at,0.09019324
202086_at,0.090169236
230708_at,0.09015919
238587_at,0.09015167
211211_x_at,0.090151146
235703_at,0.0901278
209525_at,0.090115726
225647_s_at,0.09008664
1557994_at,0.0900822
201695_s_at,0.09007859
206413_s_at,0.09005831
225372_at,0.09005819
223839_s_at,0.0900568
205590_at,0.090029955
225987_at,0.090028845
203111_s_at,0.09002727
224595_at,0.090020284
229552_at,0.090019256
241849_at,0.090007864
241027_at,0.08998835
201417_at,0.08998674
204255_s_at,0.08998154
202444_s_at,0.0899799
230245_s_at,0.0899775
224482_s_at,0.08996295
201943_s_at,0.089954495
224836_at,0.089950204
1554903_at,0.08994293
201283_s_at,0.089940265
210934_at,0.08993428
213610_s_at,0.08992489
1569387_at,0.08991317
1553118_at,0.089910336
224008_s_at,0.08990816
204793_at,0.089892924
229569_at,0.08989023
204160_s_at,0.08987771
210958_s_at,0.08984623
205612_at,0.089844786
232007_at,0.089843735
203476_at,0.08983753
226530_at,0.089832336
201963_at,0.089823544
205739_x_at,0.08982152
220295_x_at,0.08982074
211101_x_at,0.089818105
210763_x_at,0.089812234
208782_at,0.089797676
213172_at,0.089792274
206765_at,0.08978635
226591_at,0.08974038
203967_at,0.08973919
233952_s_at,0.089737415
218502_s_at,0.08972894
227607_at,0.08971995
213839_at,0.0897149
226099_at,0.089689374
210605_s_at,0.08967942
212727_at,0.0896685
236114_at,0.08966541
240671_at,0.089665376
228570_at,0.08965498
219658_at,0.08964648
204663_at,0.08963181
236539_at,0.08962369
220560_at,0.08962041
204159_at,0.08961734
206170_at,0.08961293
219502_at,0.089612424
209933_s_at,0.08960369
1556113_at,0.08960362
215330_at,0.08960306
223402_at,0.08959119
215188_at,0.089587204
205046_at,0.0895831
222848_at,0.08957347
226625_at,0.08957182
229517_at,0.089557976
226069_at,0.08953659
238376_at,0.08953637
1561167_at,0.089524955
230249_at,0.089515716
222071_s_at,0.08948678
203217_s_at,0.08945353
203642_s_at,0.089445695
213906_at,0.08943646
1554298_a_at,0.08943553
218029_at,0.08942868
222305_at,0.08942175
204777_s_at,0.08940312
208033_s_at,0.08938652
1555355_a_at,0.08937007
214781_at,0.0893645
214475_x_at,0.08935861
235597_s_at,0.089358225
211583_x_at,0.089355536
201539_s_at,0.08934727
201438_at,0.089344785
235490_at,0.08933813
230856_at,0.08933398
227749_at,0.08932532
206785_s_at,0.08932336
204646_at,0.08932057
229629_at,0.08931437
203222_s_at,0.0892998
47560_at,0.089292414
210031_at,0.08928287
37986_at,0.08927818
236199_at,0.08927181
204822_at,0.089258045
239442_at,0.08925402
235310_at,0.089253835
228894_at,0.08924976
243107_at,0.089224994
219312_s_at,0.08922352
204790_at,0.08922313
226632_at,0.08920765
202934_at,0.08916673
243996_at,0.08915375
244043_at,0.0891317
1552648_a_at,0.089099735
226699_at,0.089072146
213589_s_at,0.08906451
223552_at,0.08905168
213910_at,0.08903444
236330_at,0.089013666
242514_at,0.08900756
203980_at,0.089003555
220326_s_at,0.08898816
209804_at,0.088978805
210655_s_at,0.08896954
235371_at,0.08895852
205859_at,0.088956654
1556579_s_at,0.08895165
205920_at,0.088947624
205463_s_at,0.08893032
211412_at,0.08890962
203394_s_at,0.08887342
1557780_at,0.088869296
203588_s_at,0.08885926
219273_at,0.08885246
220609_at,0.08883637
218922_s_at,0.08883627
213385_at,0.08882965
208748_s_at,0.0888205
218355_at,0.08881305
204642_at,0.088805005
213954_at,0.088784404
200983_x_at,0.0887713
1556331_a_at,0.0887694
224414_s_at,0.088767454
1556602_at,0.08875416
229202_at,0.088749245
223125_s_at,0.08874461
225061_at,0.08873159
1564149_at,0.08873071
243000_at,0.08872345
211776_s_at,0.08871126
243810_at,0.08870225
211864_s_at,0.088701606
238192_at,0.08869922
1556684_at,0.088692814
201596_x_at,0.08869169
203042_at,0.088683516
223696_at,0.08867502
232916_at,0.08866804
210370_s_at,0.08864029
222803_at,0.08863277
219734_at,0.08859819
212097_at,0.0885917
227043_at,0.08859068
226609_at,0.08857338
228557_at,0.08857148
227449_at,0.08856411
1557706_at,0.088563405
230968_at,0.0885573
218974_at,0.08853542
210711_at,0.088530704
233648_at,0.088523805
1555847_a_at,0.08852267
242319_at,0.08850977
236385_at,0.088505626
203817_at,0.08849536
244555_at,0.08846564
215401_at,0.08845474
217838_s_at,0.088448465
208650_s_at,0.088445455
202684_s_at,0.088443115
226794_at,0.08841628
223381_at,0.08841558
202947_s_at,0.08840832
235046_at,0.08839965
222322_at,0.08839266
226450_at,0.08839016
212667_at,0.08837621
221268_s_at,0.08836602
1405_i_at,0.08834374
239827_at,0.08834036
215248_at,0.088327475
1555890_at,0.08832027
215836_s_at,0.088286296
1559131_a_at,0.088273704
210697_at,0.088272154
209464_at,0.088262215
235457_at,0.08825685
227556_at,0.08825593
217904_s_at,0.08825244
235117_at,0.08824736
202341_s_at,0.08823658
206978_at,0.088234216
212681_at,0.088232756
200678_x_at,0.08822459
207691_x_at,0.08821963
213397_x_at,0.08821206
211581_x_at,0.08820695
221922_at,0.08820608
244026_at,0.088196345
214637_at,0.08818878
225481_at,0.08815803
219759_at,0.08814821
206196_s_at,0.08814691
211538_s_at,0.08813937
222088_s_at,0.08813502
216207_x_at,0.0881252
224490_s_at,0.088112384
225283_at,0.088112175
221814_at,0.08811146
217513_at,0.08809538
226436_at,0.08809081
221042_s_at,0.08808941
206167_s_at,0.08808566
241068_at,0.088082924
1563467_at,0.08806631
229347_at,0.08806622
212935_at,0.08806163
204066_s_at,0.088060625
226592_at,0.088058874
235380_at,0.08805379
238541_at,0.08805322
220832_at,0.08804106
244508_at,0.088031754
206341_at,0.08802703
214617_at,0.08801684
209264_s_at,0.088016056
209822_s_at,0.088009976
225328_at,0.088000745
243450_at,0.08799894
203725_at,0.08799884
235811_at,0.08799267
223992_x_at,0.08798969
205691_at,0.08798173
201195_s_at,0.08796987
215723_s_at,0.087956905
209238_at,0.08794667
215811_at,0.087938994
204142_at,0.087934375
230793_at,0.087926574
202340_x_at,0.08792582
201310_s_at,0.08791429
220091_at,0.087896794
37152_at,0.08787605
238532_at,0.08787358
224516_s_at,0.087866604
1565525_a_at,0.08786339
205418_at,0.08786121
238915_at,0.087838866
228499_at,0.08783476
228678_at,0.08782596
240369_at,0.08781636
223027_at,0.08780861
238909_at,0.08779779
1554696_s_at,0.08778995
236126_at,0.08778614
238883_at,0.087785274
204917_s_at,0.087783724
215743_at,0.08778203
217997_at,0.08778064
220651_s_at,0.08777957
210613_s_at,0.08776626
242549_at,0.0877484
232277_at,0.087741844
215388_s_at,0.0877062
242405_at,0.087700486
206967_at,0.087693594
207006_s_at,0.08769194
209683_at,0.087683484
204858_s_at,0.0876829
200762_at,0.08767405
204655_at,0.08765656
220918_at,0.08764252
1559249_at,0.08763711
226402_at,0.08763119
228618_at,0.08762419
232757_at,0.08762269
234041_at,0.0876213
213549_at,0.08761713
1555731_a_at,0.0876141
210629_x_at,0.08758423
1559065_a_at,0.08756906
225259_at,0.08756827
211828_s_at,0.087566316
204379_s_at,0.08756454
234992_x_at,0.087563656
212886_at,0.087560534
208130_s_at,0.08755806
210986_s_at,0.08755402
235798_at,0.087529406
211637_x_at,0.087518334
241903_at,0.08750817
225604_s_at,0.087506235
218368_s_at,0.08749285
1553436_at,0.087486714
1554676_at,0.08748239
225331_at,0.08747926
212115_at,0.08747427
235175_at,0.087448925
200730_s_at,0.08744669
207542_s_at,0.08743688
1554300_a_at,0.08740163
219159_s_at,0.08739896
227564_at,0.087389916
1552583_s_at,0.08738594
232664_at,0.08738413
204103_at,0.08737251
219786_at,0.087352835
211791_s_at,0.087346196
238154_at,0.087335974
204134_at,0.08732588
1561654_at,0.08732507
204174_at,0.08730364
203243_s_at,0.08729476
213539_at,0.08729336
243967_at,0.08727512
222761_at,0.0872726
212602_at,0.08725922
226186_at,0.08725494
205663_at,0.08725002
202932_at,0.08724794
244599_at,0.0872466
209550_at,0.08723684
205734_s_at,0.087232985
237189_at,0.08723236
239755_at,0.08722569
235545_at,0.08722235
204545_at,0.0872017
238893_at,0.08719204
1562255_at,0.08718951
1569583_at,0.08718769
210999_s_at,0.08716506
235446_at,0.08715887
213484_at,0.08715735
211889_x_at,0.08713795
244230_at,0.08713564
211596_s_at,0.08711259
236846_at,0.08709989
1554408_a_at,0.0870986
231283_at,0.08708939
204197_s_at,0.087088615
218319_at,0.08708674
212504_at,0.08707247
228434_at,0.087061316
215611_at,0.08705623
216286_at,0.08705526
208950_s_at,0.087030426
207106_s_at,0.08702911
209763_at,0.08702876
225105_at,0.08702761
209757_s_at,0.087017685
228953_at,0.08701438
205180_s_at,0.08701424
231260_at,0.087010294
215894_at,0.087008305
1554768_a_at,0.08700754
57588_at,0.08700359
227019_at,0.08700313
209980_s_at,0.086987846
244532_x_at,0.086984254
219396_s_at,0.086974785
226374_at,0.08697237
205488_at,0.08697042
241988_x_at,0.08696912
225418_at,0.086968884
1554771_at,0.086956985
233863_at,0.08695462
227703_s_at,0.0869527
235019_at,0.08695018
244019_at,0.08694969
212599_at,0.08694917
228788_at,0.08693197
219010_at,0.086917594
222721_at,0.08691074
236645_at,0.0868907
221887_s_at,0.0868687
228642_at,0.08685391
205805_s_at,0.08685276
202871_at,0.08684103
211395_x_at,0.08683564
240265_at,0.08683306
225731_at,0.08682643
203045_at,0.08682355
214390_s_at,0.08681884
201888_s_at,0.086814724
230051_at,0.08681354
241862_x_at,0.086806566
221648_s_at,0.086806096
221523_s_at,0.08676723
203400_s_at,0.0867609
1563357_at,0.0867396
214157_at,0.08673154
1558448_a_at,0.08672154
242078_at,0.086715594
202478_at,0.086678445
202580_x_at,0.086675376
1553133_at,0.086673886
214084_x_at,0.086655736
205538_at,0.08665106
214169_at,0.086636744
201313_at,0.08662163
1567628_at,0.0866185
210450_at,0.08661479
241435_at,0.08661099
213622_at,0.086608276
211771_s_at,0.08660656
209993_at,0.08660601
239979_at,0.086603716
1563369_at,0.08660078
200602_at,0.08659822
228977_at,0.086595714
227438_at,0.08658406
216541_x_at,0.08657466
207610_s_at,0.08657068
210239_at,0.08656578
244625_at,0.08655281
202747_s_at,0.086545855
211032_at,0.08653893
240503_at,0.086535975
220307_at,0.08653571
241434_at,0.08653438
244454_at,0.086518295
205206_at,0.086514935
235172_at,0.08651085
220711_at,0.08651067
243003_at,0.08650583
223454_at,0.086500734
214472_at,0.08649783
241399_at,0.0864912
222078_at,0.08648512
203661_s_at,0.08647496
236738_at,0.08647431
224990_at,0.08647287
226773_at,0.0864629
205130_at,0.086456046
201278_at,0.08644849
209167_at,0.08644293
234148_at,0.08644153
223382_s_at,0.08642423
215111_s_at,0.086402446
1556698_a_at,0.08638704
1557098_s_at,0.08638129
238692_at,0.08638002
215719_x_at,0.08637971
228919_at,0.08636909
203488_at,0.086362064
212020_s_at,0.08635023
232884_s_at,0.08634801
203088_at,0.08633606
242601_at,0.08633463
231166_at,0.086329155
235549_at,0.086326525
232614_at,0.08631642
220132_s_at,0.08631526
226028_at,0.08630744
266_s_at,0.086294055
221944_at,0.08629024
224790_at,0.08628407
222077_s_at,0.08626905
206847_s_at,0.086265035
241428_x_at,0.08625205
211640_x_at,0.08624311
1553861_at,0.08623682
204641_at,0.086228445
225639_at,0.08621922
208962_s_at,0.086214125
206214_at,0.08621183
217025_s_at,0.08620703
217517_x_at,0.08620645
225606_at,0.08619636
203771_s_at,0.08618715
236266_at,0.08618118
230127_at,0.08617811
217148_x_at,0.08616787
221092_at,0.0861666
1555392_at,0.08616399
208370_s_at,0.086161986
216063_at,0.086159594
230499_at,0.08612701
1555590_a_at,0.08611801
214130_s_at,0.08611643
243546_at,0.086112946
1555724_s_at,0.08610297
213733_at,0.086095154
232596_at,0.08609243
202554_s_at,0.08608875
222640_at,0.086086646
235372_at,0.0860857
215151_at,0.086062156
215447_at,0.08606214
227976_at,0.08605629
228900_at,0.08605298
235281_x_at,0.08603236
201928_at,0.086029485
205088_at,0.086027935
1553134_s_at,0.0860278
228235_at,0.08600693
213552_at,0.08600567
235061_at,0.08600013
229784_at,0.085998505
214829_at,0.085997924
233217_at,0.08599739
235575_at,0.08599211
219442_at,0.08598857
221671_x_at,0.08598167
215489_x_at,0.08598149
219650_at,0.08597922
208071_s_at,0.08596107
224218_s_at,0.08595995
212113_at,0.085959114
206464_at,0.08591509
212598_at,0.08591301
229706_at,0.08590832
208937_s_at,0.08590141
243709_at,0.085900605
239427_at,0.08589238
239872_at,0.08587936
204146_at,0.08587378
225662_at,0.08587031
211071_s_at,0.08587013
1562194_at,0.08586995
217757_at,0.085859224
203240_at,0.08585546
224920_x_at,0.08585368
227168_at,0.08584789
223519_at,0.08584574
211527_x_at,0.085845605
1554974_at,0.08583265
224596_at,0.08582571
206965_at,0.085823394
200907_s_at,0.0858109
242625_at,0.08580196
201976_s_at,0.08579006
213193_x_at,0.085784584
1554346_at,0.085780516
229717_at,0.085774295
232565_at,0.085770264
220193_at,0.0857635
223533_at,0.08575301
203559_s_at,0.08574713
230631_s_at,0.08574492
212364_at,0.08573684
1564773_x_at,0.085731074
221581_s_at,0.0857259
208798_x_at,0.08572161
206682_at,0.08571801
222134_at,0.08571595
204674_at,0.08569446
202283_at,0.08568922
236193_at,0.085688576
228728_at,0.0856719
228161_at,0.08565548
1553169_at,0.085654244
226685_at,0.08564991
60084_at,0.085647404
236398_s_at,0.08561494
208575_at,0.085609026
242052_at,0.08558273
235422_at,0.0855584
201203_s_at,0.085556604
204172_at,0.08554433
1565602_at,0.08553924
241386_at,0.08553595
213836_s_at,0.08553314
1569040_s_at,0.085526675
177_at,0.08552415
200796_s_at,0.085520715
217640_x_at,0.08551134
1568838_at,0.08550604
235843_at,0.08548862
205016_at,0.085480444
1553785_at,0.08547267
239296_at,0.085468344
239327_at,0.08545978
223123_s_at,0.08545818
204759_at,0.08545664
215117_at,0.085454285
239187_at,0.08545299
243819_at,0.08544882
229648_at,0.08544122
232752_at,0.08544011
216388_s_at,0.08543925
218918_at,0.08543904
211565_at,0.08542359
215633_x_at,0.08540213
201422_at,0.08540109
206142_at,0.08539911
239272_at,0.08539712
221651_x_at,0.08539587
228461_at,0.08538796
1554486_a_at,0.085385054
203354_s_at,0.08537526
205285_s_at,0.08534238
208147_s_at,0.08532862
201668_x_at,0.08532521
228486_at,0.08532138
231577_s_at,0.08531791
233877_at,0.08531632
229838_at,0.08531541
229726_at,0.085310206
217690_at,0.08530219
1555337_a_at,0.085297585
222774_s_at,0.08529471
213830_at,0.08528852
1569154_a_at,0.08528622
239328_at,0.08528602
207795_s_at,0.08525084
203507_at,0.085233
231656_x_at,0.08523129
208010_s_at,0.08522056
201169_s_at,0.08521856
220999_s_at,0.08521506
210479_s_at,0.085212454
235151_at,0.08519791
201710_at,0.08519615
208553_at,0.08518301
206934_at,0.08514753
210225_x_at,0.0851416
226142_at,0.08513558
203558_at,0.08513035
225613_at,0.085124806
244080_at,0.085123956
229414_at,0.08511795
203744_at,0.08511397
235592_at,0.08509962
230552_at,0.08509901
205414_s_at,0.0850859
1552806_a_at,0.08508046
204975_at,0.08507463
242794_at,0.08506967
207120_at,0.08506648
205099_s_at,0.08505532
228714_at,0.08505431
211883_x_at,0.08504664
209172_s_at,0.08504209
1557797_a_at,0.08501804
206596_s_at,0.08498806
203794_at,0.084984
221142_s_at,0.08498286
226982_at,0.08498055
203508_at,0.08497596
1556761_at,0.084972456
201841_s_at,0.08495742
244359_s_at,0.0849548
219493_at,0.084947854
230559_x_at,0.08494697
214705_at,0.08494505
238526_at,0.08494304
201282_at,0.08493921
235404_at,0.08493771
224759_s_at,0.084937155
1556873_at,0.08491255
206115_at,0.08491187
226646_at,0.08489695
1552691_at,0.08489093
232780_s_at,0.084888354
240666_at,0.084887505
212148_at,0.084879115
244125_at,0.084876776
1557321_a_at,0.084874816
218404_at,0.08486438
213248_at,0.084861994
236646_at,0.08486034
219513_s_at,0.08484728
1552742_at,0.08484305
224327_s_at,0.08484289
244357_at,0.0848369
228426_at,0.084833786
243444_at,0.084831074
222881_at,0.08481932
233255_s_at,0.084796995
218764_at,0.08479491
201819_at,0.0847922
219892_at,0.0847909
206366_x_at,0.08478874
221624_at,0.08478343
203865_s_at,0.084782675
1564494_s_at,0.08477478
227080_at,0.08477453
1552789_at,0.084761366
244533_at,0.0847482
239012_at,0.08474629
235753_at,0.08474306
202067_s_at,0.08473797
210426_x_at,0.08473322
243492_at,0.08473104
215630_at,0.08472657
235675_at,0.08472183
1555772_a_at,0.08471095
202191_s_at,0.084701166
215058_at,0.08469832
222496_s_at,0.08468118
201927_s_at,0.084668815
224507_s_at,0.08466411
223628_at,0.08465758
1554333_at,0.08464958
204787_at,0.08464546
212169_at,0.08464171
201830_s_at,0.084630445
206082_at,0.08462784
209386_at,0.08462518
242943_at,0.08461216
215537_x_at,0.084607214
221974_at,0.084600225
202017_at,0.08458762
218272_at,0.084586516
1562280_at,0.084580705
204002_s_at,0.08458012
238405_at,0.08456663
208107_s_at,0.0845615
204825_at,0.08456081
209729_at,0.084549725
230720_at,0.084541775
1553856_s_at,0.08454014
1558826_at,0.084538996
224822_at,0.08453271
201896_s_at,0.08452973
209545_s_at,0.08452606
203032_s_at,0.0845224
228625_at,0.084516555
219976_at,0.084516324
228352_at,0.0845028
237383_at,0.08449708
209603_at,0.08449632
204163_at,0.08449519
208341_x_at,0.084485546
243462_s_at,0.08448294
240072_at,0.08447878
218910_at,0.0844754
202859_x_at,0.08446938
1555938_x_at,0.084468305
215813_s_at,0.08446732
229715_at,0.08444932
224976_at,0.08443348
210423_s_at,0.084429756
226275_at,0.08442813
218585_s_at,0.084415734
243498_at,0.08441176
236404_at,0.08439349
202732_at,0.084380895
220507_s_at,0.084373295
226622_at,0.08437262
226627_at,0.08436784
205692_s_at,0.08436751
233138_at,0.08436331
207091_at,0.08435807
216557_x_at,0.08435403
221239_s_at,0.08435111
236752_at,0.08432013
233176_at,0.08429541
204562_at,0.084292576
1562307_at,0.0842925
203167_at,0.0842897
210944_s_at,0.08428651
207723_s_at,0.08428182
1556239_a_at,0.08427496
230505_at,0.08425008
235852_at,0.084245905
203786_s_at,0.08424118
1569599_at,0.0842377
222482_at,0.08423576
243509_at,0.084235445
221582_at,0.084232196
231597_x_at,0.08422855
202643_s_at,0.08421111
222896_at,0.08420539
232078_at,0.084201165
216605_s_at,0.084192805
202254_at,0.08418483
201348_at,0.08416683
210784_x_at,0.084131464
232088_x_at,0.08413092
209504_s_at,0.08413086
1569614_s_at,0.08409879
214639_s_at,0.0840971
1557218_s_at,0.08409472
203927_at,0.08408895
212196_at,0.0840722
218641_at,0.084062934
210706_s_at,0.08405866
228249_at,0.08405164
239723_at,0.08404174
211102_s_at,0.08403662
219295_s_at,0.084029354
219738_s_at,0.08402181
202014_at,0.08402032
217738_at,0.08400619
202793_at,0.084002405
209664_x_at,0.08399412
238176_at,0.0839941
205826_at,0.08399158
226267_at,0.08399144
205632_s_at,0.08396813
227497_at,0.08396676
232079_s_at,0.08396372
218313_s_at,0.08396235
229029_at,0.08396119
218662_s_at,0.083957314
223588_at,0.08395421
241497_at,0.08394457
204531_s_at,0.08394122
230664_at,0.0839393
211021_s_at,0.083933175
200661_at,0.08391306
201487_at,0.08391014
203518_at,0.083907425
204162_at,0.08390647
224802_at,0.08390633
222696_at,0.083889455
216956_s_at,0.083882034
1552256_a_at,0.083877325
215946_x_at,0.083863884
215990_s_at,0.08385791
216027_at,0.083849505
205992_s_at,0.08383716
204907_s_at,0.08382979
202510_s_at,0.08381428
220286_at,0.08380218
231329_at,0.0837996
240593_x_at,0.08379549
229738_at,0.08378343
209636_at,0.08377145
212086_x_at,0.083752304
244045_at,0.08374318
239253_at,0.08374122
208814_at,0.083738774
239571_at,0.083736256
1566558_x_at,0.08373621
1558103_a_at,0.083705276
242310_at,0.08369223
222218_s_at,0.08368082
215671_at,0.08367756
219684_at,0.08367559
222536_s_at,0.083662674
244348_at,0.083656944
211846_s_at,0.08365294
236863_at,0.083645895
212912_at,0.08364156
202241_at,0.08363882
219669_at,0.0836306
214505_s_at,0.08362965
1558214_s_at,0.0836243
229568_at,0.08361594
210589_s_at,0.08361162
1553158_at,0.08361007
220418_at,0.0836072
204240_s_at,0.0836066
1561651_s_at,0.08360539
202902_s_at,0.08360261
1554586_a_at,0.083578765
229450_at,0.08356723
211675_s_at,0.08356318
1558569_at,0.08355899
235289_at,0.08355727
239213_at,0.083548486
229082_at,0.0835396
210262_at,0.08353871
235661_at,0.08351438
202270_at,0.0835105
214000_s_at,0.08350777
241682_at,0.08348715
202746_at,0.083477736
212430_at,0.08347762
220220_at,0.08347553
207705_s_at,0.083460495
213915_at,0.08345401
242320_at,0.0834471
204143_s_at,0.08344112
230233_at,0.08343765
207469_s_at,0.083435245
228868_x_at,0.083431184
217274_x_at,0.08342211
241716_at,0.08341838
214746_s_at,0.083417475
206314_at,0.083413556
233302_at,0.08340491
1554283_at,0.08339828
237571_at,0.08339333
211341_at,0.08338893
233700_at,0.08337984
238798_at,0.083368175
213560_at,0.08336814
219687_at,0.08335606
202788_at,0.08333039
231311_at,0.08332026
219456_s_at,0.083306774
206914_at,0.08330459
230645_at,0.083303824
215099_s_at,0.083302744
201490_s_at,0.08329718
222500_at,0.08329411
230641_at,0.083291054
238509_at,0.08328748
204865_at,0.08328077
205717_x_at,0.083277136
205790_at,0.08326459
203030_s_at,0.08326432
230083_at,0.08325493
215146_s_at,0.08325319
205334_at,0.08325012
209924_at,0.08324343
216243_s_at,0.08322979
228003_at,0.08322637
215118_s_at,0.08322183
231729_s_at,0.08321503
231990_at,0.08320862
210772_at,0.08320399
59697_at,0.08319881
204173_at,0.08319375
208614_s_at,0.08319035
228824_s_at,0.08317779
214470_at,0.08317204
225009_at,0.08316683
212609_s_at,0.08314605
1557632_at,0.08312875
201466_s_at,0.08312848
232174_at,0.083125584
1556097_at,0.083120994
1552803_a_at,0.083112836
228144_at,0.08310016
202896_s_at,0.08308697
212151_at,0.08308275
204749_at,0.08306718
222686_s_at,0.08306646
204222_s_at,0.08306278
201537_s_at,0.08306271
243364_at,0.08306132
210943_s_at,0.08305174
222892_s_at,0.08304725
228623_at,0.08302447
225233_at,0.0830041
228387_at,0.08300266
1556037_s_at,0.083001405
218136_s_at,0.083001375
212617_at,0.082999475
219505_at,0.08299619
236442_at,0.08299583
204396_s_at,0.08298683
234196_at,0.082983345
243092_at,0.08297069
211456_x_at,0.08295834
207113_s_at,0.08295536
215918_s_at,0.082945526
211499_s_at,0.082944214
1555270_a_at,0.08294088
204832_s_at,0.082938254
232245_at,0.0829378
202879_s_at,0.08293665
227013_at,0.08293527
203146_s_at,0.082921535
219381_at,0.082919225
204315_s_at,0.08291738
211548_s_at,0.08290863
222664_at,0.082907036
36829_at,0.08290565
220694_at,0.082895845
201301_s_at,0.08289224
231274_s_at,0.08288565
231109_at,0.082870245
229310_at,0.082863756
212330_at,0.08286244
215949_x_at,0.082844734
213797_at,0.082839996
210206_s_at,0.08282462
203233_at,0.0828177
229402_at,0.08278591
238454_at,0.082785636
213793_s_at,0.08277468
230276_at,0.08277005
209062_x_at,0.0827689
201554_x_at,0.082763374
211890_x_at,0.08276227
223584_s_at,0.08274892
239757_at,0.08273266
230632_at,0.08273081
219278_at,0.082728215
201448_at,0.082727686
238483_at,0.08272615
241607_at,0.08272092
240983_s_at,0.08270915
204126_s_at,0.082706094
202668_at,0.08270393
219921_s_at,0.08270285
201910_at,0.082693316
236557_at,0.08268893
1567045_at,0.082683876
1560031_at,0.08265338
204442_x_at,0.08265112
227053_at,0.08264958
231724_at,0.08264749
227498_at,0.08264681
211582_x_at,0.08264539
207039_at,0.08264314
203471_s_at,0.082642466
235400_at,0.082641795
219555_s_at,0.082619935
220770_s_at,0.08261546
1560814_a_at,0.08260633
201193_at,0.08259815
201044_x_at,0.08258678
229725_at,0.082581766
219191_s_at,0.08257446
221345_at,0.08256909
213716_s_at,0.08256072
243712_at,0.08254404
244774_at,0.08254049
232607_at,0.08253225
209894_at,0.08252509
211135_x_at,0.0825233
211286_x_at,0.08252125
239393_at,0.082510665
236641_at,0.08250126
1558972_s_at,0.082496464
222719_s_at,0.08249222
236583_at,0.082469694
229858_at,0.08245781
204121_at,0.08242477
223693_s_at,0.082404494
208960_s_at,0.08240408
219693_at,0.08240309
206289_at,0.082401305
1553102_a_at,0.08239739
210127_at,0.08237787
208978_at,0.08235493
1555419_a_at,0.08234787
216867_s_at,0.08234419
227001_at,0.082339704
230683_at,0.082336165
239002_at,0.082318574
209767_s_at,0.08229334
204688_at,0.08228751
204248_at,0.082286626
217179_x_at,0.08227776
235775_at,0.08227481
240207_at,0.082262486
209615_s_at,0.08223617
239529_at,0.082235746
227667_at,0.082232766
238451_at,0.082225725
201159_s_at,0.082221754
1558508_a_at,0.08221848
219090_at,0.08221686
1557383_a_at,0.08221175
237456_at,0.08218731
232201_at,0.082181424
225757_s_at,0.082168534
221521_s_at,0.082160205
232061_at,0.08215816
207002_s_at,0.08215667
241824_at,0.08214103
227991_x_at,0.08212356
1556347_at,0.082121424
48808_at,0.08211431
235888_at,0.08211323
1554827_a_at,0.08211118
205240_at,0.082102194
239162_at,0.082092196
217682_at,0.08209196
241842_x_at,0.0820802
220798_x_at,0.08207307
233899_x_at,0.08207205
235739_at,0.08206834
205689_at,0.0820678
227940_at,0.08206104
223136_at,0.08205399
1552623_at,0.08205138
209644_x_at,0.08204231
244556_at,0.08204129
235690_at,0.08203776
212613_at,0.08202925
229596_at,0.08202099
219054_at,0.0820143
1555613_a_at,0.082007065
230170_at,0.082006365
242473_at,0.0820038
228551_at,0.081998765
223383_at,0.08199644
237252_at,0.08198328
239828_at,0.08197971
202409_at,0.08196362
1570264_at,0.08196294
243618_s_at,0.08195719
203397_s_at,0.08193663
219306_at,0.08192614
206486_at,0.08192033
240798_at,0.081917405
213075_at,0.081916556
239066_at,0.08191045
213013_at,0.081908405
203329_at,0.08190208
202262_x_at,0.08189988
217712_at,0.08187976
242216_at,0.08187748
236428_at,0.08187013
204099_at,0.081869155
235425_at,0.081858024
224746_at,0.08185523
205449_at,0.08185443
202787_s_at,0.081851855
204656_at,0.08184656
225154_at,0.08184573
237159_x_at,0.08183935
231005_at,0.08183919
207827_x_at,0.08183727
204269_at,0.08182898
202600_s_at,0.08182427
208353_x_at,0.081818774
74694_s_at,0.08181539
210837_s_at,0.08180988
205071_x_at,0.08180867
242282_at,0.08180699
231908_at,0.08180532
227432_s_at,0.08178809
212845_at,0.081783235
209213_at,0.081782386
243312_at,0.08178073
237374_at,0.081777185
228412_at,0.081775635
1554910_at,0.081774004
205159_at,0.08177364
202449_s_at,0.0817658
230718_at,0.08176523
231647_s_at,0.08176412
215102_at,0.08176288
219654_at,0.08176085
211573_x_at,0.08176
244464_at,0.08175394
226325_at,0.08174668
219648_at,0.081743225
220104_at,0.081739396
1560562_a_at,0.08173418
217227_x_at,0.08173239
205291_at,0.08173174
242121_at,0.08173171
206049_at,0.081727766
242622_x_at,0.08170523
226247_at,0.08169821
225868_at,0.08169274
232431_at,0.0816907
224952_at,0.08169022
213758_at,0.08168028
239555_at,0.0816645
229015_at,0.08166163
1562439_at,0.08165501
210340_s_at,0.08165079
229636_at,0.08165027
214980_at,0.081647635
1555894_s_at,0.081641465
236226_at,0.081641145
208797_s_at,0.08163637
237154_at,0.08163017
219949_at,0.08162964
225144_at,0.08162376
226528_at,0.081617326
205909_at,0.08161461
205489_at,0.08160055
1553295_at,0.081599966
243915_at,0.08159763
233800_at,0.08158868
229135_at,0.081586964
206475_x_at,0.08157859
242801_at,0.08157679
220338_at,0.08157449
210868_s_at,0.0815586
244646_at,0.08155522
225627_s_at,0.08155258
238649_at,0.08154765
1557457_at,0.08154623
225900_at,0.08153761
202733_at,0.081515044
239401_at,0.0814711
1552580_at,0.08146848
204922_at,0.08146676
219594_at,0.081465155
1553849_at,0.08146495
213562_s_at,0.08146025
211057_at,0.081459016
238018_at,0.081457615
203641_s_at,0.08145205
224456_s_at,0.081450246
219145_at,0.08143808
239901_at,0.08143021
238892_at,0.0814281
204374_s_at,0.081416994
212975_at,0.081413075
216373_at,0.081399575
239285_at,0.08139895
227426_at,0.08139676
220412_x_at,0.081391156
212099_at,0.08137819
205548_s_at,0.081371665
226141_at,0.08136878
1566518_at,0.08136608
222364_at,0.08135946
226817_at,0.08135807
1556420_s_at,0.0813559
216191_s_at,0.08135511
237863_at,0.08134413
239264_at,0.081342414
208262_x_at,0.0813384
1565706_at,0.081337355
218300_at,0.081330314
242143_at,0.0813251
1564868_a_at,0.081319794
1561488_at,0.08131951
206680_at,0.08131925
1552716_at,0.081312865
222513_s_at,0.0813067
227574_at,0.08130473
213998_s_at,0.08130312
1557707_at,0.08130188
226408_at,0.081297025
201028_s_at,0.081294
1553194_at,0.081291474
230165_at,0.08128452
204727_at,0.08128221
215427_s_at,0.081276745
239938_x_at,0.08127547
209360_s_at,0.08127028
1555303_at,0.08126263
208506_at,0.08123121
202054_s_at,0.08123043
241193_at,0.08122671
215846_at,0.081223756
241819_at,0.08122363
216000_at,0.08121738
232539_at,0.081208155
236610_at,0.08120753
207417_s_at,0.08120698
202468_s_at,0.08120501
202083_s_at,0.08119622
205024_s_at,0.08119513
231182_at,0.08118698
238516_at,0.08118617
230211_at,0.08114496
203917_at,0.08114446
202826_at,0.08114338
236140_at,0.08114244
236656_s_at,0.08114131
204428_s_at,0.08113587
213007_at,0.08113387
1564970_at,0.08112647
209372_x_at,0.08112644
230805_at,0.08111364
234632_x_at,0.08110738
1559975_at,0.081104636
1558517_s_at,0.08110357
205593_s_at,0.08110256
227006_at,0.081089444
236065_at,0.08108673
209318_x_at,0.081083536
233375_at,0.081083484
219815_at,0.08108201
232958_at,0.08107641
214530_x_at,0.08107521
1554830_a_at,0.0810736
1553991_s_at,0.0810697
219463_at,0.08105899
209530_at,0.08104514
243006_at,0.08102949
1566448_at,0.0810263
213365_at,0.081011176
219494_at,0.08100437
214768_x_at,0.08100173
206234_s_at,0.080999106
213005_s_at,0.08099598
243010_at,0.08099444
219221_at,0.080988735
234151_at,0.08098838
225829_at,0.08096863
203925_at,0.08096571
203458_at,0.0809616
1561754_at,0.08095384
238619_at,0.080952644
240182_at,0.08093868
226152_at,0.08093281
217480_x_at,0.08093278
1553132_a_at,0.08092335
217606_at,0.08089808
204900_x_at,0.080869615
228665_at,0.08086878
230128_at,0.08086798
204603_at,0.08085683
1556047_s_at,0.08085538
240574_at,0.08085088
229243_at,0.08084098
222457_s_at,0.08082548
213241_at,0.08081445
201801_s_at,0.080808744
225373_at,0.08080548
229873_at,0.08080484
227985_at,0.0807992
202741_at,0.08078909
222345_at,0.08077939
221054_s_at,0.08077423
215078_at,0.080773145
210835_s_at,0.080769
202075_s_at,0.080754414
236430_at,0.0807499
214481_at,0.08074321
237429_at,0.08074037
1557919_a_at,0.080731876
212190_at,0.08073071
212226_s_at,0.08071585
1558447_at,0.080715455
222952_s_at,0.08070914
1557507_at,0.08070427
229332_at,0.080703706
201688_s_at,0.0806995
210773_s_at,0.08069601
229515_at,0.080682576
1555952_at,0.08067584
1558732_at,0.080675475
229843_at,0.080655046
222809_x_at,0.08065201
226989_at,0.08064922
205494_at,0.080646664
237943_at,0.080644794
1555912_at,0.080641
225330_at,0.08063805
224229_s_at,0.08063677
226733_at,0.080632776
213226_at,0.0806236
1554292_a_at,0.080617025
225316_at,0.08061608
223276_at,0.08060771
230378_at,0.08060266
206983_at,0.08060237
225646_at,0.080601275
221778_at,0.08060004
204347_at,0.080595955
1558409_at,0.08058487
239001_at,0.08058192
1556202_at,0.08056854
243405_at,0.080567986
216023_at,0.080562435
210634_at,0.080561295
231115_at,0.08056128
243149_at,0.0805584
1564150_a_at,0.08055173
220684_at,0.08053826
221477_s_at,0.0805199
235609_at,0.08051716
220657_at,0.08051253
224797_at,0.08051172
232478_at,0.080509
210754_s_at,0.080506414
232687_at,0.080506004
208892_s_at,0.080503255
217542_at,0.080497906
216913_s_at,0.08049697
221207_s_at,0.08049033
213593_s_at,0.080489695
209210_s_at,0.08048556
218035_s_at,0.0804853
230578_at,0.08047627
1570239_a_at,0.08047289
205308_at,0.080465704
201929_s_at,0.08046402
216365_x_at,0.08046028
1559826_a_at,0.08045834
241997_at,0.08045347
1564164_at,0.0804358
215215_s_at,0.08043267
219304_s_at,0.0804315
1560007_at,0.080428146
219624_at,0.080420494
1568978_s_at,0.080419846
1560112_at,0.08041869
236503_at,0.08041748
201059_at,0.08041684
243691_at,0.080414645
210724_at,0.08038773
242827_x_at,0.08038749
208068_x_at,0.08038692
211192_s_at,0.08038169
205821_at,0.08037864
205934_at,0.080377355
224374_s_at,0.080368504
243109_at,0.08035298
218560_s_at,0.08033708
211010_s_at,0.08031739
218086_at,0.08031528
242868_at,0.08031511
210425_x_at,0.08029573
225171_at,0.08028482
1556764_s_at,0.08027956
234317_s_at,0.080276184
225864_at,0.08027327
219748_at,0.08027033
210987_x_at,0.08026564
231919_at,0.08026538
208356_x_at,0.08026483
202458_at,0.08026458
1553269_at,0.080263
201887_at,0.08025983
244552_at,0.08025429
233116_at,0.080249324
226002_at,0.080246836
213336_at,0.08024345
213003_s_at,0.08023763
243613_at,0.08021639
209884_s_at,0.08019878
225909_at,0.08017796
1569225_a_at,0.080175914
227834_at,0.08017579
1560869_a_at,0.0801695
207651_at,0.08016601
204114_at,0.08015695
210095_s_at,0.08014591
239784_at,0.08014184
242881_x_at,0.080117345
236685_at,0.08011185
1562529_s_at,0.08011146
237119_at,0.08009957
1558971_at,0.08009709
218217_at,0.08008787
1554963_at,0.08008066
1557551_at,0.08008003
222290_at,0.080077335
238050_at,0.08007313
213135_at,0.08007243
235758_at,0.08007023
235353_at,0.08006652
223722_at,0.08006394
204908_s_at,0.0800485
203814_s_at,0.08003873
237459_at,0.0800355
207824_s_at,0.080027804
218450_at,0.08002013
204362_at,0.080004334
217022_s_at,0.07999951
218944_at,0.0799932
233867_at,0.079990834
239744_at,0.0799898
232744_x_at,0.07998896
211965_at,0.07998796
220911_s_at,0.07997708
241762_at,0.07996379
235343_at,0.07995754
217235_x_at,0.07995656
209406_at,0.07994944
227126_at,0.079943076
228562_at,0.079939425
220862_s_at,0.079927914
241705_at,0.079926655
211739_x_at,0.07992286
225040_s_at,0.07991028
222946_s_at,0.079883575
1557246_at,0.07988349
204026_s_at,0.07988253
243997_x_at,0.07987891
223060_at,0.079873964
211663_x_at,0.07986866
201869_s_at,0.079862796
203761_at,0.07985447
229295_at,0.079850316
204049_s_at,0.079849735
239331_at,0.07983251
221045_s_at,0.07982963
219930_at,0.079825446
229654_at,0.07982345
219787_s_at,0.07982077
244265_at,0.07981429
1555882_at,0.07979965
225830_at,0.079797894
239265_at,0.07978027
203535_at,0.0797725
226490_at,0.079754114
228071_at,0.0797541
202566_s_at,0.07975312
223304_at,0.07975279
227747_at,0.079733975
233127_at,0.07973327
205883_at,0.07972427
241417_at,0.0797203
200838_at,0.07971355
231513_at,0.07971266
205931_s_at,0.07971004
238067_at,0.07970631
212478_at,0.07969943
215907_at,0.07969615
223700_at,0.07968767
206683_at,0.07967863
220243_at,0.07967241
215513_at,0.079671144
1555037_a_at,0.07966566
212503_s_at,0.07966009
240572_s_at,0.07965723
1555057_at,0.079644635
206020_at,0.07962869
229157_at,0.07962745
235709_at,0.079623
1555953_at,0.07961782
237006_at,0.07961093
226611_s_at,0.079610854
201170_s_at,0.079600364
204147_s_at,0.07959999
228285_at,0.0795943
226430_at,0.07958901
207697_x_at,0.07958157
223815_at,0.07958119
1565804_at,0.079575405
242563_at,0.079575166
204468_s_at,0.079570696
210059_s_at,0.07956769
225286_at,0.079566166
204198_s_at,0.07956153
1554905_x_at,0.07955967
228836_at,0.079553425
212268_at,0.07955238
222371_at,0.079533994
211899_s_at,0.07952689
241679_at,0.07952455
224454_at,0.079512686
213805_at,0.0795112
202310_s_at,0.07951017
238918_at,0.079494156
204767_s_at,0.079467535
1552309_a_at,0.07946603
210314_x_at,0.07945597
228251_at,0.07944973
244280_at,0.07944791
227358_at,0.07944204
231950_at,0.07943919
1555733_s_at,0.079439044
237030_at,0.07942897
1554229_at,0.07942355
239946_at,0.07942182
203324_s_at,0.07942175
1566643_a_at,0.07942117
201939_at,0.079412
212642_s_at,0.07940887
239533_at,0.07940196
210132_at,0.0793992
1566959_at,0.079385936
217853_at,0.079379186
229261_at,0.079376325
219876_s_at,0.07937622
1558322_a_at,0.07937549
227156_at,0.079368725
1569642_at,0.07936449
220086_at,0.079361245
1569296_a_at,0.07935889
219279_at,0.0793519
221937_at,0.079348296
32128_at,0.07934092
239037_at,0.07933417
227189_at,0.07933299
212761_at,0.07932326
236655_at,0.079314664
218901_at,0.079312816
208488_s_at,0.079310976
236248_x_at,0.07930207
48031_r_at,0.079300925
226271_at,0.07929748
236562_at,0.07929388
218696_at,0.07929161
1569263_at,0.07928354
235780_at,0.07928133
235521_at,0.07927361
216899_s_at,0.079273134
203609_s_at,0.07926826
207314_x_at,0.07926136
225290_at,0.07925394
226698_at,0.07924834
207993_s_at,0.07924545
213091_at,0.0792388
205034_at,0.079238534
219956_at,0.07923502
228230_at,0.079234876
229740_at,0.0792305
219529_at,0.07923042
219346_at,0.07923037
222044_at,0.07922974
219093_at,0.079225205
238750_at,0.07922371
203362_s_at,0.07922125
206617_s_at,0.07922056
239735_at,0.07922016
240351_at,0.079218306
206526_at,0.07920547
205128_x_at,0.07920009
239630_at,0.079182915
1556054_at,0.07916218
211207_s_at,0.079152286
204649_at,0.07914701
204059_s_at,0.079145744
217258_x_at,0.07914259
233831_at,0.07914046
223845_at,0.079140365
1554717_a_at,0.07913778
207233_s_at,0.079122536
228811_at,0.07912227
202800_at,0.079108015
242824_at,0.07910168
244461_at,0.079098925
223092_at,0.079084635
212830_at,0.07908444
226188_at,0.07906927
238900_at,0.07906835
236451_at,0.07906711
217165_x_at,0.079053804
1559020_a_at,0.07904869
1552641_s_at,0.079047605
211552_s_at,0.07904669
235920_at,0.07904421
236962_at,0.07903676
200782_at,0.07902932
239991_at,0.07901928
206743_s_at,0.079016045
211138_s_at,0.079010375
1555638_a_at,0.07900742
232279_at,0.078992724
223575_at,0.07899231
219474_at,0.07899087
235249_at,0.078975186
203835_at,0.07897507
204032_at,0.07896975
230266_at,0.07895592
220803_at,0.07895252
208816_x_at,0.07895228
225239_at,0.078944236
215838_at,0.0789301
224336_s_at,0.078910016
212458_at,0.078901395
231301_at,0.07889764
223380_s_at,0.078894466
214522_x_at,0.07888499
1554256_a_at,0.07888462
236107_at,0.07887353
236820_at,0.078872964
229009_at,0.07886884
214620_x_at,0.078865856
207643_s_at,0.07885146
1557285_at,0.07884571
214110_s_at,0.078845076
49306_at,0.07884334
206514_s_at,0.07883282
224690_at,0.078822106
221406_s_at,0.078813806
201998_at,0.07880992
232083_at,0.078809574
235138_at,0.078802824
214806_at,0.078796946
243771_at,0.07879388
203878_s_at,0.078788415
1561687_a_at,0.078782976
222309_at,0.07878029
205929_at,0.07877822
207815_at,0.07877374
222942_s_at,0.078773096
221906_at,0.07877279
212104_s_at,0.07877143
206710_s_at,0.07877129
203827_at,0.078755274
209441_at,0.07874734
214228_x_at,0.078724265
204445_s_at,0.078721255
1562342_at,0.07871394
234970_at,0.07869379
204118_at,0.07869211
243356_at,0.07868837
201482_at,0.07867929
205110_s_at,0.078673474
227757_at,0.07866508
211254_x_at,0.07866404
243368_at,0.07866371
217294_s_at,0.078662485
238228_at,0.07865642
219528_s_at,0.07865384
205720_at,0.07865237
226573_at,0.07865083
229628_s_at,0.07865038
1570255_s_at,0.078646496
244845_at,0.078635424
239955_at,0.07863475
228274_at,0.07862026
241917_at,0.07861667
1558017_s_at,0.07861406
227326_at,0.07860375
227725_at,0.07860106
216517_at,0.078585096
213388_at,0.078577
235987_at,0.078566566
209408_at,0.07856573
235443_at,0.0785505
221843_s_at,0.07854763
230698_at,0.07854513
230360_at,0.07854256
226136_at,0.078540295
225622_at,0.07853712
225438_at,0.07853538
230375_at,0.07851753
243099_at,0.078496665
240533_at,0.07847765
225240_s_at,0.07847607
208357_x_at,0.07847494
201249_at,0.078469306
212654_at,0.078464024
204257_at,0.07845424
210237_at,0.07843992
231833_at,0.07841846
203676_at,0.078412876
209013_x_at,0.078407496
230052_s_at,0.07838558
220795_s_at,0.078374326
206364_at,0.07837297
213358_at,0.07836785
202856_s_at,0.07836515
228173_at,0.07836485
203523_at,0.078359485
238458_at,0.07835946
235271_s_at,0.078359246
204151_x_at,0.07835297
208701_at,0.07835049
228918_at,0.07834722
65517_at,0.07833707
236669_at,0.07833581
210004_at,0.078331985
224503_s_at,0.07831844
226364_at,0.07830906
232307_at,0.07830852
226433_at,0.07830587
230493_at,0.078300536
1560342_at,0.07830042
208342_x_at,0.07829395
228816_at,0.07828316
243699_at,0.078283064
227652_at,0.078254856
232688_at,0.078237265
1553328_a_at,0.07822752
219864_s_at,0.078222886
242055_at,0.07821466
244677_at,0.07820395
206857_s_at,0.078201845
202129_s_at,0.078200325
205384_at,0.078198746
226552_at,0.07819288
203360_s_at,0.078186244
205165_at,0.07817275
207574_s_at,0.078164965
206181_at,0.07816106
203386_at,0.07815316
204918_s_at,0.07814634
235940_at,0.078140885
220520_s_at,0.07813852
235444_at,0.07812683
200897_s_at,0.078126095
210896_s_at,0.07812079
202638_s_at,0.07811959
1563502_at,0.078118235
1555883_s_at,0.078106165
207892_at,0.07810122
243526_at,0.07810029
214862_x_at,0.07808589
1555736_a_at,0.07808307
1559600_at,0.078080356
238263_at,0.07807678
221986_s_at,0.07807052
239224_at,0.078068584
227606_s_at,0.078066364
232528_at,0.078061834
205660_at,0.07805647
204311_at,0.07805603
236815_at,0.07804489
225079_at,0.07804325
234367_x_at,0.07804096
241590_at,0.078036234
213183_s_at,0.078036085
1554964_x_at,0.07802897
239923_at,0.078025326
1559957_a_at,0.07802244
201702_s_at,0.078014374
222810_s_at,0.078011274
238613_at,0.07800396
212762_s_at,0.07799855
204952_at,0.07799363
227939_s_at,0.07799159
35626_at,0.07799129
240399_at,0.07798257
213469_at,0.07798214
231262_at,0.07797983
208623_s_at,0.07797733
212335_at,0.07797554
1566433_at,0.077975236
218805_at,0.07797259
202342_s_at,0.077965066
240468_at,0.077958636
213450_s_at,0.07795268
240775_at,0.07795264
223586_at,0.077944264
202252_at,0.0779303
1559864_at,0.07792957
232395_x_at,0.07792529
203574_at,0.07792449
227551_at,0.077923685
212338_at,0.07792206
1558011_at,0.07791964
233771_at,0.077917896
217399_s_at,0.07791716
231029_at,0.077916175
213121_at,0.07791111
212405_s_at,0.07790923
232459_at,0.0779078
1557835_at,0.07790075
233235_x_at,0.07789994
1558045_a_at,0.07789648
204995_at,0.07789594
210347_s_at,0.07789445
209500_x_at,0.07789269
228256_s_at,0.07788572
232549_at,0.077873014
239422_at,0.077869534
210354_at,0.077868715
209182_s_at,0.077866554
240165_at,0.07785879
240737_at,0.07785171
1554732_at,0.07785166
204411_at,0.07784891
239655_at,0.07784541
214452_at,0.077838644
221773_at,0.07783076
1557257_at,0.07782309
218644_at,0.07782118
239410_at,0.07782086
1558604_a_at,0.077817485
214108_at,0.07781465
215659_at,0.077811494
242963_at,0.077805534
204530_s_at,0.0777992
1560500_at,0.0777923
1569316_at,0.0777909
210395_x_at,0.07778959
213089_at,0.077782184
239274_at,0.0777793
227947_at,0.0777725
233243_at,0.07777129
200866_s_at,0.077760726
230836_at,0.077749625
214370_at,0.07774091
1568665_at,0.07772195
229652_s_at,0.077717304
239408_at,0.07770023
205104_at,0.07769781
204044_at,0.077694505
232309_at,0.07768822
233223_at,0.07768802
1553627_s_at,0.077685416
242283_at,0.07767383
209169_at,0.077668935
229729_at,0.07766782
224508_at,0.07766478
232034_at,0.07766433
1564151_at,0.07766385
205469_s_at,0.07766102
211535_s_at,0.0776587
209276_s_at,0.07764265
223887_at,0.07763679
240326_at,0.07762506
238055_at,0.077624634
226679_at,0.07761678
243310_at,0.07761407
211647_x_at,0.07760586
212660_at,0.07760437
209037_s_at,0.07759112
38671_at,0.07759032
205154_at,0.07758559
208364_at,0.07757281
243179_at,0.077572145
224583_at,0.07756758
240834_at,0.077560686
224831_at,0.077549905
200906_s_at,0.077549554
212021_s_at,0.077534735
226590_at,0.077531695
203773_x_at,0.077525765
216850_at,0.077506386
201764_at,0.07748997
240498_at,0.07748981
219211_at,0.077467896
235518_at,0.0774671
204161_s_at,0.07746345
229806_at,0.07746038
1560026_at,0.07745987
230192_at,0.07745792
223944_at,0.07745762
243291_at,0.0774519
230075_at,0.07744549
218676_s_at,0.077443436
219270_at,0.07744294
205884_at,0.07744032
239339_at,0.07743992
213269_at,0.07743934
234245_at,0.07743829
242728_at,0.077420376
206072_at,0.07741785
238717_at,0.077413216
219771_at,0.07740225
212758_s_at,0.07739982
230655_at,0.07739885
201389_at,0.07739885
221188_s_at,0.0773938
241239_at,0.077391624
228150_at,0.07738252
214866_at,0.07737777
240439_at,0.0773768
228273_at,0.07736522
240665_at,0.077362716
219588_s_at,0.07736182
230302_at,0.07735414
235296_at,0.07735187
213093_at,0.07735184
226063_at,0.07735063
212675_s_at,0.07734734
236622_at,0.077346094
214516_at,0.077328116
218875_s_at,0.07732785
226123_at,0.07732317
225661_at,0.07732244
1561079_at,0.07732177
237441_at,0.0773212
1569380_a_at,0.07732114
228372_at,0.07731752
230399_at,0.07731247
1556160_a_at,0.077306814
204729_s_at,0.07730459
218109_s_at,0.077287346
217593_at,0.077285066
212274_at,0.07727404
219114_at,0.0772651
218663_at,0.07725757
216252_x_at,0.07725384
204286_s_at,0.077245355
222773_s_at,0.07724386
212698_s_at,0.07723872
240930_at,0.07723449
230014_at,0.07723369
211181_x_at,0.07722497
229095_s_at,0.07721931
229126_at,0.07719597
1552946_at,0.077186376
242714_at,0.07718623
240076_at,0.077184245
244721_at,0.0771838
224518_s_at,0.077180594
216048_s_at,0.07717627
209496_at,0.077173606
224496_s_at,0.07716642
230894_s_at,0.077154115
244878_at,0.07713659
230640_at,0.07712954
238633_at,0.077126384
223660_at,0.07712589
240861_at,0.07712218
236545_at,0.07709353
241446_at,0.07709262
204623_at,0.077076025
206001_at,0.0770719
236928_at,0.0770553
229763_at,0.07705373
207521_s_at,0.07704757
211450_s_at,0.077045694
207808_s_at,0.07703801
214907_at,0.07703161
204533_at,0.07702103
207069_s_at,0.07701787
238600_at,0.07701464
227832_at,0.07699471
239175_at,0.07699469
211003_x_at,0.07697253
240263_at,0.07697245
225354_s_at,0.07696997
209727_at,0.07696767
209000_s_at,0.07696536
203857_s_at,0.07696463
1568941_a_at,0.07696071
204452_s_at,0.07694802
219480_at,0.07694763
209195_s_at,0.07694683
232406_at,0.07694615
216180_s_at,0.07694587
203688_at,0.07694483
206760_s_at,0.0769408
244524_at,0.07693936
212092_at,0.07693875
1570329_at,0.07693651
1562368_at,0.07692752
216614_at,0.076927364
201693_s_at,0.07692124
242468_at,0.07691907
230082_at,0.07691462
207871_s_at,0.07689451
202671_s_at,0.07688627
206519_x_at,0.07688459
219259_at,0.076881364
210542_s_at,0.07688022
243394_at,0.07687753
227182_at,0.076872304
235752_at,0.07687205
242268_at,0.07687105
232829_at,0.076867856
212958_x_at,0.07686624
228264_at,0.07685943
204490_s_at,0.07683915
230391_at,0.07682763
46665_at,0.076823205
1553225_s_at,0.07682064
238735_at,0.07681727
213122_at,0.076816216
225570_at,0.076813936
203276_at,0.076812744
202581_at,0.07681149
238645_at,0.076809436
235571_at,0.07680088
1563674_at,0.076799184
216493_s_at,0.07679115
208203_x_at,0.07678987
224791_at,0.07678223
206530_at,0.07677992
206073_at,0.07675249
1552501_a_at,0.07674827
226901_at,0.07674526
218985_at,0.07674438
220260_at,0.076738894
220319_s_at,0.076724395
209156_s_at,0.07672104
1570153_at,0.07671662
231313_at,0.07671642
230047_at,0.076715216
209870_s_at,0.07671431
215284_at,0.076709464
210994_x_at,0.07670557
232050_at,0.076699756
1558046_x_at,0.07669533
203684_s_at,0.07669272
227542_at,0.07668871
201012_at,0.07668835
226542_at,0.076685905
208581_x_at,0.07668266
237623_at,0.076682515
220076_at,0.07668087
228152_s_at,0.07667692
239745_at,0.07667543
242721_at,0.07667306
237772_at,0.076672584
209325_s_at,0.07667045
221002_s_at,0.07664658
1556650_at,0.076637976
242494_at,0.076630875
228984_at,0.07663083
207734_at,0.07662751
237180_at,0.07661994
1569666_s_at,0.07661684
212497_at,0.0766135
241891_at,0.07661264
210662_at,0.07661177
1553994_at,0.07661138
236255_at,0.07660511
214238_at,0.07660264
201369_s_at,0.07660219
213888_s_at,0.07659817
227544_at,0.07659705
205505_at,0.07659349
235383_at,0.07658686
230332_at,0.07658592
218995_s_at,0.07658088
244600_at,0.076580316
235830_at,0.07657494
225671_at,0.076574385
218303_x_at,0.07656555
204394_at,0.07656203
229130_at,0.07655682
212759_s_at,0.076556236
1555728_a_at,0.076554574
1563113_at,0.076548554
1555465_at,0.07654416
240772_at,0.07653637
224861_at,0.07653585
210852_s_at,0.0765338
213394_at,0.07652612
204492_at,0.076514855
236238_at,0.076510996
236212_at,0.07651028
227506_at,0.07650886
236582_at,0.076507024
229484_at,0.07650526
222817_at,0.07650383
1559276_at,0.07649995
200644_at,0.07649815
236730_at,0.076496944
224881_at,0.076495096
210313_at,0.07649481
214331_at,0.07647682
232077_s_at,0.0764685
234258_at,0.076461315
214250_at,0.07645431
235139_at,0.076448135
206110_at,0.07644808
226134_s_at,0.076441586
229040_at,0.07644005
219330_at,0.0764339
209789_at,0.0764318
204638_at,0.076417655
221039_s_at,0.07641353
207270_x_at,0.076411664
214977_at,0.076410994
1559022_at,0.07639566
214138_at,0.076393634
1559593_a_at,0.076385446
205376_at,0.076384515
204836_at,0.076379806
1552348_at,0.07637685
243153_at,0.07637618
1558540_s_at,0.07636991
230833_at,0.07636825
241220_at,0.076362595
224932_at,0.07636161
1570585_at,0.07636148
211396_at,0.07635767
234967_at,0.07635658
212235_at,0.076349065
215891_s_at,0.07634778
217584_at,0.07633279
206116_s_at,0.07632949
208303_s_at,0.07632868
214509_at,0.07632543
1553111_a_at,0.076317236
206173_x_at,0.07631081
235304_at,0.07631035
203038_at,0.07630946
205878_at,0.07630285
232114_at,0.07628642
208046_at,0.07628443
205775_at,0.07628152
206195_x_at,0.076276734
229101_at,0.07627644
214295_at,0.076274835
237590_at,0.07627161
216620_s_at,0.076268256
211814_s_at,0.076245084
227529_s_at,0.076244384
229380_at,0.07623284
227958_s_at,0.076227605
1569542_at,0.07622488
220169_at,0.07622449
240600_at,0.076218665
224329_s_at,0.07621823
218818_at,0.07620321
1562267_s_at,0.07620103
205225_at,0.076197155
206472_s_at,0.07619229
221900_at,0.076183915
214085_x_at,0.07618374
232233_at,0.07617782
218739_at,0.07617243
243030_at,0.076165825
221861_at,0.07616477
225927_at,0.076158255
218115_at,0.07615261
229133_s_at,0.07615208
226074_at,0.07615143
221880_s_at,0.07615104
241353_s_at,0.07615024
205707_at,0.07614924
241696_at,0.07614808
1552280_at,0.076141514
224065_at,0.07614148
233728_at,0.0761403
213605_s_at,0.07613726
231763_at,0.076127134
200885_at,0.07612467
225855_at,0.0761223
231369_at,0.076109745
236414_at,0.07610858
202729_s_at,0.07610756
243603_at,0.076107
208613_s_at,0.07609741
227613_at,0.07609476
1554345_a_at,0.076090604
238447_at,0.07609002
231495_at,0.076088175
201940_at,0.07608768
216066_at,0.07606758
1557014_a_at,0.07606283
233765_at,0.076059826
208219_at,0.0760517
230741_at,0.07605001
202565_s_at,0.07604317
235537_at,0.07604002
206402_s_at,0.07603483
1554822_at,0.076030105
244561_at,0.07602942
211143_x_at,0.076019704
234284_at,0.07600943
227329_at,0.0760077
212719_at,0.0760075
206187_at,0.076005846
202085_at,0.075999975
217118_s_at,0.07599799
225806_at,0.0759788
222918_at,0.075976335
1559739_at,0.07597476
221218_s_at,0.07597214
227902_at,0.0759697
211474_s_at,0.075966686
1569864_at,0.07596289
203608_at,0.07596156
243874_at,0.07595816
235989_at,0.075946905
241252_at,0.0759341
242008_at,0.075933576
1555643_s_at,0.07593353
230959_at,0.075930044
225735_at,0.07591173
219143_s_at,0.07591015
214814_at,0.075902924
207005_s_at,0.075901404
1557169_x_at,0.07590021
1565701_at,0.07589536
222857_s_at,0.0758935
1559689_a_at,0.07589125
201200_at,0.07588714
238529_at,0.07588521
226132_s_at,0.075884864
203382_s_at,0.07587518
239673_at,0.07587082
228792_at,0.07586688
244610_x_at,0.07586527
208677_s_at,0.07586405
1553117_a_at,0.07586375
239105_at,0.07585053
1557437_a_at,0.07584876
231914_at,0.075843036
222981_s_at,0.07583332
226372_at,0.07583165
204181_s_at,0.07583131
226483_at,0.075827904
223594_at,0.07581732
240845_at,0.07580827
1554334_a_at,0.07580565
1566980_at,0.075805426
231958_at,0.075791284
237016_at,0.07577844
1557105_a_at,0.07577815
213012_at,0.07577343
235785_at,0.075758815
224148_at,0.075744376
223885_at,0.075740546
227817_at,0.075730085
230441_at,0.07572981
212365_at,0.07571675
203242_s_at,0.07571657
238002_at,0.07570791
219753_at,0.07569134
217664_at,0.07568835
230212_at,0.07568763
207631_at,0.07568745
213427_at,0.075681105
240674_at,0.075675294
211287_x_at,0.07567443
236458_at,0.07566583
229952_at,0.07566407
210117_at,0.075661644
226346_at,0.07565775
243395_at,0.07565564
236399_at,0.07565509
213478_at,0.0756465
201302_at,0.075644776
231837_at,0.07564226
209536_s_at,0.0756349
1560774_at,0.075633876
228862_at,0.07563268
227663_at,0.07563248
238594_x_at,0.07563126
1554761_a_at,0.07562796
241893_at,0.07562105
204781_s_at,0.07561663
213256_at,0.07561433
1565389_s_at,0.07560998
231515_at,0.075609095
201125_s_at,0.07560805
231207_at,0.07560622
202742_s_at,0.07560556
202599_s_at,0.07560414
237310_at,0.0756025
208476_s_at,0.07560003
244869_at,0.075595394
221868_at,0.07559474
216748_at,0.07559168
203604_at,0.075590044
235646_at,0.07558975
202499_s_at,0.07558587
234971_x_at,0.07558509
235912_at,0.07558343
207604_s_at,0.07558061
203914_x_at,0.075579375
209153_s_at,0.07557437
215592_at,0.07556997
1558624_at,0.07556736
1561615_s_at,0.07556399
230787_at,0.075563625
222388_s_at,0.07555364
238542_at,0.075546056
206039_at,0.07554273
1554309_at,0.07554221
241464_s_at,0.075540654
223718_at,0.07553226
217892_s_at,0.07552236
226560_at,0.07552209
243667_at,0.075513534
212907_at,0.0755121
222477_s_at,0.07550481
235695_at,0.07550311
238057_at,0.07549605
242859_at,0.07549152
230486_at,0.07548551
201220_x_at,0.07547304
238769_at,0.07546815
219364_at,0.075463675
1553995_a_at,0.07546151
215524_x_at,0.075457886
242907_at,0.075457245
218783_at,0.075455874
1559520_at,0.07544745
212930_at,0.07544494
202748_at,0.07544227
232784_at,0.07543972
1552737_s_at,0.07543963
239832_at,0.07543951
214082_at,0.0754337
226125_at,0.075433165
232858_at,0.075433105
64418_at,0.07542825
238699_s_at,0.075426936
1564525_at,0.07542145
224448_s_at,0.075420395
201538_s_at,0.075412646
230187_s_at,0.075406484
1557688_at,0.07540484
236085_at,0.07540318
1556493_a_at,0.07539428
242527_at,0.07538867
206099_at,0.075388014
218686_s_at,0.075387046
226882_x_at,0.07537799
239496_at,0.075377814
237137_at,0.07537473
206508_at,0.0753615
232835_at,0.075360835
222045_s_at,0.07535805
203027_s_at,0.07535735
204629_at,0.075356424
220246_at,0.075355306
230392_at,0.075347885
236153_at,0.075337246
240084_at,0.075332105
1553224_at,0.075321764
234297_at,0.07531309
209307_at,0.0753009
215288_at,0.075298384
236213_at,0.0752954
206385_s_at,0.075293906
209345_s_at,0.07529284
1565810_at,0.0752919
209890_at,0.075290516
215071_s_at,0.075288355
205655_at,0.07528718
223266_at,0.07528448
243489_at,0.075282834
1554206_at,0.07527504
226444_at,0.075268924
234976_x_at,0.07526642
239273_s_at,0.07526399
1553042_a_at,0.075263724
229285_at,0.07526231
217478_s_at,0.07525867
229302_at,0.07525395
226661_at,0.07525328
216727_at,0.07525325
1569238_a_at,0.07524779
1563469_at,0.07523725
238078_at,0.075237095
231528_at,0.07523286
200706_s_at,0.07523042
204542_at,0.07522896
212014_x_at,0.07521832
214083_at,0.07520579
206059_at,0.075204045
210397_at,0.07520318
210789_x_at,0.075190306
234863_x_at,0.07516992
228538_at,0.07516777
243088_at,0.07515919
225716_at,0.07515767
239556_at,0.07514222
221578_at,0.07513646
217615_at,0.075134054
202218_s_at,0.07513066
226757_at,0.07511677
236439_at,0.07511318
219213_at,0.07511022
206009_at,0.07510947
243282_at,0.07509383
227791_at,0.07509333
206546_at,0.07509215
228758_at,0.07508908
226707_at,0.07508582
230210_at,0.07508016
216994_s_at,0.075078756
230970_at,0.07507652
1569431_at,0.07507425
206394_at,0.07507245
206991_s_at,0.07507157
202973_x_at,0.07506183
242228_at,0.075059235
233440_at,0.075058475
222830_at,0.07505781
233799_at,0.07505425
1552701_a_at,0.07504974
227600_at,0.07504973
224357_s_at,0.07503788
228771_at,0.07503772
229970_at,0.075034946
206707_x_at,0.075033545
204827_s_at,0.075032935
226718_at,0.07502642
237689_at,0.07501724
209499_x_at,0.075009584
218113_at,0.0750061
1568593_a_at,0.07500459
202626_s_at,0.07500392
201576_s_at,0.07499881
204429_s_at,0.07498965
237762_at,0.07498936
238962_at,0.07498436
1559050_at,0.07498386
207890_s_at,0.07498264
238303_at,0.07498142
229809_at,0.074979715
241004_at,0.074971676
1553338_at,0.07497117
223095_at,0.074970946
231956_at,0.07496241
209020_at,0.07496071
201889_at,0.07496016
230300_at,0.07495725
215996_at,0.07495664
210571_s_at,0.0749552
221010_s_at,0.0749543
202803_s_at,0.07494813
202901_x_at,0.07494548
221527_s_at,0.07492391
223094_s_at,0.074912995
203910_at,0.07490808
240457_at,0.07490638
222872_x_at,0.07489994
242448_at,0.074894786
1560172_at,0.07489379
209469_at,0.07489051
239591_at,0.07488051
228593_at,0.07486513
238803_at,0.07485437
238752_at,0.07485401
214579_at,0.07485093
242572_at,0.07484864
216602_s_at,0.074848264
1561596_at,0.07484529
229106_at,0.0748439
207376_at,0.074841276
234032_at,0.07483959
1557538_at,0.07483328
230800_at,0.07483131
202446_s_at,0.07482749
200985_s_at,0.07482189
214500_at,0.07481946
226670_s_at,0.07481603
240347_at,0.07481511
227533_at,0.074814275
239761_at,0.074811056
204472_at,0.074803084
215945_s_at,0.07480009
209777_s_at,0.07479139
232357_at,0.07479012
235306_at,0.07478784
227499_at,0.0747858
204627_s_at,0.0747848
236497_at,0.07477787
244427_at,0.07477205
1555183_at,0.074770525
201667_at,0.07476887
225237_s_at,0.07476224
243452_at,0.0747618
219039_at,0.074758515
210904_s_at,0.07475254
200835_s_at,0.074750766
201340_s_at,0.07473545
210836_x_at,0.074734546
240248_at,0.07473306
210424_s_at,0.07473139
206273_at,0.07473111
244485_at,0.07473031
203989_x_at,0.07472667
215349_at,0.07472342
213908_at,0.07472308
201615_x_at,0.074718565
217320_at,0.074714005
230958_s_at,0.07471001
233762_at,0.07470477
244055_at,0.07470456
1555962_at,0.07470125
230109_at,0.074691616
200982_s_at,0.074679166
229249_at,0.07467515
218802_at,0.07466942
1558976_x_at,0.074666694
230670_at,0.07466369
204829_s_at,0.07466188
90265_at,0.0746454
243166_at,0.07464534
219677_at,0.074643746
1556496_a_at,0.07463956
212407_at,0.07463445
239231_at,0.074634194
215072_x_at,0.074620716
213650_at,0.074616924
204462_s_at,0.074616626
238580_at,0.07461198
213253_at,0.074603856
1557905_s_at,0.074602276
202586_at,0.074601464
242903_at,0.07460058
242443_at,0.07459541
203275_at,0.074593544
205222_at,0.074590445
217684_at,0.07457333
218018_at,0.07456878
204780_s_at,0.07456729
218892_at,0.07456042
221211_s_at,0.07455697
225400_at,0.07455626
244689_at,0.074554235
1556361_s_at,0.07453792
238774_at,0.07451758
208704_x_at,0.074516624
224405_at,0.07451097
201087_at,0.074505046
204882_at,0.07450253
214973_x_at,0.074501485
229687_s_at,0.074500784
220141_at,0.07450016
204055_s_at,0.07448654
230389_at,0.07448022
1558530_at,0.074479535
1558410_s_at,0.07447893
214467_at,0.07447451
227410_at,0.07446179
237954_x_at,0.07446167
214276_at,0.07445978
209281_s_at,0.07445441
220123_at,0.074438415
242277_at,0.0744341
211767_at,0.07442387
214971_s_at,0.074421994
1556211_a_at,0.074412435
34210_at,0.07440871
214909_s_at,0.07440597
220777_at,0.07440091
228096_at,0.07439757
1552480_s_at,0.074393585
224012_at,0.07439052
229507_at,0.07438658
228471_at,0.07438494
232705_at,0.07437679
1565595_at,0.07437404
238317_x_at,0.07436942
200742_s_at,0.07436788
212312_at,0.07435964
1553423_a_at,0.074354105
235582_at,0.074347034
215714_s_at,0.0743382
244699_at,0.07433518
229893_at,0.07433179
211639_x_at,0.07432756
220180_at,0.07432458
244206_at,0.07432175
208092_s_at,0.07431841
211066_x_at,0.0743099
231851_at,0.07430619
244385_at,0.07430513
226602_s_at,0.0743009
1554719_at,0.07429373
1553789_a_at,0.07429183
1560225_at,0.074281
1552427_at,0.07427844
233252_s_at,0.07427801
221941_at,0.074277505
242710_at,0.07427718
210749_x_at,0.07427585
214770_at,0.074273705
227462_at,0.07427344
221770_at,0.07427183
241713_s_at,0.074269705
206208_at,0.074269086
239951_at,0.07426887
214873_at,0.074257895
238013_at,0.07425594
234428_at,0.07425469
226232_at,0.07424389
229363_at,0.074239716
213309_at,0.0742355
229691_at,0.07423216
217497_at,0.074226126
1564820_at,0.07422413
236662_at,0.07422359
228963_at,0.074221894
223963_s_at,0.074215576
200862_at,0.0742152
214551_s_at,0.074209735
205397_x_at,0.07420478
227036_at,0.07420268
232049_at,0.07419415
235274_at,0.0741902
217204_at,0.07418154
244874_at,0.07418136
222680_s_at,0.07417396
222980_at,0.0741694
203057_s_at,0.07415065
216215_s_at,0.0741355
240766_at,0.074129224
1564733_at,0.07412337
243512_x_at,0.07412284
227312_at,0.07412116
227875_at,0.07411932
204392_at,0.07411701
214181_x_at,0.07411435
236062_at,0.07411372
206896_s_at,0.07411203
201079_at,0.07411119
221101_at,0.0741088
229830_at,0.07410694
242110_at,0.07409699
222587_s_at,0.07409203
1562260_at,0.07409028
236600_at,0.07408923
202096_s_at,0.0740892
205987_at,0.07407841
225978_at,0.074074656
223764_x_at,0.074066326
205804_s_at,0.07405101
240866_at,0.074047685
1553764_a_at,0.07402767
232974_at,0.074027315
202931_x_at,0.074025616
204669_s_at,0.07401505
208161_s_at,0.074003145
201021_s_at,0.074002236
1557167_at,0.07400087
228720_at,0.074000575
219227_at,0.07400046
243586_at,0.07399554
213854_at,0.07399057
209835_x_at,0.073985696
1552908_at,0.073984124
205888_s_at,0.07398227
211088_s_at,0.073972
206188_at,0.07396782
232237_at,0.07396542
231093_at,0.073963985
225960_at,0.073963046
226120_at,0.07396193
213641_at,0.07394819
214964_at,0.07394354
1554306_at,0.07392751
1552736_a_at,0.07392584
1565544_at,0.07392275
235145_at,0.07391308
241701_at,0.07390758
235701_at,0.07390637
241859_at,0.07390326
205807_s_at,0.073899
227766_at,0.07389216
217995_at,0.07386449
1552632_a_at,0.07386385
218033_s_at,0.07386331
244298_at,0.07386202
204168_at,0.07385984
227812_at,0.07385611
1563129_at,0.07385582
238712_at,0.073854774
225939_at,0.07385017
213666_at,0.07384604
232821_at,0.073845685
226000_at,0.07384278
1557239_at,0.07384163
211868_x_at,0.07384049
1570412_at,0.073834956
220308_at,0.07383404
229695_at,0.073834
216202_s_at,0.0738326
228855_at,0.07382932
239016_at,0.07382245
208997_s_at,0.07382035
1558906_a_at,0.07381652
220131_at,0.07381633
215761_at,0.073813714
1552634_a_at,0.07380901
238554_at,0.07380699
223750_s_at,0.07380666
1552541_at,0.0738063
229274_at,0.073805034
218888_s_at,0.073795736
224564_s_at,0.073794365
223194_s_at,0.07379407
210334_x_at,0.07379085
223695_s_at,0.07378735
223985_at,0.07378016
210458_s_at,0.073778674
1554420_at,0.073767886
225660_at,0.073767066
231994_at,0.073764816
213736_at,0.07375679
1555041_a_at,0.07375616
221959_at,0.07375116
228793_at,0.07374722
234989_at,0.073738426
235952_at,0.07373246
220690_s_at,0.07373172
1556341_s_at,0.07372871
1557366_at,0.073722795
227348_at,0.073712766
220153_at,0.0737125
214757_at,0.073709466
211676_s_at,0.07370892
217371_s_at,0.07370551
218410_s_at,0.073702246
241765_at,0.07370201
241924_at,0.073698804
203065_s_at,0.07369786
212412_at,0.07369363
218773_s_at,0.07368511
213321_at,0.07367643
228090_at,0.07366526
201714_at,0.07366374
239674_at,0.073663265
239369_at,0.07365833
229011_at,0.07365686
225688_s_at,0.07364882
211668_s_at,0.07364612
213488_at,0.073644996
207796_x_at,0.07364247
204326_x_at,0.07364005
230951_at,0.07363765
236026_at,0.073632166
230579_at,0.07361857
208601_s_at,0.07361073
241018_at,0.07360355
212970_at,0.07360226
238097_at,0.073599815
204502_at,0.07359731
228949_at,0.07359571
235026_at,0.073592395
210462_at,0.07358855
241483_at,0.073584944
230589_at,0.073580295
200656_s_at,0.07357904
209451_at,0.073578924
202493_x_at,0.07357351
225288_at,0.073570326
208594_x_at,0.073565334
201286_at,0.07355706
231880_at,0.073555276
229556_at,0.07354057
230927_at,0.073539704
223666_at,0.07353732
202719_s_at,0.07353346
234785_at,0.07353088
1570021_at,0.07352921
226837_at,0.0735205
204561_x_at,0.07351521
209832_s_at,0.073513255
40093_at,0.07350953
1559078_at,0.073503286
204511_at,0.07350129
220311_at,0.07349684
220421_at,0.073494226
221879_at,0.07349382
210998_s_at,0.07349071
204073_s_at,0.07348357
220330_s_at,0.073482275
209151_x_at,0.07348077
221980_at,0.07347607
217683_at,0.07347083
202145_at,0.07346842
219924_s_at,0.07346749
65718_at,0.073464766
234851_at,0.07346357
243473_at,0.07346123
237766_at,0.073458
231094_s_at,0.07345514
202533_s_at,0.07345405
225525_at,0.0734492
241861_at,0.07344724
226147_s_at,0.07344723
208891_at,0.07344669
229489_at,0.07344584
242404_at,0.07343941
204221_x_at,0.073437616
211267_at,0.07343512
210316_at,0.07343295
218907_s_at,0.073432125
201785_at,0.073419474
201503_at,0.07341629
228749_at,0.073413074
201481_s_at,0.073411345
236237_at,0.07340195
239557_at,0.07339968
239152_at,0.07339964
216910_at,0.073392525
204765_at,0.073386595
212812_at,0.07338148
240315_at,0.07338137
227176_at,0.07336457
244551_at,0.0733643
229238_at,0.073356755
1559401_a_at,0.073355645
227536_at,0.07334648
241834_at,0.07334588
215184_at,0.07333888
230301_at,0.07333185
227144_at,0.07333088
1558626_at,0.07331387
236190_at,0.07331246
230226_s_at,0.07330961
230511_at,0.07330357
219683_at,0.07329813
225459_at,0.07329813
215152_at,0.07329278
237803_x_at,0.0732799
210349_at,0.07327923
40016_g_at,0.073278174
227296_at,0.0732744
218380_at,0.07327336
231875_at,0.07326735
240977_at,0.07325783
240115_at,0.07325631
1554089_s_at,0.07324952
211729_x_at,0.07324645
214030_at,0.073244184
244861_at,0.073242694
226085_at,0.07323925
200939_s_at,0.07323506
218457_s_at,0.073234454
1557078_at,0.07322584
204668_at,0.07322413
238651_at,0.07322341
228901_at,0.07322266
1558882_at,0.073221765
201681_s_at,0.073213786
217127_at,0.07320817
211832_s_at,0.07320433
213138_at,0.07319692
239334_at,0.07319166
219400_at,0.07318768
1554335_at,0.07318705
204657_s_at,0.07318368
232461_at,0.073181815
230002_at,0.07317707
205577_at,0.07316625
1568915_at,0.07315543
203149_at,0.07314393
224753_at,0.07313733
239062_at,0.07313086
238840_at,0.0731308
228108_at,0.07312636
227051_at,0.07312552
215411_s_at,0.07312155
239116_at,0.07312009
229176_at,0.073116906
1569512_at,0.07311555
225246_at,0.07311368
221156_x_at,0.07310943
213324_at,0.073108345
209875_s_at,0.073102206
227272_at,0.07309967
202039_at,0.07309955
1563348_at,0.07309584
202587_s_at,0.0730958
230060_at,0.07309088
203128_at,0.07309018
204863_s_at,0.073088825
218963_s_at,0.07308826
202686_s_at,0.073082
1560741_at,0.07307458
225314_at,0.07306647
239868_at,0.07305684
1561042_at,0.07305555
233483_at,0.07303332
209427_at,0.07302802
203144_s_at,0.073025
241652_x_at,0.07301572
205407_at,0.073008776
204361_s_at,0.07300645
1557557_at,0.0730039
1560397_s_at,0.07300128
241844_x_at,0.073001
236879_at,0.07300033
1570038_at,0.07300019
211397_x_at,0.072999455
240019_at,0.07299929
244180_at,0.07299887
1559116_s_at,0.07299567
208499_s_at,0.07299161
1565034_s_at,0.072986186
232666_at,0.07297999
227620_at,0.07297933
1560960_at,0.07297016
210451_at,0.072966255
210357_s_at,0.07296339
213620_s_at,0.07295859
224489_at,0.0729562
230343_at,0.07295103
231046_at,0.07294841
242343_x_at,0.07294595
232759_at,0.072944105
230161_at,0.072941326
207616_s_at,0.07293981
227900_at,0.072939515
221978_at,0.07293177
239908_at,0.07292648
230696_at,0.07292631
224917_at,0.07292628
236903_at,0.07292561
201105_at,0.072923034
205281_s_at,0.0729135
206114_at,0.072909266
217914_at,0.07290065
207205_at,0.07289685
213575_at,0.07289671
219233_s_at,0.07288763
216094_at,0.07288705
206301_at,0.07288182
230531_at,0.072872266
239204_at,0.072869435
242541_at,0.07286602
235957_at,0.07286441
233554_at,0.072847694
1554014_at,0.072845444
239266_at,0.07284479
1555852_at,0.072833985
211546_x_at,0.07282938
213428_s_at,0.07282102
205083_at,0.0728188
230795_at,0.07281646
207746_at,0.07281233
240733_at,0.07281166
204575_s_at,0.07281113
202720_at,0.07280797
1559534_at,0.072806686
244321_at,0.0728026
214378_at,0.072796896
209286_at,0.0727943
205027_s_at,0.07279424
212823_s_at,0.07279064
241396_at,0.07278974
1566897_at,0.07278454
203388_at,0.072782636
209348_s_at,0.07278216
226234_at,0.07277983
238432_at,0.072779015
233328_x_at,0.07277681
201013_s_at,0.072772145
242529_x_at,0.07276818
1569600_at,0.072767384
213547_at,0.072766595
201599_at,0.072763294
237255_at,0.072761714
223405_at,0.07276085
203760_s_at,0.07275739
216298_at,0.07275725
1557656_at,0.07275312
238094_at,0.07275237
212972_x_at,0.072745755
225687_at,0.07274014
223721_s_at,0.07273434
203747_at,0.072732285
234043_at,0.072730176
228845_at,0.0727224
242525_at,0.072718814
205744_at,0.0727133
1556818_at,0.07271241
228223_at,0.072712064
1554417_s_at,0.07270928
221754_s_at,0.07270899
1553247_a_at,0.07270484
219341_at,0.07270236
230930_at,0.07269978
240570_at,0.07269879
218546_at,0.072697565
244025_at,0.07269716
243587_x_at,0.07268697
229305_at,0.07268281
228802_at,0.072679125
206850_at,0.07267732
214574_x_at,0.07267475
228097_at,0.07266097
226367_at,0.07265673
202545_at,0.07265636
1570409_x_at,0.07265586
240247_at,0.07265584
219368_at,0.07264869
217362_x_at,0.07264519
233869_x_at,0.07264279
228231_at,0.07263291
232976_at,0.07263234
217384_x_at,0.072623104
227648_at,0.072611906
210606_x_at,0.072607614
240070_at,0.072603606
227351_at,0.0726036
209163_at,0.072601736
225582_at,0.0726001
227717_at,0.072596304
226891_at,0.07259572
238623_at,0.07258784
1564383_s_at,0.072584406
1556679_at,0.07257888
220557_s_at,0.07257551
230917_at,0.072574615
236495_at,0.07256237
213895_at,0.07255727
225784_s_at,0.07255432
202688_at,0.07254477
236054_at,0.07253854
239301_at,0.07253775
1553589_a_at,0.072531335
1569041_at,0.0725265
209707_at,0.07252611
204267_x_at,0.072524056
205543_at,0.07251865
1555425_x_at,0.07251525
237881_at,0.07251068
233329_s_at,0.07251057
226287_at,0.07250853
241621_at,0.07250737
231334_at,0.07250424
207156_at,0.07250346
244226_s_at,0.07250338
1559987_at,0.07250327
1563573_at,0.07250206
210983_s_at,0.07250029
209765_at,0.07249923
228314_at,0.07248895
219745_at,0.07248679
242569_at,0.07248183
206954_at,0.07248141
238273_at,0.07248129
213134_x_at,0.07247898
235802_at,0.0724767
201796_s_at,0.07247436
201063_at,0.072470844
227824_at,0.072470546
219660_s_at,0.07246668
237342_at,0.07246458
228184_at,0.07246306
238289_at,0.072456494
238759_at,0.07245572
204180_s_at,0.0724515
232060_at,0.07245092
220591_s_at,0.07244502
1568780_at,0.07244484
235742_at,0.07244042
215573_at,0.07243776
218906_x_at,0.07243736
232677_at,0.072434284
1553177_at,0.07242585
1558965_at,0.072417974
224048_at,0.07241373
229060_at,0.07241194
243768_at,0.07240766
241360_at,0.072406575
206209_s_at,0.072404034
226822_at,0.07239777
1553736_at,0.07239547
204717_s_at,0.07239194
233121_at,0.07239029
201335_s_at,0.07238944
214956_at,0.072382495
1555963_x_at,0.07237661
117_at,0.07236941
1558605_at,0.0723687
233393_at,0.07236868
1558330_x_at,0.072367534
220485_s_at,0.07235913
226586_at,0.07235798
211549_s_at,0.072349176
238581_at,0.07234849
238034_at,0.072338134
232180_at,0.072332904
224476_s_at,0.07232274
209828_s_at,0.07231459
241376_at,0.07231185
236334_at,0.07230711
203148_s_at,0.07230659
229033_s_at,0.0723023
239680_at,0.072300516
210554_s_at,0.07229763
1564753_at,0.07229614
239023_at,0.072290555
1554520_at,0.0722891
208747_s_at,0.07228418
1552849_at,0.0722768
208579_x_at,0.072273105
1555476_at,0.072265625
218326_s_at,0.072264954
225147_at,0.07226387
206656_s_at,0.072252244
229455_at,0.072246864
243209_at,0.0722449
1559439_s_at,0.07224262
223888_s_at,0.07224052
209344_at,0.07222158
211430_s_at,0.07222095
217523_at,0.07221764
204384_at,0.072214335
226683_at,0.07221174
210422_x_at,0.072209746
203322_at,0.07220912
222144_at,0.07220615
204033_at,0.07220203
1560259_at,0.07219633
208294_x_at,0.0721936
225767_at,0.07219195
220389_at,0.07219127
222505_at,0.07219033
232694_at,0.072187535
204321_at,0.07218704
231470_at,0.07218252
208109_s_at,0.07218218
230941_at,0.07216819
204866_at,0.07216492
1565714_at,0.07216448
231118_at,0.07216312
226352_at,0.07215065
214667_s_at,0.07214628
228962_at,0.07214546
215543_s_at,0.072143
219294_at,0.07213546
236513_at,0.07212344
212607_at,0.07211931
222312_s_at,0.07211744
205984_at,0.07211668
215386_at,0.07211417
1562903_at,0.07211392
232875_at,0.072113514
1559932_at,0.07210785
238695_s_at,0.07210614
241114_s_at,0.072104305
243303_at,0.072102964
1559005_s_at,0.07209158
232005_at,0.07207715
230684_at,0.07207006
239425_at,0.07206848
208316_s_at,0.072065055
237133_at,0.072065055
215121_x_at,0.07205984
202666_s_at,0.07205936
227903_x_at,0.07205676
237387_at,0.072056636
235063_at,0.072056085
201150_s_at,0.07205585
212658_at,0.07205486
235290_at,0.07205092
232939_at,0.072042525
244037_at,0.0720209
243463_s_at,0.07201564
214161_at,0.07201437
216645_at,0.0720026
238669_at,0.072001204
244166_at,0.07200025
223898_at,0.071999915
223765_s_at,0.07199982
232826_at,0.07199699
210074_at,0.0719967
240521_at,0.07199633
244571_s_at,0.071978584
204550_x_at,0.071974024
242354_at,0.07197014
226365_at,0.07196745
207038_at,0.071950376
201897_s_at,0.07194811
223620_at,0.07194724
226575_at,0.07194621
200783_s_at,0.071946025
236979_at,0.07193557
244061_at,0.07193142
227835_at,0.0719293
234489_at,0.07191751
229283_at,0.07191387
225280_x_at,0.07191129
232897_at,0.07190865
244114_x_at,0.07190386
234801_s_at,0.071897365
212647_at,0.07189506
213449_at,0.07189504
45633_at,0.071894795
204750_s_at,0.07189436
237216_at,0.07189135
215082_at,0.07188806
227340_s_at,0.07188364
1559437_at,0.0718831
206461_x_at,0.07188299
209346_s_at,0.07187961
232511_at,0.07187584
239449_at,0.07187049
219527_at,0.07187042
230652_at,0.07187037
205598_at,0.07186782
210115_at,0.07185857
235328_at,0.07185571
222313_at,0.07185447
1558854_a_at,0.071853004
218862_at,0.071852624
1559663_at,0.07184973
215134_at,0.07184279
237032_x_at,0.071842395
243124_at,0.07183397
222317_at,0.071832925
242196_at,0.07183287
235569_at,0.071832195
221687_s_at,0.071827315
239280_at,0.071820505
220299_at,0.07181898
1554980_a_at,0.07181856
222755_s_at,0.0718141
201387_s_at,0.07181183
212448_at,0.07180861
1560128_x_at,0.071805
219888_at,0.071802974
224461_s_at,0.07179631
227552_at,0.0717926
241534_at,0.07178838
1563263_at,0.071786895
209288_s_at,0.0717857
215565_at,0.0717807
206756_at,0.07177405
225133_at,0.07176733
231035_s_at,0.07176298
227670_at,0.07175887
201307_at,0.0717535
219957_at,0.07174301
224928_at,0.07174215
207188_at,0.07173734
206943_at,0.071734704
1570607_at,0.07173313
201494_at,0.07173145
1557733_a_at,0.07172987
228705_at,0.07172876
223196_s_at,0.07172838
204482_at,0.07172486
240400_at,0.07172352
204764_at,0.07172261
228042_at,0.07172179
229315_at,0.071719706
242742_at,0.071717314
213684_s_at,0.0717157
239646_at,0.07171453
225611_at,0.071708724
220546_at,0.07170753
1559203_s_at,0.07170232
218138_at,0.071701914
213329_at,0.071701124
242611_at,0.071700096
205209_at,0.07168892
1555153_s_at,0.07167801
218704_at,0.07167339
239209_at,0.071670726
234649_at,0.07166787
218096_at,0.071662694
219525_at,0.07166235
226599_at,0.071660966
216985_s_at,0.07165906
229880_at,0.07164833
226359_at,0.07163912
226041_at,0.07163825
213963_s_at,0.07163631
202887_s_at,0.07163331
232650_at,0.07163283
232914_s_at,0.07163064
239348_at,0.071625456
203505_at,0.07162359
212229_s_at,0.0716224
231021_at,0.071610555
234149_at,0.071609825
1555734_x_at,0.071606174
202426_s_at,0.07160246
213058_at,0.071595564
217284_x_at,0.07159299
227718_at,0.07159144
221237_s_at,0.07159083
219228_at,0.07158786
208295_x_at,0.07158685
238410_x_at,0.07158604
218889_at,0.07158457
1552923_a_at,0.07158263
241750_x_at,0.07157546
208100_x_at,0.071574956
229604_at,0.071572945
204979_s_at,0.07156867
1554609_at,0.0715671
220400_at,0.07154919
216264_s_at,0.071546994
1556123_a_at,0.07154684
1561130_at,0.071545266
1552318_at,0.07153927
206513_at,0.07153793
213939_s_at,0.07153627
212807_s_at,0.0715355
214063_s_at,0.07152924
1570360_s_at,0.07152903
218705_s_at,0.071527876
229718_at,0.071526214
205872_x_at,0.07152575
203502_at,0.07152398
236423_at,0.071519166
218692_at,0.07151429
204960_at,0.0715127
209735_at,0.07151009
237364_at,0.07150474
236623_at,0.07150378
1554112_a_at,0.071500935
232660_at,0.07149956
1552639_at,0.07148717
222238_s_at,0.07148518
222691_at,0.071478084
210258_at,0.07147789
219506_at,0.07147704
224173_s_at,0.07147224
232439_at,0.07145871
232161_x_at,0.071457915
206028_s_at,0.07144961
1552312_a_at,0.07144766
224795_x_at,0.07144493
204048_s_at,0.07142264
236990_at,0.071421675
240195_at,0.07142094
229344_x_at,0.07141805
234366_x_at,0.07141688
234034_at,0.071416
1559701_s_at,0.07141383
206665_s_at,0.07141173
223285_s_at,0.07140995
1555659_a_at,0.07140748
216860_s_at,0.0714072
214319_at,0.07139371
205167_s_at,0.07139157
206106_at,0.07138878
209079_x_at,0.07138766
222558_at,0.07138589
205085_at,0.07138485
228316_at,0.071364716
229391_s_at,0.0713622
211813_x_at,0.071357995
1554512_a_at,0.07135776
212848_s_at,0.0713547
220137_at,0.07134975
229623_at,0.07134625
213129_s_at,0.071342975
236295_s_at,0.071342945
212838_at,0.071340635
235391_at,0.0713398
227196_at,0.07133977
244473_at,0.07133653
218815_s_at,0.071336195
224055_x_at,0.07132605
219534_x_at,0.071311325
209662_at,0.071301505
211495_x_at,0.07130143
233692_at,0.071283
237297_at,0.07128033
201489_at,0.07128024
230846_at,0.071280174
1569277_at,0.071278274
237465_at,0.07127652
231107_at,0.07126951
244324_at,0.071269006
222912_at,0.07126553
218346_s_at,0.07125892
240542_at,0.07125511
1558143_a_at,0.07125375
244815_at,0.07125372
232269_x_at,0.0712405
205392_s_at,0.071239844
244840_x_at,0.07123914
235221_at,0.07123494
217066_s_at,0.07123436
229021_at,0.071230724
211782_at,0.07123031
1562442_a_at,0.07122795
1570588_at,0.071226925
210113_s_at,0.07122551
206043_s_at,0.07122125
242836_at,0.07122032
226158_at,0.071219176
213182_x_at,0.07121655
226397_s_at,0.07121535
238558_at,0.07121068
1560395_at,0.07120918
204329_s_at,0.07120355
218552_at,0.07119863
225142_at,0.071196735
237753_at,0.07118863
243198_at,0.07118834
215163_at,0.07118729
1562544_at,0.07118139
240720_at,0.07117987
218904_s_at,0.0711778
212520_s_at,0.071171075
219334_s_at,0.07116984
231889_at,0.071169265
228370_at,0.07116845
229543_at,0.071164414
243331_at,0.07115994
228029_at,0.07115835
207735_at,0.071157575
1560775_at,0.07114858
244286_at,0.07114695
223522_at,0.07114293
201941_at,0.07113987
204887_s_at,0.07113865
204661_at,0.07113278
1557077_a_at,0.0711296
215030_at,0.07112913
204385_at,0.071128294
238561_s_at,0.071126975
229753_at,0.07112135
213800_at,0.071115196
210916_s_at,0.07111405
220704_at,0.071113676
201363_s_at,0.07111238
237311_at,0.07110439
244447_at,0.071100086
238423_at,0.07109739
222354_at,0.07109672
242952_at,0.07109624
226936_at,0.07109094
223394_at,0.0710886
200831_s_at,0.07108632
205409_at,0.07108557
211178_s_at,0.07107738
215213_at,0.07107342
215900_at,0.07107185
1556344_at,0.07107102
202315_s_at,0.07106975
1553271_at,0.07106757
231357_at,0.071059994
1559375_s_at,0.07105932
236598_at,0.07105793
219188_s_at,0.07105765
214788_x_at,0.071054004
226673_at,0.07105358
212662_at,0.07104812
1560854_s_at,0.071047634
208609_s_at,0.07104547
205560_at,0.07104494
218145_at,0.071031034
203789_s_at,0.07103044
204526_s_at,0.07102983
1558695_at,0.071029395
1558173_a_at,0.07102658
234073_at,0.071023986
236353_at,0.07102308
1557487_at,0.07101769
243220_at,0.07101755
236885_at,0.07101406
202974_at,0.07101086
1562745_at,0.07100541
225221_at,0.0710004
225746_at,0.07099884
243465_at,0.07099721
1564972_x_at,0.07099282
207124_s_at,0.07097538
211200_s_at,0.07097404
1554037_a_at,0.07097103
1556598_at,0.07097
208546_x_at,0.07095882
235564_at,0.07095514
1566966_at,0.0709531
215831_at,0.07094865
226559_at,0.07094336
214043_at,0.070943326
1557609_s_at,0.070940495
206129_s_at,0.0709295
218330_s_at,0.0709282
1562270_at,0.070921816
240481_at,0.07092057
230636_s_at,0.0709196
239707_at,0.07090798
234036_x_at,0.07090381
1556375_at,0.07090224
204992_s_at,0.07089853
226119_at,0.070896
228113_at,0.07089168
205202_at,0.070889026
210291_s_at,0.07088898
219144_at,0.07088854
205831_at,0.07088494
215617_at,0.070883006
212843_at,0.07088243
237626_at,0.07087779
239067_s_at,0.07087533
235392_at,0.07087189
221081_s_at,0.070869684
220282_at,0.07085832
224840_at,0.07084876
210644_s_at,0.07084644
1559889_at,0.07083731
244535_at,0.07083601
234050_at,0.070831716
244429_at,0.07082702
244631_at,0.07082627
1570279_at,0.07081832
234044_at,0.07081084
231484_at,0.07080661
218032_at,0.07080525
1552289_a_at,0.07079546
225078_at,0.070793904
242786_at,0.07078843
211612_s_at,0.07077761
206279_at,0.070777595
223520_s_at,0.07076527
218039_at,0.07075858
1554886_a_at,0.07075529
231406_at,0.0707517
209306_s_at,0.07074374
229197_at,0.07074367
231351_at,0.07074317
233058_at,0.070740044
202851_at,0.070734404
224285_at,0.07073434
1555137_a_at,0.070731774
221557_s_at,0.07073125
240828_at,0.070730746
239657_x_at,0.070726305
239069_s_at,0.070721
226736_at,0.07072085
226497_s_at,0.0707152
240052_at,0.070710346
209864_at,0.07070665
214874_at,0.070704
229253_at,0.07069589
202273_at,0.07068994
242086_at,0.07068757
205352_at,0.070686206
1562528_at,0.07068075
207220_at,0.07067494
1555372_at,0.07067466
222714_s_at,0.07066628
227954_at,0.070664346
217242_at,0.070656165
220396_at,0.07065357
221846_s_at,0.07065238
230333_at,0.070647776
214540_at,0.070647724
242892_at,0.07063767
1555571_at,0.070632294
214049_x_at,0.070631996
215635_at,0.07063091
38149_at,0.070623815
1558397_at,0.07062006
220010_at,0.07061902
211576_s_at,0.07061708
231788_at,0.0706153
206465_at,0.07061266
218312_s_at,0.07060973
235936_at,0.07060815
216558_x_at,0.070607394
232000_at,0.07060595
232112_at,0.07060446
38158_at,0.07060251
208056_s_at,0.07059914
209920_at,0.07059844
228716_at,0.07059542
239577_at,0.07059525
1556238_at,0.07059486
211133_x_at,0.07059473
1559413_at,0.07058947
225039_at,0.07058814
1556678_a_at,0.070584595
243505_at,0.07057534
200951_s_at,0.07057364
208116_s_at,0.07057193
229744_at,0.070564345
207160_at,0.07056013
208817_at,0.070559144
209911_x_at,0.07055831
225303_at,0.07055675
239775_at,0.07055181
203474_at,0.070549905
232036_at,0.07054758
209661_at,0.07054724
204476_s_at,0.07054389
204592_at,0.07053897
243522_at,0.070538916
1559723_s_at,0.070534274
215300_s_at,0.07052879
1553591_at,0.070527636
211107_s_at,0.07052718
209610_s_at,0.07051876
214058_at,0.07051601
222931_s_at,0.07051577
1562511_at,0.070512906
1553301_a_at,0.07050629
212068_s_at,0.07050115
236345_at,0.07049841
227188_at,0.07049805
211701_s_at,0.07049018
226403_at,0.070488125
1556308_at,0.07048459
220296_at,0.070484236
223961_s_at,0.07048373
1568639_a_at,0.07048169
1560133_at,0.07047851
220784_s_at,0.07047385
239989_at,0.070472926
232398_at,0.070469335
206453_s_at,0.0704661
204567_s_at,0.0704585
234993_at,0.070454165
232985_s_at,0.07044731
243878_at,0.07044089
229473_at,0.070435934
239668_at,0.070424885
242894_at,0.07041958
241224_x_at,0.070413634
1568513_x_at,0.07041233
204954_s_at,0.07040733
221703_at,0.070406616
212413_at,0.07040605
212666_at,0.07040538
214554_at,0.07040256
205673_s_at,0.07040103
218525_s_at,0.07039195
238193_at,0.07038617
1554445_at,0.07038295
208577_at,0.07037516
233300_at,0.070372835
202125_s_at,0.07037127
223170_at,0.07037097
206361_at,0.07036702
235104_at,0.07036495
233142_at,0.07036214
239343_at,0.070357196
244839_at,0.07035512
243659_at,0.07035227
1566079_at,0.07034567
230548_at,0.07033661
205633_s_at,0.0703325
235644_at,0.0703319
1556622_s_at,0.07033094
213493_at,0.070329666
1554349_at,0.07032889
1554060_s_at,0.07032441
1562600_at,0.07032436
229053_at,0.070323735
221975_s_at,0.07031493
236769_at,0.07031268
206036_s_at,0.070311785
1565862_a_at,0.0703102
202558_s_at,0.07030477
202534_x_at,0.07030317
214439_x_at,0.07030125
235911_at,0.07029948
206117_at,0.070290506
205429_s_at,0.07029029
1555608_at,0.07028636
238105_x_at,0.07028552
37965_at,0.07028136
1559161_at,0.07027523
235421_at,0.07027069
214375_at,0.07026965
211339_s_at,0.070264295
213164_at,0.07026267
232670_at,0.070260376
222067_x_at,0.07026029
203675_at,0.07025647
1559459_at,0.07025603
244006_at,0.07025525
206545_at,0.07025064
238389_s_at,0.07025054
224863_at,0.070247844
230472_at,0.07024719
218384_at,0.07024017
239567_at,0.07023187
217276_x_at,0.07022761
1559156_at,0.07021904
236046_at,0.07021873
210172_at,0.07021707
219461_at,0.07021448
239045_at,0.07020395
212636_at,0.07020378
238049_at,0.07019533
206248_at,0.070190534
1557126_a_at,0.0701867
226423_at,0.07017836
1560029_a_at,0.070170626
201141_at,0.07016765
228476_at,0.07016212
243888_at,0.07015832
237495_at,0.07015462
229603_at,0.07015154
204128_s_at,0.07014911
211340_s_at,0.07014881
233614_at,0.070148334
232372_at,0.07014602
212944_at,0.070139736
208490_x_at,0.07013881
213060_s_at,0.07013796
232522_at,0.07013795
222706_at,0.0701364
225080_at,0.07013568
203837_at,0.07012837
1569703_a_at,0.070124485
237756_at,0.070123985
209681_at,0.070118114
232102_at,0.07011712
207056_s_at,0.070113316
223543_at,0.070107244
206599_at,0.07010636
215435_at,0.07010595
1556942_at,0.070104204
237442_at,0.07010369
1570408_at,0.070102245
227165_at,0.07009965
222139_at,0.07009928
240008_at,0.07009444
217818_s_at,0.07009442
1564276_at,0.0700924
242866_x_at,0.07008764
231472_at,0.07008674
1569353_at,0.07008052
239102_s_at,0.070075855
221760_at,0.070073605
215150_at,0.07006813
207766_at,0.07006781
1554733_at,0.07006543
201942_s_at,0.070063904
232155_at,0.07006126
239819_at,0.07006016
206932_at,0.07005985
230048_at,0.070056304
226265_at,0.07005525
208719_s_at,0.07005477
212618_at,0.07005427
207636_at,0.07003425
232473_at,0.07003315
226603_at,0.07003315
222043_at,0.07003294
1555691_a_at,0.07002946
203940_s_at,0.07002199
1553982_a_at,0.07001025
202451_at,0.07000549
242045_at,0.07000155
220992_s_at,0.06999703
201829_at,0.069995046
1558537_x_at,0.0699867
241532_at,0.06998414
205784_x_at,0.06998223
213120_at,0.06997524
213720_s_at,0.06997275
238445_x_at,0.06996737
240695_at,0.06996576
236278_at,0.069965616
236390_at,0.069962464
1562587_at,0.069960214
231957_s_at,0.06995812
1561872_at,0.069957644
237371_at,0.06995687
242496_at,0.069956265
239964_at,0.069950774
210461_s_at,0.069946125
214745_at,0.069944605
228813_at,0.06994203
219855_at,0.06993965
228956_at,0.06992906
214056_at,0.06992389
237075_at,0.06992008
214724_at,0.06991509
1568987_at,0.06990907
240179_at,0.06990351
209846_s_at,0.06990126
236044_at,0.069898434
225778_at,0.06989073
210359_at,0.06988705
212680_x_at,0.06988543
229107_at,0.069882885
1557240_a_at,0.069873154
244662_at,0.06987271
221865_at,0.06986906
226029_at,0.06986655
215586_at,0.06986323
207836_s_at,0.06986242
239619_at,0.0698597
219048_at,0.06985122
229490_s_at,0.06985022
219120_at,0.06984964
217671_at,0.06984806
1558837_a_at,0.06984448
201905_s_at,0.06984362
222855_s_at,0.06984087
228934_x_at,0.06984034
206118_at,0.069839284
205122_at,0.06983761
230892_at,0.069837205
211798_x_at,0.069826886
235965_at,0.069824375
212688_at,0.0698235
1559362_at,0.069822416
233870_at,0.06982158
235803_at,0.0698103
1554173_at,0.06980866
217502_at,0.06980775
223535_at,0.06980774
230388_s_at,0.06980714
239765_at,0.06980697
229814_at,0.06980632
1565717_s_at,0.069804996
239645_at,0.069795355
212641_at,0.069794856
228205_at,0.069790505
230643_at,0.069775715
203206_at,0.069767535
218700_s_at,0.06976549
1556728_at,0.06976545
210202_s_at,0.06976466
219569_s_at,0.06976168
213894_at,0.06975868
210785_s_at,0.06975168
218984_at,0.06975138
234599_at,0.06974769
204135_at,0.06974463
225689_at,0.06974438
210088_x_at,0.0697401
237469_at,0.069739826
242471_at,0.06973107
201308_s_at,0.06971726
201401_s_at,0.06971589
202421_at,0.0697158
233082_at,0.06971292
205541_s_at,0.06971264
218231_at,0.06970811
238802_at,0.06970674
1554443_s_at,0.06970039
243924_at,0.069696896
206220_s_at,0.06969686
205735_s_at,0.06969665
239614_x_at,0.06969299
232525_at,0.06968828
223463_at,0.06968799
209179_s_at,0.06967834
232586_x_at,0.069677755
221245_s_at,0.06967148
223746_at,0.06967139
219556_at,0.06966866
228157_at,0.069668025
233921_s_at,0.06966588
228245_s_at,0.06966467
205552_s_at,0.06966184
201791_s_at,0.069658116
202627_s_at,0.06965768
228617_at,0.06965521
242442_x_at,0.06965129
1555165_a_at,0.0696485
229778_at,0.06964569
204899_s_at,0.06964527
1567101_at,0.06964244
242011_at,0.06964116
232588_at,0.06963791
217257_at,0.069637254
207419_s_at,0.069634795
239605_x_at,0.069629855
200785_s_at,0.06962894
1556381_at,0.06962602
216594_x_at,0.069625124
208091_s_at,0.06962031
1563088_a_at,0.06961088
1569478_s_at,0.06961021
204494_s_at,0.069602296
231130_at,0.06960051
204501_at,0.06959522
1557701_s_at,0.06959048
237239_at,0.06958908
1553215_s_at,0.069585696
208583_x_at,0.069580734
244751_at,0.06957433
238907_at,0.06956596
204285_s_at,0.06956446
231228_at,0.069564186
214033_at,0.06956375
203627_at,0.06956102
225114_at,0.06955592
207285_x_at,0.06955364
228885_at,0.069551915
243281_at,0.06955139
209176_at,0.06954969
230607_at,0.06954831
212715_s_at,0.06954193
219922_s_at,0.06954053
243932_at,0.069540456
1565894_at,0.06953959
220879_at,0.069538064
225847_at,0.06953393
205354_at,0.06953338
204068_at,0.069528356
223549_s_at,0.069528185
1568929_at,0.06952757
242075_at,0.06952685
236852_at,0.06952375
226641_at,0.0695236
242329_at,0.06952157
201333_s_at,0.069521025
1552760_at,0.06952072
225510_at,0.069517106
1554834_a_at,0.06951594
240027_at,0.069515616
216375_s_at,0.06951444
1564121_at,0.069508895
216035_x_at,0.06950751
244568_at,0.06950733
205270_s_at,0.069505155
218981_at,0.069499
210432_s_at,0.069476806
232417_x_at,0.069475666
224128_at,0.06947288
231340_at,0.06946902
237318_at,0.06946262
218081_at,0.06946182
221143_at,0.06945968
233742_at,0.06945346
1560371_at,0.06944591
1555185_x_at,0.06944485
216841_s_at,0.06944424
243554_at,0.0694436
239561_at,0.06944117
228424_at,0.069439024
1569796_s_at,0.069434464
212769_at,0.06943238
227034_at,0.06943102
1569940_at,0.069425434
244331_at,0.06942481
242414_at,0.06942041
1562527_at,0.06941831
224444_s_at,0.069413036
202687_s_at,0.069407895
1562053_at,0.06940575
222068_s_at,0.06939913
226129_at,0.06938404
219327_s_at,0.06938356
230387_at,0.06938025
210222_s_at,0.06937664
243537_at,0.06937425
232024_at,0.06937009
219592_at,0.06936551
211067_s_at,0.069364995
1556865_at,0.069362044
1569664_at,0.06936115
213010_at,0.06935692
212074_at,0.06935471
235239_at,0.06935048
207704_s_at,0.069344416
235905_at,0.06933885
1552677_a_at,0.06932318
237060_at,0.06932186
229659_s_at,0.06932176
235889_at,0.06931987
223246_s_at,0.069318414
202465_at,0.06931807
202620_s_at,0.069317676
243206_at,0.069316104
1567107_s_at,0.06931472
233490_at,0.06931168
205988_at,0.06930834
232774_x_at,0.069305815
225333_at,0.06930476
215318_at,0.069302075
240090_at,0.06930094
1552474_a_at,0.06929448
205158_at,0.06929396
205728_at,0.069286555
243431_at,0.06928412
244480_at,0.06928352
228388_at,0.06928207
244332_at,0.06927382
241659_at,0.069272086
235168_at,0.06926863
231393_x_at,0.0692655
1554036_at,0.069260836
222054_at,0.06925404
241826_x_at,0.06925264
235570_at,0.06923114
231181_at,0.06922698
244706_at,0.06922657
229789_at,0.069221504
238790_at,0.06921919
222557_at,0.0692102
203072_at,0.0692083
239185_at,0.069205984
1562904_s_at,0.0691949
238887_at,0.069191985
221530_s_at,0.06918762
227273_at,0.06918737
217627_at,0.06918213
229645_at,0.069178626
212272_at,0.06917808
236931_at,0.069170326
207173_x_at,0.069169804
1557754_at,0.069169745
226246_at,0.06916944
225685_at,0.06916803
209387_s_at,0.06916708
1568830_at,0.06916705
214682_at,0.06916122
218184_at,0.069153845
227867_at,0.06915204
212390_at,0.069146164
205228_at,0.06914593
204225_at,0.0691452
238106_at,0.06914327
205932_s_at,0.06914152
223795_at,0.06914139
201614_s_at,0.06913507
208248_x_at,0.069134355
210495_x_at,0.06912645
219168_s_at,0.06912437
230315_at,0.06912122
242477_at,0.06912016
1560916_a_at,0.06911934
227609_at,0.0691112
202517_at,0.06910579
212771_at,0.06910506
235213_at,0.0691033
244592_at,0.06910278
218829_s_at,0.069101095
244813_at,0.06909694
243089_at,0.06909117
238726_at,0.069090426
201393_s_at,0.06908734
243156_at,0.06907908
223129_x_at,0.06907782
225539_at,0.069075674
225615_at,0.06906484
216278_at,0.06906268
208527_x_at,0.06905788
219082_at,0.06905788
239659_at,0.06905424
227004_at,0.06905122
239780_at,0.06904871
212282_at,0.06904785
217223_s_at,0.06904769
204078_at,0.069043875
223245_at,0.069037765
1555614_at,0.069037125
206724_at,0.06903568
233376_at,0.06903294
209799_at,0.06903276
1563452_at,0.06903103
201663_s_at,0.06903052
232693_s_at,0.06902827
224739_at,0.06902391
1562938_at,0.06902033
214721_x_at,0.069018915
1563468_at,0.06901834
201362_at,0.069017395
1559410_at,0.06901259
243835_at,0.0690074
212728_at,0.06900425
1557430_at,0.069003396
241425_at,0.06900263
241885_at,0.06900104
210692_s_at,0.0690009
208178_x_at,0.068999425
219752_at,0.06899093
231112_at,0.06899074
219695_at,0.068987384
224829_at,0.06898683
1559297_at,0.06897472
236691_at,0.068963625
207962_at,0.068962336
243718_at,0.06895992
45288_at,0.06895636
243735_at,0.068948284
213348_at,0.0689476
215558_at,0.06894669
241610_x_at,0.06894031
213413_at,0.06893876
1554774_at,0.06893772
214714_at,0.06893769
217949_s_at,0.068933055
227446_s_at,0.06893088
215437_x_at,0.068929635
235523_at,0.06892653
1554126_at,0.0689248
242518_at,0.06891942
216417_x_at,0.068919286
242299_at,0.068907626
228540_at,0.06890352
227309_at,0.06890342
237849_at,0.06890209
219799_s_at,0.0689019
203749_s_at,0.06890057
202532_s_at,0.0688982
204418_x_at,0.06889787
240134_at,0.06889455
1555616_at,0.068880856
209785_s_at,0.06888072
242586_at,0.068879865
1555513_at,0.06887606
219390_at,0.0688754
239041_at,0.06887265
230453_s_at,0.068872266
219704_at,0.06886904
203104_at,0.06886876
240318_at,0.068865374
243372_at,0.06885681
232827_at,0.06885089
213812_s_at,0.06884961
207634_at,0.06884759
223751_x_at,0.068844154
242957_at,0.068839446
243739_at,0.06883898
226360_at,0.0688379
240927_at,0.06883715
1559989_at,0.068836294
224796_at,0.06883556
201850_at,0.06883493
1563398_at,0.068834394
218242_s_at,0.06883301
239661_at,0.06883122
205412_at,0.06882894
240180_at,0.068826
1561966_at,0.068825684
226230_at,0.068822116
231310_at,0.06881932
203946_s_at,0.068819225
212960_at,0.068816945
1564796_at,0.0688139
242679_at,0.06881294
222509_s_at,0.06881067
213572_s_at,0.068810165
1557626_at,0.06880991
205312_at,0.06880854
1556607_at,0.068805225
240339_at,0.06880039
239234_at,0.068795756
201964_at,0.06878704
229972_at,0.06878631
233073_at,0.06878226
242600_at,0.06878176
202107_s_at,0.068781435
239632_at,0.06878136
228450_at,0.068779066
214643_x_at,0.06877507
204554_at,0.06877212
207667_s_at,0.06876895
1569153_at,0.068760455
213665_at,0.06875669
224828_at,0.068752736
217024_x_at,0.068751566
202235_at,0.06874989
243222_at,0.06874852
223534_s_at,0.06874413
232715_at,0.06874094
225123_at,0.06874038
230653_at,0.06873889
219123_at,0.06873819
217656_at,0.06873345
204086_at,0.068731025
232794_at,0.068730526
232303_at,0.06872222
216250_s_at,0.06871992
232414_at,0.068716735
1569003_at,0.06870784
203385_at,0.06870748
221866_at,0.068703786
242206_at,0.0687028
218824_at,0.06870125
204613_at,0.06869966
240174_at,0.06869699
37028_at,0.06869617
242486_at,0.068696134
227733_at,0.0686944
235643_at,0.06869413
244492_at,0.06869371
202080_s_at,0.06869155
240103_at,0.06869086
208293_x_at,0.06868515
226407_at,0.068682864
203005_at,0.068682045
1556253_s_at,0.068681784
241508_at,0.06868075
229902_at,0.06867673
204886_at,0.06867023
1558220_at,0.068665884
230555_s_at,0.068659775
227525_at,0.068659395
219703_at,0.06865807
226279_at,0.0686569
234350_at,0.06865552
233677_at,0.06865533
204149_s_at,0.06865043
217678_at,0.06864321
207284_s_at,0.06864279
226382_at,0.06863937
1565830_at,0.06863775
1556055_at,0.068637356
211605_s_at,0.06863516
244000_at,0.06863302
202431_s_at,0.06862953
206919_at,0.06862831
214913_at,0.068628296
228790_at,0.06862417
207022_s_at,0.06862229
222062_at,0.06862229
219663_s_at,0.06862189
237317_at,0.06861925
226478_at,0.068618596
243090_at,0.06861533
212400_at,0.06861436
240057_at,0.06861178
203767_s_at,0.06861049
201289_at,0.06861018
219038_at,0.068594866
242752_at,0.06859076
239893_at,0.0685886
221552_at,0.06858855
229045_at,0.068586424
236597_at,0.06858507
242571_at,0.06858479
236617_at,0.06858356
223583_at,0.06858304
212124_at,0.0685806
1556402_at,0.068578586
221840_at,0.06857741
244623_at,0.06857599
241343_at,0.068574645
211368_s_at,0.068573296
235028_at,0.06857321
229333_at,0.06856179
207979_s_at,0.06855956
232392_at,0.068558514
231219_at,0.0685507
202983_at,0.068546414
209470_s_at,0.068541914
221425_s_at,0.06853941
209138_x_at,0.06853908
1562250_at,0.068538375
225322_s_at,0.06853314
235925_at,0.068532154
243880_at,0.06852989
208971_at,0.06852341
203554_x_at,0.06852266
238851_at,0.06851991
228315_at,0.068519756
235732_at,0.068517804
1559420_x_at,0.06851362
233468_at,0.068513386
1570352_at,0.06850526
242288_s_at,0.0685042
244027_at,0.06850372
219488_at,0.068498194
203192_at,0.06849295
1556498_at,0.06849244
1558836_at,0.06848855
215392_at,0.068478525
211914_x_at,0.06847793
230456_at,0.06847469
210484_s_at,0.06847435
218820_at,0.06846942
243016_at,0.06846538
226412_at,0.06845999
204277_s_at,0.06845985
232094_at,0.06845523
225659_at,0.06845285
211964_at,0.068448395
226017_at,0.068448275
230610_at,0.06844827
240768_x_at,0.06844224
222863_at,0.06844158
218646_at,0.06843826
233712_at,0.0684377
214240_at,0.068437696
204958_at,0.06843263
219869_s_at,0.06843136
1566403_at,0.06843135
37966_at,0.0684291
225946_at,0.068425655
232865_at,0.068420246
243543_at,0.068419024
218927_s_at,0.068417475
228903_at,0.06841507
226909_at,0.06841326
235720_at,0.06840451
201037_at,0.06840131
1557289_s_at,0.06839024
219201_s_at,0.06838943
201403_s_at,0.06838584
212281_s_at,0.06838104
207433_at,0.068375126
229894_s_at,0.06837352
213709_at,0.068372406
205398_s_at,0.0683724
204874_x_at,0.06837099
228840_at,0.06837036
1560995_s_at,0.06836969
216360_x_at,0.06836933
1553639_a_at,0.0683654
236475_at,0.06836532
1562163_at,0.06835607
1554273_a_at,0.06835595
216942_s_at,0.068353206
224441_s_at,0.06835243
214365_at,0.0683484
212374_at,0.06834468
214891_at,0.06834464
238729_x_at,0.06833787
239762_at,0.06833139
1556593_s_at,0.06832932
219510_at,0.06832807
211959_at,0.06832737
212672_at,0.06832668
222156_x_at,0.06832151
241444_at,0.06832136
209706_at,0.06831766
226585_at,0.06831437
1570415_at,0.068312995
1564568_at,0.068311356
215977_x_at,0.068309814
222234_s_at,0.06830648
1554280_a_at,0.068304926
220144_s_at,0.06830485
226725_at,0.06830338
1569608_x_at,0.0683019
219901_at,0.06830158
229499_at,0.06830133
242738_s_at,0.06830119
206822_s_at,0.06829803
222057_at,0.06829287
225619_at,0.068291605
217208_s_at,0.06829105
229574_at,0.068288416
239853_at,0.06828502
222336_at,0.068283394
230166_at,0.06828031
241495_at,0.068274975
229822_at,0.06827442
1555931_at,0.06827385
1552828_at,0.068272516
218699_at,0.06827089
233241_at,0.068270214
235335_at,0.06826992
210384_at,0.06826759
1552552_s_at,0.06826551
202124_s_at,0.06826237
239232_at,0.068258986
239809_at,0.06825866
227135_at,0.068258315
221845_s_at,0.0682562
212765_at,0.06825158
215834_x_at,0.06824792
234924_s_at,0.06824018
1556589_at,0.06822772
225348_at,0.068225116
206584_at,0.06822437
224962_at,0.06822343
244846_at,0.06822323
225496_s_at,0.06822209
214860_at,0.06822205
1570425_s_at,0.06821954
229156_s_at,0.06821518
206134_at,0.068213396
243831_at,0.06821248
237440_at,0.06821179
220466_at,0.06821109
1560797_s_at,0.068210915
223487_x_at,0.06820986
243675_at,0.06820747
234609_at,0.06820467
215346_at,0.06820302
232535_at,0.0681984
239730_at,0.06819436
220020_at,0.06819413
220728_at,0.068192154
221529_s_at,0.06818901
1556172_at,0.06818775
226840_at,0.06818654
243316_x_at,0.068185054
218979_at,0.06817888
208634_s_at,0.06817636
205712_at,0.068176284
236561_at,0.06817344
1558135_at,0.06816931
213126_at,0.06816721
208442_s_at,0.0681622
1569362_at,0.06815965
239167_at,0.06815873
244382_at,0.068156265
223126_s_at,0.0681558
232236_at,0.068154454
223449_at,0.06815435
229187_at,0.068150595
1570336_at,0.06815046
1558957_s_at,0.06814943
216829_at,0.068149194
1558345_a_at,0.068148255
244619_at,0.06814583
216901_s_at,0.06814557
209144_s_at,0.068144985
227223_at,0.068143785
240297_at,0.068143114
209122_at,0.068142176
235023_at,0.06813657
225113_at,0.068135485
230551_at,0.06813507
228597_at,0.06812391
204817_at,0.06812069
1559188_x_at,0.06811879
201750_s_at,0.06811875
243181_at,0.06811602
229850_at,0.068114966
214740_at,0.06811372
235178_x_at,0.06811352
1563456_at,0.06811269
218638_s_at,0.06811038
231399_at,0.068105
242170_at,0.068102084
209244_s_at,0.06810128
220469_at,0.0680975
33767_at,0.068091586
203971_at,0.06808984
237759_at,0.068082206
209859_at,0.068075985
240594_at,0.068072334
217211_at,0.06807233
208523_x_at,0.068069994
228923_at,0.06806892
224342_x_at,0.068065256
243048_at,0.06806275
219386_s_at,0.06806132
1562650_at,0.06805836
235454_at,0.06805493
236764_at,0.06804986
202894_at,0.06804846
201235_s_at,0.068046436
220576_at,0.06804599
223314_at,0.06804024
228674_s_at,0.06803997
244126_at,0.0680387
236751_at,0.068027735
207068_at,0.068027586
213437_at,0.06802693
204137_at,0.06802653
205127_at,0.06802572
243127_x_at,0.06802531
217010_s_at,0.06802501
241932_at,0.06802436
1566720_at,0.06802133
1555317_at,0.06801827
201287_s_at,0.06801656
236432_at,0.06801653
200895_s_at,0.06801544
217633_at,0.068014264
210260_s_at,0.06801304
229327_s_at,0.0680061
210776_x_at,0.0680047
242489_at,0.068002835
204451_at,0.06799683
238535_at,0.067996785
236590_at,0.06799578
228054_at,0.06799553
209552_at,0.06799381
204779_s_at,0.06799376
240355_at,0.06799203
1560512_at,0.06798531
202053_s_at,0.06798467
228027_at,0.067982465
239885_at,0.06798225
239922_at,0.06797798
243589_at,0.0679768
240538_at,0.067975864
208965_s_at,0.06797364
227015_at,0.06796857
238787_at,0.0679677
206576_s_at,0.06796666
212624_s_at,0.06796517
233297_s_at,0.067964464
217599_s_at,0.067951374
204243_at,0.06795105
211182_x_at,0.06794569
206594_at,0.067944095
201474_s_at,0.06794231
216228_s_at,0.06794063
220179_at,0.06793859
241462_at,0.06793603
215757_at,0.06793319
214195_at,0.06793238
229820_at,0.067924276
232615_at,0.067923576
237035_at,0.06791543
239725_at,0.06791347
210872_x_at,0.067911625
215076_s_at,0.067910925
236907_at,0.06790981
232462_s_at,0.06790693
1556127_at,0.067906626
221794_at,0.06790541
1558842_at,0.06790359
241393_at,0.06790292
240991_at,0.06789692
229564_at,0.06789343
235479_at,0.067892
203130_s_at,0.06788924
236355_s_at,0.06788169
231775_at,0.06788045
232903_at,0.067869745
1563080_at,0.067867026
208951_at,0.067865856
219058_x_at,0.06785925
205393_s_at,0.067858696
1562249_at,0.067858234
220773_s_at,0.06785704
1552327_at,0.06785209
221895_at,0.06785041
226597_at,0.06784877
231013_at,0.06784381
244160_at,0.067841426
219566_at,0.06783986
238933_at,0.067839675
244165_at,0.0678381
1556066_at,0.067837164
232315_at,0.06783526
237299_at,0.06783405
215087_at,0.06782819
206951_at,0.067826584
235512_at,0.06782375
238638_at,0.06782365
219057_at,0.06781863
237398_at,0.06781858
240131_at,0.06781769
223019_at,0.06781721
1557685_at,0.06781363
231934_at,0.06781049
219657_s_at,0.06780891
241693_at,0.06780786
1553657_at,0.06779467
203999_at,0.067790076
207738_s_at,0.0677892
224049_at,0.06778875
203282_at,0.06778869
235922_at,0.06778704
216166_at,0.067782134
224817_at,0.067778274
207571_x_at,0.06777537
1558002_at,0.06777525
213638_at,0.067773744
1568796_at,0.06777007
221676_s_at,0.06776258
1570225_at,0.0677588
210563_x_at,0.06775758
239026_x_at,0.06775743
216299_s_at,0.067754984
210839_s_at,0.06774989
208964_s_at,0.06773421
242010_at,0.067725256
1554099_a_at,0.06772475
214786_at,0.06771971
204972_at,0.06771612
215147_at,0.067712635
210935_s_at,0.067708105
232555_at,0.0677023
201858_s_at,0.06770179
202625_at,0.0677008
228033_at,0.06769943
204318_s_at,0.06769879
1559530_at,0.067697614
231698_at,0.06769368
216894_x_at,0.06769265
228634_s_at,0.06768838
228643_at,0.06768593
224827_at,0.06768189
239397_at,0.06768066
209645_s_at,0.067679845
1570571_at,0.06767886
220648_at,0.06767796
218854_at,0.06767616
239850_at,0.0676738
1554661_s_at,0.06767298
225668_at,0.06767181
233884_at,0.067670986
242577_at,0.06766998
226771_at,0.06766896
231828_at,0.06766668
206335_at,0.067665935
240173_at,0.067664176
208992_s_at,0.06766309
218637_at,0.06766237
229656_s_at,0.06766225
221981_s_at,0.06765777
222217_s_at,0.06765716
1557657_a_at,0.06765611
229534_at,0.067654364
225779_at,0.06764988
229974_at,0.06764938
229532_at,0.067642204
215777_at,0.067630075
1558338_at,0.06762933
239005_at,0.06762515
1552316_a_at,0.06762512
244395_at,0.06761783
231015_at,0.06761655
1555439_at,0.06761259
217520_x_at,0.06760456
244208_at,0.06760222
238987_at,0.0676022
239169_at,0.06760064
1556467_at,0.06759918
228645_at,0.06759074
208917_x_at,0.067589074
215027_at,0.06758611
1556560_a_at,0.06758471
227175_at,0.067584544
214160_at,0.06758411
224799_at,0.06757886
235660_at,0.067576684
211419_s_at,0.067575954
222315_at,0.06757456
1554108_at,0.06756957
242734_x_at,0.06756769
205141_at,0.06755908
227943_at,0.067554474
213457_at,0.06754902
233231_at,0.06754887
238127_at,0.06754854
242438_at,0.067544445
227155_at,0.06754325
215375_x_at,0.06751379
1552335_at,0.067512885
1565762_at,0.06751032
203710_at,0.06750971
209447_at,0.06750414
239018_at,0.06750398
242476_at,0.067501724
209857_s_at,0.06750099
204745_x_at,0.06749958
1566243_at,0.06749913
241356_at,0.06749267
210537_s_at,0.06749249
1570507_at,0.067491785
236698_at,0.06748916
235719_at,0.06748752
1568702_a_at,0.06748594
1560028_at,0.06748578
1554068_s_at,0.06748484
238229_at,0.0674838
214997_at,0.06746724
229139_at,0.06746717
235847_at,0.06746116
225337_at,0.06745994
244702_at,0.067459255
225997_at,0.06745911
244418_at,0.06745444
241402_at,0.067451246
224693_at,0.06744847
210201_x_at,0.06744403
202661_at,0.06743889
236073_at,0.06743741
226326_at,0.06743565
202756_s_at,0.067433804
244612_at,0.06742783
232421_at,0.067427605
230834_at,0.06742443
243598_at,0.06742425
1557811_a_at,0.067419276
236500_at,0.06741744
219911_s_at,0.06741549
209810_at,0.067415185
1555358_a_at,0.06741212
242774_at,0.06741059
215612_at,0.06740942
222385_x_at,0.06740935
241494_at,0.06740815
221035_s_at,0.06740565
242695_at,0.06740385
236419_at,0.06740256
1557993_at,0.06739831
232044_at,0.067391545
1559702_at,0.067391045
240126_x_at,0.067389786
237616_at,0.06738952
229625_at,0.0673863
1561595_x_at,0.0673847
214415_at,0.06738384
237187_at,0.06738236
237341_at,0.06738187
227152_at,0.067379475
207455_at,0.06737757
237460_x_at,0.06737448
1554701_a_at,0.06736661
230563_at,0.06736635
233530_at,0.06736634
211745_x_at,0.06736618
224579_at,0.067364156
239370_at,0.06735639
218964_at,0.06735557
221331_x_at,0.06735457
1560610_at,0.067353845
239539_at,0.06735125
239808_at,0.06734799
228310_at,0.06734714
238099_at,0.06734663
1565614_at,0.0673455
1556445_at,0.0673448
210978_s_at,0.06734383
240743_at,0.06734229
1555068_at,0.06734223
217894_at,0.0673354
213834_at,0.06733298
228253_at,0.067332596
236745_at,0.06733013
205056_s_at,0.06732762
212481_s_at,0.067326576
240613_at,0.06732604
210694_s_at,0.06731792
239186_at,0.067317665
1560928_at,0.06731462
205378_s_at,0.067314
238498_at,0.06731033
243352_at,0.06730522
207943_x_at,0.067302525
225018_at,0.06729892
1560443_at,0.06729746
235059_at,0.067297
225949_at,0.0672901
207431_s_at,0.067288384
242854_x_at,0.06728532
236608_at,0.06728013
223974_at,0.06727396
232635_at,0.06727217
210038_at,0.06726174
236782_at,0.067258835
210875_s_at,0.0672556
232599_at,0.06725535
211272_s_at,0.06725165
234411_x_at,0.067249045
239818_x_at,0.06724799
1557316_at,0.067243874
219518_s_at,0.067243606
213693_s_at,0.06724259
238378_at,0.06724246
237544_at,0.0672392
242512_at,0.06723833
207700_s_at,0.06723595
219651_at,0.06723138
213556_at,0.067228734
1552947_x_at,0.06722318
1561763_at,0.06721918
1557267_s_at,0.06721578
231846_at,0.067212075
229593_at,0.06721026
1558975_at,0.06720963
202669_s_at,0.06720889
228772_at,0.067208484
227928_at,0.06720799
230932_at,0.06720096
213259_s_at,0.06720056
238854_at,0.06719692
231270_at,0.067195356
242021_at,0.06719379
210630_s_at,0.06719209
219353_at,0.06718974
238733_at,0.067188606
1558750_a_at,0.067185655
244383_at,0.06718324
238766_at,0.06717445
220148_at,0.06717264
229954_at,0.0671691
205940_at,0.067166336
1564139_at,0.06716627
216056_at,0.06716576
225227_at,0.06716536
1570257_x_at,0.06716229
229889_at,0.06716078
208075_s_at,0.067158245
1557419_a_at,0.067156576
214797_s_at,0.06715549
226140_s_at,0.06715524
235044_at,0.067155026
243860_at,0.067154914
233467_s_at,0.06715408
237376_at,0.06715177
231978_at,0.067143515
218550_s_at,0.06713824
208077_at,0.06713458
242068_at,0.067128226
210787_s_at,0.06711968
1558937_s_at,0.06711793
225540_at,0.06711419
229570_at,0.06711372
230008_at,0.06710838
243827_at,0.06709877
1565975_at,0.06709297
224950_at,0.06708497
240178_at,0.06708489
217482_at,0.0670845
206960_at,0.06708245
201022_s_at,0.067079425
241371_at,0.06707567
237737_at,0.06707467
1563259_at,0.06707247
239756_at,0.0670702
1569609_at,0.06706999
229739_s_at,0.06706861
1559172_at,0.06706852
217119_s_at,0.067060046
216981_x_at,0.06705189
1570441_at,0.067051105
208779_x_at,0.06704472
209208_at,0.06704278
206883_x_at,0.06704222
214447_at,0.06704199
216379_x_at,0.067041695
209295_at,0.067038
1552399_a_at,0.067032665
226889_at,0.06702781
225922_at,0.067022264
208296_x_at,0.06701684
230774_at,0.06701347
1559587_at,0.06700757
220004_at,0.06700225
237247_at,0.06699948
232089_at,0.06699736
244087_at,0.06699647
200872_at,0.06699598
1561378_at,0.06698221
212842_x_at,0.06698015
89948_at,0.0669758
233479_at,0.06697205
242003_at,0.06697169
234644_x_at,0.06697066
221682_s_at,0.0669695
227514_at,0.06696725
232264_at,0.06696592
218741_at,0.066958666
204730_at,0.06695673
219044_at,0.06695614
239215_at,0.06695461
216585_at,0.06695299
207992_s_at,0.066952914
1554650_a_at,0.06695162
230590_at,0.06694688
230494_at,0.06694652
239581_at,0.06694229
244022_at,0.066938795
1559705_s_at,0.06693618
1569502_s_at,0.066934444
206503_x_at,0.06693351
238159_at,0.06693115
205668_at,0.06692541
205118_at,0.06691711
239406_at,0.0669149
1554413_s_at,0.066914886
238497_at,0.06691481
215923_s_at,0.06691371
238642_at,0.06689873
225768_at,0.06689742
239600_at,0.06689513
231938_at,0.06689359
205518_s_at,0.06689277
242901_at,0.066892385
218966_at,0.066889435
224694_at,0.06687629
242019_at,0.06687243
200952_s_at,0.066867545
236083_at,0.06686708
222750_s_at,0.066861585
209976_s_at,0.06685963
213517_at,0.066856295
222036_s_at,0.06685066
243624_at,0.066850044
240454_at,0.06684528
1569065_s_at,0.06684252
1554660_a_at,0.066841274
1568853_at,0.06684062
209568_s_at,0.0668402
232333_at,0.06683478
213553_x_at,0.06683469
239429_at,0.06682856
228974_at,0.06681666
201802_at,0.066813946
1553728_at,0.066812426
224301_x_at,0.06681241
1564691_at,0.066805914
222651_s_at,0.06680195
232862_at,0.066799276
219563_at,0.06679058
221000_s_at,0.06678957
216033_s_at,0.06678876
214920_at,0.0667807
219919_s_at,0.066775784
235913_at,0.066766575
1561136_at,0.06676344
205057_s_at,0.06676254
227350_at,0.06675969
228527_s_at,0.06675545
209570_s_at,0.06675263
228542_at,0.06675019
242929_at,0.06674984
226019_at,0.06674826
240759_at,0.066746876
226435_at,0.06674256
218045_x_at,0.06673993
231941_s_at,0.06673661
214156_at,0.06673598
210869_s_at,0.06673509
208690_s_at,0.06673324
217360_x_at,0.06673077
209506_s_at,0.06672858
243417_at,0.0667243
238559_at,0.066721104
234725_s_at,0.06671476
236723_at,0.06671476
207194_s_at,0.066712946
236265_at,0.06670955
231708_at,0.06670487
200984_s_at,0.066704005
224560_at,0.06670393
240078_at,0.06670133
227054_at,0.0666976
206512_at,0.066693775
1553186_x_at,0.06668559
235593_at,0.0666852
204944_at,0.06668483
220285_at,0.06668438
214974_x_at,0.06668228
244791_at,0.06668207
213479_at,0.06668097
222491_at,0.06667118
234474_x_at,0.06666414
203589_s_at,0.066663906
239574_at,0.06666235
224580_at,0.06665765
232014_at,0.06665725
204217_s_at,0.06665078
229097_at,0.06665051
213508_at,0.066644415
205569_at,0.06664303
237538_at,0.066640094
228485_s_at,0.066640034
231548_at,0.06663647
222646_s_at,0.066635415
230789_at,0.06663412
230866_at,0.066633254
206762_at,0.06663063
237778_at,0.0666267
226899_at,0.066624835
224856_at,0.066624075
210824_at,0.06662282
208115_x_at,0.066621214
219000_s_at,0.066619456
1557051_s_at,0.066618964
1553407_at,0.06661878
213280_at,0.06661375
206873_at,0.06661104
209365_s_at,0.06661023
221496_s_at,0.066607475
239288_at,0.06660398
219075_at,0.06660202
222914_s_at,0.06660138
230633_at,0.06659712
1557575_at,0.06659497
203321_s_at,0.06659345
1563792_at,0.06658859
244356_at,0.06658785
1559018_at,0.066584855
233351_at,0.0665841
226022_at,0.066578165
233360_at,0.0665773
207076_s_at,0.066574916
234675_x_at,0.06656629
1554015_a_at,0.06654844
243398_at,0.06654471
1566798_at,0.066543184
203896_s_at,0.06653947
218066_at,0.06653565
1559139_at,0.06653364
227020_at,0.06653249
240581_at,0.06652981
219740_at,0.06652761
241840_at,0.066523656
234033_at,0.06652333
1562713_a_at,0.06652166
234897_s_at,0.06651592
235497_at,0.06651242
217998_at,0.066508904
240875_at,0.066508204
208923_at,0.06650439
228584_at,0.066503085
212974_at,0.066496864
226388_at,0.06649062
229589_x_at,0.06648801
201431_s_at,0.066486634
226565_at,0.06648661
225036_at,0.06648463
242876_at,0.06647989
214613_at,0.0664773
236210_at,0.066473484
236926_at,0.06647161
235439_at,0.066471264
242007_at,0.06646983
1556732_at,0.06646553
226959_at,0.06645608
1561708_at,0.06645354
216297_at,0.06645163
1563708_at,0.06644796
212215_at,0.066447064
240014_at,0.06644546
231146_at,0.06644288
238992_at,0.06644121
241205_at,0.06643619
212632_at,0.06643169
227210_at,0.066431135
212646_at,0.06642863
226175_at,0.06642559
1556051_a_at,0.066425085
225020_at,0.06642145
225513_at,0.06642008
221455_s_at,0.06641978
226985_at,0.06641445
1564238_a_at,0.06641416
242318_at,0.06640819
64900_at,0.06640496
238024_at,0.06640424
206313_at,0.06640398
204820_s_at,0.06640008
205402_x_at,0.06639951
227963_at,0.06639866
218800_at,0.0663948
214823_at,0.06639478
226313_at,0.066394076
1568866_at,0.066393204
227103_s_at,0.0663921
206917_at,0.06639166
203017_s_at,0.06638716
216511_s_at,0.0663839
215639_at,0.06638158
1565601_at,0.06637953
225484_at,0.066378444
203895_at,0.06637348
241938_at,0.06637086
239091_at,0.06637068
214463_x_at,0.06637029
1557278_s_at,0.06636748
209695_at,0.06636697
238937_at,0.06636555
231891_at,0.06636382
220474_at,0.066363126
243855_at,0.066360906
239135_at,0.066355005
242245_at,0.066353604
1554114_s_at,0.06635241
239795_at,0.06635237
240544_at,0.06635182
215527_at,0.06634841
236453_at,0.06634825
203311_s_at,0.066347
240124_at,0.06634456
205565_s_at,0.06634259
224198_at,0.06634086
217141_at,0.06633876
243435_at,0.06633875
201790_s_at,0.0663373
231173_at,0.066336505
231779_at,0.066335365
1557309_at,0.06633436
201251_at,0.06633356
240903_at,0.066330686
237482_s_at,0.06633064
216549_s_at,0.06632991
242082_at,0.066329405
244074_at,0.06632668
239975_at,0.0663228
213444_at,0.06631799
219487_at,0.066315085
206404_at,0.06631301
229538_s_at,0.06630674
235674_at,0.06630185
203853_s_at,0.06629521
222511_x_at,0.066293105
221223_x_at,0.0662929
222727_s_at,0.066286966
1554703_at,0.06628023
234572_at,0.06627853
222816_s_at,0.06626834
1570432_at,0.066267006
210954_s_at,0.066262454
233154_at,0.06625917
224024_at,0.06625633
236595_at,0.06625295
222501_s_at,0.066252634
208492_at,0.06624642
205802_at,0.066245124
207232_s_at,0.066244304
244607_at,0.06624111
201551_s_at,0.066237316
241242_at,0.06623453
217649_at,0.06623322
210676_x_at,0.0662301
1557852_at,0.06622985
236930_at,0.06622864
231099_at,0.06622854
204894_s_at,0.06622771
206753_at,0.06622716
230440_at,0.06622666
219646_at,0.06622559
205708_s_at,0.06622106
202192_s_at,0.06622076
222937_s_at,0.06622009
206245_s_at,0.06621915
225906_at,0.06621775
1558698_at,0.06621145
203666_at,0.06620352
1554849_at,0.066203095
219076_s_at,0.06619841
230678_at,0.06619692
238149_at,0.066196024
214856_at,0.06619549
216170_at,0.066194445
1569377_at,0.06619266
52975_at,0.06619011
220064_at,0.066187605
202940_at,0.066186145
206605_at,0.0661861
1559452_a_at,0.066183485
219788_at,0.06618187
204862_s_at,0.066181496
242999_at,0.066177696
215212_at,0.066177696
235738_at,0.06617673
211410_x_at,0.066176064
1561158_at,0.06617568
226389_s_at,0.06617512
237718_at,0.06617433
227645_at,0.06617358
34697_at,0.06616512
234023_s_at,0.066164725
210100_s_at,0.06616245
235607_at,0.06615643
209014_at,0.066155314
228685_at,0.06615518
219609_at,0.06615516
232424_at,0.0661546
206492_at,0.06614976
243082_at,0.06614855
1569773_at,0.06614595
213238_at,0.06614572
235735_at,0.0661453
232824_at,0.06614458
208154_at,0.06614231
233265_at,0.06614229
211822_s_at,0.0661397
211925_s_at,0.06613449
242908_x_at,0.06613314
223305_at,0.066131696
216197_at,0.06612812
212859_x_at,0.066127986
213113_s_at,0.066126525
242146_at,0.066125125
224675_at,0.06612471
242450_at,0.06612269
236496_at,0.06612168
1559062_at,0.06612073
1558920_at,0.0661118
232632_at,0.06611052
207717_s_at,0.06610757
242558_at,0.06610468
223087_at,0.06610164
221049_s_at,0.066096276
229262_at,0.0660951
211363_s_at,0.06609398
220198_s_at,0.06608778
1559091_s_at,0.06608714
233085_s_at,0.06608674
235359_at,0.06608629
219002_at,0.066084206
1569578_at,0.066079855
223456_s_at,0.06607689
1553046_s_at,0.06607553
242043_s_at,0.06606449
237145_at,0.0660611
239562_at,0.06605555
226914_at,0.06605515
242731_x_at,0.06604716
236621_at,0.06604619
209606_at,0.06604579
243813_at,0.06604444
1557113_at,0.06604318
232678_at,0.06604068
227224_at,0.066039965
1569004_at,0.066036634
214409_at,0.06603503
227804_at,0.06603361
206222_at,0.06603
202147_s_at,0.06602907
204648_at,0.06602663
202917_s_at,0.06602639
209598_at,0.066026375
1561599_at,0.06602307
214430_at,0.06601995
224156_x_at,0.06601672
202946_s_at,0.066013515
213746_s_at,0.06601271
224911_s_at,0.06601213
226869_at,0.06600784
1563553_at,0.0659963
210176_at,0.06599252
230999_at,0.06599021
228398_at,0.06599014
1560556_a_at,0.06598881
243961_at,0.06598761
235157_at,0.0659868
205510_s_at,0.06598614
201577_at,0.06598428
243981_at,0.06598085
226918_at,0.065977894
223797_at,0.06597754
226978_at,0.06597109
222320_at,0.06596948
1561882_at,0.06596801
232239_at,0.065964356
224193_s_at,0.065962344
206176_at,0.06596127
226095_s_at,0.06595953
224460_s_at,0.06595701
243399_at,0.06595492
227306_at,0.065954745
217598_at,0.06595195
243797_at,0.065951526
225786_at,0.065950274
208273_at,0.06594986
224559_at,0.06594847
1564776_at,0.0659412
215554_at,0.06593779
229910_at,0.06593503
242485_at,0.06593447
244158_at,0.06593414
220085_at,0.06593302
238355_at,0.0659298
230913_at,0.06592929
239060_at,0.0659273
244616_x_at,0.06592527
212464_s_at,0.06592434
203706_s_at,0.06592047
217431_x_at,0.0659193
1569098_s_at,0.06591827
205839_s_at,0.06591761
233089_at,0.06591524
209123_at,0.06591438
204768_s_at,0.065911174
1559524_at,0.06590751
201565_s_at,0.06590593
202238_s_at,0.065899506
207236_at,0.06589751
227082_at,0.065893754
208712_at,0.06589125
222798_at,0.06588948
1558392_at,0.06588664
229537_at,0.06588568
244394_at,0.06588474
243386_at,0.06588313
207057_at,0.065882534
220558_x_at,0.06588149
212793_at,0.065866224
242144_at,0.06586222
218693_at,0.06586115
1552651_a_at,0.06585809
236370_at,0.06585349
225651_at,0.0658527
204292_x_at,0.06585126
235123_at,0.06584361
225140_at,0.06583843
1556425_a_at,0.065837294
217503_at,0.06583628
1566491_at,0.06582985
1556828_at,0.0658296
1560237_at,0.06582649
230481_at,0.06582611
232465_at,0.065825716
206123_at,0.06581922
1559060_a_at,0.065817356
227996_at,0.06581181
232538_at,0.0658108
242557_at,0.06580003
217516_x_at,0.06579929
239752_at,0.06579642
233141_s_at,0.06579222
231162_at,0.06579192
225954_s_at,0.06578794
209716_at,0.065782696
204624_at,0.06577534
227026_at,0.065771356
244252_at,0.06577085
238607_at,0.06576827
235851_s_at,0.06576587
208626_s_at,0.065763384
1565895_at,0.065763175
235308_at,0.06575683
225841_at,0.06575528
206303_s_at,0.0657486
232154_at,0.06574754
237554_at,0.06574337
236976_at,0.06574075
225828_at,0.065738924
1557534_at,0.0657374
225177_at,0.06573549
206057_x_at,0.065730006
1554462_a_at,0.06572619
220668_s_at,0.06572084
235787_at,0.06571974
1561481_at,0.06571245
236217_at,0.06570939
217591_at,0.065709084
240458_at,0.06570847
218831_s_at,0.06570828
242001_at,0.065708086
242809_at,0.0656974
242574_at,0.06569725
236527_at,0.06569722
239409_at,0.065695226
217974_at,0.06569235
1557248_at,0.06568233
237444_at,0.06568025
227341_at,0.065679654
224282_s_at,0.06567623
220658_s_at,0.0656756
211685_s_at,0.06567515
213008_at,0.06567383
233931_at,0.065671176
215143_at,0.06567086
235133_at,0.06567056
220967_s_at,0.06566692
236712_at,0.065661654
1558722_at,0.06566025
232234_at,0.0656582
227521_at,0.06565672
232613_at,0.06564565
217504_at,0.0656447
1557036_at,0.06564057
242927_at,0.06564009
243375_at,0.06563847
215236_s_at,0.06563598
202330_s_at,0.065632224
209448_at,0.065631196
227844_at,0.06562955
228345_at,0.065627396
242852_at,0.06562592
204679_at,0.0656256
229108_at,0.06561974
206569_at,0.06561903
233836_at,0.06560979
236427_at,0.06560832
230946_at,0.06560505
210965_x_at,0.0656047
207496_at,0.06560364
242665_at,0.06560145
207315_at,0.06560124
204783_at,0.06560016
229594_at,0.065599725
227417_at,0.0655988
223748_at,0.06559877
234954_at,0.0655967
231323_at,0.06559549
226700_at,0.06559439
227146_at,0.065592915
229793_at,0.06559208
1568832_a_at,0.06559089
201014_s_at,0.065590486
236098_at,0.0655895
1556159_at,0.06558938
225478_at,0.06558725
1569283_at,0.065582536
205255_x_at,0.06557891
233461_x_at,0.06557725
238999_at,0.06557522
231085_s_at,0.06557362
205848_at,0.0655714
213350_at,0.0655683
203504_s_at,0.065565184
222073_at,0.06556085
218176_at,0.06556037
229815_at,0.06555024
203313_s_at,0.06555018
1559455_at,0.06555016
213914_s_at,0.06554526
1554948_at,0.0655429
241219_at,0.0655333
244364_at,0.065531194
239833_at,0.06552935
235431_s_at,0.06552498
227842_at,0.06552405
239121_at,0.06552222
236364_at,0.06551955
227339_at,0.06551719
213503_x_at,0.06551409
230385_at,0.0655133
214329_x_at,0.06551169
230707_at,0.06551099
202226_s_at,0.065507084
242023_at,0.0655065
212921_at,0.06550257
219905_at,0.065499246
213237_at,0.065498844
225188_at,0.0654949
221956_at,0.06549454
1559025_at,0.065490834
229608_at,0.06548888
238654_at,0.065486774
1553055_a_at,0.065485016
229597_s_at,0.06548457
242439_s_at,0.06548126
233029_at,0.06548036
240066_at,0.06546734
233976_at,0.065465376
239559_at,0.065465316
237330_at,0.06546497
239690_at,0.06546255
239810_at,0.06546223
204792_s_at,0.06546221
241916_at,0.06546062
234186_at,0.06545286
211962_s_at,0.06545228
219417_s_at,0.06545108
1560332_at,0.06545094
61297_at,0.06544993
214209_s_at,0.06544924
213228_at,0.06544307
1561137_s_at,0.0654414
211305_x_at,0.065440714
209398_at,0.06543982
205766_at,0.065439425
219661_at,0.065437004
234362_s_at,0.06543649
239476_at,0.065436274
235052_at,0.065434754
227935_s_at,0.065434694
234165_at,0.065432094
206669_at,0.065430805
229071_at,0.065428406
213439_x_at,0.065426394
204262_s_at,0.06542264
240342_at,0.06542234
203968_s_at,0.06541857
238450_at,0.06541524
1554704_at,0.06541222
206269_at,0.06541084
208915_s_at,0.0654093
236380_at,0.06540843
229840_at,0.06540613
233254_x_at,0.06540467
1553706_at,0.06540449
216542_x_at,0.065403715
1568691_at,0.06540322
1560800_at,0.06540255
236019_at,0.06540087
236801_at,0.06539835
203238_s_at,0.06539588
1556111_s_at,0.06539521
240601_at,0.065390415
219851_at,0.065389596
224064_s_at,0.065384954
214555_at,0.065383196
205444_at,0.06538172
244033_at,0.06537767
230158_at,0.065375015
217596_at,0.06537196
1570371_a_at,0.06537188
200719_at,0.06537017
232823_at,0.06536751
1561893_at,0.065367326
243876_at,0.0653627
218456_at,0.065362036
241363_at,0.06536178
231403_at,0.06536077
231119_at,0.065351
231767_at,0.06534578
228262_at,0.06534077
204758_s_at,0.06533307
234737_at,0.0653312
208680_at,0.06532955
238131_at,0.06532811
235334_at,0.06532803
204127_at,0.065324396
231576_at,0.0653186
240466_at,0.06531849
215528_at,0.065317035
229117_s_at,0.065313496
231810_at,0.06530833
227571_at,0.06529637
215333_x_at,0.065291554
234140_s_at,0.06529069
215195_at,0.06529055
205372_at,0.06528858
1570299_at,0.06528811
211411_at,0.065287724
232935_at,0.0652825
227429_at,0.06528242
212334_at,0.0652816
236917_at,0.06527873
206831_s_at,0.06527574
204415_at,0.06527498
236484_at,0.06527432
236897_at,0.0652713
203058_s_at,0.06526968
225640_at,0.06525749
215037_s_at,0.065256074
238653_at,0.06525436
242358_at,0.06525388
204503_at,0.06525288
239208_s_at,0.06524576
223733_s_at,0.065244354
213713_s_at,0.06524396
1556304_s_at,0.06523877
223655_at,0.06523876
214094_at,0.06523626
233749_at,0.0652339
228069_at,0.065231815
205047_s_at,0.06522973
227632_at,0.06522611
244886_at,0.0652237
222923_s_at,0.065222695
232583_at,0.06522198
1560144_at,0.065221176
202119_s_at,0.065220594
213156_at,0.065220416
224176_s_at,0.065217644
202198_s_at,0.06521626
236619_at,0.06521587
235053_at,0.06521574
218094_s_at,0.065204024
236999_at,0.065202795
212298_at,0.06520264
231996_at,0.065202564
220129_at,0.06520189
235074_at,0.06519851
202928_s_at,0.06519106
225167_at,0.06518684
212174_at,0.06518555
237999_at,0.06518527
216139_s_at,0.06518465
219326_s_at,0.06518245
237586_at,0.065182194
221511_x_at,0.06518115
1566901_at,0.06517987
213497_at,0.065179735
224170_s_at,0.06517563
211824_x_at,0.06517102
243361_at,0.06516604
1554464_a_at,0.06516594
236585_at,0.06516512
206866_at,0.06516449
1556849_at,0.06516308
211744_s_at,0.06516293
231781_s_at,0.065162
205726_at,0.06516123
223816_at,0.06515975
232769_at,0.06515556
236177_s_at,0.06515523
223373_s_at,0.06515369
224722_at,0.065147564
203294_s_at,0.06514658
1556601_a_at,0.06514576
221625_at,0.06514321
201923_at,0.06513852
238357_at,0.06513789
233027_at,0.0651325
219549_s_at,0.06513092
239415_at,0.06512885
223553_s_at,0.065126956
215034_s_at,0.065126136
228964_at,0.065122366
208087_s_at,0.06512072
206312_at,0.065118715
239914_at,0.065116614
236253_at,0.06511533
1556090_at,0.06511297
206109_at,0.06510564
232311_at,0.06510295
1555292_at,0.06510162
222343_at,0.065099314
210230_at,0.0650979
218949_s_at,0.065095946
210597_x_at,0.065094136
241723_at,0.06508794
204433_s_at,0.065080956
51192_at,0.06507915
227014_at,0.065078974
1556471_at,0.06507635
208407_s_at,0.06507434
238076_at,0.06507179
210427_x_at,0.065068275
242965_at,0.06506574
213411_at,0.0650622
239871_at,0.06506122
228254_at,0.06506048
225989_at,0.06505811
211447_s_at,0.065057695
238217_at,0.065055594
204821_at,0.065050304
220208_at,0.06505016
230491_at,0.06504621
213725_x_at,0.06504583
237229_at,0.0650453
215955_x_at,0.06504525
219742_at,0.065042466
1565581_at,0.06504158
236994_at,0.06503226
1564907_s_at,0.06502535
232617_at,0.065022945
231198_at,0.06501784
214074_s_at,0.06501675
209287_s_at,0.06501317
243918_at,0.065011755
240156_at,0.065011196
1552258_at,0.06501065
223723_at,0.065007895
222671_s_at,0.06499925
220095_at,0.064994425
1559282_at,0.06499442
222013_x_at,0.06499323
216765_at,0.06498991
225827_at,0.06498554
208999_at,0.06498502
237083_at,0.06498257
235606_at,0.06498242
218614_at,0.06498164
223663_at,0.0649752
1554279_a_at,0.06496397
216350_s_at,0.064962685
242517_at,0.06495967
236435_at,0.06495623
1554479_a_at,0.064953774
228193_s_at,0.06495349
239179_at,0.064950004
1554062_at,0.06494948
212745_s_at,0.06494695
242248_at,0.06494448
226645_at,0.06494328
203612_at,0.0649396
219994_at,0.06493606
206210_s_at,0.06493479
1556658_a_at,0.06493287
210534_s_at,0.06491947
238911_at,0.06491858
240145_at,0.06491765
1558088_a_at,0.06491622
239229_at,0.06491576
241413_at,0.06491442
229750_at,0.06491141
1556542_a_at,0.06490928
236172_at,0.06490669
244290_at,0.06490418
216565_x_at,0.06490031
236372_at,0.064899825
233132_at,0.06489828
212225_at,0.06489766
209958_s_at,0.06489417
243655_x_at,0.06489359
222015_at,0.06489067
203022_at,0.06489064
1557581_x_at,0.06489004
222361_at,0.064888366
212096_s_at,0.064879775
217507_at,0.06487564
209737_at,0.064875245
223470_at,0.064871565
223825_at,0.064869165
1552388_at,0.064868495
242652_at,0.06486517
240833_at,0.06486139
216370_s_at,0.06485889
208555_x_at,0.06485848
220516_at,0.06485672
243063_at,0.06485622
214951_at,0.064853325
203359_s_at,0.06485292
244263_at,0.06485169
240194_at,0.06485123
234340_at,0.06484556
240121_x_at,0.0648455
243141_at,0.06484392
225831_at,0.0648419
235106_at,0.06484023
230188_at,0.06483935
209366_x_at,0.06483862
231924_at,0.064837724
231295_at,0.06483576
238604_at,0.06483573
1556429_a_at,0.06483537
215717_s_at,0.06483255
229167_at,0.06483169
214871_x_at,0.064831614
204189_at,0.06482568
244014_x_at,0.06482448
235275_at,0.06481714
236113_at,0.06481385
243680_at,0.06481345
203920_at,0.06480686
216898_s_at,0.06480405
1568763_s_at,0.0648036
227823_at,0.06480033
225191_at,0.06479962
239364_at,0.06479785
243539_at,0.064795926
1555923_a_at,0.06479402
228753_at,0.06478959
1554966_a_at,0.064788744
204763_s_at,0.06478675
225974_at,0.06478618
242676_at,0.06478253
220234_at,0.06478194
225869_s_at,0.06478037
236732_at,0.0647786
1552735_at,0.06477104
201590_x_at,0.064769536
206336_at,0.0647691
221823_at,0.06476691
231261_at,0.06476235
241933_at,0.06476219
1554117_at,0.064759985
218728_s_at,0.06475869
237208_at,0.06475574
244572_at,0.064752996
205968_at,0.064751774
214795_at,0.06475062
226693_at,0.06475036
236864_at,0.06474995
217594_at,0.064749755
216330_s_at,0.06474878
222180_at,0.064747825
219372_at,0.064745694
215602_at,0.064744934
211432_s_at,0.0647427
208963_x_at,0.06474052
225912_at,0.06473744
240943_at,0.06473313
206374_at,0.06473234
232356_at,0.06473073
232867_at,0.064727575
207104_x_at,0.0647254
225095_at,0.06472339
1559952_x_at,0.06472048
227582_at,0.064720176
221614_s_at,0.06471874
230847_at,0.06471869
1560552_a_at,0.06471827
236124_at,0.06471799
241864_x_at,0.06471707
215390_at,0.06471409
229504_at,0.06471404
206925_at,0.06471351
204343_at,0.064709485
1556933_at,0.06470924
216627_s_at,0.06470825
228525_at,0.06470753
224254_x_at,0.0647043
218625_at,0.064702526
1556417_a_at,0.06470093
211611_s_at,0.06469908
243581_at,0.06469527
238728_at,0.06469238
224192_at,0.06468779
219113_x_at,0.06468679
211039_at,0.06468421
214719_at,0.06468208
214298_x_at,0.06468099
238563_at,0.064669296
235825_at,0.064668134
222351_at,0.06466688
1568605_at,0.06466474
238682_at,0.0646608
1557452_at,0.06466058
232247_at,0.064657524
226117_at,0.06465629
230974_at,0.06465465
220476_s_at,0.06465448
237895_at,0.06465237
1552528_at,0.06465003
202377_at,0.064647704
235109_at,0.06464732
56748_at,0.06463983
238129_s_at,0.06463543
212055_at,0.06463243
204417_at,0.06463081
1557071_s_at,0.06462611
216331_at,0.064621106
205258_at,0.064621076
232489_at,0.06461874
240870_at,0.06461624
205307_s_at,0.06461582
214123_s_at,0.064613156
232086_at,0.064611495
210056_at,0.064611055
201215_at,0.064609595
220444_at,0.064604044
236754_at,0.06460208
241001_at,0.06459764
215137_at,0.064595155
212736_at,0.06459147
220828_s_at,0.06459147
222565_s_at,0.06458525
238938_at,0.064584486
236919_at,0.06458175
1566889_at,0.06458165
201054_at,0.06458151
242729_at,0.064579435
1558934_a_at,0.0645756
237843_at,0.064572334
219583_s_at,0.064568505
208683_at,0.06456697
210362_x_at,0.064564705
240423_at,0.06456418
222236_s_at,0.06456405
1558875_at,0.064562604
239123_at,0.06456168
211893_x_at,0.064561315
219496_at,0.064560674
1553196_a_at,0.064559236
1556114_a_at,0.06455518
225273_at,0.06455502
210015_s_at,0.06455116
210154_at,0.06455089
242163_at,0.06454926
212451_at,0.064548045
202479_s_at,0.06454618
229304_s_at,0.06454454
214453_s_at,0.064541936
231402_at,0.06454057
214818_at,0.06453741
232166_at,0.06453305
230719_at,0.06453133
232792_at,0.06452762
239682_at,0.064527124
236565_s_at,0.064525776
218162_at,0.06452357
235688_s_at,0.06452345
210338_s_at,0.06452012
226174_at,0.064520046
202052_s_at,0.06451851
230468_s_at,0.06450504
218695_at,0.06450419
242281_at,0.06450225
233163_at,0.064501
226370_at,0.06449923
1561052_s_at,0.06449919
217624_at,0.06449707
241888_at,0.064496264
242433_at,0.06449261
242136_x_at,0.06449105
217473_x_at,0.064487636
1559535_s_at,0.064485386
1558476_at,0.064483926
232892_at,0.06447828
1553435_at,0.06447736
226338_at,0.06447528
1553185_at,0.06447089
1554663_a_at,0.06446968
226164_x_at,0.06446895
1554409_at,0.06446657
228558_at,0.064466566
211507_s_at,0.06446558
212294_at,0.064465225
1555464_at,0.064464375
204076_at,0.06446272
1570183_at,0.06446229
220940_at,0.06446123
220454_s_at,0.06445884
210282_at,0.06445858
238418_at,0.064457625
228776_at,0.064455144
243952_at,0.064449474
232111_at,0.06444548
201930_at,0.064442694
1556748_x_at,0.064441584
227347_x_at,0.06444135
45297_at,0.064439744
1552667_a_at,0.06443611
225119_at,0.064430594
229173_at,0.06442958
1560754_at,0.06442787
1566424_at,0.06442505
215921_at,0.06441699
239867_at,0.064412415
208002_s_at,0.064409554
201341_at,0.0644083
232573_at,0.06440789
205843_x_at,0.064403765
213116_at,0.064403504
226442_at,0.06440187
243021_at,0.064400405
204741_at,0.06439964
236572_at,0.064396866
228667_at,0.064394996
214657_s_at,0.06438914
216488_s_at,0.06438794
1556821_x_at,0.06438728
226080_at,0.06438273
1563034_at,0.0643803
230107_at,0.06437805
207661_s_at,0.064377815
203463_s_at,0.06437441
223848_at,0.06437375
212631_at,0.06437336
239129_at,0.064368024
236224_at,0.06436622
230675_at,0.064365596
201619_at,0.06436315
243049_at,0.06436184
214903_at,0.06435627
205727_at,0.064355984
216952_s_at,0.06435265
238853_at,0.06434515
205450_at,0.064341664
244090_at,0.064338475
240280_at,0.06433411
1561166_a_at,0.06433368
230292_at,0.06433064
223649_s_at,0.06433028
201337_s_at,0.064323395
1553717_at,0.06432212
238913_at,0.06432198
219013_at,0.0643208
235506_at,0.064318046
1559170_at,0.06431176
205005_s_at,0.06431045
240906_at,0.06430535
214957_at,0.06429526
230064_at,0.0642948
219690_at,0.06429364
236465_at,0.0642896
236773_at,0.06428063
203145_at,0.0642795
237784_at,0.06427592
1558511_s_at,0.06427351
241756_at,0.06427294
1562245_a_at,0.06426507
230120_s_at,0.06425983
229996_s_at,0.064256735
219423_x_at,0.06425664
205966_at,0.064255044
223714_at,0.06425302
217875_s_at,0.06425242
1552794_a_at,0.06425014
239930_at,0.0642494
208496_x_at,0.06424719
223451_s_at,0.064246714
215451_s_at,0.064239204
221856_s_at,0.06423796
235876_at,0.064235434
1559942_at,0.064233646
222880_at,0.06423055
234306_s_at,0.06423029
228384_s_at,0.06422933
244218_at,0.064228915
235784_at,0.06422747
225950_at,0.0642267
213210_at,0.064225644
209825_s_at,0.06422423
213548_s_at,0.0642242
1564334_at,0.06422278
204082_at,0.06422059
219331_s_at,0.06421974
1555677_s_at,0.06421885
223326_s_at,0.0642179
213643_s_at,0.06421578
215559_at,0.064213336
233961_at,0.06421186
231792_at,0.064210445
223038_s_at,0.06420916
214192_at,0.06420818
210041_s_at,0.06420587
211094_s_at,0.06420395
227355_at,0.06420271
1559011_at,0.06420058
207192_at,0.06419806
236501_at,0.064197294
233438_at,0.064196825
1560199_x_at,0.06419447
212231_at,0.06419088
240948_at,0.064185485
236450_at,0.064180136
225327_at,0.064178646
1569191_at,0.06417495
209824_s_at,0.06417005
206035_at,0.06416777
214219_x_at,0.06416473
209788_s_at,0.06415969
231127_at,0.06415327
218813_s_at,0.0641474
205266_at,0.064140186
236910_at,0.06413621
1564208_x_at,0.06413601
1561829_at,0.0641332
240446_at,0.06413036
205447_s_at,0.06413016
211901_s_at,0.06412904
211037_s_at,0.06412636
225352_at,0.06412631
206841_at,0.0641258
232151_at,0.06412527
240406_at,0.064125225
212764_at,0.06411487
235245_at,0.06411274
219797_at,0.0641126
217647_at,0.06411108
220331_at,0.064110085
203180_at,0.06410813
216083_s_at,0.06410609
241623_at,0.0641059
244719_at,0.06410441
205654_at,0.0640925
205871_at,0.06408719
239924_at,0.06408705
210042_s_at,0.0640858
1559601_at,0.064083636
205958_x_at,0.06408258
231855_at,0.06407959
215495_s_at,0.0640767
207130_at,0.06407553
225725_at,0.064073786
1555336_a_at,0.064073734
1562612_at,0.06407292
236386_at,0.06406917
242306_at,0.064068615
206298_at,0.06406441
211214_s_at,0.06406314
208794_s_at,0.06406215
223789_s_at,0.06406163
208086_s_at,0.064059034
241278_at,0.06405586
233825_s_at,0.0640547
229661_at,0.0640484
1555829_at,0.064045735
215260_s_at,0.06404151
215201_at,0.06404075
231623_at,0.06404029
1554579_a_at,0.064039454
204485_s_at,0.064037845
220128_s_at,0.06403595
214572_s_at,0.06403543
232796_at,0.06403173
1554455_at,0.064027935
35147_at,0.06402774
36499_at,0.06402498
210544_s_at,0.06401602
244304_at,0.064014256
1559762_at,0.064013205
1559037_a_at,0.06401284
233103_at,0.06400752
1559057_at,0.06400606
220549_at,0.06400274
220298_s_at,0.06400255
238578_at,0.06399974
238438_at,0.06399904
1562265_at,0.063999
229417_at,0.06399876
206585_at,0.06399854
214961_at,0.06399786
236017_at,0.06399286
229170_s_at,0.06399106
228529_at,0.0639904
239483_at,0.063989095
237597_at,0.063984826
233406_at,0.06398164
214763_at,0.06397686
215092_s_at,0.06397669
210876_at,0.063975185
232121_at,0.063972525
1561964_at,0.06397044
244753_at,0.06396747
212828_at,0.063965484
219283_at,0.06396498
209487_at,0.06396439
229169_at,0.06396325
1554095_at,0.0639593
1552302_at,0.06395468
208818_s_at,0.06395066
242686_at,0.063949734
206998_x_at,0.06394947
216049_at,0.06394577
210044_s_at,0.06394547
240216_at,0.06394537
217411_s_at,0.06394407
204399_s_at,0.06394256
216325_x_at,0.0639346
207660_at,0.06393169
236167_at,0.06393017
241854_at,0.063929565
217767_at,0.063929126
1556758_at,0.06392727
1557242_at,0.06392424
242362_at,0.06392345
1565733_at,0.06392098
1554452_a_at,0.06391688
230628_at,0.06391385
242458_at,0.06391346
202345_s_at,0.0639092
236438_at,0.06390899
212291_at,0.06390484
236616_at,0.0639024
218164_at,0.06389269
210069_at,0.063890964
227281_at,0.063890085
208202_s_at,0.06388475
208198_x_at,0.063884735
219559_at,0.063883185
239258_at,0.06388308
205819_at,0.063878015
215477_at,0.06387797
230296_at,0.063876316
230000_at,0.06387575
213277_at,0.063875616
210578_at,0.063872814
205986_at,0.06387091
203717_at,0.06387035
228745_at,0.06386915
242917_at,0.06386539
223912_s_at,0.063863344
224457_at,0.063862786
221048_x_at,0.06386216
227074_at,0.06386137
231534_at,0.06385832
201543_s_at,0.06385654
213339_at,0.063854486
1553114_a_at,0.0638542
226614_s_at,0.063853756
215498_s_at,0.06385228
236862_at,0.063846216
226355_at,0.063842
1563876_at,0.06383996
219872_at,0.06383841
202118_s_at,0.063838124
207945_s_at,0.063837215
1558748_at,0.06382995
233487_s_at,0.06382871
226844_at,0.063823804
208981_at,0.063822046
1554319_at,0.06382157
218237_s_at,0.063821554
227302_s_at,0.06382121
229506_at,0.06381599
219139_s_at,0.063815035
1559746_a_at,0.06381497
215526_at,0.063814804
242452_at,0.06381385
240410_at,0.06381267
218224_at,0.06381111
241666_at,0.06380906
200942_s_at,0.06380677
1566535_at,0.06380548
1555022_at,0.063803464
237664_at,0.06380042
232725_s_at,0.06379749
222860_s_at,0.06379639
238609_at,0.06379581
32625_at,0.063791916
219517_at,0.063790545
1557543_at,0.06379048
227055_at,0.063787214
231882_at,0.06378312
223709_s_at,0.063781664
222871_at,0.06378142
226415_at,0.063777074
231947_at,0.06377591
216470_x_at,0.06377582
220470_at,0.06377578
1557132_at,0.06377235
219410_at,0.063771375
219051_x_at,0.06377086
223570_at,0.063767835
215229_at,0.0637666
239760_at,0.063762575
220888_s_at,0.06376151
228437_at,0.063761115
243302_at,0.063757464
237018_at,0.06375557
1555463_a_at,0.063753724
1562754_at,0.063752085
222847_s_at,0.06374889
204778_x_at,0.0637452
211197_s_at,0.06374231
227104_x_at,0.06374225
228494_at,0.06373842
242191_at,0.06373501
230369_at,0.06373462
202913_at,0.0637345
210525_x_at,0.06373359
239007_at,0.06373127
210493_s_at,0.06373055
219656_at,0.06372918
239895_at,0.06372604
236371_s_at,0.06372559
214590_s_at,0.06372483
244502_at,0.06372409
209868_s_at,0.063719034
233444_at,0.06371197
202165_at,0.063711226
1564175_at,0.06371091
226796_at,0.06371051
241420_at,0.063709676
1556006_s_at,0.06370859
207620_s_at,0.06370266
244116_at,0.06370237
222288_at,0.06370138
1555980_a_at,0.06369883
1555330_at,0.06369795
239763_at,0.06369747
231817_at,0.06369589
211310_at,0.06369582
1561924_at,0.06369397
231652_at,0.06369097
237245_at,0.063687004
234942_s_at,0.06367636
1569243_at,0.06367142
239516_at,0.06366807
212811_x_at,0.0636674
213712_at,0.063664645
207595_s_at,0.06366432
204319_s_at,0.0636614
219758_at,0.063658595
229723_at,0.063657224
1559419_at,0.06365689
1552703_s_at,0.063654006
1562051_at,0.06365306
210033_s_at,0.06365231
235250_at,0.06365096
223217_s_at,0.063649565
1568807_a_at,0.06364944
1554020_at,0.06364472
209282_at,0.06364027
225658_at,0.06363842
239876_at,0.06363714
243458_at,0.06363713
222192_s_at,0.06363253
232574_at,0.063630566
211700_s_at,0.06362696
231377_at,0.063618496
238627_at,0.0636183
208599_at,0.06361766
1555136_at,0.063614786
212822_at,0.06361061
243908_at,0.06360823
205364_at,0.06360662
1554010_at,0.06360076
218748_s_at,0.06360006
213363_at,0.063599974
232346_at,0.063599624
1553890_s_at,0.06359887
200795_at,0.06359887
204238_s_at,0.06359646
1554621_at,0.063593864
243263_at,0.06359322
1555960_at,0.06358792
224003_at,0.06358768
218690_at,0.06358485
225557_at,0.063584
236809_at,0.06358121
235467_s_at,0.06358107
209270_at,0.06357703
228718_at,0.063576445
47553_at,0.06357535
243170_at,0.06357226
233362_at,0.06357222
226852_at,0.06357175
227492_at,0.06356351
230043_at,0.063562125
229054_at,0.06356159
226071_at,0.06356159
244235_at,0.063554406
209750_at,0.06355423
222762_x_at,0.063546404
205666_at,0.06354513
230954_at,0.063545
1569552_at,0.06354049
243519_at,0.06353996
240877_x_at,0.06353908
235405_at,0.063537896
208017_s_at,0.06353472
243271_at,0.06353411
207460_at,0.063532606
212724_at,0.06353259
213110_s_at,0.06353254
223966_at,0.06353067
230819_at,0.063528396
224325_at,0.06352826
206468_s_at,0.063522905
1564281_at,0.06352212
240007_at,0.06352185
222470_s_at,0.06352064
234979_at,0.06351804
1560391_at,0.06351459
218948_at,0.06351444
1570039_at,0.06351279
1558919_a_at,0.06351179
229439_s_at,0.06351073
207129_at,0.063510545
1561489_at,0.0635098
76897_s_at,0.063509375
230609_at,0.06350766
227863_at,0.063504115
205278_at,0.06350388
231383_at,0.06350306
1560570_a_at,0.06350015
216218_s_at,0.06349987
239969_at,0.06349589
232521_at,0.06349391
228017_s_at,0.06349266
242688_at,0.06348938
209840_s_at,0.06348851
242898_at,0.06348815
207465_at,0.06348316
227153_at,0.06348239
223195_s_at,0.06347448
224365_s_at,0.06347446
210761_s_at,0.0634712
1566691_at,0.06346914
243767_at,0.063468665
242325_at,0.063466564
233959_at,0.06346404
225324_at,0.06346378
1559597_at,0.06346351
1561238_at,0.0634611
1562853_x_at,0.063460454
223917_s_at,0.06345293
230597_at,0.06345285
227633_at,0.063450545
220350_at,0.06345016
203009_at,0.063448854
217999_s_at,0.063445576
244546_at,0.063444465
202977_s_at,0.06344155
224011_at,0.06343946
236892_s_at,0.06343933
229898_at,0.06343735
238156_at,0.06343661
239823_at,0.063435555
208871_at,0.06343123
205182_s_at,0.06342942
204751_x_at,0.063427225
224361_s_at,0.06342255
240557_at,0.063420385
1561015_at,0.06341869
222659_at,0.06341837
215734_at,0.06341617
203323_at,0.063416064
219539_at,0.0634117
232906_at,0.06340939
243993_at,0.06340563
227384_s_at,0.06340496
242918_at,0.06340329
242491_at,0.06340276
206518_s_at,0.063397676
238178_at,0.06339764
229551_x_at,0.06339598
216173_at,0.06338568
222284_at,0.063384905
217625_x_at,0.06338452
220118_at,0.063375704
235042_at,0.06337557
235930_at,0.06337329
220840_s_at,0.063372746
228929_at,0.06337203
241925_x_at,0.06337178
243279_at,0.063370794
238167_at,0.06336929
217073_x_at,0.06336874
223527_s_at,0.06336808
237618_at,0.06336415
218236_s_at,0.06336334
243825_at,0.06335643
230735_at,0.063355684
242418_at,0.06335479
1557012_a_at,0.063354276
213176_s_at,0.06335345
221771_s_at,0.063352466
212914_at,0.06335193
238965_at,0.06335072
201525_at,0.0633505
206369_s_at,0.06335008
217696_at,0.063348845
1569039_s_at,0.063345745
223856_at,0.0633439
1570506_at,0.06334372
225245_x_at,0.06333673
203836_s_at,0.06333667
242819_at,0.063335896
214968_at,0.06333585
230298_at,0.063335836
1554140_at,0.063334994
237942_at,0.06333406
1555609_a_at,0.06332951
207804_s_at,0.0633277
212249_at,0.06332144
227557_at,0.0633195
239160_at,0.063311964
212989_at,0.06330268
229012_at,0.063296966
216734_s_at,0.063296705
212730_at,0.06329173
1561146_at,0.06329021
212383_at,0.0632883
242712_x_at,0.06328587
1565616_at,0.06328302
1554264_at,0.0632782
228521_s_at,0.06327465
218350_s_at,0.06327033
220785_at,0.06327011
206620_at,0.06326385
236858_s_at,0.06326291
238027_at,0.06326248
1557761_s_at,0.06326204
234415_x_at,0.063261665
231205_at,0.06326121
213766_x_at,0.063261
232500_at,0.06325954
242014_at,0.06325607
222614_at,0.06325448
236733_at,0.063251115
241661_at,0.06325005
239237_at,0.06324668
234618_at,0.06324397
213715_s_at,0.06324385
1569607_s_at,0.06324349
1569374_at,0.06323911
204660_at,0.06323599
208196_x_at,0.063235626
234081_at,0.06323419
235557_at,0.06323393
236209_at,0.063222155
1552584_at,0.06322199
243283_at,0.063219994
222815_at,0.06321895
213935_at,0.06321831
241277_x_at,0.06321681
225641_at,0.063216746
1555871_at,0.063214846
242171_at,0.063213855
1557718_at,0.06320986
206754_s_at,0.06320738
207094_at,0.063201316
202752_x_at,0.06320029
202240_at,0.063200116
242384_at,0.063198045
235903_at,0.063197
1556461_at,0.06319606
235071_at,0.06319405
232874_at,0.06319204
216356_x_at,0.06318845
220909_at,0.06318535
1559722_at,0.063182935
220809_at,0.06317684
1562283_at,0.063174434
228220_at,0.06317058
244519_at,0.06316671
235122_at,0.06316629
233031_at,0.0631659
235693_at,0.063161284
231595_at,0.063160256
238025_at,0.06315933
214211_at,0.06315729
241803_s_at,0.06315659
237560_at,0.06315556
1567044_s_at,0.06315151
204043_at,0.06314642
210106_at,0.063144565
228656_at,0.06314391
234076_at,0.06313772
211275_s_at,0.06313425
223377_x_at,0.063132435
221985_at,0.06313215
243826_at,0.06313154
217352_at,0.06312158
204948_s_at,0.06311741
219659_at,0.06311446
228698_at,0.06311326
229979_x_at,0.06310816
204000_at,0.06310752
215206_at,0.0631073
240005_at,0.0631062
215105_at,0.06310308
238155_at,0.063102156
219260_s_at,0.06310177
232552_at,0.063098654
232952_at,0.06309864
241437_s_at,0.063096
226890_at,0.06308864
208498_s_at,0.06308563
1569481_s_at,0.06308528
219355_at,0.0630839
213645_at,0.06308365
244346_at,0.06307879
219469_at,0.06307601
205406_s_at,0.063075185
211317_s_at,0.06307253
236998_at,0.06306927
204167_at,0.0630652
216364_s_at,0.06306434
203623_at,0.06306245
211231_x_at,0.063061595
212240_s_at,0.06306139
202808_at,0.06305808
202519_at,0.06305143
239694_at,0.063050225
202842_s_at,0.06304559
208475_at,0.06304328
221666_s_at,0.06303829
238514_at,0.06303794
217445_s_at,0.06303704
227932_at,0.06303465
203080_s_at,0.06303243
230745_s_at,0.06303092
220354_at,0.06303057
201826_s_at,0.06302388
226983_at,0.06302053
204849_at,0.063020006
228167_at,0.06301695
231701_s_at,0.0630145
1552626_a_at,0.06301089
225173_at,0.06300974
1556117_at,0.06300636
206901_at,0.06300385
223967_at,0.0630016
228834_at,0.06300111
235501_at,0.063000955
202951_at,0.06299922
210001_s_at,0.06299721
229975_at,0.06299281
227949_at,0.062988505
209776_s_at,0.06298785
240990_at,0.06298646
219708_at,0.06298615
202597_at,0.062982745
241542_at,0.06298061
1561128_at,0.06297795
241974_at,0.06297688
211080_s_at,0.062970765
232164_s_at,0.062967345
241334_at,0.062967025
238628_s_at,0.06296682
224623_at,0.062963694
244426_at,0.062960945
229230_at,0.06295954
1563849_at,0.06295847
208382_s_at,0.06295483
225998_at,0.06295453
1555687_a_at,0.0629511
1567079_at,0.062949836
241024_at,0.06294836
216907_x_at,0.06294708
241391_at,0.06294572
228719_at,0.062943906
208054_at,0.062940165
210652_s_at,0.06293963
243541_at,0.06293765
239846_at,0.062936954
238982_at,0.06293562
242756_at,0.0629355
1555460_a_at,0.0629345
209031_at,0.06293368
213848_at,0.062932745
236117_at,0.06293096
219081_at,0.06292927
218931_at,0.062927485
207757_at,0.06292697
220289_s_at,0.06292473
1554785_at,0.062924266
1556039_s_at,0.06292388
211806_s_at,0.062923834
229214_at,0.06292108
214502_at,0.06291987
217659_at,0.06291661
202382_s_at,0.062913984
243948_at,0.0629135
240690_at,0.062912926
243071_at,0.06291055
233379_at,0.06290929
211781_x_at,0.06290592
1554803_s_at,0.06290543
238132_at,0.06290201
215070_x_at,0.06290106
236918_s_at,0.0628992
228565_at,0.06289564
213730_x_at,0.06289321
217164_at,0.06289078
220369_at,0.06289075
238603_at,0.062889464
239379_at,0.06288858
1554352_s_at,0.06288797
211367_s_at,0.06288746
233719_s_at,0.06288628
211740_at,0.06288198
227307_at,0.06288175
243467_at,0.06287953
217047_s_at,0.06287716
242338_at,0.06287685
1558373_s_at,0.06286931
241106_at,0.062867165
239098_at,0.062865764
237549_at,0.06286147
206296_x_at,0.062859654
240099_at,0.0628578
214798_at,0.06285186
1565868_at,0.06285167
1554978_at,0.06285164
202790_at,0.06285015
1555842_at,0.062847525
1559950_at,0.06284748
205296_at,0.06284647
1558522_at,0.06284518
229226_at,0.06284021
200839_s_at,0.062839925
222079_at,0.06283848
234000_s_at,0.062832355
242941_x_at,0.06283179
239637_at,0.06282757
240915_at,0.062825456
204803_s_at,0.0628252
206703_at,0.062824324
236833_at,0.06282416
213573_at,0.062823564
1560485_at,0.06282127
203063_at,0.06281939
235857_at,0.06281906
243113_at,0.062816724
1556743_at,0.062815264
214623_at,0.062815145
235204_at,0.06281461
223161_at,0.06281304
1565817_at,0.06281251
229147_at,0.06280836
1568867_x_at,0.06280261
203101_s_at,0.06279894
226735_at,0.06279704
203016_s_at,0.06278701
206499_s_at,0.06278621
243756_at,0.06278103
206999_at,0.06277823
211000_s_at,0.062775835
206842_at,0.062774286
209368_at,0.06277157
236873_at,0.06276935
218130_at,0.062769145
218491_s_at,0.06276795
220264_s_at,0.0627674
230740_at,0.06276682
236766_at,0.06276621
239233_at,0.062765405
207011_s_at,0.0627604
225632_s_at,0.06275885
213595_s_at,0.06275715
228255_at,0.06275587
238348_x_at,0.062754855
225686_at,0.06275469
225833_at,0.06275271
210631_at,0.062750995
211789_s_at,0.06275015
243904_at,0.0627477
243262_at,0.06274756
223593_at,0.062740915
240703_s_at,0.06273723
207900_at,0.0627357
223801_s_at,0.06273336
1554296_at,0.0627321
242899_at,0.06273161
205219_s_at,0.06273119
212810_s_at,0.06272179
1558062_at,0.062720366
212379_at,0.06271888
231780_at,0.062713265
230736_at,0.06270932
206484_s_at,0.062708266
1565657_at,0.06270636
234089_at,0.06270597
237878_at,0.062705144
242986_at,0.062701955
1565949_x_at,0.06270174
202549_at,0.062701344
1554065_at,0.06269628
216230_x_at,0.06269579
1559776_at,0.06269477
219315_s_at,0.06269193
212801_at,0.06269115
1556657_at,0.062690556
244700_at,0.06269033
1555503_a_at,0.0626891
235763_at,0.06268878
212442_s_at,0.06268859
205511_at,0.062686056
221346_at,0.06268538
227108_at,0.062683925
233862_at,0.06268254
41469_at,0.06267945
241801_at,0.06267358
1556978_a_at,0.06267154
230520_at,0.06266577
207744_at,0.06265873
242539_at,0.062655896
238488_at,0.06264742
205388_at,0.062646754
205485_at,0.06264381
1557034_s_at,0.06263902
1555628_a_at,0.06263733
229194_at,0.062636405
239957_at,0.062636286
1556783_a_at,0.062631875
219628_at,0.062626675
219387_at,0.06262505
229005_at,0.06261941
232038_at,0.062616944
203143_s_at,0.06261405
203509_at,0.06261328
243240_at,0.06260968
1564653_s_at,0.06260851
225684_at,0.06260729
231819_at,0.06260609
1556781_at,0.06260513
231904_at,0.062604934
205160_at,0.06260362
1554415_at,0.06260356
230526_at,0.06259821
203381_s_at,0.06259669
240278_at,0.062594086
237577_at,0.06259334
206331_at,0.06259078
203656_at,0.062590614
221272_s_at,0.062587075
236060_at,0.062585264
1559807_at,0.06258358
226721_at,0.06258187
238746_at,0.06258136
232205_at,0.06257417
1570006_at,0.0625737
212182_at,0.0625727
212677_s_at,0.062568426
202364_at,0.06256792
1559205_s_at,0.06256758
210180_s_at,0.0625661
236823_at,0.062564276
205573_s_at,0.06256326
243858_at,0.06256287
1566232_at,0.062562674
208955_at,0.06256266
244570_at,0.062560886
237251_at,0.06256068
242932_at,0.06255868
219300_s_at,0.06255741
212472_at,0.06255452
234597_at,0.06255433
1562187_at,0.062553
204802_at,0.06254901
229290_at,0.06254747
239864_at,0.06254634
223799_at,0.062546216
1560431_at,0.062545955
1556545_at,0.06253423
1553976_a_at,0.06253375
235765_at,0.06253302
235632_at,0.06252896
210764_s_at,0.062528834
228561_at,0.06252797
203911_at,0.06252536
212703_at,0.06252401
226948_at,0.06252177
216013_at,0.06252077
220613_s_at,0.06251772
208857_s_at,0.062514275
220183_s_at,0.06251228
218942_at,0.06251174
232001_at,0.06251095
233040_at,0.06250483
236452_at,0.06250131
234640_x_at,0.06250128
224843_at,0.06250095
244749_at,0.062499337
231088_at,0.062496603
207711_at,0.062494896
207214_at,0.062492907
236218_at,0.06249007
216971_s_at,0.06249003
1557066_at,0.062489673
225157_at,0.0624893
210090_at,0.06248226
204563_at,0.0624803
209152_s_at,0.062478125
232907_at,0.062475324
226033_at,0.06247072
221123_x_at,0.062469766
208725_at,0.062469035
230976_at,0.062466335
1559617_at,0.062465332
210744_s_at,0.062465284
228997_at,0.062464535
204498_s_at,0.062463187
206521_s_at,0.062461987
215173_at,0.06246192
1552835_at,0.06245756
215942_s_at,0.06245725
242906_at,0.062450424
241788_x_at,0.062447436
204584_at,0.062445298
226038_at,0.062445194
218898_at,0.062444553
221914_at,0.062441915
203440_at,0.062439587
213856_at,0.06243687
211434_s_at,0.062436268
211027_s_at,0.062435627
233630_at,0.06243442
1556291_at,0.062434375
1565915_at,0.062430628
240843_at,0.062430024
216067_at,0.062427104
1564240_at,0.062424317
239172_x_at,0.062422365
216442_x_at,0.062421635
202289_s_at,0.062415518
238680_at,0.062414967
201111_at,0.06241487
212739_s_at,0.062407672
226571_s_at,0.062407017
224175_s_at,0.062406525
222483_at,0.0624059
205008_s_at,0.062405586
239535_at,0.062404983
238477_at,0.062402785
235716_at,0.062401503
243791_at,0.06240078
228307_at,0.062400468
1554228_a_at,0.062399305
211793_s_at,0.062394135
238177_at,0.062393766
236455_at,0.06239237
221059_s_at,0.062391132
205260_s_at,0.062387943
231157_at,0.06238778
1554878_a_at,0.062387094
238492_at,0.062386073
230779_at,0.062384784
228171_s_at,0.062383935
213811_x_at,0.062382817
218009_s_at,0.062381297
240965_at,0.062378928
206259_at,0.062375784
230608_at,0.062374696
201219_at,0.062372684
239487_at,0.06237249
1559835_at,0.062371418
207914_x_at,0.062370043
242321_at,0.062368687
244341_at,0.062366277
37384_at,0.06236458
221422_s_at,0.062362313
222599_s_at,0.062361464
238118_s_at,0.062359154
234939_s_at,0.062358208
243909_x_at,0.06235713
1560066_at,0.06235651
211559_s_at,0.062356234
223800_s_at,0.062355816
216052_x_at,0.06235514
235937_at,0.06235502
225775_at,0.06235215
228333_at,0.062351078
211019_s_at,0.062350146
204170_s_at,0.062349796
219522_at,0.06234873
226469_s_at,0.06234864
212276_at,0.062343135
238527_at,0.062340006
233727_at,0.062338833
1568627_at,0.06233713
1554942_a_at,0.06233395
238796_at,0.06232901
239404_at,0.06232749
233383_at,0.062327348
218503_at,0.062327266
240069_at,0.06232611
209736_at,0.062324714
225176_at,0.06232339
239956_at,0.062320247
221458_at,0.06231993
228095_at,0.062319726
218537_at,0.06231477
220390_at,0.06231395
1570578_at,0.06230794
230769_at,0.06230715
219551_at,0.06230703
217167_x_at,0.06230294
1555914_a_at,0.06230242
235684_s_at,0.06229599
213082_s_at,0.06229487
227258_at,0.062294595
207675_x_at,0.062291406
225802_at,0.062291175
1558279_a_at,0.062291093
1566001_at,0.062290013
217651_at,0.062284984
220353_at,0.062281594
205007_s_at,0.06228146
214765_s_at,0.062281117
237011_at,0.06228052
210367_s_at,0.06228038
210156_s_at,0.06228003
242739_at,0.062278807
1554594_at,0.062277324
220917_s_at,0.062276572
224044_at,0.062275425
215231_at,0.06227112
213416_at,0.06227088
200798_x_at,0.062262684
215314_at,0.0622622
204205_at,0.06226051
227617_at,0.062255993
225274_at,0.06225334
1556257_at,0.062252402
215877_at,0.062247425
237606_at,0.06224253
225485_at,0.062241748
209652_s_at,0.062234335
210971_s_at,0.062233135
234846_at,0.062229093
233377_at,0.062226307
239545_at,0.062219888
232188_at,0.06221912
231316_at,0.062218994
238569_at,0.062212706
229779_at,0.06220532
201825_s_at,0.06220296
208914_at,0.062201396
230123_at,0.062198713
239122_at,0.062196404
1558733_at,0.062195823
244011_at,0.06219414
202323_s_at,0.06219326
233705_at,0.062191766
242070_at,0.062191516
230221_at,0.06219104
233196_at,0.06219074
227374_at,0.06218952
236660_at,0.062185474
244656_at,0.062181033
205173_x_at,0.062181026
214828_s_at,0.06217727
1555169_at,0.062175155
244007_at,0.062174384
203955_at,0.06217216
235378_at,0.062170826
239246_at,0.06216745
239943_x_at,0.062163383
1553880_at,0.06216067
232447_at,0.06216061
226292_at,0.062159516
215454_x_at,0.06215714
243840_at,0.062156737
226498_at,0.06215655
232611_at,0.0621538
231191_at,0.06215242
211360_s_at,0.06215027
228083_at,0.06215015
1569948_at,0.06214974
1557325_at,0.06214837
203562_at,0.06214805
214147_at,0.062147327
226306_at,0.06214729
222197_s_at,0.062145233
243033_at,0.0621445
1561937_x_at,0.062141858
226272_at,0.062140882
214405_at,0.062139764
227488_at,0.06213871
223625_at,0.062138066
1569126_at,0.062136874
1558592_at,0.062134415
200671_s_at,0.06212464
206254_at,0.062123656
230279_at,0.062122576
227657_at,0.062122393
212695_at,0.06212078
213400_s_at,0.06212075
1564237_at,0.062114924
242700_at,0.06211362
205366_s_at,0.06211102
243563_at,0.062108092
224207_x_at,0.062103286
229103_at,0.062103137
224576_at,0.062101126
38340_at,0.06209925
205468_s_at,0.062096827
228683_s_at,0.062095955
209147_s_at,0.06209527
238512_at,0.062092625
213821_s_at,0.062091313
235602_at,0.06209096
239856_at,0.06209082
243834_at,0.062090367
243816_at,0.06208609
243293_at,0.062085077
229985_at,0.06208507
237588_at,0.062083885
212856_at,0.062083393
222545_s_at,0.0620804
1553464_at,0.06207788
241304_at,0.06207728
1559681_a_at,0.06207622
242059_at,0.062073715
227915_at,0.062069595
1556283_s_at,0.062068418
231337_at,0.062068313
213774_s_at,0.062065043
220983_s_at,0.06206298
234394_at,0.062056817
237491_at,0.06205664
235498_at,0.062053766
202593_s_at,0.062053278
222698_s_at,0.06205246
222542_x_at,0.062051736
217580_x_at,0.062049195
222018_at,0.062048167
1558217_at,0.062047794
210240_s_at,0.062046483
237215_s_at,0.062042683
241569_at,0.06204111
1552705_at,0.062040385
244352_at,0.062039107
243704_at,0.062035263
201645_at,0.062033147
202180_s_at,0.06203273
212560_at,0.062032104
235016_at,0.06203063
239230_at,0.062029123
243365_s_at,0.06202604
210756_s_at,0.062025964
242130_at,0.062024757
239431_at,0.062023863
228206_at,0.062023863
237408_at,0.06202157
236313_at,0.06201548
207957_s_at,0.06201452
225878_at,0.06201443
213231_at,0.062014163
217209_at,0.0620113
236866_at,0.062010504
228311_at,0.06200725
235192_at,0.062007174
220321_s_at,0.062007017
229833_at,0.06200613
1557055_s_at,0.06200339
205241_at,0.062002137
205003_at,0.062001824
243788_at,0.061998367
215018_at,0.061998248
206648_at,0.061997026
235764_at,0.061993603
226207_at,0.061993495
211706_s_at,0.06199235
213446_s_at,0.06199041
1553193_at,0.061985224
220426_at,0.061981935
1569128_at,0.061980896
217575_s_at,0.06197775
211841_s_at,0.061976947
1554212_s_at,0.06197477
229389_at,0.06197028
1555892_s_at,0.061969876
1560230_at,0.061969496
1560724_at,0.061967675
215898_at,0.06196539
220302_at,0.061964694
227853_at,0.061962947
1558176_at,0.06196211
206011_at,0.061959192
210747_at,0.061954573
230093_at,0.06195346
243774_at,0.061952177
213934_s_at,0.061950177
213512_at,0.061949268
200816_s_at,0.06194675
243729_at,0.06194604
207388_s_at,0.061945334
241879_at,0.06194392
220040_x_at,0.061939403
212354_at,0.06193798
240623_at,0.06193535
242829_x_at,0.061935306
223490_s_at,0.06193231
228907_at,0.061930075
224221_s_at,0.06192755
229965_at,0.061923355
211141_s_at,0.061922714
218160_at,0.061918706
242445_at,0.061916802
1563668_at,0.061916444
203557_s_at,0.061913103
219712_s_at,0.061910257
1553508_at,0.061906263
222366_at,0.061906174
217239_x_at,0.061902642
240233_at,0.061900653
230688_at,0.061899453
216101_at,0.061899237
1562059_at,0.06189697
223680_at,0.06189315
1569203_at,0.061891973
1565567_at,0.061891526
241627_x_at,0.061888248
229364_at,0.061886758
237846_at,0.061886087
221584_s_at,0.061883524
216147_at,0.061880864
1566848_x_at,0.061876394
238420_at,0.061874196
206302_s_at,0.061872512
205201_at,0.06187167
1570035_at,0.06186782
235199_at,0.061867654
240756_at,0.061867446
244274_at,0.0618615
236215_at,0.06185974
225884_s_at,0.061853737
228359_at,0.061851382
217616_at,0.061850175
1569477_at,0.06184894
241453_at,0.06184508
222186_at,0.061844677
235322_at,0.061840937
204876_at,0.06184026
204963_at,0.061837807
235268_at,0.061837673
203783_x_at,0.061836522
226533_at,0.061832972
228210_at,0.061832897
205269_at,0.0618307
203544_s_at,0.061829746
205203_at,0.061825648
228110_x_at,0.061824918
214051_at,0.0618231
234276_at,0.06182096
211121_s_at,0.061814368
223489_x_at,0.06181276
243252_at,0.061807774
221326_s_at,0.061806414
221994_at,0.061804444
206551_x_at,0.06180224
220363_s_at,0.06180115
235864_at,0.061794903
228444_at,0.061788723
1554884_at,0.061788037
213996_at,0.061782688
1557796_at,0.061781064
228177_at,0.06177765
238761_at,0.06177403
205782_at,0.061773065
208632_at,0.061772615
236108_at,0.061771266
231715_s_at,0.0617709
207776_s_at,0.06177
230224_at,0.061768666
238491_at,0.061768275
200685_at,0.061766863
1554240_a_at,0.061766356
227945_at,0.061762393
208898_at,0.061757445
231142_at,0.061756067
205906_at,0.06175575
236040_at,0.061755594
223474_at,0.061754197
243169_at,0.06175389
1560048_at,0.061752114
219308_s_at,0.06174708
224106_at,0.061746217
228805_at,0.06174448
218610_s_at,0.061741844
1569788_at,0.06174043
228891_at,0.061739802
228282_at,0.061738625
219101_x_at,0.061735973
208060_at,0.061732683
235456_at,0.061732188
1555898_at,0.061729446
238881_at,0.06172651
224483_s_at,0.061725687
229566_at,0.061725605
243538_at,0.061724633
1552790_a_at,0.061723784
1556423_at,0.061719976
235080_at,0.061719596
226065_at,0.061716855
215488_at,0.06170948
226514_at,0.06170897
1554449_at,0.061702684
221244_s_at,0.06170056
236139_at,0.061700255
232253_at,0.061696067
211515_s_at,0.06169171
1557558_s_at,0.061691508
243267_x_at,0.06169013
240455_at,0.06168761
215726_s_at,0.061686814
239282_at,0.061686635
240622_at,0.061686363
205227_at,0.061685845
233654_at,0.061684743
215280_s_at,0.061682463
204558_at,0.06168221
240163_at,0.061681554
225567_at,0.061680123
211519_s_at,0.06167996
239740_at,0.061676174
1557772_at,0.061674535
242356_at,0.06167242
237568_at,0.061671168
1563597_at,0.06167116
227856_at,0.06166643
202843_at,0.06166625
244889_at,0.06166427
238227_at,0.06166172
242604_at,0.061659247
205885_s_at,0.061657995
244443_at,0.0616557
1565566_a_at,0.06165473
209263_x_at,0.06165336
224699_s_at,0.061652303
1561538_at,0.061651602
218935_at,0.06164953
225175_s_at,0.061648816
213606_s_at,0.0616439
217203_at,0.06164348
231233_at,0.06163901
235273_at,0.06163823
217080_s_at,0.06163329
229311_at,0.061631143
1562673_at,0.061630167
240089_at,0.061629713
207112_s_at,0.061628073
233033_at,0.06162621
244069_at,0.061625168
215270_at,0.061621785
233803_s_at,0.06162159
1554741_s_at,0.061621457
201186_at,0.061620533
224458_at,0.06161923
223131_s_at,0.061615728
1552264_a_at,0.061612427
205797_s_at,0.061610088
217691_x_at,0.061606377
235155_at,0.061604783
207101_at,0.0616036
1555214_a_at,0.0616001
221009_s_at,0.06159564
1554554_at,0.061594307
209901_x_at,0.061591864
1567997_x_at,0.061589897
227984_at,0.061588034
223525_at,0.06158644
219790_s_at,0.061586145
209560_s_at,0.061582737
215307_at,0.061582416
241010_x_at,0.06157765
232791_at,0.061576672
1561469_at,0.061576106
203784_s_at,0.061574653
1567105_at,0.061573245
229403_at,0.061570756
225185_at,0.06156885
214113_s_at,0.06156844
203018_s_at,0.06156618
236944_at,0.06156534
225270_at,0.06156452
242630_at,0.061558675
240499_at,0.06155826
205006_s_at,0.061558217
201579_at,0.06155792
229328_at,0.06155736
209193_at,0.061557233
238812_at,0.0615564
1554322_a_at,0.061552323
242642_at,0.0615478
211991_s_at,0.061546773
1570143_at,0.061546504
241993_x_at,0.06154579
222409_at,0.06153953
210714_at,0.06153813
1552695_a_at,0.061536606
210325_at,0.061533995
223929_s_at,0.061529983
236397_at,0.06152925
204310_s_at,0.061528534
225706_at,0.06152737
1558449_at,0.06152571
229728_at,0.06152328
1569345_at,0.061522767
1558703_at,0.06152024
236091_at,0.06151869
218382_s_at,0.061514765
231768_at,0.061514005
232449_at,0.06151312
213569_at,0.061508343
207418_s_at,0.061507802
202131_s_at,0.061505944
230416_at,0.06150511
236047_at,0.061502762
226968_at,0.061499625
1554277_s_at,0.06149748
1559039_at,0.061493173
242865_at,0.061492994
204824_at,0.061492145
213950_s_at,0.06148845
228382_at,0.061487466
205595_at,0.061487325
204909_at,0.061487228
222899_at,0.06148687
239799_at,0.061485127
212722_s_at,0.06148468
230987_at,0.06148152
243751_at,0.06147994
211356_x_at,0.061474353
1562468_at,0.061474286
1556964_s_at,0.061473776
209273_s_at,0.061472118
228005_at,0.061471984
240324_at,0.061471194
213585_s_at,0.061468713
243747_at,0.061467588
239590_x_at,0.061466713
1557698_at,0.06146586
229698_at,0.061465256
238180_at,0.061463356
208983_s_at,0.061463088
241368_at,0.061462827
1552378_s_at,0.061462644
215599_at,0.061462402
1554327_a_at,0.061461754
243937_x_at,0.06146042
233579_at,0.061457694
228409_at,0.06145452
238631_at,0.06145355
1561728_a_at,0.06145259
207552_at,0.06145103
217190_x_at,0.061450474
237198_at,0.061450176
213345_at,0.061449476
234491_s_at,0.061445832
49111_at,0.061445445
218230_at,0.061444744
218954_s_at,0.0614426
214861_at,0.061440513
213568_at,0.061440002
205207_at,0.06143956
1557723_at,0.061436713
237246_at,0.061435804
1560686_at,0.061434828
239777_at,0.061433453
231011_at,0.061433345
214671_s_at,0.061429337
1569025_s_at,0.0614291
209760_at,0.061429024
214644_at,0.06142077
240281_at,0.061420087
217058_at,0.061419494
214251_s_at,0.061418958
1563867_at,0.061418578
219929_s_at,0.061418526
213042_s_at,0.061418183
234911_at,0.06141592
214950_at,0.061414137
237563_s_at,0.061413124
213474_at,0.06140767
1556952_at,0.06140344
239906_at,0.061401665
217263_x_at,0.061397508
1552757_s_at,0.061397463
1554789_a_at,0.061397422
229516_at,0.061397087
213591_at,0.061392605
228523_at,0.061389577
233436_at,0.061389506
218299_at,0.061389342
213629_x_at,0.06138657
1560047_s_at,0.061383396
1554234_at,0.0613833
1557174_a_at,0.061382636
211655_at,0.061379723
1562005_at,0.061375666
206646_at,0.061375126
223497_at,0.061373487
202628_s_at,0.061372112
243244_at,0.061368905
236650_at,0.06136757
1557812_a_at,0.0613654
207313_x_at,0.061364695
230261_at,0.0613645
210822_at,0.061363816
212776_s_at,0.061363548
219429_at,0.06136352
241685_x_at,0.061361596
207535_s_at,0.061357528
1554755_a_at,0.061356053
236195_x_at,0.061353818
244784_at,0.061351746
225442_at,0.061351426
223296_at,0.06135106
230536_at,0.061350837
1552563_a_at,0.06135053
235266_at,0.061349258
201746_at,0.06134817
233421_s_at,0.06134531
205401_at,0.061344698
211354_s_at,0.06134411
231662_at,0.061343983
1566688_at,0.061343387
240176_at,0.061341196
237476_at,0.061336905
238004_at,0.061336167
239486_at,0.06133485
235855_at,0.061334193
207202_s_at,0.061331782
227370_at,0.061329976
1568733_at,0.061329424
233405_at,0.06132742
200702_s_at,0.061325967
222795_s_at,0.06132339
222824_at,0.061323345
224563_at,0.061317176
220943_s_at,0.06131558
221768_at,0.06130612
244342_at,0.061304078
213698_at,0.06130311
1552554_a_at,0.06130168
206964_at,0.061298463
230268_at,0.061297156
231151_at,0.061294995
1564940_at,0.061293602
1554769_at,0.06129256
1565776_at,0.061292235
229510_at,0.061288796
1556021_at,0.06128841
215882_at,0.06128806
241739_at,0.061287645
206614_at,0.061285164
207183_at,0.061284546
223948_s_at,0.061283514
201050_at,0.06128286
236284_at,0.061279684
209421_at,0.06127967
238071_at,0.061279625
235374_at,0.06127757
213925_at,0.06127518
220027_s_at,0.06127186
220544_at,0.06127002
209674_at,0.061269104
233458_at,0.061269075
228528_at,0.06126687
213695_at,0.061264317
203636_at,0.06126327
209849_s_at,0.061258003
203074_at,0.061257206
207590_s_at,0.06125629
236955_at,0.061253697
234262_at,0.061250754
1558747_at,0.06124592
217600_at,0.061243936
228508_at,0.061243832
205013_s_at,0.061241105
230111_at,0.061240524
227320_at,0.061237946
209410_s_at,0.061237663
232595_at,0.06123671
1569895_at,0.061236426
1566958_at,0.061235145
222184_at,0.061234474
233518_at,0.06123405
228323_at,0.061230525
226507_at,0.061228424
224571_at,0.06122783
210469_at,0.0612249
238673_at,0.061223768
1565867_a_at,0.061222345
217729_s_at,0.061216086
232536_at,0.061214965
242028_at,0.061213896
227383_at,0.061208278
240327_at,0.061207585
239110_s_at,0.06120705
1553279_at,0.06120561
219670_at,0.061204076
230336_at,0.06120367
202992_at,0.061199076
237316_at,0.061194606
218487_at,0.061193824
244110_at,0.061191604
1557756_a_at,0.06119083
222858_s_at,0.061190397
213430_at,0.061189897
1554807_a_at,0.06118836
1555821_a_at,0.06118799
227998_at,0.06118709
231542_at,0.061185256
201601_x_at,0.06118515
209235_at,0.06118138
217714_x_at,0.061180323
1559862_at,0.061177947
204510_at,0.061176315
1561386_at,0.061175987
229144_at,0.061173096
1560477_a_at,0.06117128
223838_at,0.061169684
227961_at,0.061164662
203994_s_at,0.06116216
1555148_a_at,0.06116209
203196_at,0.061160967
226932_at,0.06115418
239366_at,0.061152942
227975_at,0.061149586
1562818_at,0.06114749
211355_x_at,0.061139643
244640_at,0.061138183
234918_at,0.061137676
223216_x_at,0.0611376
205147_x_at,0.061136037
1554875_at,0.06113523
233781_s_at,0.061134957
244196_at,0.061134003
1568847_at,0.061129518
237046_x_at,0.061127022
205823_at,0.06112688
236474_at,0.061126053
214340_at,0.061125495
223385_at,0.06112528
234643_x_at,0.06112455
237504_at,0.061121315
229260_at,0.06111855
218280_x_at,0.061118066
1552649_a_at,0.061114773
231761_at,0.06111362
239892_at,0.061112903
201774_s_at,0.061109215
202099_s_at,0.06110497
211802_x_at,0.06110384
244848_at,0.061103784
210569_s_at,0.061101057
240000_at,0.0611009
226524_at,0.061099425
219573_at,0.06109932
232020_at,0.061098024
215505_s_at,0.06109737
213283_s_at,0.061096407
239963_at,0.061093703
240307_at,0.061092556
1555480_a_at,0.061090276
240826_at,0.06108951
220388_at,0.061087932
220187_at,0.061086606
220545_s_at,0.061085753
202998_s_at,0.06108419
224849_at,0.061082155
223608_at,0.061082125
210192_at,0.061081767
220119_at,0.061078783
221551_x_at,0.06107174
210976_s_at,0.061068967
1560846_at,0.061067462
243073_at,0.061065122
236533_at,0.061062455
225532_at,0.06106019
227067_x_at,0.061059803
1569156_at,0.06105978
232072_at,0.061059304
1556938_a_at,0.061056904
228946_at,0.061049208
219477_s_at,0.06104918
204324_s_at,0.061048865
205829_at,0.061040323
236581_at,0.061039127
230033_at,0.06103579
242114_at,0.06103251
1563364_at,0.061030746
200672_x_at,0.061025575
1555543_a_at,0.06102532
234028_at,0.061024234
217529_at,0.061020985
228337_at,0.06102079
213177_at,0.061019614
210974_s_at,0.061019525
240442_at,0.06101825
1568874_at,0.061018124
203856_at,0.061012834
238657_at,0.061011985
228857_at,0.06101185
222920_s_at,0.06100732
238577_s_at,0.061004743
1557195_at,0.06100389
228442_at,0.061003298
241790_at,0.061001115
1565633_at,0.060998864
216412_x_at,0.06099704
237926_s_at,0.060995158
240333_at,0.0609943
238725_at,0.060994267
1563340_at,0.060994193
228955_at,0.060993418
208081_s_at,0.060993373
213920_at,0.06099175
213962_s_at,0.060991324
213194_at,0.060990687
1557446_x_at,0.06098909
215461_at,0.060988262
221555_x_at,0.060987845
242260_at,0.060984448
205253_at,0.06098257
238719_at,0.060981795
224609_at,0.060980365
217576_x_at,0.060979113
231226_at,0.0609779
219130_at,0.060976163
219602_s_at,0.060974594
238926_at,0.060973935
227678_at,0.060972214
1553947_at,0.060970202
240465_at,0.060968876
220628_s_at,0.060967483
231133_at,0.060966834
202003_s_at,0.06096597
1567013_at,0.06096489
208840_s_at,0.060964555
243782_at,0.06096261
224924_at,0.06096208
212665_at,0.060953915
214738_s_at,0.060950518
1568802_at,0.060947604
216965_x_at,0.06094739
203140_at,0.060946822
229377_at,0.060941633
228673_s_at,0.060941048
221125_s_at,0.06093616
236375_at,0.060931623
1570541_s_at,0.060930803
233226_at,0.060929008
1565527_x_at,0.060927656
208406_s_at,0.060925074
1553730_x_at,0.060923368
229700_at,0.060923144
224162_s_at,0.06092143
222422_s_at,0.060917526
243315_at,0.060917154
244678_at,0.060915492
214061_at,0.06091526
204062_s_at,0.06091495
219800_s_at,0.060914602
200803_s_at,0.060911268
209639_s_at,0.060907364
203395_s_at,0.060906567
217847_s_at,0.06090618
206481_s_at,0.060903084
225509_at,0.06089212
229090_at,0.060887963
243066_at,0.06088561
230287_at,0.0608854
1560354_at,0.060882665
237497_at,0.060877815
1570534_a_at,0.060876615
216163_at,0.060874917
236327_at,0.06087458
230466_s_at,0.060874283
223551_at,0.06087359
201679_at,0.06087172
1552713_a_at,0.060865134
216022_at,0.06086474
236541_at,0.06086337
1554045_at,0.06086333
239988_at,0.060862333
228496_s_at,0.06086187
1553387_at,0.060859926
221105_at,0.06085925
1566766_a_at,0.06085758
1566135_at,0.060855843
221921_s_at,0.060851403
239739_at,0.06085088
228922_at,0.060846932
229497_at,0.06084007
221273_s_at,0.060836032
213316_at,0.06083537
214775_at,0.060834587
230860_at,0.060832083
222712_s_at,0.06083151
244653_at,0.060820647
1568765_at,0.060818717
1557122_s_at,0.060818344
234496_x_at,0.060815364
232206_at,0.0608119
233037_at,0.06080869
1552862_at,0.060808063
206985_at,0.060807846
240030_at,0.06080711
1564426_x_at,0.060806938
243482_at,0.060802236
228791_at,0.06080167
228812_at,0.06079963
214059_at,0.060797468
1557166_at,0.060797304
237771_s_at,0.06079484
202598_at,0.060792014
233663_s_at,0.060784016
227816_at,0.060782522
213501_at,0.060779348
230135_at,0.060779117
1568782_at,0.060776845
229844_at,0.06077674
1552329_at,0.060775936
224260_at,0.060773715
1555226_s_at,0.060772896
229930_at,0.060771283
210016_at,0.060770363
240467_at,0.0607619
212195_at,0.06075883
226765_at,0.06075804
213362_at,0.060757317
223640_at,0.060755372
216568_x_at,0.060755253
1558654_at,0.06075415
243188_at,0.060751386
204947_at,0.060748935
240625_at,0.06074874
207361_at,0.060747907
212095_s_at,0.06074777
1561272_at,0.06074713
218675_at,0.06074647
241250_at,0.060745552
211774_s_at,0.060745433
1554572_a_at,0.060745135
234743_at,0.060743567
230077_at,0.060741395
1566185_at,0.06073869
234978_at,0.060735375
1566783_at,0.060734294
1556967_at,0.06073139
209285_s_at,0.060731217
1558346_at,0.060731173
238084_at,0.060727432
243960_x_at,0.060724095
243496_at,0.060721725
204798_at,0.060715854
226396_at,0.060713023
230808_at,0.060705792
1569104_a_at,0.06070426
211687_x_at,0.060703628
222624_s_at,0.0607031
230527_at,0.060701597
225193_at,0.060700834
219884_at,0.060700417
244654_at,0.060697317
1556129_at,0.060696136
231471_at,0.06069556
1559882_at,0.060692005
1560068_a_at,0.06069135
1555269_a_at,0.060690615
205092_x_at,0.06068982
1557699_x_at,0.060686618
1552564_at,0.06068366
244247_at,0.06067981
205295_at,0.060677785
226657_at,0.060676992
202205_at,0.06067601
212185_x_at,0.06067556
219710_at,0.06067319
209730_at,0.060672134
1552867_at,0.060670167
1556763_at,0.06066951
238226_at,0.060668856
230904_at,0.06066884
210405_x_at,0.060668677
206306_at,0.060668208
242946_at,0.060667858
1556318_s_at,0.060665265
1562244_at,0.060664847
214595_at,0.06066373
234983_at,0.060663223
225524_at,0.060663164
216944_s_at,0.060660973
1553244_at,0.06066007
206275_s_at,0.060656697
241858_at,0.060655408
208592_s_at,0.06065126
232979_at,0.060650725
236184_at,0.060650423
207860_at,0.06064906
202630_at,0.060648486
201968_s_at,0.06064707
208793_x_at,0.060645044
238133_at,0.060643513
1562969_at,0.06064288
243294_at,0.06064271
243091_at,0.060642287
236340_at,0.060641922
220192_x_at,0.060640752
232866_at,0.06063985
217511_at,0.060639538
1562338_at,0.060639486
223182_s_at,0.06063892
205919_at,0.06063196
240839_at,0.06062898
235635_at,0.060624212
219829_at,0.06062109
1567627_at,0.06062079
244131_at,0.060619626
231940_at,0.060617924
205187_at,0.060616866
229337_at,0.06061551
231873_at,0.06061486
203473_at,0.060613
225755_at,0.060611203
220003_at,0.060610924
202873_at,0.060610548
219467_at,0.060606644
1553349_at,0.060606584
232820_s_at,0.0606062
224027_at,0.060604915
207865_s_at,0.060604785
217786_at,0.06060326
1554019_s_at,0.060601056
234260_at,0.06060098
1559309_at,0.060600825
204517_at,0.060600445
205700_at,0.06059999
204268_at,0.060598038
219457_s_at,0.060595036
243579_at,0.060591057
236337_at,0.060589943
215056_at,0.060587414
210173_at,0.0605843
209597_s_at,0.06058278
1558473_at,0.060578436
206101_at,0.060577754
238082_at,0.060575753
208014_x_at,0.0605746
214641_at,0.0605731
226026_at,0.060572743
1569058_at,0.060572006
209189_at,0.06055057
1557788_a_at,0.060549118
43511_s_at,0.06054853
1553214_a_at,0.06054684
235442_at,0.060545254
1556736_at,0.060544014
241969_at,0.060542475
226970_at,0.060541153
238147_at,0.06053751
233724_at,0.06053736
242467_at,0.0605368
227201_at,0.06053061
222055_at,0.060527585
1561346_at,0.060525686
1559971_at,0.060525127
215378_at,0.060524166
202309_at,0.06052178
227850_x_at,0.06052038
236129_at,0.06051863
59625_at,0.060518377
211005_at,0.060516983
239791_at,0.060515635
215169_at,0.06051418
239790_s_at,0.06051244
237254_at,0.0605108
1558041_a_at,0.06050892
1556694_a_at,0.060508475
244595_at,0.06050363
205424_at,0.0605029
1562481_at,0.060500458
221258_s_at,0.06049855
221288_at,0.060495943
236351_at,0.060493305
228168_at,0.060492307
215048_at,0.060491756
238736_at,0.060489193
214457_at,0.060488254
1565254_s_at,0.06048805
232556_at,0.060485892
219183_s_at,0.060485497
1559728_at,0.060485195
238939_at,0.060480133
1557616_at,0.060477406
238885_at,0.06047684
230613_at,0.060475573
237214_at,0.06047449
40850_at,0.06047377
220069_at,0.060473345
1557527_at,0.06047246
214484_s_at,0.06047122
219546_at,0.060470283
224032_x_at,0.06046999
60471_at,0.06046769
1555826_at,0.060466573
244838_at,0.06046635
1558876_at,0.060465068
238793_at,0.060462445
238327_at,0.060462087
206012_at,0.060462005
209732_at,0.06046143
222620_s_at,0.060458004
1556323_at,0.06045799
227405_s_at,0.060457483
230086_at,0.060457125
212611_at,0.060456544
214064_at,0.06045474
1562433_at,0.06045197
240144_at,0.060451835
1555874_x_at,0.060447052
207786_at,0.06044425
222507_s_at,0.0604423
241927_x_at,0.06044165
238882_at,0.06044136
207926_at,0.060440045
219032_x_at,0.060439765
241215_at,0.06043711
230058_at,0.060436115
223796_at,0.060430482
233917_s_at,0.06042584
223726_at,0.060424127
213192_at,0.060420863
236911_at,0.060419597
239978_at,0.060418904
210828_s_at,0.060418785
229478_x_at,0.06041846
207046_at,0.060418412
1570048_at,0.060416363
219281_at,0.060412705
229288_at,0.060408797
210339_s_at,0.06040731
207351_s_at,0.060398236
221015_s_at,0.06039782
212327_at,0.060397036
240415_at,0.06039007
1555904_at,0.06038761
223068_at,0.06038572
213600_at,0.06038472
208580_x_at,0.060382828
222506_at,0.06038249
233846_at,0.060381256
211352_s_at,0.060381234
210332_at,0.060380112
225937_at,0.060379595
239294_at,0.060378492
227295_at,0.060375616
238174_at,0.06037444
243221_at,0.060372725
1557217_a_at,0.060372382
217270_s_at,0.060370483
1552516_a_at,0.060370043
243439_at,0.060368866
209948_at,0.060367197
207732_s_at,0.060366124
218835_at,0.060362313
202880_s_at,0.06036061
217536_x_at,0.0603568
225112_at,0.060354218
244679_at,0.0603538
200821_at,0.060351968
1552401_a_at,0.06035196
236850_at,0.06035132
208711_s_at,0.060351
214488_at,0.06034895
232108_at,0.060348623
226961_at,0.06034738
206981_at,0.06034652
204845_s_at,0.060345765
226354_at,0.060344458
211641_x_at,0.060339436
217642_at,0.060339212
225934_at,0.06033789
242172_at,0.060337573
242499_at,0.060336456
220011_at,0.0603348
1558348_at,0.060334265
214073_at,0.060333986
236875_at,0.060332827
228006_at,0.060331866
212241_at,0.060331598
230313_at,0.060327023
1554290_at,0.060326517
238643_at,0.060326364
209093_s_at,0.060321376
242453_at,0.06032104
232513_x_at,0.060317814
1552299_at,0.06031661
212259_s_at,0.06031561
233580_at,0.060313627
233958_at,0.06031222
1569052_at,0.060311683
232499_at,0.060310066
201907_x_at,0.060309354
224698_at,0.060308814
229483_at,0.06030856
1555766_a_at,0.06030847
207078_at,0.060308054
1565436_s_at,0.060307488
231143_at,0.060306683
235194_at,0.060305886
244773_at,0.06030464
230401_at,0.060304202
235879_at,0.06030327
241301_at,0.06029854
1559533_at,0.060297612
1560798_at,0.060295876
213447_at,0.060293242
243742_at,0.060288884
1557349_at,0.060287602
1560853_x_at,0.060285874
1558759_s_at,0.060284078
204521_at,0.060282752
239238_at,0.06027922
235170_at,0.060275108
1556065_at,0.06027374
1565811_at,0.06027071
1558914_at,0.060269445
217579_x_at,0.06026876
1557512_at,0.060266778
1558754_at,0.060263533
232336_at,0.060259
205721_at,0.060258783
237249_at,0.060257163
232011_s_at,0.0602569
237583_at,0.06025648
236673_at,0.06025581
238267_s_at,0.06025466
218270_at,0.060254008
213653_at,0.06025231
230650_at,0.06025111
200900_s_at,0.06024967
233792_at,0.060248293
218706_s_at,0.060246676
1560751_at,0.060244404
238687_x_at,0.060243964
1569854_at,0.06024246
200616_s_at,0.060242206
241614_at,0.060242057
215247_at,0.060238276
237211_x_at,0.060236808
213933_at,0.06023536
1556701_at,0.060233
224657_at,0.060232922
220859_at,0.06022887
219309_at,0.060227454
244452_at,0.060226995
205155_s_at,0.060224786
225421_at,0.060222983
1559204_x_at,0.060221076
243671_at,0.06021945
216468_s_at,0.060217634
214412_at,0.060216967
210579_s_at,0.0602168
209850_s_at,0.060215212
231407_s_at,0.060211685
1569237_at,0.060209274
235588_at,0.06020379
221824_s_at,0.060202867
213139_at,0.060202293
241561_at,0.06019958
236105_at,0.060199387
220813_at,0.0601962
237768_x_at,0.060194373
219692_at,0.06019415
200615_s_at,0.06019388
206088_at,0.06019357
230232_at,0.06019188
239089_at,0.060190678
217007_s_at,0.060188584
238297_at,0.060187254
228195_at,0.060186937
224613_s_at,0.060184516
1559890_a_at,0.060183838
1557403_s_at,0.06018228
201518_at,0.06017822
1562239_at,0.060178194
211764_s_at,0.060177207
207358_x_at,0.060176104
238713_at,0.060173914
224686_x_at,0.060171783
211086_x_at,0.06017083
1563147_at,0.060168568
1558467_a_at,0.060167175
224953_at,0.0601618
238659_at,0.060160805
215039_at,0.06015977
235242_at,0.060159504
232345_at,0.0601585
219298_at,0.060153812
207133_x_at,0.060151353
1554295_x_at,0.06014633
215789_s_at,0.06014506
1560156_at,0.06014067
203421_at,0.06013982
220459_at,0.06013848
215458_s_at,0.06013771
225522_at,0.060134172
1553734_at,0.0601336
1559044_at,0.060132995
227083_at,0.06013149
232968_at,0.06013104
227992_s_at,0.060130462
212143_s_at,0.060127318
226655_at,0.060125478
205223_at,0.060124323
238970_at,0.06012374
1569348_at,0.06012368
201062_at,0.06012277
227799_at,0.0601227
1553051_s_at,0.06012192
235726_at,0.060119182
231108_at,0.0601189
243478_at,0.06011367
231823_s_at,0.060113445
221102_s_at,0.06011226
243625_at,0.0601113
1556175_at,0.060110286
1562403_a_at,0.060109667
226977_at,0.06010966
239373_at,0.06010677
232262_at,0.06010671
222397_at,0.060105883
215296_at,0.060099922
239629_at,0.06009853
237733_at,0.06009692
216260_at,0.060093045
1563203_at,0.06009203
214012_at,0.060090974
243913_at,0.060089514
1555819_s_at,0.06008625
238617_at,0.06008575
239244_at,0.06008388
244001_at,0.06008053
1568717_a_at,0.06008043
230409_at,0.06008017
229710_at,0.06007953
239118_at,0.060078986
239403_at,0.06007658
230040_at,0.06007634
204696_s_at,0.060073808
1560271_at,0.06007266
240365_at,0.06007243
213436_at,0.06007191
234133_s_at,0.06007067
241631_at,0.0600686
210102_at,0.060066007
228539_at,0.06006302
238231_at,0.060062982
238944_at,0.060061842
1568623_a_at,0.06006091
219647_at,0.060059085
243551_at,0.060056284
233647_s_at,0.06005457
210717_at,0.060053475
237688_at,0.06005186
244787_at,0.060050488
1559227_s_at,0.06004834
1556735_at,0.060047895
242006_at,0.06004721
230545_at,0.060046263
1562460_at,0.06004411
1570651_at,0.06004396
213178_s_at,0.060043454
212378_at,0.060043395
1556404_a_at,0.060042333
232918_at,0.06004168
1569365_a_at,0.060040038
205156_s_at,0.060039096
200770_s_at,0.06003551
238545_at,0.06003551
233808_at,0.060034793
229605_at,0.060033955
203408_s_at,0.060032427
1554683_a_at,0.060031913
242013_at,0.060031727
221745_at,0.060028344
200898_s_at,0.06002666
239952_at,0.06002661
240529_at,0.060026564
230071_at,0.060026243
236899_at,0.060025707
233289_at,0.06002353
214735_at,0.06002225
240079_at,0.06002156
1563542_a_at,0.060020052
224550_s_at,0.060019426
232508_at,0.06001748
1559331_x_at,0.06001646
228119_at,0.06001465
215589_at,0.0600131
242588_at,0.060013093
215441_at,0.06001173
1560171_at,0.06001169
226691_at,0.0600062
237107_at,0.060005262
1556226_at,0.060002703
241156_at,0.059999414
205095_s_at,0.059998773
1557895_at,0.059998065
228666_at,0.059993654
223093_at,0.059993476
242424_at,0.059991732
209770_at,0.059991106
215393_s_at,0.059986748
238923_at,0.059984803
240579_at,0.05998432
225635_s_at,0.05998309
226479_at,0.059982866
240102_at,0.059982046
237112_at,0.059981123
203580_s_at,0.059980467
236223_s_at,0.05997947
232230_at,0.05997906
1555862_s_at,0.0599773
223223_at,0.05997616
237470_at,0.059974954
215332_s_at,0.059974097
232626_at,0.05997047
208237_x_at,0.059970304
228105_at,0.059969485
201875_s_at,0.059968248
244200_at,0.059967935
239816_at,0.059967726
1560292_a_at,0.059967376
210029_at,0.059966676
1558791_at,0.059965387
1562743_at,0.059964754
205109_s_at,0.05996469
207037_at,0.059964627
209771_x_at,0.05996439
1561899_at,0.059964143
213952_s_at,0.059960753
1569202_x_at,0.059958696
237156_at,0.059958365
1569960_at,0.059956685
220442_at,0.059955753
1556715_at,0.059955206
205503_at,0.059953343
204844_at,0.059952922
240328_at,0.059950948
227938_s_at,0.059950665
228109_at,0.05994641
205738_s_at,0.059945926
244185_at,0.059945494
229966_at,0.05994457
235668_at,0.05993806
1558116_x_at,0.05993776
230230_at,0.059935078
244772_at,0.05992773
218245_at,0.05992733
56256_at,0.059927076
228465_at,0.059926137
212367_at,0.059925675
220456_at,0.05992523
232682_at,0.05992312
201120_s_at,0.0599204
238291_at,0.059919365
216110_x_at,0.059916705
1554824_at,0.05991572
202274_at,0.05991511
218600_at,0.059913754
1561733_at,0.05991375
228948_at,0.05990953
244514_at,0.059905484
218630_at,0.059904158
242088_at,0.059902847
215688_at,0.059902675
222089_s_at,0.059902087
228696_at,0.059899524
228783_at,0.059899025
1552257_a_at,0.059898287
1555423_at,0.05989747
236946_at,0.059895754
223756_at,0.059895255
228841_at,0.059894413
230955_s_at,0.059890285
240091_at,0.059888583
224494_x_at,0.059888326
238771_at,0.059888154
1565863_at,0.059887957
239623_at,0.059887856
239109_at,0.05988744
1556138_a_at,0.059885465
221283_at,0.059884164
218026_at,0.059883267
225293_at,0.059882805
1553843_at,0.05988115
240899_at,0.059880108
231877_at,0.059879456
229668_at,0.059878938
215966_x_at,0.05987718
240974_at,0.05987701
218500_at,0.059876516
1559144_x_at,0.05987225
208358_s_at,0.059871867
244576_at,0.05987095
225682_s_at,0.05987075
218489_s_at,0.05986841
240245_at,0.05986697
241254_at,0.059865445
234300_s_at,0.059864603
1565580_s_at,0.059862137
207749_s_at,0.059858248
216682_s_at,0.059856996
236867_at,0.059854835
1559072_a_at,0.059851997
229180_at,0.05985063
1554641_a_at,0.059849508
231300_at,0.059848905
228378_at,0.059847027
229136_s_at,0.059845284
1566957_at,0.05984522
1553875_s_at,0.05983846
1554384_at,0.059838306
220341_s_at,0.059834808
1560495_at,0.0598342
242397_at,0.05983171
219509_at,0.05983033
239466_at,0.059830323
234054_at,0.05982407
232605_s_at,0.05982317
234748_x_at,0.05982204
227756_at,0.05981993
216026_s_at,0.05981554
222669_s_at,0.05981511
1554992_at,0.05981317
209827_s_at,0.059812814
230278_at,0.05981119
218765_at,0.059809744
206865_at,0.05980971
213917_at,0.05980943
214900_at,0.059809238
225738_at,0.059806004
213083_at,0.05980499
222519_s_at,0.059804395
234304_s_at,0.0598042
244219_at,0.059800386
230942_at,0.05979877
207190_at,0.059798077
231317_at,0.059797928
237425_at,0.059796933
224118_at,0.05979612
202404_s_at,0.059792265
1560926_at,0.05979176
233713_at,0.059791043
222391_at,0.059786886
223979_x_at,0.05978525
234357_at,0.0597842
1561243_at,0.059783876
234225_at,0.059783123
210788_s_at,0.059782
1553626_a_at,0.059780702
229109_s_at,0.0597801
231292_at,0.059778243
234343_s_at,0.059777312
239033_at,0.059775785
203915_at,0.05977334
235460_at,0.059771977
212183_at,0.059767663
226939_at,0.059766755
1569272_at,0.059766173
215252_at,0.05976516
1558899_s_at,0.05976503
203413_at,0.059764966
203300_x_at,0.05976343
222941_at,0.059761994
1560742_at,0.059761688
227088_at,0.059756577
35820_at,0.05975385
230374_at,0.0597495
208031_s_at,0.059748687
244128_x_at,0.059748046
212803_at,0.05974689
204192_at,0.059746385
237448_at,0.05974584
220790_s_at,0.059745032
207779_at,0.059743628
227248_at,0.059742816
1556766_at,0.059739515
243367_at,0.059739
1562898_at,0.05973564
241956_at,0.05973518
244557_at,0.0597337
205053_at,0.059733585
240829_at,0.059728578
238469_at,0.05972512
238407_at,0.059724152
218513_at,0.05972354
239130_at,0.05971688
220936_s_at,0.059713177
204125_at,0.0597104
227704_at,0.059707493
228439_at,0.059706464
231387_at,0.05970486
230575_at,0.05970344
217788_s_at,0.05969891
217929_s_at,0.059698876
244023_at,0.059698015
207799_x_at,0.05969754
200684_s_at,0.059695512
1553499_s_at,0.059694625
231067_s_at,0.059693053
223993_s_at,0.05969158
224681_at,0.059689492
1558766_at,0.0596893
239017_at,0.059687927
232594_at,0.05968538
215732_s_at,0.059684888
202159_at,0.05968365
1558819_at,0.059681762
232103_at,0.059676364
227839_at,0.059674926
216456_at,0.059674576
210995_s_at,0.059673965
237802_at,0.059673868
221803_s_at,0.059673727
216481_at,0.059672907
1552722_at,0.059672832
226419_s_at,0.059670627
244794_at,0.059669737
210693_at,0.059665382
204826_at,0.05966468
231296_at,0.059662312
228199_at,0.059661567
243963_at,0.059658617
1553727_at,0.059657052
1567274_at,0.059656225
235368_at,0.059654072
227046_at,0.05964926
217262_s_at,0.059648216
214367_at,0.059648067
232273_at,0.059647925
208769_at,0.059647173
215889_at,0.059646837
220631_at,0.059643924
225224_at,0.059641466
203002_at,0.05964119
224726_at,0.059639677
214465_at,0.059638426
204867_at,0.05963765
237072_at,0.059636146
201185_at,0.05963567
208179_x_at,0.059635226
223766_at,0.059630945
207201_s_at,0.059626587
243578_at,0.059624165
218574_s_at,0.05962395
207794_at,0.059623245
232966_at,0.059623145
213343_s_at,0.059622586
1559561_at,0.05962164
218861_at,0.05962123
219377_at,0.059620127
1569183_a_at,0.059618875
204693_at,0.059618507
230806_s_at,0.05961795
225886_at,0.059615612
231533_at,0.059614986
244162_at,0.05961357
214945_at,0.059612624
234164_at,0.059612565
1565881_at,0.059611477
242058_at,0.059611097
1567252_at,0.059609428
223476_s_at,0.059609294
206042_x_at,0.059607163
202275_at,0.059606448
219102_at,0.05960568
225915_at,0.059603743
201742_x_at,0.059601873
217991_x_at,0.05960065
202822_at,0.059599295
219379_x_at,0.059598595
215265_at,0.059592005
243029_at,0.05959177
219838_at,0.059591673
217236_x_at,0.059591576
221471_at,0.059591323
232978_at,0.059590608
224412_s_at,0.05958707
244358_at,0.0595866
234557_at,0.059585743
1554826_at,0.05958569
218597_s_at,0.059585124
224566_at,0.05958429
225440_at,0.05958028
225787_at,0.05957958
1556621_a_at,0.05957909
240497_at,0.059576288
243118_at,0.059575193
214388_at,0.05957435
213367_at,0.059573233
224889_at,0.059571534
1554459_s_at,0.05957095
211078_s_at,0.05957084
243608_at,0.0595672
241732_at,0.05956655
240964_at,0.05956483
237517_at,0.059561435
203563_at,0.059560984
234001_s_at,0.05955953
203350_at,0.05955915
230125_at,0.05955825
202002_at,0.05955538
231428_at,0.05955404
240655_at,0.059553266
1554181_at,0.05955064
215821_x_at,0.059549853
206997_s_at,0.059543654
225822_at,0.059541978
208723_at,0.059538007
227044_at,0.059536517
233963_at,0.05953619
204491_at,0.059530824
233312_at,0.059530612
226974_at,0.059526287
1569543_at,0.0595238
214542_x_at,0.059521243
1563691_at,0.059518307
238250_at,0.05951681
1558631_at,0.05951543
234107_s_at,0.059515163
215544_s_at,0.059514977
215342_s_at,0.059513733
209242_at,0.059511546
220413_at,0.05951138
202893_at,0.05950714
237325_at,0.059506267
1565875_at,0.059503436
226991_at,0.05950153
1558527_at,0.059498742
203427_at,0.05949381
218701_at,0.059492752
233452_at,0.0594903
1554612_at,0.05948812
214925_s_at,0.059487805
236975_at,0.059486836
1558014_s_at,0.05948679
1566671_a_at,0.059484623
1560349_at,0.059484236
231480_at,0.059483036
226390_at,0.059481174
229378_at,0.05948115
221876_at,0.05947952
236132_at,0.059477627
1568779_a_at,0.05947024
228686_at,0.059469476
227599_at,0.05946839
226789_at,0.05946803
235938_at,0.0594634
211148_s_at,0.059461683
240141_at,0.059460312
207045_at,0.059459023
225162_at,0.05945853
44040_at,0.059457302
236924_at,0.059456855
208218_s_at,0.059455544
1560201_at,0.05945313
244778_x_at,0.05945243
1556932_at,0.05945191
1558184_s_at,0.05944726
238841_at,0.059445992
239692_at,0.05944454
230142_s_at,0.059444204
213533_at,0.059443347
1557165_s_at,0.05944319
216946_at,0.059442554
204446_s_at,0.059438884
237377_at,0.05943818
221019_s_at,0.059437163
1555144_at,0.059437014
208458_at,0.059436213
219863_at,0.05943483
1556656_at,0.059433594
1554953_a_at,0.059432905
1563590_at,0.059432052
213370_s_at,0.059431642
237561_x_at,0.059430808
235370_at,0.059430096
1558152_at,0.059429623
240595_at,0.059429593
235384_at,0.059428573
231222_at,0.059427425
239008_at,0.059426177
243514_at,0.059425592
202246_s_at,0.059423953
232163_at,0.059423365
201402_at,0.05942267
235408_x_at,0.059420213
236703_at,0.05942005
230174_at,0.059419945
233801_s_at,0.05941865
228630_at,0.059413806
1560018_at,0.059413187
1556676_a_at,0.05941251
216200_at,0.059408367
225812_at,0.059408076
242389_at,0.059406087
1555294_a_at,0.059405584
231732_at,0.05940447
214517_at,0.059400253
238664_s_at,0.05939906
209940_at,0.059397116
208034_s_at,0.059396893
219083_at,0.059396386
236075_s_at,0.059393182
209426_s_at,0.059391
239024_at,0.059389427
207206_s_at,0.059383288
208518_s_at,0.059381664
236366_at,0.05938092
214190_x_at,0.05937445
216156_at,0.05937054
1570439_at,0.059370138
202151_s_at,0.05936715
210887_s_at,0.059366934
242393_x_at,0.05936692
223379_s_at,0.059366718
233986_s_at,0.05936648
229397_s_at,0.059364438
201990_s_at,0.059361547
210109_at,0.0593597
226863_at,0.059359513
206737_at,0.059352353
213555_at,0.05935128
239362_at,0.05935008
213045_at,0.059349775
207575_at,0.05934543
232600_at,0.059341975
226540_at,0.059338365
243550_at,0.059334286
1556060_a_at,0.059332788
242495_at,0.05933253
230277_at,0.0593303
213965_s_at,0.059326567
230710_at,0.059325483
1554588_a_at,0.059325337
230898_at,0.059324965
64883_at,0.059321374
216811_at,0.059317186
243086_at,0.05931656
233198_at,0.059313253
213407_at,0.059311002
219915_s_at,0.059306353
214947_at,0.05930184
222394_at,0.059298173
206553_at,0.05929795
206606_at,0.059297696
1557177_at,0.05929684
1554213_at,0.059293203
217295_at,0.05929142
207189_s_at,0.0592898
1562230_at,0.059289023
1559494_at,0.05928408
213435_at,0.059279338
1560527_at,0.059279338
218013_x_at,0.05927901
209790_s_at,0.059277818
231955_s_at,0.05927719
229978_at,0.05927648
1569676_at,0.059273474
214535_s_at,0.05927217
232134_at,0.059267268
1555856_s_at,0.059264004
224047_at,0.05926396
232484_at,0.059263725
223398_at,0.059262812
1565627_a_at,0.05926063
236211_at,0.05925964
244302_at,0.05925958
1565876_x_at,0.059258994
241580_at,0.059258476
207018_s_at,0.059258148
236220_at,0.059258074
223866_at,0.059256144
242156_at,0.059254304
210281_s_at,0.059253693
210524_x_at,0.059246093
229052_at,0.059245773
229522_at,0.059245702
244676_s_at,0.05924511
226192_at,0.0592451
211105_s_at,0.05924368
210957_s_at,0.05924027
1559848_at,0.05923836
232179_at,0.059237715
233228_at,0.0592369
224792_at,0.05923516
1568706_s_at,0.05923515
243416_at,0.059232704
236393_at,0.059232663
217341_at,0.05923125
1569346_a_at,0.059227854
1563808_at,0.05922714
233874_at,0.059226252
206182_at,0.059222534
243475_at,0.05922222
230098_at,0.059221715
223659_at,0.059221238
237673_at,0.059220348
239436_at,0.05922016
234487_at,0.059219956
231743_at,0.059219565
204811_s_at,0.059219435
1569510_at,0.059217915
1554689_a_at,0.059215985
214594_x_at,0.05921173
1564718_at,0.059211235
227300_at,0.059211034
201893_x_at,0.05921012
205107_s_at,0.059209526
203541_s_at,0.059209466
238430_x_at,0.05920878
1569680_at,0.059208088
201835_s_at,0.059206575
237418_at,0.059206143
224723_x_at,0.0592051
235774_at,0.059203967
201555_at,0.059203938
220410_s_at,0.05920352
239873_at,0.05920112
213379_at,0.059200987
204684_at,0.0591985
1566113_at,0.059197083
216598_s_at,0.05919478
203657_s_at,0.059193283
1559902_at,0.059191555
232295_at,0.059189655
204406_at,0.05918703
1555192_at,0.059184484
214129_at,0.059183612
1559151_at,0.059181295
228587_at,0.059181087
226040_at,0.059180826
235286_at,0.059180126
217198_x_at,0.05917847
201759_at,0.05917664
214969_at,0.059174687
220712_at,0.059174106
223990_at,0.05917344
242592_at,0.059172712
214755_at,0.059172347
1570335_at,0.059172124
228368_at,0.05917072
236417_at,0.05917035
231502_at,0.05916924
220265_at,0.05916682
226825_s_at,0.05916661
238281_at,0.059165597
202269_x_at,0.05916053
1560503_a_at,0.059159927
206081_at,0.05915883
241600_at,0.059156492
1552643_at,0.0591563
230542_at,0.05915474
221905_at,0.05915253
227059_at,0.059152376
215083_at,0.059150577
202693_s_at,0.059150428
209818_s_at,0.05914627
236286_at,0.059145704
231200_at,0.059145685
219596_at,0.059142824
232138_at,0.059142143
239663_x_at,0.05914103
244423_at,0.059139777
214880_x_at,0.059139427
238737_at,0.059137106
215005_at,0.059135973
229065_at,0.059131995
243847_at,0.059131235
214054_at,0.05912964
222087_at,0.059129573
232425_at,0.059126973
1570078_a_at,0.059123013
210682_at,0.05912161
207199_at,0.059119686
1564911_at,0.05911634
221560_at,0.0591162
201008_s_at,0.059113562
206381_at,0.05911293
225736_at,0.059109613
228925_at,0.059109256
220741_s_at,0.059103668
244467_at,0.059103012
1557099_at,0.059102356
230599_at,0.05910164
217034_at,0.059098378
214038_at,0.059096493
215687_x_at,0.05909574
1565887_at,0.059095442
219409_at,0.059094936
232252_at,0.05909326
240246_at,0.05909264
228329_at,0.05909209
212110_at,0.059091732
1557438_at,0.05909078
1561044_at,0.05908887
220012_at,0.059088856
227906_s_at,0.059086606
226474_at,0.059084296
219431_at,0.059082404
239163_at,0.059080303
241670_x_at,0.059077933
231579_s_at,0.059077263
224016_at,0.05907716
215859_at,0.059076883
244281_at,0.059076376
244664_at,0.059075654
226809_at,0.05907563
1554122_a_at,0.059072807
233157_x_at,0.059071176
216880_at,0.05906996
217374_x_at,0.05906799
229519_at,0.059066772
222025_s_at,0.059064806
208535_x_at,0.059064265
229134_at,0.059063047
228490_at,0.059062243
217498_at,0.059060182
205179_s_at,0.059058215
232553_at,0.05905669
227275_at,0.059054703
212446_s_at,0.059053853
239519_at,0.059053734
214432_at,0.05905277
220841_s_at,0.05905208
207086_x_at,0.059050687
241535_at,0.059050556
1562026_at,0.05904694
1555922_at,0.05904313
238224_at,0.059041526
203527_s_at,0.05904059
234095_at,0.059039246
238899_at,0.059036873
224880_at,0.059036285
229432_at,0.059035376
240185_at,0.05903481
206560_s_at,0.059034735
1566548_at,0.059032947
218394_at,0.059032172
230781_at,0.059031412
222404_x_at,0.059029818
242912_at,0.05902917
226344_at,0.059026644
218519_at,0.059025154
215736_at,0.059024986
241411_at,0.059024252
203811_s_at,0.059023127
1566342_at,0.059021816
200731_s_at,0.05902177
238703_at,0.0590206
225699_at,0.059018493
218584_at,0.059017494
242462_at,0.05901622
237960_at,0.059015423
207771_at,0.05901189
231985_at,0.059011653
1564413_at,0.05901163
244549_at,0.059011243
232365_at,0.05901116
229326_at,0.059011
242363_at,0.05900906
204999_s_at,0.05900722
232125_at,0.059006184
1557918_s_at,0.059004217
229122_x_at,0.059002995
236524_at,0.059000388
239839_at,0.059000023
232926_x_at,0.05899988
214533_at,0.058999643
1558793_at,0.058998518
217282_at,0.058997825
219208_at,0.058997393
203320_at,0.05899483
238157_at,0.058994267
214839_at,0.05899352
226731_at,0.058993436
233956_at,0.05899335
203216_s_at,0.05899018
213679_at,0.058990087
223805_at,0.058988973
216573_at,0.058987223
1552961_at,0.058986038
244873_s_at,0.05898477
230492_s_at,0.058982864
221328_at,0.058978796
215291_at,0.05897768
1559696_at,0.05897673
242213_at,0.058974728
240507_at,0.058969997
236607_at,0.05896999
229756_at,0.058969922
1555114_at,0.058969267
219755_at,0.05896779
230916_at,0.05896541
229999_at,0.05896519
231807_at,0.058962777
219182_at,0.058961987
235517_at,0.05895765
209969_s_at,0.058956057
229794_at,0.058952652
1552717_s_at,0.058952242
214023_x_at,0.058948874
232267_at,0.05894883
209521_s_at,0.058948085
238120_at,0.05894709
204058_at,0.058943965
202619_s_at,0.05894188
241905_at,0.058939576
215209_at,0.05893947
1556206_at,0.058938697
215028_at,0.058938287
227314_at,0.058937833
1566272_at,0.058935817
241525_at,0.058930956
207360_s_at,0.058930837
224262_at,0.05893035
209992_at,0.058930315
232722_at,0.058929786
1559394_a_at,0.058929376
224933_s_at,0.058927894
243230_at,0.058925454
1552612_at,0.05892542
221088_s_at,0.058925256
225300_at,0.058922753
1557521_a_at,0.05892238
215385_at,0.058920965
217744_s_at,0.05892058
227691_at,0.058920145
206194_at,0.058919266
224013_s_at,0.058918655
236469_at,0.058918104
1559154_at,0.058917902
209335_at,0.058916967
211884_s_at,0.0589161
1568817_at,0.058914118
208224_at,0.058911815
244197_x_at,0.05891159
222648_at,0.058911197
225098_at,0.05891113
1556287_a_at,0.058908995
225803_at,0.058908105
209339_at,0.058907688
213207_s_at,0.058894277
213133_s_at,0.05889243
209936_at,0.058892056
1555793_a_at,0.05888848
223278_at,0.058883045
223612_s_at,0.05888302
1558619_at,0.058882616
59644_at,0.058880955
219152_at,0.058878943
204846_at,0.05887856
224495_at,0.058876686
241636_x_at,0.058875952
204233_s_at,0.058874458
219769_at,0.058872193
1558412_at,0.05887182
219854_at,0.05887133
214753_at,0.05887124
218833_at,0.058869846
1554513_s_at,0.058869302
239788_at,0.058867887
227024_s_at,0.058866106
233239_at,0.05886411
218812_s_at,0.058861077
1556578_a_at,0.058861054
205140_at,0.058859095
237750_at,0.058856495
1553405_a_at,0.05885601
227829_at,0.058855593
240865_at,0.058854863
244157_x_at,0.05885414
210078_s_at,0.058853477
205755_at,0.058852956
216633_s_at,0.058851317
239982_at,0.058850847
210599_at,0.058849216
232788_at,0.058846932
218361_at,0.058846056
231199_at,0.058844537
205572_at,0.058844164
216183_at,0.058841415
222363_at,0.058840767
206076_at,0.058840662
243207_at,0.058839105
234792_x_at,0.05883833
217074_at,0.05883766
231110_at,0.05883511
1568805_at,0.058834717
213770_at,0.058834657
1569487_at,0.05883333
227247_at,0.058832876
207935_s_at,0.058831632
205311_at,0.05883132
202969_at,0.05883068
209754_s_at,0.058827147
1561263_at,0.058826767
202585_s_at,0.058825463
235656_s_at,0.05882268
224179_s_at,0.05882084
219557_s_at,0.05881831
210657_s_at,0.058815964
239131_at,0.058815956
229713_at,0.05881031
201744_s_at,0.058808893
232199_at,0.0588066
57715_at,0.058805406
232921_at,0.05880467
202950_at,0.0588035
240375_at,0.058802344
1559492_at,0.058801156
241447_at,0.05879937
222223_s_at,0.05879863
233878_s_at,0.058796644
223287_s_at,0.05879402
240147_at,0.058791935
1557805_at,0.058790773
202771_at,0.058790475
213015_at,0.05878903
1560373_a_at,0.058784768
241722_x_at,0.058784276
209269_s_at,0.058783412
237916_at,0.058782406
230768_at,0.058781996
236245_at,0.058781244
219301_s_at,0.05878084
238859_at,0.058780625
1563071_at,0.058777478
236859_at,0.058776513
220565_at,0.058774166
201846_s_at,0.058773726
1557740_a_at,0.05877281
230576_at,0.058772337
211792_s_at,0.058771864
221291_at,0.05877169
234492_at,0.05877165
244818_at,0.058767386
239411_at,0.05876688
240358_at,0.05876679
202971_s_at,0.058766738
233509_at,0.058766097
224277_at,0.058765806
205554_s_at,0.058764435
244769_at,0.05876188
223464_at,0.058760166
242134_at,0.058757097
238171_at,0.05875505
205381_at,0.05875443
220252_x_at,0.058754355
214646_at,0.05875244
219170_at,0.05874963
231079_at,0.05874762
225368_at,0.05874674
221385_s_at,0.05874639
241860_at,0.058745712
221884_at,0.058744587
238734_at,0.058744404
204100_at,0.058744192
228258_at,0.058742404
209886_s_at,0.058741838
238988_at,0.05874166
236921_at,0.05874145
233780_at,0.058739334
218512_at,0.058739275
233852_at,0.05873914
214060_at,0.05873838
217060_at,0.058737323
1569830_at,0.05873689
217655_at,0.058736473
206098_at,0.058734693
219582_at,0.058725864
223348_x_at,0.05872421
212701_at,0.058723122
1554310_a_at,0.058721885
211674_x_at,0.058719836
221490_at,0.058719426
1553801_a_at,0.058716774
208180_s_at,0.058711544
233104_at,0.0587111
219964_at,0.058710463
236505_at,0.058707587
1561092_at,0.058707245
211190_x_at,0.05870591
1570165_at,0.058704644
236181_at,0.058703326
1569482_at,0.058702186
219561_at,0.058701888
1558670_at,0.058701873
235040_at,0.058701016
91826_at,0.05869961
211697_x_at,0.058699504
1554348_s_at,0.058698535
214171_s_at,0.05869822
203845_at,0.05869752
209502_s_at,0.05869627
201641_at,0.05869457
215833_s_at,0.058689043
240452_at,0.058688223
208187_s_at,0.058687445
230798_at,0.05868724
237232_at,0.058687
219385_at,0.058686078
225957_at,0.0586859
236281_x_at,0.058684647
1559474_at,0.058684364
231034_s_at,0.0586834
206940_s_at,0.0586833
218689_at,0.058681354
210640_s_at,0.058678284
218399_s_at,0.05867815
213317_at,0.05867804
204600_at,0.05867756
209834_at,0.058676235
38241_at,0.05867523
1552476_s_at,0.05867228
204302_s_at,0.058670953
244053_at,0.058669798
1553810_a_at,0.058669545
230131_x_at,0.058668494
235150_at,0.058665916
215446_s_at,0.058665324
206950_at,0.05866482
1562089_at,0.05866291
1560033_at,0.058660228
211282_x_at,0.05865985
205803_s_at,0.05865911
224785_at,0.058656603
230881_at,0.058655888
1554131_at,0.058655612
205774_at,0.058654338
1553165_at,0.05865384
235736_at,0.05865342
222879_s_at,0.058652714
241777_x_at,0.058652528
209939_x_at,0.058652043
229272_at,0.058647424
241528_at,0.058647305
233208_x_at,0.058646917
202930_s_at,0.058646187
225367_at,0.058645427
206800_at,0.05864538
242616_at,0.058643922
221280_s_at,0.058641806
1569949_at,0.05864156
233937_at,0.058641255
209682_at,0.058639884
216762_at,0.058638543
231852_at,0.058635242
1565759_at,0.058632024
210136_at,0.058630764
234707_x_at,0.05862923
220038_at,0.05862224
235082_at,0.05862187
218023_s_at,0.0586192
1553352_x_at,0.05861688
210377_at,0.05861506
218508_at,0.058614373
228707_at,0.058611862
212326_at,0.05860874
1555441_at,0.058608323
1558119_at,0.058603495
232265_at,0.058602333
1556812_a_at,0.058600813
230742_at,0.058600083
240485_at,0.05859964
241802_x_at,0.058597084
201660_at,0.05859703
39582_at,0.05859655
231965_at,0.058595702
239800_at,0.058595482
242417_at,0.058594942
213880_at,0.058594704
226539_s_at,0.05859305
237555_at,0.058590252
1553713_a_at,0.05858916
243561_at,0.05858864
1561625_at,0.05858544
231905_at,0.058584612
235393_at,0.05858423
232773_at,0.05858183
236471_at,0.058579743
233595_at,0.058579296
237710_at,0.058578297
207825_s_at,0.058576807
236591_at,0.058576502
230729_at,0.05857642
215351_at,0.05857566
206079_at,0.05857557
1553726_s_at,0.05857546
1561274_at,0.058574323
210610_at,0.05857262
234077_at,0.05857167
221618_s_at,0.058571637
243861_at,0.058571443
1552568_at,0.058570966
228243_at,0.05857022
229064_s_at,0.058569685
226018_at,0.058568195
1553663_a_at,0.058562372
1554842_at,0.05856163
228849_at,0.058560044
201989_s_at,0.058557972
237931_at,0.05855647
230428_at,0.058555372
240258_at,0.058555216
233786_at,0.05855412
1562247_at,0.058553904
213902_at,0.058551013
244857_at,0.05854768
229247_at,0.05854705
200784_s_at,0.05854579
238858_at,0.058544964
243002_at,0.058544546
203697_at,0.058541972
201036_s_at,0.058541477
203759_at,0.058541037
1554602_at,0.058539674
201171_at,0.058533296
227373_at,0.058532894
225732_at,0.058528602
238665_at,0.058524787
210061_at,0.05852458
227290_at,0.05852349
224370_s_at,0.05852208
237630_s_at,0.05852022
210294_at,0.058518533
213536_s_at,0.058517374
221208_s_at,0.05851628
223946_at,0.058515042
234955_at,0.05851195
210475_at,0.05850801
233283_at,0.058507755
240890_at,0.058507055
204489_s_at,0.058506936
205350_at,0.058506772
223574_x_at,0.05850608
37512_at,0.058504477
226209_at,0.058503717
206155_at,0.05850207
210286_s_at,0.05850131
218175_at,0.058498606
224143_at,0.05849751
210306_at,0.058497295
204152_s_at,0.058496967
230157_at,0.058496475
1560148_at,0.058493923
220409_at,0.05849224
1559073_at,0.058492057
230861_at,0.05849167
228748_at,0.058489487
236659_x_at,0.058489084
1555600_s_at,0.058484826
239171_at,0.058483675
244512_at,0.0584822
221447_s_at,0.058481663
1553704_x_at,0.05848086
236677_at,0.058480106
238275_at,0.05847952
223643_at,0.058478788
203102_s_at,0.058477074
228063_s_at,0.058475822
215132_at,0.05847354
232567_at,0.05847253
244583_at,0.058472477
1566779_at,0.058472224
1558822_at,0.058470324
231722_at,0.058469687
216115_at,0.058466382
1561073_at,0.058466032
235013_at,0.05846496
1557714_at,0.058464788
217936_at,0.05846463
234855_at,0.058463473
203954_x_at,0.05846259
236511_at,0.05845979
205599_at,0.0584594
207663_x_at,0.058459308
243371_at,0.05845566
223994_s_at,0.058455452
215159_s_at,0.058455057
215604_x_at,0.058454692
1555788_a_at,0.05845353
228660_x_at,0.05844988
201951_at,0.05844897
228961_at,0.058448732
1563075_s_at,0.058448136
233674_at,0.058448076
205271_s_at,0.05844374
203904_x_at,0.058442175
217700_at,0.05844175
212831_at,0.05844161
1554489_a_at,0.058440715
204188_s_at,0.05843828
239467_at,0.05843821
237782_at,0.05843702
221903_s_at,0.05843559
201853_s_at,0.058434755
217800_s_at,0.058433533
232137_at,0.058433414
239386_at,0.05843027
241394_at,0.058428425
242723_at,0.058428198
240118_at,0.058427677
1556645_s_at,0.058427386
213401_s_at,0.058427088
218284_at,0.058423713
217444_at,0.05842159
223821_s_at,0.058421098
220872_at,0.05842077
225543_at,0.05841711
1554294_s_at,0.058416888
203691_at,0.05841592
235627_at,0.058409777
232141_at,0.05840856
218308_at,0.05840814
236067_at,0.05840747
220707_s_at,0.05840622
241814_at,0.058404714
235745_at,0.058403358
226156_at,0.058402628
209294_x_at,0.05840099
215618_at,0.058399454
201349_at,0.058398634
241620_at,0.058396786
202332_at,0.05839464
211471_s_at,0.058394566
239479_x_at,0.05839411
231747_at,0.058392927
236413_at,0.05839073
220616_at,0.058388844
237286_at,0.058388494
235586_at,0.058388308
1555091_at,0.05838442
1553972_a_at,0.05838316
1556213_a_at,0.05838182
223438_s_at,0.058381766
1569112_at,0.058381546
220184_at,0.058381245
219958_at,0.058380947
1569453_a_at,0.058380812
207601_at,0.058378905
206582_s_at,0.058377452
219255_x_at,0.058377434
211421_s_at,0.058373004
208944_at,0.05837238
235317_at,0.05837193
1570197_at,0.058370493
240159_at,0.058368072
228146_at,0.05836697
242434_at,0.05836472
207442_at,0.058364406
206237_s_at,0.058363803
208055_s_at,0.058358617
227376_at,0.05835773
217755_at,0.058357254
227868_at,0.05835651
208644_at,0.05835545
206723_s_at,0.058354527
224216_at,0.058352448
241445_at,0.058350854
227855_at,0.058350205
242707_at,0.058349386
226649_at,0.058349065
236440_at,0.058348507
1554460_at,0.05834812
243032_at,0.058346108
223844_at,0.058342323
224646_x_at,0.05834221
237270_at,0.05834049
229452_at,0.05833924
201353_s_at,0.05833888
201882_x_at,0.058337178
233366_at,0.058337063
1553266_at,0.05833576
1561037_a_at,0.058335006
218019_s_at,0.0583328
46270_at,0.058332175
224299_x_at,0.05833085
1557964_at,0.058327727
231254_at,0.058326907
238951_at,0.058326602
218627_at,0.0583234
240957_at,0.058322415
220429_at,0.058321353
1563898_at,0.058319792
242437_at,0.05831358
236700_at,0.058313146
238396_at,0.0583131
234669_x_at,0.058310464
225275_at,0.05830867
242878_at,0.05830577
229252_at,0.058304906
232646_at,0.05830425
216430_x_at,0.05830404
236812_at,0.058304027
217518_at,0.058303464
235583_at,0.05830285
1553572_a_at,0.058301616
1557566_at,0.058298558
242540_at,0.05829808
1558391_s_at,0.058297835
219848_s_at,0.05829598
225917_at,0.058294028
243044_at,0.05829087
209686_at,0.05829086
1552515_at,0.05829055
241235_at,0.0582895
234131_at,0.05828271
236128_at,0.058280528
239698_at,0.05828003
1557673_at,0.058279492
204261_s_at,0.058277983
226612_at,0.05827543
206329_at,0.058273293
230270_at,0.05827187
1556744_a_at,0.05827126
1558795_at,0.058271214
216019_x_at,0.058269076
202395_at,0.058268085
1557564_at,0.058266312
233445_at,0.058263466
219733_s_at,0.0582629
215948_x_at,0.058261827
206539_s_at,0.058261782
236150_at,0.058260597
231052_at,0.058259923
1560082_at,0.058259316
226248_s_at,0.058257625
219785_s_at,0.05825664
234118_at,0.05825546
1569054_at,0.058253564
210991_s_at,0.05825296
212093_s_at,0.058252838
1561086_at,0.058251344
242394_at,0.058248922
240003_at,0.058248833
1555872_a_at,0.058248
236454_at,0.05824771
209916_at,0.058246955
227058_at,0.058246627
1554393_a_at,0.058242813
242737_at,0.058242142
216155_at,0.05824211
215272_at,0.05823975
1554481_a_at,0.05823876
239939_at,0.058237847
1559861_at,0.058234565
218782_s_at,0.058234543
215203_at,0.05823323
223635_s_at,0.058231995
1553389_at,0.058229826
212733_at,0.05822909
239469_at,0.058227092
223616_at,0.058224075
211241_at,0.05822304
239310_at,0.058221795
222711_s_at,0.05822135
1556983_a_at,0.058220863
1561666_a_at,0.05821587
223798_at,0.058215722
206775_at,0.058214948
227194_at,0.05821453
208361_s_at,0.058213085
230685_at,0.058210596
244484_at,0.058209226
208467_at,0.05820895
1556003_a_at,0.058208242
238953_at,0.05820778
224855_at,0.058206603
225189_s_at,0.05820287
227167_s_at,0.058201194
236707_at,0.058200747
215750_at,0.058199838
243387_at,0.05819886
233258_at,0.058196057
221531_at,0.058194995
207042_at,0.058194257
241310_at,0.058194153
237081_at,0.05819395
244041_at,0.058193393
233236_at,0.05819272
210159_s_at,0.058190495
242708_at,0.05818984
230726_at,0.058184534
235229_at,0.05818247
1564449_at,0.058179222
219520_s_at,0.05817692
213326_at,0.05817637
1560705_at,0.058176085
219878_s_at,0.05817586
1567009_at,0.0581711
201089_at,0.058170706
237185_at,0.058168825
228391_at,0.05816771
236657_at,0.058166027
214728_x_at,0.058162093
244029_at,0.05815781
240441_at,0.058157425
234113_at,0.058157258
242702_at,0.058157068
1562078_at,0.058154874
206988_at,0.058152623
50314_i_at,0.058152422
239421_at,0.058150053
230938_x_at,0.058149144
230006_s_at,0.05814749
1552518_s_at,0.058147088
206996_x_at,0.058146164
244716_x_at,0.05814582
239104_at,0.058143996
202830_s_at,0.058143348
1560999_a_at,0.058140278
239245_at,0.05813852
212328_at,0.05813823
227851_s_at,0.058137737
231928_at,0.058135558
234495_at,0.058133285
213574_s_at,0.058133245
202489_s_at,0.058132246
215123_at,0.058131814
236279_at,0.05813053
243999_at,0.058129482
1552384_a_at,0.058128253
236744_at,0.05812683
231794_at,0.05812633
1564435_a_at,0.058126286
221863_at,0.058125384
225789_at,0.058122367
236180_at,0.05812133
242461_at,0.058121026
220182_at,0.058118224
241687_at,0.05811572
218397_at,0.058110386
205275_at,0.058108807
235437_at,0.058107153
213112_s_at,0.058106795
206085_s_at,0.058103867
240659_x_at,0.058103606
234758_at,0.058099955
226305_at,0.05809856
230056_at,0.058093548
1568658_at,0.05808933
1569089_a_at,0.058085512
239717_at,0.058085505
1558418_at,0.058084443
202721_s_at,0.058082044
215322_at,0.05808139
205921_s_at,0.05808006
1559240_at,0.058079354
1565149_at,0.058079004
1553695_a_at,0.0580768
234996_at,0.058076285
242771_at,0.058074765
1554400_at,0.05807461
237647_at,0.058072343
217226_s_at,0.05806923
238202_at,0.058068052
237542_at,0.058065534
227770_at,0.05806522
206261_at,0.058062308
1559310_at,0.05806088
1556136_at,0.05805935
1556062_at,0.058055356
230338_x_at,0.058054537
214987_at,0.05805409
229872_s_at,0.05805272
230361_at,0.05805155
239576_at,0.05805144
206793_at,0.058048632
215015_at,0.05804748
222135_at,0.058045477
236024_at,0.05804521
1568934_at,0.058044847
236154_at,0.058043927
237839_at,0.05804243
232963_at,0.058042333
208596_s_at,0.058040116
218553_s_at,0.05803947
236408_at,0.058033586
236201_at,0.058033176
1569330_at,0.058032304
220347_at,0.05803099
243830_at,0.058029614
228661_s_at,0.058028385
226697_at,0.058027036
238714_at,0.05802685
226999_at,0.05802554
206722_s_at,0.058025047
1556797_at,0.058023877
222639_s_at,0.058022678
234928_x_at,0.05802147
205808_at,0.058021005
231040_at,0.058019847
226240_at,0.058016926
238557_at,0.058016762
1552523_a_at,0.058016196
232498_at,0.0580155
1565598_at,0.058014855
239200_at,0.058014333
243115_at,0.058009803
1569291_at,0.058009207
212492_s_at,0.05800776
228568_at,0.058007494
243528_at,0.058003217
1569624_at,0.05800278
224410_s_at,0.057999082
217381_s_at,0.057996906
231147_at,0.057996847
212555_at,0.057995714
234150_at,0.057993136
215828_at,0.05799231
232763_at,0.05799127
205347_s_at,0.057991043
220490_at,0.057987884
222352_at,0.05798748
226212_s_at,0.0579872
37408_at,0.057985127
1559631_at,0.057984754
232527_at,0.057983994
215515_at,0.057983533
219157_at,0.0579772
1558956_s_at,0.057976693
241752_at,0.057976045
230439_at,0.057975672
1553479_at,0.05797442
203414_at,0.05797395
240168_at,0.057972305
233320_at,0.057971902
213424_at,0.057970967
243730_at,0.057968445
214121_x_at,0.057968333
1566145_s_at,0.0579682
217196_s_at,0.057967655
203803_at,0.0579658
240868_at,0.057965398
231174_s_at,0.05796462
207446_at,0.057964146
243428_at,0.057961963
239382_at,0.05796192
1568971_at,0.057961494
240855_at,0.057956792
224506_s_at,0.057956662
232197_x_at,0.05795297
1558897_at,0.057949807
214429_at,0.057947814
223596_at,0.057947382
1560014_s_at,0.057947338
240282_at,0.05794707
216504_s_at,0.05794555
234773_x_at,0.057945054
206856_at,0.05794447
235786_at,0.057943642
222814_s_at,0.057942443
225569_at,0.05794236
1554918_a_at,0.05794005
228088_at,0.057939872
1557411_s_at,0.05793518
1564190_x_at,0.057932995
202502_at,0.057931483
226418_at,0.05793125
1562906_at,0.057930008
215371_at,0.05792953
217612_at,0.057928547
209838_at,0.057926387
1565483_at,0.057922333
215709_at,0.057921365
216253_s_at,0.057920277
237010_at,0.057920106
235551_at,0.057918996
231128_at,0.057918526
221729_at,0.0579174
236699_at,0.057913706
212419_at,0.057913437
234695_x_at,0.05791244
226056_at,0.057912298
232408_at,0.05791129
1556683_x_at,0.057910696
224794_s_at,0.057909198
224659_at,0.057905257
243527_at,0.057903424
239003_at,0.057902522
240279_at,0.057902306
229857_s_at,0.05790189
229612_at,0.057900175
1569086_at,0.0578994
1570259_at,0.057897426
232883_at,0.057895213
206401_s_at,0.057895206
203846_at,0.057892814
231782_s_at,0.05789219
227789_at,0.05788931
228353_x_at,0.05788909
226763_at,0.05788794
204984_at,0.05788721
220866_at,0.05788649
236271_at,0.057886243
1561161_at,0.05788314
233999_s_at,0.057881594
220920_at,0.057881046
240771_at,0.057880476
1557751_at,0.057878852
215279_at,0.057877164
235269_at,0.05787663
217646_at,0.05787532
235969_at,0.05787363
237235_at,0.057872042
227000_at,0.057870463
1552613_s_at,0.057870135
208025_s_at,0.057870053
234203_at,0.057869777
206564_at,0.057868607
1564154_at,0.05786775
215377_at,0.05786685
1559789_a_at,0.05786632
232419_at,0.057862952
217464_at,0.057861805
201828_x_at,0.05786042
1557996_at,0.057859898
230395_at,0.057858393
236093_at,0.05785823
212384_at,0.057857335
1563565_at,0.057857014
222979_s_at,0.05785586
216979_at,0.05785559
210565_at,0.057853848
230178_s_at,0.057853043
233428_at,0.05785113
238635_at,0.057849556
215263_at,0.05784823
222240_s_at,0.05784765
230069_at,0.0578454
236088_at,0.05784447
226847_at,0.057844307
230661_at,0.05784393
236443_at,0.05784084
231087_at,0.057840727
226971_at,0.057840526
226118_at,0.057840005
219586_at,0.057838514
237632_at,0.05783479
229240_at,0.05783467
232122_s_at,0.05783109
241668_s_at,0.057830974
238876_at,0.057830043
200769_s_at,0.05782877
232165_at,0.05782739
1560060_s_at,0.0578264
1566870_at,0.057826243
244257_at,0.05782537
239954_at,0.057825357
1562962_at,0.057823524
238977_at,0.05782161
228935_at,0.057820007
213302_at,0.057818204
1552414_at,0.057818204
242239_at,0.057818204
241702_at,0.057818085
1560228_at,0.05781713
231004_s_at,0.057816766
207747_s_at,0.05781603
204683_at,0.057813585
241775_at,0.05781232
238218_at,0.05781155
232621_at,0.057811208
1557089_at,0.057810552
242664_at,0.05780485
203127_s_at,0.057803303
1554906_a_at,0.05780326
225077_at,0.057803154
202350_s_at,0.05780168
1562012_at,0.057797104
244108_at,0.057796948
242953_at,0.057795703
1555972_s_at,0.057795234
1557293_at,0.057794556
207154_at,0.05779344
1564665_at,0.05779294
242269_at,0.057792414
1568865_at,0.0577923
235556_at,0.05779144
229775_s_at,0.057791047
201000_at,0.057787538
239428_at,0.057784654
236462_at,0.05778423
233909_at,0.057784095
231616_at,0.05778361
228573_at,0.057777762
225733_at,0.057777435
244801_at,0.057777286
235806_at,0.057776593
1566473_a_at,0.05777625
239099_at,0.057775393
239367_at,0.057775207
202456_s_at,0.057774812
211008_s_at,0.05777274
206133_at,0.057772726
1569538_at,0.057771526
209290_s_at,0.057771057
218756_s_at,0.057770327
235412_at,0.057768643
205685_at,0.057767734
227271_at,0.057767406
209856_x_at,0.057766274
1560224_at,0.05776587
232864_s_at,0.05776535
214722_at,0.057765007
219150_s_at,0.05776429
1554356_at,0.057761952
208519_x_at,0.05776179
244270_at,0.057760105
1555426_a_at,0.05775769
232289_at,0.057753332
223199_at,0.05775115
1559796_at,0.057749152
232927_at,0.05774893
244636_at,0.057747252
242766_at,0.057747133
239458_at,0.057745315
225883_at,0.05774425
214125_s_at,0.057743903
205881_at,0.05774212
1552411_at,0.057740003
222869_s_at,0.057739444
215499_at,0.057738394
231165_at,0.057736605
211221_at,0.057733983
236005_at,0.057730988
1559007_s_at,0.05773081
210737_at,0.057730023
205123_s_at,0.057729833
209289_at,0.0577281
205425_at,0.05772674
200962_at,0.057725817
216145_at,0.057722766
237421_at,0.057722084
239417_x_at,0.057721347
232517_s_at,0.05771882
239315_at,0.05771865
1554783_s_at,0.057716437
205394_at,0.057715327
216224_s_at,0.05771497
229559_at,0.057714775
215343_at,0.057710364
226420_at,0.057709873
205574_x_at,0.057708465
1559421_at,0.05770826
234470_at,0.057707354
242265_at,0.057706438
220256_s_at,0.05770515
236702_at,0.057704978
229907_at,0.057704464
227573_s_at,0.057703294
227626_at,0.057700515
1560553_at,0.05770044
239405_at,0.057699136
1557532_at,0.057697117
230476_at,0.057697084
243260_x_at,0.05769636
204203_at,0.05769269
230444_at,0.057692245
206471_s_at,0.057692066
238925_at,0.057690855
1569746_s_at,0.05769074
242081_at,0.05769027
232378_at,0.057688862
238779_at,0.057688676
233439_at,0.05768603
209460_at,0.057683498
206501_x_at,0.057681542
231508_s_at,0.0576808
206062_at,0.05767991
205339_at,0.057677567
206267_s_at,0.05767694
236142_at,0.057676934
235704_at,0.05767627
210105_s_at,0.057674468
228338_at,0.057671122
1560622_at,0.057670087
237061_at,0.05766782
209209_s_at,0.05766707
210768_x_at,0.057667002
234508_at,0.057666816
1560316_s_at,0.057666674
1569030_s_at,0.057666034
210882_s_at,0.05766528
241912_at,0.05766408
1554536_at,0.057660285
231291_at,0.057658598
210304_at,0.057654835
243648_at,0.057654053
233000_x_at,0.05765351
203288_at,0.057652906
208026_at,0.057652727
1559103_s_at,0.0576521
64486_at,0.057651743
219103_at,0.05765114
203223_at,0.057651095
243842_at,0.057649866
239021_at,0.057649143
1557478_at,0.057644404
234941_s_at,0.057644293
207100_s_at,0.057643533
225913_at,0.05764301
209361_s_at,0.057640344
1552263_at,0.057640314
204236_at,0.0576379
218651_s_at,0.057637822
205547_s_at,0.057635963
236464_at,0.05763544
231159_at,0.05763354
217109_at,0.057633173
1555548_at,0.057633135
223130_s_at,0.057632804
239660_at,0.057632267
232813_s_at,0.05763112
1555968_a_at,0.057627767
240421_x_at,0.057627738
207394_at,0.05762714
1567282_at,0.057626195
1560720_at,0.057625856
240491_at,0.057625823
229748_x_at,0.05762419
228174_at,0.057624057
205002_at,0.057624027
216953_s_at,0.057622008
207761_s_at,0.057621866
1553708_at,0.05762085
213994_s_at,0.05761993
210449_x_at,0.057619393
207399_at,0.057618972
241286_at,0.05761891
243705_at,0.057618633
203889_at,0.05761607
242300_at,0.057613283
242482_at,0.057612464
232283_at,0.05761066
209184_s_at,0.0576095
222701_s_at,0.057608336
221221_s_at,0.05760719
1565694_at,0.057607025
1554919_s_at,0.057605214
239368_at,0.057602193
227222_at,0.057600863
226266_at,0.057599884
238144_s_at,0.05759787
236285_at,0.057596996
226799_at,0.05759407
203769_s_at,0.0575929
240769_at,0.057592526
224194_at,0.057587
1568845_at,0.057586662
1570093_at,0.057584766
205996_s_at,0.057581827
205073_at,0.057580255
212924_s_at,0.05757977
207047_s_at,0.05757861
1569048_s_at,0.057572387
227604_at,0.057570457
1561429_a_at,0.057569697
1568913_at,0.0575689
241097_at,0.057564475
211534_x_at,0.05756338
233007_at,0.057562754
224673_at,0.057561904
206448_at,0.057560645
223272_s_at,0.057559237
220467_at,0.05755803
236813_at,0.057557166
220151_at,0.057557106
221544_s_at,0.05755631
236929_at,0.057554126
231167_at,0.057551526
1552543_a_at,0.057549678
206231_at,0.057548657
235305_s_at,0.05754821
233589_x_at,0.057546914
1560509_at,0.057545587
1553973_a_at,0.057545017
244652_at,0.05754461
210977_s_at,0.05754346
230321_at,0.057541005
242279_at,0.057540715
218719_s_at,0.05753967
1559490_at,0.05753754
218266_s_at,0.057536624
218885_s_at,0.057531625
212813_at,0.057531193
237064_x_at,0.057531096
243432_at,0.057529744
207686_s_at,0.057529196
232716_at,0.057527296
238058_at,0.05752699
209869_at,0.05752668
219750_at,0.057525076
1560868_s_at,0.057523362
224995_at,0.057518855
210360_s_at,0.05751875
201208_s_at,0.057518415
229254_at,0.057517998
215555_at,0.057517484
219636_s_at,0.05751635
230090_at,0.057515506
230080_at,0.057513602
1561720_at,0.057513215
230214_at,0.057512395
218468_s_at,0.05751169
1560713_a_at,0.057509303
224805_s_at,0.05750925
220710_at,0.057506286
217354_s_at,0.05750622
221173_at,0.057504587
1556492_a_at,0.057504218
1552514_at,0.05750321
231211_s_at,0.057503127
202980_s_at,0.057503104
210905_x_at,0.057501815
214186_s_at,0.057498634
226431_at,0.057496488
238141_s_at,0.0574959
210888_s_at,0.057495676
241559_at,0.05749413
206213_at,0.057491012
235576_at,0.057488725
1559469_s_at,0.057488166
231236_at,0.057487514
205618_at,0.0574869
215211_at,0.05748503
222201_s_at,0.05748363
216799_at,0.057477184
217224_at,0.057477087
242492_at,0.057475418
236160_at,0.057473898
1569459_a_at,0.0574719
238349_at,0.057471693
238845_at,0.057471402
226608_at,0.057471067
234466_at,0.057467297
236002_at,0.057465367
232183_at,0.057465173
213651_at,0.05746329
213158_at,0.05746092
204201_s_at,0.05745658
230070_at,0.05745569
241158_at,0.057455484
213273_at,0.057453956
209745_at,0.057453446
1553673_at,0.057453208
1556888_at,0.057453193
204504_s_at,0.057451546
207676_at,0.057448395
1562776_at,0.05744786
213001_at,0.05744648
223273_at,0.05744572
205265_s_at,0.057443395
239074_at,0.05743836
243397_at,0.057437997
239915_at,0.057436705
226138_s_at,0.057433516
208194_s_at,0.05743314
1563057_at,0.05743188
236481_at,0.0574317
1564963_x_at,0.057429925
217948_at,0.057429627
234040_at,0.057429053
219519_s_at,0.05742903
236696_at,0.05742748
234886_at,0.057427388
237946_at,0.057427287
1558310_s_at,0.057426624
1565728_at,0.057426117
228281_at,0.057423905
237979_at,0.057422847
1556204_a_at,0.05742213
204388_s_at,0.057420738
1557504_at,0.057420246
206659_at,0.05741816
222589_at,0.0574165
1558174_at,0.057416163
218076_s_at,0.057415247
234688_x_at,0.05741442
1555982_at,0.05741436
241084_x_at,0.0574134
240239_at,0.057413235
224204_x_at,0.057412542
203705_s_at,0.05741141
204643_s_at,0.057409123
222253_s_at,0.057408728
1558780_a_at,0.057408627
243683_at,0.057407454
208908_s_at,0.05740702
232928_at,0.057404734
227970_at,0.057404295
1554867_a_at,0.057403594
228101_at,0.057403184
233021_at,0.0574027
222890_at,0.0573999
201147_s_at,0.057395592
1558996_at,0.057392776
233161_at,0.0573918
209356_x_at,0.057390124
203402_at,0.05738896
231720_s_at,0.05738828
216980_s_at,0.057385113
244066_at,0.05738404
202923_s_at,0.05738394
219215_s_at,0.05738361
236207_at,0.057381928
235539_at,0.057381123
235953_at,0.057381094
221185_s_at,0.057380646
1561965_at,0.057379536
222530_s_at,0.057379156
211819_s_at,0.057378963
1564746_at,0.057377964
240352_at,0.057377256
231697_s_at,0.057376996
239143_x_at,0.057376474
207044_at,0.05737569
219581_at,0.057373658
220199_s_at,0.05737345
240624_x_at,0.057373095
213489_at,0.05737196
210858_x_at,0.057371423
233246_at,0.05737041
209291_at,0.0573693
216012_at,0.0573688
207470_at,0.05736805
233263_at,0.057364553
230007_at,0.057363883
243486_at,0.057362605
227291_s_at,0.057360917
222124_at,0.057360284
232287_at,0.05735965
218883_s_at,0.057357877
1552727_s_at,0.05735655
242562_at,0.057355694
212737_at,0.057353914
1570155_at,0.057353728
1563345_at,0.05735007
232731_x_at,0.057347707
223541_at,0.05734746
218062_x_at,0.05734597
215985_at,0.05734451
216574_s_at,0.057343595
223657_at,0.0573427
243178_at,0.057341173
243930_x_at,0.05733833
238716_at,0.057336427
1557910_at,0.057335258
215029_at,0.05733417
202910_s_at,0.057332605
229190_at,0.057331525
208235_x_at,0.057330836
202203_s_at,0.057328776
229142_s_at,0.05732815
219537_x_at,0.057326555
221565_s_at,0.057325646
204574_s_at,0.057322554
240314_at,0.057321608
229407_at,0.057320684
65585_at,0.05732064
217556_at,0.057320245
211808_s_at,0.057318263
239721_at,0.05731733
201818_at,0.057316214
239774_at,0.057316177
1556188_a_at,0.057316035
1566837_at,0.057315644
1552884_at,0.05731461
230682_x_at,0.057309333
223103_at,0.057308257
226931_at,0.057308197
242736_at,0.05730734
1570042_a_at,0.057306573
222957_at,0.0573065
206271_at,0.05730617
224210_s_at,0.05730536
206004_at,0.057304442
215594_at,0.05730109
242732_at,0.057300583
243117_at,0.05729655
91816_f_at,0.05729595
228515_at,0.057292506
231507_at,0.05729127
240429_at,0.057291023
234157_at,0.05728866
202036_s_at,0.057288364
243943_x_at,0.05728755
239247_at,0.057286963
244814_at,0.057286903
219634_at,0.057285577
232779_at,0.057285264
232427_at,0.057284392
204013_s_at,0.05728142
228219_s_at,0.057281077
227962_at,0.057278246
203132_at,0.057278216
1555490_s_at,0.057276845
213544_at,0.057276465
221147_x_at,0.0572754
240867_at,0.05727537
209697_at,0.057275124
242097_at,0.057274703
1569959_at,0.057274695
214886_s_at,0.05727441
240947_at,0.057274118
220650_s_at,0.057273388
214675_at,0.05727148
223911_at,0.057268918
209963_s_at,0.057268865
213035_at,0.05726753
226104_at,0.057266504
224497_x_at,0.057264328
241662_x_at,0.05726298
208885_at,0.05726224
240612_at,0.057261124
206463_s_at,0.05726058
225715_at,0.057256937
203842_s_at,0.05725611
240654_at,0.057254426
1552928_s_at,0.057252824
204926_at,0.05724983
238393_at,0.05724899
1553315_at,0.05724892
1552931_a_at,0.057247147
223650_s_at,0.05724682
1568685_at,0.05724464
229923_at,0.057243884
238552_at,0.05724375
215197_at,0.05724185
230403_at,0.057241753
244143_at,0.05724126
229620_at,0.057240903
232477_at,0.057240628
230713_at,0.057237968
216078_at,0.057237945
237343_at,0.057237938
241471_at,0.057236843
208299_at,0.057234645
1554743_x_at,0.057234608
213299_at,0.057233483
243225_at,0.057233393
219637_at,0.05723306
208593_x_at,0.057232454
216865_at,0.057232425
233660_at,0.057229917
215517_at,0.057227813
237199_at,0.05722566
208716_s_at,0.057225138
220105_at,0.05722437
215547_at,0.057223096
221714_s_at,0.057220824
232288_at,0.05722058
225165_at,0.057219323
1557889_at,0.057217993
1553601_a_at,0.05721485
236636_at,0.057214342
237001_at,0.057214335
227635_at,0.057212733
215415_s_at,0.057212085
216708_x_at,0.057211965
225752_at,0.057210043
202828_s_at,0.05720603
205373_at,0.0572058
215154_at,0.057204157
219053_s_at,0.057201937
205867_at,0.057201162
1557331_at,0.057200857
1562730_a_at,0.057199024
209015_s_at,0.057198912
225502_at,0.057196528
240568_at,0.05719616
207386_at,0.057195514
1565889_at,0.057194173
204194_at,0.057193875
238256_at,0.057193037
222889_at,0.057192445
242474_s_at,0.057191618
241241_at,0.05719123
212770_at,0.057189226
219099_at,0.057185948
1555546_a_at,0.057184696
237043_at,0.057184547
236411_at,0.057183996
243102_at,0.057182364
216679_at,0.057181828
209108_at,0.057180513
1568883_at,0.05717995
244168_s_at,0.057179824
214773_x_at,0.057174325
240119_at,0.05717405
244063_at,0.057173222
233888_s_at,0.057171706
1554628_at,0.05717148
227666_at,0.057170916
241472_at,0.05717081
235858_at,0.057170637
231884_at,0.05716899
229849_at,0.057168245
206243_at,0.05716794
1563272_at,0.057167068
216522_at,0.05716663
238973_s_at,0.057165388
217506_at,0.05716513
1555943_at,0.057163
234994_at,0.057162896
225282_at,0.057159156
221609_s_at,0.057158202
218653_at,0.05715759
201098_at,0.05715722
227359_at,0.05715722
211323_s_at,0.057156846
236400_at,0.05715619
242911_at,0.057154268
209863_s_at,0.057153966
228482_at,0.057153836
228277_at,0.057153583
216845_x_at,0.057151526
238316_at,0.05714871
219303_at,0.0571478
203151_at,0.05714701
241512_at,0.057146206
241533_at,0.0571457
215202_at,0.05714558
1554613_a_at,0.057144422
219316_s_at,0.057144053
209768_s_at,0.057143852
228381_at,0.05714342
235797_x_at,0.05714107
230909_at,0.057139352
228670_at,0.05713865
238917_s_at,0.057138488
234337_at,0.057138316
211751_at,0.057136066
243646_at,0.05713427
203134_at,0.057133153
232323_s_at,0.05713211
215149_at,0.057126395
1558251_a_at,0.05712629
225265_at,0.057126015
225919_s_at,0.05712518
238068_at,0.057121873
243889_at,0.05712175
223778_at,0.057121664
223791_at,0.05711997
230977_at,0.05711873
224022_x_at,0.057118453
219983_at,0.057116166
204342_at,0.057115614
1560023_x_at,0.057115234
1555090_x_at,0.057114244
236856_x_at,0.0571134
241383_at,0.05711315
238085_at,0.057113115
235331_x_at,0.057112455
1563601_at,0.05711072
243600_at,0.05710881
243111_at,0.05710876
242975_s_at,0.05710818
244531_at,0.057107188
215124_at,0.0571048
227023_at,0.057104453
231352_at,0.057104267
217626_at,0.057104
1561018_at,0.05710379
202922_at,0.057103544
223567_at,0.05710329
223503_at,0.057102576
227407_at,0.057097882
235215_at,0.05709736
235844_at,0.05709689
204436_at,0.05709663
221068_at,0.057095513
239812_s_at,0.0570954
209629_s_at,0.05709356
202944_at,0.057091206
1555707_at,0.05708901
1562608_at,0.057088174
209877_at,0.057086796
203569_s_at,0.05708626
242426_at,0.05708292
212741_at,0.057082143
240993_at,0.057078592
241965_at,0.05707635
242565_x_at,0.057075977
209245_s_at,0.057074744
1553082_at,0.057073407
223604_at,0.057072118
87100_at,0.05707136
236101_at,0.057070754
203907_s_at,0.057067335
228215_at,0.05706583
242897_at,0.05706553
232059_at,0.05706307
205605_at,0.057060808
234960_at,0.05705847
226830_x_at,0.05705808
235461_at,0.057057723
219879_s_at,0.05705762
235854_x_at,0.057053324
232980_at,0.057052426
227624_at,0.05705215
241504_at,0.05705076
236231_at,0.057048418
209340_at,0.057047784
207540_s_at,0.057047576
220586_at,0.05704672
228087_at,0.05704616
229390_at,0.057043195
214119_s_at,0.05704318
227819_at,0.05704215
228664_at,0.0570336
229360_at,0.05703339
240751_at,0.057032913
224862_at,0.05703178
215100_at,0.057031408
231822_at,0.05702981
214100_x_at,0.057029277
231719_at,0.057027727
216548_x_at,0.057026863
201372_s_at,0.057024695
1559622_at,0.057023246
232533_at,0.05702257
1559402_a_at,0.05701882
235972_at,0.05701837
1564117_at,0.057017162
229335_at,0.057016633
221162_at,0.057015978
213460_x_at,0.057014287
224322_at,0.05701375
216010_x_at,0.05701103
241982_at,0.05700983
233337_s_at,0.05700104
241710_at,0.057000514
234480_at,0.056999296
227077_at,0.056999177
208324_at,0.056998707
205234_at,0.05699666
230415_at,0.056995243
233644_at,0.05699419
232523_at,0.056991946
236516_at,0.056990683
211513_s_at,0.05699013
1559266_s_at,0.05698967
1558621_at,0.05698944
242431_at,0.056988865
207759_s_at,0.056988373
214008_at,0.056986853
1559545_at,0.056985967
235601_at,0.05698453
237852_at,0.0569839
225045_at,0.056982934
205796_at,0.05698222
223906_s_at,0.056980506
208244_at,0.056980297
1553683_s_at,0.05698014
1568900_a_at,0.05697933
238359_at,0.056979313
236987_at,0.05697931
232630_at,0.05697886
233253_at,0.056978032
223581_at,0.056977928
241489_at,0.056977153
226157_at,0.056976363
217356_s_at,0.056975543
208423_s_at,0.0569707
238059_at,0.05697062
213030_s_at,0.05696828
1568592_at,0.056967303
209657_s_at,0.056965813
204541_at,0.05696489
1557065_at,0.056964844
208308_s_at,0.05696392
213368_x_at,0.056963608
208851_s_at,0.056963347
215972_at,0.056962352
234672_s_at,0.056960836
41644_at,0.056960717
238079_at,0.056959882
209300_s_at,0.05695969
213723_s_at,0.056956597
207117_at,0.05695653
237257_at,0.05695492
232684_at,0.056954682
220719_at,0.05695402
239996_x_at,0.05695393
212577_at,0.05695373
1568611_at,0.056953177
203348_s_at,0.056952924
221215_s_at,0.056952063
240479_at,0.056950837
1558445_at,0.056950815
226829_at,0.056950465
218790_s_at,0.05695042
209159_s_at,0.056949213
204936_at,0.056947038
205746_s_at,0.056946002
203019_x_at,0.05694492
216405_at,0.05694477
1570238_at,0.056943953
208460_at,0.056943
234653_at,0.056942478
227845_s_at,0.056941286
1568801_at,0.056940667
212358_at,0.056939825
203187_at,0.05693888
1556194_a_at,0.056938723
1567682_x_at,0.05693755
236525_at,0.05693702
210496_at,0.05693698
223883_s_at,0.056936838
1554740_a_at,0.056936726
228520_s_at,0.056936383
231663_s_at,0.056935173
236551_at,0.056934938
1559101_at,0.056934744
204728_s_at,0.05693131
243662_at,0.056930106
239434_at,0.05692982
213678_at,0.056929797
204856_at,0.056929626
230617_at,0.0569287
214804_at,0.056928053
212423_at,0.05692789
227392_at,0.05692698
237066_at,0.056922793
243987_at,0.056922734
236520_at,0.05692078
1552669_at,0.056920514
1552381_at,0.05692045
230437_s_at,0.056919478
206944_at,0.05691919
64899_at,0.056919053
244591_x_at,0.05691403
224793_s_at,0.056913108
239665_at,0.05691289
222603_at,0.05691281
221966_at,0.056912374
1566265_at,0.05691193
241751_at,0.05691181
1552281_at,0.056908228
244584_at,0.056905705
223309_x_at,0.056902796
230334_at,0.056902394
211095_at,0.056902207
241341_at,0.056900933
214924_s_at,0.05690062
235885_at,0.056899562
1554101_a_at,0.056898646
241809_at,0.05689784
242352_at,0.05689749
238634_x_at,0.05689643
209026_x_at,0.05689615
243306_s_at,0.056896135
219794_at,0.05689566
238158_at,0.056895286
1558109_x_at,0.056895263
230529_at,0.05689363
201642_at,0.056892455
222802_at,0.05689235
223894_s_at,0.056891307
1557520_a_at,0.05689037
1562695_at,0.056890123
1558999_x_at,0.056889206
1557394_at,0.056888193
237104_at,0.056887597
1562398_at,0.056885593
229555_at,0.056883097
223589_at,0.056881726
215101_s_at,0.056876488
211881_x_at,0.05687645
236606_at,0.056876384
225832_s_at,0.056875616
239695_at,0.05687532
243134_at,0.05687216
225258_at,0.056870982
242768_at,0.05687042
239455_at,0.05686804
230305_at,0.056867823
1569090_x_at,0.056866664
215067_x_at,0.0568631
244626_at,0.056860525
231816_s_at,0.05686031
226665_at,0.05686012
244207_at,0.056858413
203299_s_at,0.05685748
226167_at,0.05685726
241822_at,0.056856915
238210_at,0.05685611
208275_x_at,0.056855246
219763_at,0.056854725
227538_at,0.056853116
222251_s_at,0.05685237
216654_at,0.056849755
223530_at,0.056849733
1558977_at,0.05684642
231804_at,0.056845907
231332_at,0.05684589
223679_at,0.056845248
225785_at,0.056844667
1552579_a_at,0.056842938
236109_at,0.056842655
1560262_at,0.056842253
238927_at,0.05683901
222097_at,0.05683872
1561501_s_at,0.05683867
1556053_at,0.05683765
238137_at,0.05683375
240923_at,0.05683373
211900_x_at,0.05683373
229493_at,0.05683315
224764_at,0.056831628
208544_at,0.05682895
1552582_at,0.05682527
235445_at,0.05682372
204279_at,0.05682352
1553682_at,0.056823343
221577_x_at,0.056821972
232040_at,0.05682163
241478_at,0.05682054
213201_s_at,0.056820516
244722_at,0.056819566
1556043_a_at,0.05681865
1559006_at,0.056816638
242651_at,0.056813713
211692_s_at,0.0568102
206813_at,0.056810148
1557519_at,0.056808982
208181_at,0.056808613
228999_at,0.056808323
223634_at,0.056806676
214373_at,0.05680637
229689_s_at,0.056799218
209557_s_at,0.056798175
237225_at,0.056798145
1556889_s_at,0.056797262
242969_at,0.056797028
1559063_at,0.05679663
239764_at,0.056796413
222508_s_at,0.05679488
244615_x_at,0.05679433
239596_at,0.0567943
208009_s_at,0.056792483
210883_x_at,0.056791924
205470_s_at,0.056791384
228676_at,0.056787655
224134_at,0.056786917
240081_at,0.05678594
207090_x_at,0.056785017
230041_at,0.05678252
221788_at,0.056782
243928_s_at,0.056781556
242106_at,0.056781217
220687_at,0.05678072
234767_at,0.056779917
227084_at,0.05677786
230010_at,0.05677678
214289_at,0.056774415
225242_s_at,0.05677298
201749_at,0.056770667
213511_s_at,0.056770504
231827_at,0.056769595
216608_at,0.056766994
239865_at,0.056764197
209713_s_at,0.05676259
236410_x_at,0.056762114
1570388_a_at,0.056760453
234015_at,0.056758437
204042_at,0.0567559
242874_at,0.056755695
226576_at,0.05675529
201852_x_at,0.05675519
1562799_at,0.056753613
236170_x_at,0.05675234
209646_x_at,0.056752138
209102_s_at,0.056750864
216986_s_at,0.05674983
201350_at,0.056748092
210070_s_at,0.056747556
216239_at,0.056746796
200635_s_at,0.056746308
1555338_s_at,0.056743763
221930_at,0.056743145
235650_at,0.056741487
221674_s_at,0.05673894
1569201_a_at,0.0567388
228242_at,0.0567376
242754_at,0.056737535
212005_at,0.05673568
239190_at,0.056734093
215409_at,0.056731142
239886_at,0.05673027
233938_at,0.056729786
206557_at,0.05672766
215214_at,0.05672717
1558606_s_at,0.05672591
216152_at,0.056724735
202443_x_at,0.056723714
243130_at,0.056723475
230648_at,0.056723014
205386_s_at,0.056720078
216371_at,0.05671924
217389_s_at,0.05671888
216009_at,0.056717787
236609_at,0.05671504
223274_at,0.056714714
241866_at,0.056713387
213143_at,0.056713253
1556327_a_at,0.056713246
234439_at,0.056712758
1554419_x_at,0.05670938
228010_at,0.056708395
231203_at,0.0567071
243332_at,0.056706548
233601_at,0.05670145
242519_at,0.056701288
210032_s_at,0.056697425
236543_at,0.056696244
207963_at,0.05669502
220177_s_at,0.056691833
223563_at,0.056691743
232755_at,0.05669123
238515_at,0.056690983
236618_at,0.056687713
212463_at,0.056687176
1569495_at,0.056683503
231772_x_at,0.05668193
208200_at,0.0566817
206828_at,0.056680813
1553592_x_at,0.056679375
242258_at,0.0566791
228945_s_at,0.056675464
225453_x_at,0.056675456
1560911_at,0.05667503
207537_at,0.056674898
217597_x_at,0.05667474
237207_at,0.056674678
207425_s_at,0.05667375
242579_at,0.0566715
222930_s_at,0.056670837
211876_x_at,0.05666995
239679_at,0.05666928
233974_s_at,0.05666861
1552678_a_at,0.056667596
238986_at,0.056664538
1560094_at,0.05666411
233673_at,0.05666154
204249_s_at,0.056658924
219508_at,0.056658864
228506_at,0.056658223
233083_at,0.05665773
218745_x_at,0.056657687
233849_s_at,0.056657404
213236_at,0.05665698
217638_at,0.056656502
208401_s_at,0.056655996
241300_at,0.056655176
219046_s_at,0.05665505
211049_at,0.05665456
1565976_at,0.056650363
236855_at,0.05664976
227136_s_at,0.056648687
243530_at,0.056648497
215979_s_at,0.056648243
241279_at,0.05664646
231235_at,0.056646228
206913_at,0.056645572
227200_at,0.05664526
220554_at,0.056643754
226831_at,0.05664362
217318_x_at,0.056642976
234731_at,0.05664134
233055_at,0.056640342
218469_at,0.05664007
208402_at,0.056637514
215457_at,0.056637265
205456_at,0.056636333
230649_at,0.056636054
220080_at,0.056634255
226471_at,0.05663415
235277_at,0.05663298
242974_at,0.056630865
231055_at,0.056629494
216915_s_at,0.056628272
215308_at,0.05662772
200632_s_at,0.0566276
204859_s_at,0.056626067
1564684_at,0.05662597
227319_at,0.0566248
202255_s_at,0.056624264
228619_x_at,0.056622714
230005_at,0.056622162
1559237_a_at,0.05662091
1553641_a_at,0.05662088
220991_s_at,0.056620244
227904_at,0.05662021
213274_s_at,0.056619495
1565905_at,0.056618504
225597_at,0.05661729
212923_s_at,0.056617007
233880_at,0.056616597
1554949_at,0.056615554
244239_at,0.056615245
240117_at,0.05661524
244667_at,0.05661343
202393_s_at,0.056613326
238956_at,0.056612954
225918_at,0.056612507
235839_at,0.05661133
207814_at,0.05660999
1562751_at,0.056609638
234055_s_at,0.056608886
234799_at,0.056604736
235072_s_at,0.056604087
221197_s_at,0.05660291
1553787_at,0.056602754
235256_s_at,0.056600615
1565840_at,0.056600317
1560554_a_at,0.056599837
242928_at,0.05659897
209082_s_at,0.056598663
240569_at,0.05659686
204983_s_at,0.056595452
209794_at,0.056595095
1569596_at,0.056594703
211398_at,0.056592774
201761_at,0.056591928
1561228_at,0.05659167
229657_at,0.056583777
237556_at,0.05658301
210221_at,0.056580774
1561355_at,0.05658061
238555_at,0.056578405
228080_at,0.056575313
233216_at,0.056573458
1562586_at,0.056571856
210401_at,0.056571633
208789_at,0.056571633
219775_s_at,0.056571122
223702_x_at,0.056569792
227092_at,0.056569263
201149_s_at,0.05656918
229681_at,0.056569055
1561155_at,0.056568608
230743_at,0.056567743
224295_at,0.05656435
228402_at,0.05656421
232846_s_at,0.056563057
219632_s_at,0.05656244
1562386_s_at,0.056562077
224407_s_at,0.05656202
235141_at,0.056560323
207822_at,0.056558788
1569891_at,0.05655845
202796_at,0.056555606
1562625_at,0.056555547
231417_at,0.056553006
231000_at,0.056552492
235087_at,0.056551576
234586_at,0.05654864
225466_at,0.056547746
229242_at,0.05654625
230394_at,0.056545842
1554983_at,0.056545727
243189_at,0.056543812
214400_at,0.056541562
205923_at,0.056541108
227368_at,0.056540012
201294_s_at,0.056539565
1565705_x_at,0.05653663
228910_at,0.056534305
236478_at,0.05653201
235004_at,0.056531515
210144_at,0.056530893
231388_at,0.05653043
237870_at,0.05652903
223356_s_at,0.05652885
62987_r_at,0.056528233
201883_s_at,0.05652815
1565787_at,0.05652798
217777_s_at,0.056526735
223687_s_at,0.0565265
237409_at,0.056524888
1557585_at,0.056523174
240036_at,0.05652244
212432_at,0.05651763
239101_at,0.056515932
238709_at,0.056515053
232554_at,0.05651462
221022_s_at,0.056513555
213059_at,0.05651278
207791_s_at,0.056512535
238698_at,0.056507573
222314_x_at,0.05650417
221489_s_at,0.05650346
213913_s_at,0.05650262
237891_at,0.056502435
216936_at,0.056502238
239295_at,0.0564978
232931_at,0.056496114
215649_s_at,0.056495406
228416_at,0.056494944
236194_at,0.056492865
224335_s_at,0.05649046
234945_at,0.0564889
200931_s_at,0.056488037
230354_at,0.05648786
206370_at,0.056485966
244513_at,0.056484904
216892_at,0.05648476
222237_s_at,0.05648401
212090_at,0.056483626
213769_at,0.0564806
240383_at,0.056476682
205326_at,0.056475975
242951_at,0.056475945
230663_at,0.05647506
217199_s_at,0.0564748
228300_at,0.05647181
243097_x_at,0.056470003
240747_at,0.056469303
1555199_at,0.056469046
1555409_a_at,0.056469023
1554652_s_at,0.056467418
234713_x_at,0.056467317
1559509_at,0.056466997
223468_s_at,0.056466587
204421_s_at,0.056466505
1554159_a_at,0.056466244
1562755_at,0.05646597
235968_at,0.056465916
1555319_at,0.05646538
221932_s_at,0.05646518
236472_at,0.05646482
217260_x_at,0.056461103
234525_at,0.056460965
224811_at,0.056460366
243715_at,0.056460045
207216_at,0.056458972
231728_at,0.056458607
239716_at,0.05645737
243031_at,0.05645629
1568799_at,0.0564562
1569551_at,0.056453828
243521_at,0.05645372
209283_at,0.05644999
1552782_at,0.05644906
237744_at,0.056448203
214013_s_at,0.056447275
241784_x_at,0.056447037
222898_s_at,0.05644475
206543_at,0.056444637
1560399_a_at,0.056444243
1558922_at,0.056443885
232772_at,0.05644373
1556163_a_at,0.056443222
242484_at,0.056443155
1559481_at,0.056442868
211569_s_at,0.0564415
205313_at,0.05644104
225608_at,0.05643925
223978_s_at,0.056439206
238042_at,0.05643645
236701_at,0.05643578
564_at,0.05643542
232696_at,0.056434706
222362_at,0.05643449
215138_s_at,0.05643244
224178_s_at,0.05643201
235113_at,0.05643031
239201_at,0.056429528
208967_s_at,0.056429297
212978_at,0.056428537
234112_at,0.056428112
234012_at,0.056428015
214262_at,0.056427978
204138_s_at,0.056425586
202509_s_at,0.05642443
1555618_s_at,0.05642423
1563958_at,0.056423306
211180_x_at,0.056421652
234088_at,0.056421533
236680_at,0.056421228
206905_s_at,0.05642028
224147_at,0.05641985
203807_x_at,0.056419827
239166_at,0.056418613
202794_at,0.056418225
1561500_at,0.05641663
213676_at,0.056414664
225505_s_at,0.05641356
242740_at,0.056413308
237210_at,0.056412652
227905_s_at,0.056409895
212794_s_at,0.056409687
226109_at,0.056409433
216929_x_at,0.05640906
1562718_at,0.05640904
1570076_at,0.05640808
236354_at,0.05640711
222567_s_at,0.05640556
236317_at,0.05640363
209981_at,0.056397066
37079_at,0.05639615
236792_at,0.056394037
233001_at,0.056393936
231769_at,0.05639334
210108_at,0.056393303
229191_at,0.05639279
204317_at,0.056392536
212445_s_at,0.056391537
225360_at,0.05638975
1559915_at,0.056389425
1554770_x_at,0.056389377
223937_at,0.056388974
50400_at,0.05638422
242220_at,0.056384206
206541_at,0.056382973
229085_at,0.05638289
224310_s_at,0.056379117
238225_at,0.056376986
244115_at,0.056376837
242236_at,0.05637504
241233_x_at,0.056374714
1553021_s_at,0.056373347
226774_at,0.05637309
220108_at,0.05637299
219055_at,0.05637233
1555562_a_at,0.056372166
227822_at,0.056367457
1555039_a_at,0.056366056
211561_x_at,0.056365848
1552836_at,0.05636487
238961_s_at,0.056363747
243433_at,0.05636365
243211_at,0.056363225
238589_s_at,0.056362778
1568616_a_at,0.056360565
226853_at,0.05635993
1555569_a_at,0.056359462
209437_s_at,0.056358114
243098_at,0.05635651
1558306_at,0.056356154
228740_at,0.05635547
219621_at,0.056352835
240220_at,0.056349427
202316_x_at,0.05634901
205011_at,0.056348264
211110_s_at,0.056347594
230034_x_at,0.056344055
201250_s_at,0.056343615
226635_at,0.056343347
234003_at,0.056341663
213942_at,0.056338742
220235_s_at,0.056337595
236491_at,0.05633281
218784_s_at,0.056331754
226650_at,0.056328416
215344_at,0.056328207
223942_x_at,0.0563275
240604_at,0.05632671
240337_at,0.056325763
1569074_at,0.056324594
230657_at,0.056323238
1553192_at,0.056321874
1561741_at,0.05632149
230738_at,0.05632014
223320_s_at,0.056319147
1561041_at,0.056318812
227436_at,0.0563185
239675_at,0.05631738
238100_at,0.05631666
204465_s_at,0.05631622
213492_at,0.056312755
1560480_at,0.056312613
200629_at,0.056311637
205139_s_at,0.05631052
205520_at,0.05630976
221041_s_at,0.05630906
209918_at,0.056308195
218894_s_at,0.056308135
1556823_s_at,0.05630782
45749_at,0.056307733
219059_s_at,0.056306146
216352_x_at,0.056305163
242942_at,0.056303598
202786_at,0.056302056
206751_s_at,0.056301765
232929_at,0.0563007
228908_s_at,0.05629974
210414_at,0.056299657
1563842_at,0.05629964
213014_at,0.056299463
1561770_at,0.05629894
1554519_at,0.056298558
214624_at,0.056298405
226401_at,0.056297645
234062_at,0.056297317
223408_s_at,0.056297302
243116_at,0.056296073
206547_s_at,0.05629527
240210_at,0.056295037
229369_at,0.056294486
241920_x_at,0.056294248
207863_at,0.056294188
202701_at,0.056293145
239793_at,0.056292966
238727_at,0.056287397
201867_s_at,0.05628684
215841_at,0.056285996
223956_at,0.056285992
238904_at,0.056285948
231224_x_at,0.056284733
240065_at,0.056284465
222995_s_at,0.056284174
215534_at,0.056281447
241529_at,0.05628054
234227_at,0.05628021
220449_at,0.0562772
204955_at,0.05627623
232704_s_at,0.05627588
242313_at,0.05627498
242997_at,0.05627206
213905_x_at,0.05627182
1553267_a_at,0.056271076
211004_s_at,0.056270123
215886_x_at,0.056269944
237627_at,0.056269735
229456_s_at,0.0562694
242057_at,0.056268446
242073_at,0.056268364
234968_at,0.056268305
225924_at,0.056267172
237851_at,0.056266952
236433_at,0.056265555
222173_s_at,0.056264326
1554544_a_at,0.056262836
207821_s_at,0.05626239
241865_at,0.056262344
228654_at,0.056261837
228933_at,0.05625952
218359_at,0.05625689
1557615_a_at,0.056254722
232806_s_at,0.05625169
243619_at,0.056248225
222308_x_at,0.05624734
210659_at,0.05624672
228756_at,0.056245
233449_at,0.05624415
1558185_at,0.056243286
1565639_a_at,0.056241363
1559712_at,0.05624097
244566_at,0.056237422
207017_at,0.056237318
243423_at,0.05623682
244393_x_at,0.056235608
242344_at,0.056234285
228530_at,0.05623297
213955_at,0.056232605
1569257_at,0.05623181
209967_s_at,0.05622852
243745_at,0.056226075
208394_x_at,0.05622431
238341_at,0.056223303
244674_at,0.056222945
1557915_s_at,0.05622211
244694_at,0.056220736
219302_s_at,0.056219622
229931_at,0.056219496
218189_s_at,0.056218654
229617_x_at,0.056217343
210210_at,0.056215584
210550_s_at,0.05621519
229278_at,0.05621457
208853_s_at,0.05621451
239450_at,0.056213066
201392_s_at,0.05621274
226484_at,0.05621244
239980_at,0.056212317
241340_at,0.05621212
208221_s_at,0.056209408
215235_at,0.056208298
227412_at,0.056205854
1558894_a_at,0.0562053
1568964_x_at,0.05620423
213742_at,0.05620332
222235_s_at,0.05620247
236079_at,0.05620238
241020_at,0.056200907
236882_at,0.056199573
210072_at,0.056198023
1555626_a_at,0.056196664
234377_at,0.056195647
229712_at,0.056195475
203961_at,0.05619525
204512_at,0.05619462
235362_at,0.05619454
232593_at,0.056193724
222265_at,0.056193545
243062_at,0.056192935
206714_at,0.05619289
240231_at,0.056191176
225920_at,0.056190133
1556449_at,0.056189984
229127_at,0.056189384
238998_x_at,0.056189366
243660_at,0.056189053
1561121_at,0.05618838
210399_x_at,0.056188256
211570_s_at,0.05618772
240573_at,0.056184947
236736_at,0.056184456
223924_at,0.05618211
228252_at,0.056181654
214454_at,0.056181483
243954_at,0.056180105
233096_at,0.056179143
209493_at,0.056178294
231194_at,0.05617726
213085_s_at,0.056174457
226674_at,0.056173585
238688_at,0.05617052
207529_at,0.056167133
232560_at,0.056165613
209925_at,0.05616519
212349_at,0.05616518
1560898_at,0.05616357
238421_at,0.056162663
1554293_at,0.056162592
236137_at,0.056161568
216347_s_at,0.05616136
1553826_a_at,0.05615917
213131_at,0.056157246
219606_at,0.05615703
211749_s_at,0.056156605
1564510_at,0.056155488
244669_at,0.056155384
235778_s_at,0.05615504
231303_at,0.05615433
231175_at,0.056151867
207715_at,0.0561509
223631_s_at,0.05615086
220975_s_at,0.056148678
202548_s_at,0.05614811
226322_at,0.056147512
1558075_at,0.056145996
218260_at,0.056139395
240249_at,0.056136325
1557486_at,0.056136318
239878_at,0.056135677
233859_at,0.056135245
213847_at,0.05613485
233586_s_at,0.05613386
213523_at,0.056133077
1569253_at,0.056128345
210040_at,0.056127444
230583_s_at,0.05612699
237727_at,0.05612634
224730_at,0.05612552
229671_s_at,0.056124948
237321_at,0.056123942
238271_x_at,0.05611135
240311_at,0.05611099
241884_at,0.05611016
213301_x_at,0.05610901
227727_at,0.05610792
1561685_a_at,0.056107916
223989_s_at,0.056106687
228637_at,0.05610504
236379_at,0.056104913
230465_at,0.056103945
1561485_at,0.056103267
1560573_at,0.05610235
212731_at,0.05610229
210189_at,0.056102082
206034_at,0.056100965
244238_at,0.056100767
210658_s_at,0.056099877
222286_at,0.056099616
201732_s_at,0.056099564
216418_at,0.056099012
229533_x_at,0.056098074
229258_at,0.056092642
213862_at,0.056090258
1555808_a_at,0.056090184
241835_at,0.056089364
231374_at,0.05608763
239942_at,0.056086782
1554850_at,0.05608507
238744_at,0.056084298
214717_at,0.056083694
220060_s_at,0.056083173
216344_at,0.05608301
210008_s_at,0.0560815
232291_at,0.05608061
1559354_a_at,0.056080468
201765_s_at,0.056079328
229199_at,0.056077525
236839_at,0.05607739
238823_at,0.056076884
202388_at,0.056075394
235619_at,0.056073356
1553123_at,0.0560712
220937_s_at,0.05607027
242817_at,0.056068674
232901_at,0.056067992
244010_at,0.056065306
1559021_at,0.056064222
215681_at,0.056059264
231838_at,0.05605796
222003_s_at,0.056057353
207883_s_at,0.056052603
222666_s_at,0.056052417
239609_s_at,0.056050748
223149_s_at,0.056050576
225342_at,0.056047857
225108_at,0.05604738
224062_x_at,0.056047186
233857_s_at,0.05604635
225166_at,0.056045905
227537_s_at,0.05604562
1558728_at,0.05604492
209315_at,0.05604492
244012_x_at,0.056044355
226621_at,0.056044046
1555905_a_at,0.056043863
227252_at,0.056043804
202530_at,0.056043386
215676_at,0.056042038
241584_at,0.056038916
213357_at,0.056037128
216047_x_at,0.056035683
233463_at,0.056034997
229890_at,0.056034595
1557953_at,0.05603446
242879_x_at,0.056033455
222945_x_at,0.056033224
210617_at,0.056033194
206454_s_at,0.05603227
243856_at,0.056031197
203343_at,0.056030795
1558697_a_at,0.056028888
215931_s_at,0.056028232
211330_s_at,0.05602716
1562004_x_at,0.056026563
1557638_at,0.056026306
222571_at,0.056026146
213310_at,0.056025803
234037_s_at,0.056025013
235502_at,0.056024253
227707_at,0.05602324
232542_at,0.056017257
230467_at,0.056015484
236894_at,0.056013085
226035_at,0.056009844
238936_at,0.056008168
223812_at,0.05600807
1559759_at,0.056007784
213375_s_at,0.056007683
242680_at,0.056007605
221250_s_at,0.056007087
209975_at,0.056006618
208873_s_at,0.05600652
226900_at,0.05600605
229398_at,0.05600494
235112_at,0.056003988
226743_at,0.05600004
221704_s_at,0.055999815
218849_s_at,0.055999637
231860_at,0.055995136
202307_s_at,0.05599454
244228_at,0.055993613
1556887_at,0.05598884
240150_at,0.055987246
215081_at,0.05598654
207390_s_at,0.055985726
209740_s_at,0.055985548
210112_at,0.05598475
213426_s_at,0.055983692
1564662_at,0.055982314
213670_x_at,0.055979937
1552535_at,0.05597886
236743_at,0.055978857
218876_at,0.05597832
216729_at,0.05597511
238345_at,0.055975053
1559638_at,0.055973593
239077_at,0.055973396
215274_at,0.0559676
1562236_at,0.055967376
243707_at,0.055967152
229454_at,0.05596648
236729_at,0.055966146
234163_at,0.05596444
204555_s_at,0.05596122
232285_at,0.05596084
218044_x_at,0.05595763
1565579_at,0.055957407
229000_at,0.05595632
229936_at,0.05595602
241085_at,0.055955783
207955_at,0.05595516
1562834_at,0.05595513
1559580_at,0.05595374
243173_at,0.055952433
229912_at,0.05595208
221964_at,0.055951387
236596_at,0.05595115
205833_s_at,0.055950873
236076_at,0.055950146
219749_at,0.05595012
1562651_at,0.05594989
206379_at,0.055949166
236725_at,0.05594907
206902_s_at,0.055949066
211851_x_at,0.055947945
222221_x_at,0.055947438
232765_x_at,0.055945866
221213_s_at,0.055944175
215402_at,0.055939708
219360_s_at,0.05593864
206264_at,0.05593831
1562426_a_at,0.055937786
236914_at,0.055935852
214275_at,0.05593569
216694_at,0.055932194
233287_at,0.055930823
235671_at,0.055930607
243407_at,0.055930384
223306_at,0.055925876
237131_at,0.05592586
214942_at,0.055925466
1554712_a_at,0.05592297
207468_s_at,0.05592029
215679_at,0.055920035
1570116_at,0.05591803
230912_at,0.05591444
1554129_a_at,0.055913907
203096_s_at,0.055912733
231031_at,0.055912185
224225_s_at,0.055911805
233331_at,0.0559104
209517_s_at,0.05591032
233564_s_at,0.05591011
207226_at,0.055909798
224547_at,0.055908173
211382_s_at,0.05590777
228734_at,0.05590643
234175_at,0.055904604
206578_at,0.05590443
1553794_at,0.05590283
205698_s_at,0.055900797
214536_at,0.05590055
238366_at,0.055897847
1570115_at,0.055895377
221764_at,0.055893987
222786_at,0.05589354
238288_at,0.05589003
213038_at,0.055889025
201549_x_at,0.055888563
244362_at,0.055888005
214991_s_at,0.055885993
1562022_s_at,0.055884324
205082_s_at,0.05588302
240381_at,0.055882733
221831_at,0.055882707
232641_at,0.055881172
226781_at,0.055880547
226304_at,0.055880256
222051_s_at,0.055880167
238189_at,0.055879846
226432_at,0.0558794
233175_at,0.055877604
211336_x_at,0.05587685
234061_at,0.05587371
207266_x_at,0.055873543
243837_x_at,0.055871308
210625_s_at,0.05587107
243611_at,0.05586693
237332_at,0.055864036
1561578_s_at,0.055862278
220337_at,0.05586219
1566269_at,0.05586116
209546_s_at,0.055860966
234498_at,0.055860043
236325_at,0.055859946
240417_at,0.05585928
221336_at,0.055858698
216037_x_at,0.055857077
229034_at,0.055855565
213295_at,0.055853188
210327_s_at,0.05585288
1555595_at,0.055850442
1555520_at,0.055849783
213988_s_at,0.055849493
244376_at,0.055847272
239834_at,0.055844378
1556665_at,0.05584088
219007_at,0.05584079
232787_at,0.055838138
217041_at,0.05583705
233550_s_at,0.05583688
236528_at,0.055835366
227190_at,0.05583499
216103_at,0.05583465
222977_at,0.055832565
240146_at,0.05583179
229688_at,0.055831112
1555076_at,0.05583085
1553842_at,0.05583065
237173_at,0.055828378
1562862_at,0.05582624
1569852_at,0.055826213
231489_x_at,0.055825964
238338_at,0.055825327
242507_at,0.05582519
235420_at,0.05582498
221053_s_at,0.055824522
233070_at,0.055823773
242788_at,0.05582232
234506_at,0.05582122
206460_at,0.055817768
216204_at,0.055817477
232055_at,0.055817097
1553703_at,0.05581531
230694_at,0.05581467
244744_at,0.055813447
1566734_at,0.055813033
203387_s_at,0.05581288
239616_at,0.055811368
235039_x_at,0.055808462
1560284_at,0.055807963
228550_at,0.055806696
1565786_x_at,0.055804603
1557970_s_at,0.055804327
207967_at,0.055804204
236300_at,0.05580397
1554958_at,0.055800956
1563471_at,0.055800587
1562947_x_at,0.05579979
211188_at,0.05579961
235789_at,0.055799127
242498_x_at,0.055798233
203918_at,0.055795945
205157_s_at,0.055789053
1554534_at,0.05578857
215636_at,0.055785384
212819_at,0.055784844
218259_at,0.055784583
202008_s_at,0.0557843
1557777_at,0.055782616
224770_s_at,0.055781156
240822_at,0.05577845
1555197_a_at,0.055778272
1560897_a_at,0.055775322
223621_at,0.055775046
236034_at,0.055772655
200683_s_at,0.05577089
243128_at,0.05576934
207255_at,0.055769183
215512_at,0.055767834
1568604_a_at,0.055767633
216856_s_at,0.055766795
1569566_at,0.055766493
1554575_a_at,0.055766366
212846_at,0.055766046
223340_at,0.055764645
230402_at,0.055761665
202807_s_at,0.05575922
218749_s_at,0.05575654
232143_at,0.05575523
241618_at,0.055754952
208707_at,0.055753037
210368_at,0.055752784
236663_at,0.055751204
218311_at,0.055750847
239606_at,0.05575066
232859_s_at,0.055750076
1557810_at,0.055748865
236387_at,0.05574823
235354_s_at,0.05574818
241800_x_at,0.055744827
212524_x_at,0.05574464
230991_at,0.05574409
226710_at,0.05574371
220343_at,0.05574338
220047_at,0.05574178
234192_s_at,0.055741727
215025_at,0.055741534
213869_x_at,0.055740878
216423_at,0.055739865
233425_at,0.055738315
1559528_at,0.055738013
1558649_at,0.055734426
232778_at,0.05573298
232463_at,0.05573286
1556584_at,0.055731937
236000_s_at,0.05573103
1561820_at,0.055730484
206348_s_at,0.055729687
211202_s_at,0.055729404
220211_at,0.055728607
242755_at,0.05572642
206858_s_at,0.055723835
238723_at,0.055723287
242816_at,0.055721994
219756_s_at,0.055721797
231076_at,0.055720683
228759_at,0.055720463
223241_at,0.055719435
206588_at,0.055718783
1557544_at,0.055718772
212071_s_at,0.0557186
1555797_a_at,0.055718154
222114_x_at,0.055717826
243348_at,0.055717632
201972_at,0.055716723
239700_at,0.05571667
1558801_at,0.055716366
1556357_s_at,0.055716246
1560636_a_at,0.05571604
211555_s_at,0.055715866
240338_at,0.055715054
1563903_x_at,0.05571255
226114_at,0.05571215
217730_at,0.055711806
234454_at,0.055710193
220262_s_at,0.0557089
230944_at,0.055708326
234749_s_at,0.055706993
1559221_at,0.055705376
219475_at,0.055703767
209367_at,0.05570367
212959_s_at,0.05570188
240588_at,0.05570185
233811_at,0.055701315
206675_s_at,0.055700406
220977_x_at,0.055699527
238266_at,0.055697747
204819_at,0.05569399
232604_at,0.055692423
219743_at,0.055690974
229470_at,0.05569008
229790_at,0.05568935
214099_s_at,0.055688247
208186_s_at,0.055688173
1552804_a_at,0.05568813
212714_at,0.05568807
230519_at,0.055687606
214519_s_at,0.055686727
210166_at,0.05568607
228589_at,0.055685192
212942_s_at,0.05568353
232990_at,0.055683233
228336_at,0.055681616
237397_at,0.055681355
241738_at,0.05568122
214975_s_at,0.055680647
201477_s_at,0.055680573
213959_s_at,0.055679597
242115_at,0.055676796
1556285_s_at,0.05567652
244573_at,0.05567649
232019_at,0.055676036
232464_at,0.055674676
1563720_at,0.05567436
216069_at,0.055671334
206994_at,0.055669352
216340_s_at,0.055669352
223046_at,0.05566725
222689_at,0.055666
201081_s_at,0.05566431
239960_x_at,0.055663377
230203_at,0.055663034
1553340_s_at,0.055662435
1557987_at,0.055660903
230666_at,0.055660672
224436_s_at,0.055660367
202073_at,0.055660263
1556737_at,0.055660218
1566110_at,0.055658504
204148_s_at,0.05565822
213016_at,0.05565703
1553493_a_at,0.055656753
225759_x_at,0.05565314
235060_at,0.05565299
220998_s_at,0.05565296
220509_at,0.055650555
223676_at,0.05565042
224300_x_at,0.055650357
230700_at,0.055649646
229578_at,0.055645667
203882_at,0.05564502
207414_s_at,0.05564419
1569020_at,0.055643484
239125_at,0.05564276
236748_at,0.055642266
216822_x_at,0.055641785
236270_at,0.055640515
242203_at,0.055639
243674_at,0.05563742
237261_at,0.05563633
227427_at,0.05563481
1561139_at,0.055634364
1557710_at,0.055633444
232490_s_at,0.05563328
213870_at,0.05563274
1559105_at,0.055632103
1569532_a_at,0.05562985
241419_at,0.055629767
212179_at,0.05562952
240760_at,0.055629477
219965_s_at,0.05562929
229047_at,0.05562821
221217_s_at,0.05562788
223556_at,0.055627838
220680_at,0.055626605
216927_at,0.055625863
206105_at,0.055625647
1569139_s_at,0.0556255
235633_at,0.055623718
237301_at,0.055622227
241999_at,0.05562222
218000_s_at,0.055619657
203963_at,0.055619493
1556412_at,0.055618994
235866_at,0.05561869
218723_s_at,0.05561781
1552519_at,0.05561583
226075_at,0.055614702
1563497_at,0.055613995
211462_s_at,0.055613678
236343_at,0.055613622
213677_s_at,0.05561343
244727_at,0.0556131
230044_at,0.05561308
227454_at,0.055612653
244031_at,0.05561094
223597_at,0.05561065
203271_s_at,0.055609837
230755_at,0.055607617
218490_s_at,0.055605546
218775_s_at,0.055604298
1566301_at,0.055603918
222434_at,0.055603847
207311_at,0.055603333
243951_at,0.05560203
226020_s_at,0.05560033
235638_at,0.05559876
224133_at,0.05559815
1553171_x_at,0.05559789
208858_s_at,0.05559784
209734_at,0.055597693
226448_at,0.055597007
229312_s_at,0.055596247
205967_at,0.055595607
235748_s_at,0.055594854
213157_s_at,0.055594146
232319_at,0.055592135
229819_at,0.055591628
241299_at,0.055591285
240232_at,0.05559112
242979_at,0.055590674
239475_at,0.05558943
234445_at,0.055589028
37117_at,0.05558847
209554_at,0.055587403
237293_at,0.055586547
234145_at,0.055585466
216385_at,0.055584997
240262_at,0.055582263
235015_at,0.05558224
1557465_at,0.055578887
227714_s_at,0.05557645
217046_s_at,0.055574257
1561191_at,0.055573862
221399_at,0.055572126
229358_at,0.055571456
236686_at,0.055570446
220310_at,0.055568434
203874_s_at,0.05556836
227472_at,0.055567227
1552633_at,0.055567026
219620_x_at,0.055565774
242851_at,0.055564284
240229_at,0.055563062
208451_s_at,0.055562735
1561329_s_at,0.055562615
214584_x_at,0.055562556
243025_at,0.055562288
1557172_x_at,0.05556059
1555868_at,0.055560455
230193_at,0.05556019
228259_s_at,0.055559352
224453_s_at,0.055558607
243298_at,0.05555843
229026_at,0.05555816
241328_at,0.055557385
232326_at,0.055557054
237320_at,0.055555426
209897_s_at,0.05555466
237837_at,0.055552643
1554067_at,0.055552483
224475_at,0.055552464
242949_x_at,0.055549882
210705_s_at,0.055548802
212392_s_at,0.0555488
219328_at,0.055546932
1555275_a_at,0.055546746
215172_at,0.055545032
239691_at,0.055544052
244421_at,0.055542074
237798_at,0.055539295
1553397_at,0.05553864
220378_at,0.05553806
229921_at,0.05553761
215897_at,0.055536002
201234_at,0.055535987
242298_x_at,0.055534452
239447_at,0.055534124
209970_x_at,0.055533886
240123_at,0.055533864
228519_x_at,0.05553375
235626_at,0.05553311
231665_at,0.055532765
237446_at,0.05553174
229701_at,0.05553124
234063_at,0.055531137
243595_at,0.05553091
218707_at,0.055530414
236480_at,0.05553022
233125_at,0.055529412
243575_at,0.055529285
1569443_s_at,0.055528764
234393_at,0.05552776
229955_at,0.055525497
228755_at,0.05552548
239918_at,0.05552438
238245_at,0.05552364
230782_at,0.055522263
238708_at,0.05551838
226499_at,0.055517875
203780_at,0.055515572
208918_s_at,0.055515498
236759_at,0.055515073
218293_x_at,0.055513237
206317_s_at,0.05551277
218983_at,0.05551268
1553869_at,0.05551134
1558990_at,0.055511292
1552630_a_at,0.055510208
237013_at,0.055507742
240238_at,0.055506513
1564125_at,0.055506114
210812_at,0.055505686
219521_at,0.055505678
219859_at,0.055505395
1569522_at,0.055505306
217077_s_at,0.05550437
219421_at,0.055503726
233009_at,0.055503145
225380_at,0.055503108
219272_at,0.05550246
232228_at,0.055499062
208511_at,0.055497974
229527_s_at,0.05549717
222137_at,0.05549319
239203_at,0.055491753
204116_at,0.05549082
1564352_at,0.05549074
230362_at,0.05549068
1556306_at,0.055489033
232891_at,0.055488586
241079_at,0.05548819
223134_at,0.05548808
237959_at,0.055487398
205445_at,0.05548711
1563255_at,0.05548666
239222_at,0.05548651
244292_at,0.055486254
230247_at,0.055483893
241828_x_at,0.055482723
214677_x_at,0.055482447
211062_s_at,0.055482417
1566102_at,0.055481613
244451_x_at,0.055480033
1563571_at,0.055479273
1568249_at,0.055479124
229866_at,0.055478267
210656_at,0.055478096
233086_at,0.055477366
1564027_a_at,0.055477053
231554_at,0.055476874
1554047_at,0.055473775
215692_s_at,0.055473126
242555_at,0.055472597
222560_at,0.055471033
208823_s_at,0.055469796
205385_at,0.05546937
235757_at,0.055467606
1559895_x_at,0.055466667
213520_at,0.055466488
231345_s_at,0.055466384
1561004_at,0.055465117
203659_s_at,0.055464268
239551_at,0.055463284
206051_at,0.055462714
237432_at,0.05546011
234326_at,0.055459015
231086_at,0.05545804
223999_at,0.055457428
1566471_at,0.055456594
205551_at,0.055456553
242661_x_at,0.055455443
207921_x_at,0.05545112
239271_at,0.055450946
220124_at,0.055449322
205629_s_at,0.05544799
204334_at,0.055447936
203490_at,0.05544685
220117_at,0.055446308
232394_at,0.055440977
214883_at,0.05543919
225305_at,0.05543615
236893_at,0.05543399
1563224_at,0.055433944
233094_at,0.055433795
219262_at,0.055432856
1561785_at,0.05543166
210973_s_at,0.05543162
1562238_at,0.055431247
232115_at,0.05543104
212217_at,0.05543086
221790_s_at,0.05543004
230201_at,0.05542712
230488_s_at,0.05542571
226350_at,0.055424094
201557_at,0.055423617
243523_at,0.055420667
1561702_at,0.055417076
204843_s_at,0.055414855
237663_at,0.055414766
232532_at,0.05541443
208473_s_at,0.055412404
231309_at,0.055412292
230926_s_at,0.055412084
211517_s_at,0.05540853
1563943_at,0.055407308
208155_x_at,0.05540725
1565674_at,0.055406444
214630_at,0.055406373
238230_x_at,0.055403776
237951_at,0.05540277
241557_x_at,0.055401936
222339_x_at,0.055401415
1569315_s_at,0.055399135
222948_s_at,0.055399098
1553761_at,0.055397645
1564232_at,0.05539687
231395_at,0.055395775
205383_s_at,0.055395037
203854_at,0.055394508
209783_at,0.055393003
231944_at,0.055391237
234390_x_at,0.055390075
217663_at,0.055389993
213169_at,0.05538965
224443_at,0.055387728
1559128_at,0.05538761
221122_at,0.055386875
206768_at,0.05538665
1554791_a_at,0.055385835
1565689_at,0.055385664
224912_at,0.055384427
1569408_at,0.055383712
215654_at,0.055382654
229672_at,0.055382416
229316_at,0.055382386
220689_at,0.05538223
211044_at,0.05538182
210952_at,0.05538147
36475_at,0.05538085
206311_s_at,0.055379685
222072_at,0.055379592
243242_at,0.055379424
207743_at,0.055379312
221242_at,0.055378273
226819_at,0.05537634
212098_at,0.055375785
231583_at,0.055374447
1564430_at,0.055373743
225295_at,0.05537352
212620_at,0.05537294
243631_at,0.055372417
238753_at,0.055371396
1562467_at,0.05536998
234877_x_at,0.055369034
230984_s_at,0.055367716
231516_at,0.05536771
239361_at,0.055366896
243832_at,0.055363733
201461_s_at,0.05536346
1554736_at,0.05536309
1569064_at,0.055359036
240046_at,0.055357516
230876_at,0.05535739
209223_at,0.055357218
244684_at,0.055355966
1560013_at,0.05535528
214235_at,0.055355154
236449_at,0.055352464
239082_at,0.055352226
237880_at,0.055352204
233077_at,0.055351324
235515_at,0.05534938
239241_at,0.055349194
1566854_at,0.055346332
222723_at,0.05534591
230818_at,0.05534313
244079_at,0.055343077
216134_at,0.055342816
215801_at,0.055340976
223499_at,0.055339083
218863_s_at,0.05533749
225124_at,0.0553371
233951_at,0.05533658
239289_x_at,0.055335917
225935_at,0.05533579
210751_s_at,0.05533323
220398_at,0.055332243
240230_s_at,0.055329666
1567410_at,0.055329293
1558850_s_at,0.055328988
222075_s_at,0.05532886
241597_at,0.05532725
1566302_at,0.05532305
204991_s_at,0.055322975
241931_at,0.055322334
233107_at,0.055318788
219895_at,0.055317603
36564_at,0.055315256
237136_at,0.05531349
201589_at,0.05531165
244171_at,0.055310704
213943_at,0.055310264
219830_at,0.055309817
220643_s_at,0.055307627
241259_at,0.055307515
1556639_at,0.05530701
243790_at,0.055306345
226210_s_at,0.055305526
211866_x_at,0.05530443
1554989_at,0.055303596
207191_s_at,0.055301517
222782_s_at,0.055301324
1562208_a_at,0.05529978
237695_at,0.055299066
211837_s_at,0.055298783
57540_at,0.055297762
207982_at,0.05529686
50376_at,0.055296674
215240_at,0.05529609
239210_at,0.0552956
241003_at,0.05529537
216050_at,0.055293478
219778_at,0.055293128
217061_s_at,0.055292502
227143_s_at,0.055292368
240060_at,0.05528894
240181_at,0.055288266
213858_at,0.05528754
1552326_a_at,0.055287324
235625_at,0.055287123
234811_at,0.055286765
220629_at,0.055286422
222699_s_at,0.055286407
224893_at,0.055285513
217711_at,0.055285223
211514_at,0.055281922
207754_at,0.055277795
1555650_at,0.05527609
225956_at,0.055275336
216234_s_at,0.05527441
229440_at,0.05527427
213783_at,0.05527313
218844_at,0.055271342
233949_s_at,0.055270597
207866_at,0.055269644
213475_s_at,0.05526796
201536_at,0.055264488
223997_at,0.055263706
211684_s_at,0.05526039
1566515_at,0.055259656
211679_x_at,0.055255562
230186_at,0.05525522
1553602_at,0.055254005
241832_at,0.05525078
1559119_at,0.055249378
228116_at,0.055248596
233284_at,0.05524812
214670_at,0.05524765
232379_at,0.05524687
236803_at,0.055246696
1565703_at,0.05524555
211688_x_at,0.055245496
213285_at,0.05524335
214408_s_at,0.055243254
223780_s_at,0.055243045
221469_at,0.05524154
233115_at,0.05524106
1556294_at,0.05524083
206006_s_at,0.055240683
226258_at,0.055239797
201265_at,0.05523914
233773_at,0.055238627
1561419_at,0.05523835
1563802_at,0.055238046
207286_at,0.055237174
1552767_a_at,0.05523677
241322_at,0.055236254
229810_at,0.055235937
243720_at,0.05523566
1555587_at,0.05523435
243120_at,0.055233784
1552670_a_at,0.05523336
219173_at,0.0552333
235440_at,0.05523309
203736_s_at,0.05523217
240984_at,0.05523169
204602_at,0.055231445
1556486_at,0.055230603
230413_s_at,0.055229023
201332_s_at,0.055228084
244658_at,0.05522734
221342_at,0.05522718
215661_at,0.055224665
239948_at,0.055224314
234247_at,0.055224285
224452_s_at,0.055223346
241745_at,0.05522292
203997_at,0.055222757
234051_at,0.05522252
234723_x_at,0.055222303
207566_at,0.055222273
203439_s_at,0.055221647
211198_s_at,0.055220198
1563109_at,0.055213522
234657_at,0.05521298
234746_at,0.055212922
230022_at,0.055212297
231449_at,0.05521187
223706_at,0.05521036
230715_at,0.055209786
208903_at,0.055208623
229818_at,0.055208586
236937_at,0.055206224
223739_at,0.05520469
202608_s_at,0.055204492
242976_at,0.05520445
208986_at,0.055203438
220984_s_at,0.05520258
1557809_a_at,0.055201344
211176_s_at,0.05520102
208129_x_at,0.055199176
229340_at,0.055198237
238467_at,0.055197515
208309_s_at,0.055196553
237067_at,0.05519613
1565690_at,0.055195928
232396_at,0.055195652
204389_at,0.05519492
230009_at,0.055193946
234494_x_at,0.05519034
237080_at,0.055190023
213095_x_at,0.05518812
227057_at,0.055187754
222377_at,0.05518572
205336_at,0.055183228
232845_at,0.05518211
1569685_at,0.05518194
239649_at,0.05518017
1570032_at,0.05517911
204937_s_at,0.05517763
202765_s_at,0.055177353
228694_at,0.055177048
1569813_at,0.055176258
1556432_at,0.055174895
209627_s_at,0.055172145
1558613_at,0.055170015
242595_at,0.05516438
230923_at,0.055163886
1558601_at,0.05516284
207768_at,0.055158235
1565752_at,0.055156387
209628_at,0.055152923
1558673_s_at,0.05515173
208379_x_at,0.055150278
238674_at,0.055149846
239015_at,0.05514908
1557283_a_at,0.055148527
210345_s_at,0.05514831
1561597_x_at,0.05514744
214341_at,0.055145286
238051_x_at,0.05514497
240291_at,0.05514311
1558700_s_at,0.055141926
223185_s_at,0.055140227
1553513_at,0.055140138
232576_at,0.05513999
232329_at,0.055138495
1561546_at,0.0551382
1564227_at,0.05513817
233126_s_at,0.055138092
231430_at,0.0551356
226808_at,0.055133894
227908_at,0.05512917
1553125_x_at,0.055126388
201373_at,0.05512613
232619_at,0.055125907
210437_at,0.05512576
220990_s_at,0.055125177
240212_at,0.055123165
1553685_s_at,0.05512105
223498_at,0.05511968
202223_at,0.05511935
209985_s_at,0.055115934
214152_at,0.055113435
1557459_at,0.055112675
228921_at,0.055111166
239477_at,0.05511103
232633_at,0.0551109
239426_at,0.055109575
1555830_s_at,0.055109233
1552749_a_at,0.055108633
230422_at,0.055108164
202439_s_at,0.05510606
233957_at,0.05510603
205483_s_at,0.055105746
208607_s_at,0.05510422
226769_at,0.055102214
220771_at,0.055101387
1554522_at,0.055100903
205498_at,0.055100814
223613_at,0.05509977
204259_at,0.055096503
212289_at,0.05509579
219591_at,0.055094987
238875_at,0.05509478
226319_s_at,0.055094182
240447_at,0.055093676
1560758_at,0.055092275
240669_at,0.05508876
244858_at,0.055088192
229475_at,0.05508652
206046_at,0.055086464
211831_s_at,0.05508524
1555177_at,0.055084556
233443_at,0.055083863
233143_at,0.055083737
222874_s_at,0.055083543
222282_at,0.055083096
217834_s_at,0.055082634
219187_at,0.055081874
244797_at,0.05508177
213094_at,0.055080585
225044_at,0.05507955
237396_at,0.055075794
244578_at,0.055074222
221933_at,0.05507026
211029_x_at,0.055068597
229899_s_at,0.055067867
243144_at,0.05506555
232002_at,0.05506544
235840_at,0.05506531
217159_x_at,0.05506441
239457_at,0.05506366
231986_at,0.055062123
232276_at,0.05506192
242330_at,0.055061564
213558_at,0.055061422
222420_s_at,0.055060238
216924_s_at,0.055060044
227362_at,0.055059258
232550_at,0.055056296
228156_at,0.05505599
201129_at,0.055054277
1555827_at,0.05505228
216186_at,0.05505208
244759_x_at,0.05505081
229059_at,0.055049688
214443_at,0.05504849
241275_at,0.055048436
211085_s_at,0.055043146
1565743_at,0.055042155
222781_s_at,0.055040866
204915_s_at,0.055040184
232642_at,0.055040173
234612_at,0.05503983
207203_s_at,0.05503882
234372_at,0.05503803
1555417_a_at,0.055036593
214247_s_at,0.055035643
220226_at,0.055035412
239874_at,0.055035338
229520_s_at,0.055034533
241333_x_at,0.055034272
239080_at,0.05503151
207467_x_at,0.05502841
1566630_at,0.0550272
243246_at,0.055026263
234459_at,0.055023685
214632_at,0.055023085
229856_s_at,0.05502297
1557505_a_at,0.05502233
240859_at,0.055021614
207971_s_at,0.05502127
232548_at,0.05501923
233078_at,0.055018224
216451_at,0.055018168
223284_at,0.055017248
230948_at,0.055017017
205054_at,0.055016436
240891_at,0.055016324
242587_at,0.055014305
1561306_s_at,0.055013955
1568661_at,0.055013776
229694_at,0.05501288
205841_at,0.055011883
211161_s_at,0.05501157
234349_at,0.055009916
41037_at,0.05500966
220599_s_at,0.055009276
216753_at,0.055008933
240925_at,0.05500883
232193_at,0.05500541
238000_at,0.055004463
231431_s_at,0.055004418
244809_at,0.05500417
239838_at,0.055003144
229024_at,0.05500279
208497_x_at,0.05500248
201578_at,0.05500102
221163_s_at,0.05499974
244050_at,0.0549981
1560920_s_at,0.054997433
230028_at,0.054994076
227330_x_at,0.054993466
234442_at,0.05499068
227169_at,0.05499059
207977_s_at,0.054990176
217138_x_at,0.054990143
244403_at,0.0549884
243934_at,0.05498743
216453_at,0.054986984
239512_at,0.05498682
237949_at,0.054985747
232284_at,0.054985493
240571_at,0.05498521
1559229_at,0.05498513
221279_at,0.054984786
1559891_at,0.05498455
229692_at,0.0549825
244152_at,0.05498149
215440_s_at,0.054980814
1553679_s_at,0.0549798
238866_at,0.054979607
214149_s_at,0.054978773
1555450_a_at,0.05497846
241127_at,0.054977804
229257_at,0.054976523
221569_at,0.054973334
209660_at,0.054970928
1561199_at,0.05497039
216361_s_at,0.05496992
1556661_at,0.054968957
242968_at,0.054967687
238043_at,0.05496639
212858_at,0.05496554
239297_at,0.054964367
218934_s_at,0.054964013
220974_x_at,0.054963455
238731_at,0.05496329
231277_x_at,0.054962873
1562648_at,0.054962203
210047_at,0.054961577
239269_at,0.05496145
1568943_at,0.054959476
219843_at,0.054958627
219234_x_at,0.054954007
235898_at,0.05495262
235805_at,0.054952584
211222_s_at,0.05495225
239758_at,0.05495161
210666_at,0.05495161
224488_s_at,0.054949664
205184_at,0.05494895
242094_at,0.05494842
217670_at,0.05494837
218795_at,0.05494821
226850_at,0.054947466
238332_at,0.054946035
239995_at,0.05494599
224117_at,0.054943234
206538_at,0.054943137
242446_at,0.054941036
239854_at,0.054939736
201703_s_at,0.05493872
228795_at,0.054936945
210765_at,0.054936737
1558889_at,0.05493664
206064_s_at,0.054931477
214614_at,0.054931216
215301_at,0.05493028
218573_at,0.054925993
208408_at,0.05492531
220933_s_at,0.05492142
1558915_a_at,0.054920457
243748_at,0.054920234
207359_at,0.054918572
1554006_a_at,0.054918036
213205_s_at,0.054917663
223960_s_at,0.054916307
227752_at,0.05491503
208395_s_at,0.054914217
232064_at,0.054913856
231853_at,0.0549137
223713_at,0.054913312
1558164_s_at,0.054912247
203520_s_at,0.05490999
1553364_at,0.054909907
212146_at,0.0549096
205566_at,0.054909393
241063_at,0.054909237
235616_at,0.054909028
243247_at,0.05490891
226137_at,0.05490762
242400_at,0.054907024
233578_at,0.05490668
202417_at,0.054906502
1556721_at,0.054904304
228913_at,0.054903284
1557704_a_at,0.05490254
237835_at,0.054901157
1552997_a_at,0.05490105
206911_at,0.0549002
1554397_s_at,0.05490019
231651_at,0.05489938
235893_at,0.05489908
203245_s_at,0.054898083
1553081_at,0.05489649
225704_at,0.054895967
218188_s_at,0.054894447
215677_s_at,0.05489412
204190_at,0.054893225
219132_at,0.054893136
216736_at,0.05489195
232120_at,0.054891136
231455_at,0.054890648
1554262_s_at,0.05488947
1553498_at,0.054889202
244279_at,0.05488756
225306_s_at,0.054887384
217325_at,0.054885916
1566276_at,0.054882813
231092_s_at,0.054878965
1565599_at,0.054878816
214966_at,0.05487795
220749_at,0.054876447
235807_at,0.054875188
224816_at,0.054874003
236030_at,0.054873914
206368_at,0.054872613
202821_s_at,0.05487171
236042_at,0.05487062
1554499_s_at,0.054869875
228472_at,0.054867864
243290_at,0.054867007
210273_at,0.054866455
240287_at,0.054864943
216219_at,0.054863013
233626_at,0.054862052
221763_at,0.054861993
244474_at,0.05486092
236834_at,0.054860875
235318_at,0.05486066
228371_s_at,0.054859567
201563_at,0.054859534
208510_s_at,0.054858487
206498_at,0.05485837
242261_at,0.054857194
234481_at,0.054856524
1563316_at,0.054856326
206412_at,0.054855138
1570229_at,0.0548551
205434_s_at,0.054852962
241592_at,0.054852545
1566138_at,0.05485215
1553775_at,0.054851897
241243_at,0.054848984
222369_at,0.05484855
207961_x_at,0.054847416
207281_x_at,0.05484724
206127_at,0.054845452
231983_at,0.05484423
230647_at,0.054843754
221166_at,0.054843523
203004_s_at,0.054842636
232281_at,0.054841146
1569385_s_at,0.054840624
204395_s_at,0.05483903
232397_at,0.054838613
209541_at,0.054838166
214402_s_at,0.054837584
1556487_a_at,0.05483696
237645_at,0.054836825
242690_at,0.05483646
211682_x_at,0.054836392
215908_at,0.05483572
221287_at,0.054834396
215253_s_at,0.05483354
206806_at,0.05483345
223638_at,0.054833338
218900_at,0.05483243
222423_at,0.05482775
206773_at,0.05482766
213818_x_at,0.054826707
1565558_at,0.054825522
203872_at,0.05482537
244084_at,0.05482524
217689_at,0.054824967
222442_s_at,0.054821834
1552396_at,0.054821804
200637_s_at,0.054821797
214588_s_at,0.05481986
229635_at,0.054819204
215506_s_at,0.054818597
232203_at,0.054818064
221744_at,0.05481769
240104_at,0.054817297
207728_at,0.054816164
230691_at,0.054814782
206318_at,0.054814603
242543_at,0.054814488
212551_at,0.054812133
220921_at,0.054811724
210063_at,0.054811634
227021_at,0.054810837
1560145_at,0.054809466
1557300_s_at,0.05480893
1557528_at,0.054808
210226_at,0.054806896
1559045_at,0.05480668
1555180_at,0.05480657
232433_at,0.05480624
213167_s_at,0.054803938
230460_at,0.05480384
1566544_at,0.054803494
231801_at,0.054801833
240459_at,0.05480115
240062_at,0.054800496
230711_at,0.05480028
236713_at,0.054800168
1566892_at,0.05479975
233159_at,0.054797985
213609_s_at,0.05479712
1565783_at,0.054794684
243472_at,0.05479466
212197_x_at,0.05479428
220275_at,0.054793708
1566485_at,0.0547933
231640_at,0.05479321
205620_at,0.05479301
215686_x_at,0.05479251
205066_s_at,0.054791264
232584_at,0.054790646
207872_s_at,0.054789923
211865_s_at,0.05478987
235483_at,0.054788083
235347_at,0.05478753
220993_s_at,0.054786343
201617_x_at,0.054785717
236460_at,0.05478567
218234_at,0.054785565
234152_at,0.05478387
207923_x_at,0.054782934
224243_at,0.05478131
244112_x_at,0.054780275
232782_at,0.054778423
238188_at,0.054775022
228346_at,0.054773778
200787_s_at,0.054773107
205866_at,0.054772314
219265_at,0.05476921
241641_at,0.05476872
216983_s_at,0.054768316
235007_at,0.054767624
243762_at,0.054767378
235960_at,0.054766938
219230_at,0.05476607
203405_at,0.054764867
209690_s_at,0.05476416
231347_at,0.054761022
1559332_at,0.054760456
232129_s_at,0.054760396
210323_at,0.05475696
232790_at,0.054756
213777_s_at,0.05475595
1552616_a_at,0.05475487
229958_at,0.054752126
202914_s_at,0.054751664
201741_x_at,0.054749303
218772_x_at,0.054749236
1560752_at,0.05474889
1554901_at,0.054748476
204680_s_at,0.054748386
207546_at,0.05474798
230181_at,0.054747906
214618_at,0.054747667
227898_s_at,0.054745153
239322_at,0.054742917
233129_at,0.05474162
227683_x_at,0.05474154
214253_s_at,0.05474124
240841_at,0.054740302
243560_at,0.054739356
239462_at,0.05473557
236592_at,0.054734163
213751_at,0.054734085
1570349_at,0.05473298
232970_at,0.05473173
1570107_at,0.054729376
206986_at,0.054727793
224199_at,0.054727264
230973_at,0.05472724
228081_at,0.054723963
225817_at,0.054723218
214229_at,0.054722
230227_at,0.0547212
244075_at,0.054720998
1556409_a_at,0.05472027
237226_at,0.0547197
1554808_at,0.054718345
241962_at,0.05471784
228598_at,0.05471629
207025_at,0.054714777
1553142_at,0.054713916
216328_at,0.054713212
243068_at,0.05471012
1552991_at,0.05471005
207915_at,0.054710012
230780_at,0.054709464
234282_at,0.054708853
226150_at,0.05470845
1556986_at,0.054708328
219689_at,0.054708153
215021_s_at,0.054707944
208605_s_at,0.05470631
232945_at,0.054706167
236571_at,0.054705903
207834_at,0.054705475
241076_at,0.054705054
1552751_a_at,0.054704465
233596_at,0.05470234
232861_at,0.054702178
244695_at,0.054701917
234944_s_at,0.054701522
236666_s_at,0.05469999
207650_x_at,0.054699525
1569936_a_at,0.054695815
1561579_at,0.05469481
1558603_at,0.0546948
202536_at,0.054692924
205743_at,0.054692686
213803_at,0.054691777
221595_at,0.054691598
232255_at,0.0546882
230191_at,0.054687504
242869_at,0.054687336
232675_s_at,0.0546865
231356_at,0.054685675
230036_at,0.054685205
1562484_at,0.054684617
1569706_at,0.054684386
222427_s_at,0.054682106
216336_x_at,0.054681808
208260_at,0.054681674
214815_at,0.05468057
206436_at,0.054679554
226955_at,0.054676436
210980_s_at,0.054674268
209385_s_at,0.05467385
1562007_at,0.054671507
232162_at,0.054671396
221294_at,0.054670915
230236_at,0.054669827
219012_s_at,0.05466953
1559678_s_at,0.05466899
203015_s_at,0.054667145
1559051_s_at,0.054666504
231246_at,0.05466459
205078_at,0.05466339
212603_at,0.054663047
219107_at,0.05466273
202319_at,0.054662526
203998_s_at,0.05466196
211670_x_at,0.0546607
235924_at,0.054660458
226197_at,0.054659426
243480_at,0.05465865
232085_at,0.0546581
214995_s_at,0.05465731
206746_at,0.05465596
201471_s_at,0.054655492
1559715_at,0.05465532
239696_at,0.05465512
203632_s_at,0.054654565
206663_at,0.054653168
1562762_at,0.054652702
240203_at,0.05465127
1555299_s_at,0.054650456
1569461_at,0.05464857
230171_at,0.054648563
243559_at,0.054648533
207370_at,0.05464825
230523_at,0.054648235
208400_at,0.05464814
227596_at,0.0546477
200664_s_at,0.054647624
1570124_at,0.054647405
225558_at,0.05464667
233918_at,0.05464579
1555694_a_at,0.054645345
210601_at,0.05464515
242727_at,0.054644994
216296_at,0.054644033
241230_at,0.054643832
1566874_at,0.054643292
211112_at,0.054641396
1561600_at,0.05464122
229269_x_at,0.054639935
211258_s_at,0.054638166
1555833_a_at,0.054637283
208409_at,0.054636087
242069_at,0.054635465
221902_at,0.054633997
213410_at,0.054632843
216743_at,0.054631844
215902_at,0.054630883
244154_at,0.05462429
211226_at,0.054623526
240209_at,0.05462312
1556224_a_at,0.05462177
232900_at,0.054618493
227676_at,0.054616675
208810_at,0.054616153
212056_at,0.054615155
244417_at,0.05461429
224125_at,0.05461286
221655_x_at,0.054612592
203477_at,0.054610718
1560563_at,0.05461043
210268_at,0.05460997
209596_at,0.054608833
237864_at,0.054608494
203369_x_at,0.054607205
1556814_a_at,0.054606467
238819_at,0.0546043
1552484_at,0.054604284
1559756_at,0.054604173
230859_at,0.054603882
239383_at,0.05460319
1558518_at,0.054602504
1557867_s_at,0.05460213
228757_at,0.054601915
239641_at,0.054600567
203426_s_at,0.054599874
1568827_at,0.05459819
244009_at,0.054596778
241581_at,0.054590084
201411_s_at,0.05458802
206604_at,0.05458744
227025_at,0.054586932
201981_at,0.054586645
215484_at,0.05458633
1566217_at,0.05458514
242800_at,0.054584056
1553070_a_at,0.054583535
205946_at,0.054582648
1553943_at,0.05458249
240293_at,0.054581463
218796_at,0.054579154
1568812_at,0.054578464
202112_at,0.054578424
233128_at,0.0545784
201745_at,0.054577798
1565849_a_at,0.054577515
242697_at,0.054576002
212694_s_at,0.054575965
217316_at,0.054575384
224979_s_at,0.054574102
233203_at,0.054573666
243573_at,0.054573648
207526_s_at,0.054571982
209843_s_at,0.054571927
231371_at,0.05457153
230534_at,0.054569624
221784_at,0.054567125
205864_at,0.054566387
231972_at,0.05456382
239570_at,0.054563493
1552596_at,0.05456203
233105_at,0.054561496
1555678_at,0.05456116
1570629_at,0.054560393
220505_at,0.054560333
217605_at,0.054559954
1555436_a_at,0.054559767
224113_at,0.054558795
235956_at,0.05455453
217519_at,0.05455423
208304_at,0.054553054
215695_s_at,0.054551065
221274_s_at,0.054551065
242479_s_at,0.054548737
1556827_at,0.05454785
212806_at,0.05454719
241981_at,0.05454669
215436_at,0.054544754
222019_at,0.054543927
216858_x_at,0.054543734
230065_at,0.05454196
226812_at,0.054540947
237707_at,0.054538593
210690_at,0.05453832
206203_at,0.054535873
214224_s_at,0.054535776
205431_s_at,0.05453577
241033_at,0.054535523
211823_s_at,0.054535307
218792_s_at,0.054532453
230624_at,0.05453027
234006_s_at,0.054529518
229188_s_at,0.054528303
216222_s_at,0.054527473
229690_at,0.05452645
241098_at,0.05452526
241213_x_at,0.054524742
1557295_a_at,0.05452331
1555310_a_at,0.054518968
216118_at,0.05451817
1570131_at,0.05451603
240016_at,0.054515116
230274_s_at,0.05451496
1555323_at,0.054514527
240697_at,0.054513127
201902_s_at,0.054511346
1552875_a_at,0.054511163
228180_at,0.054509103
1557689_at,0.05450832
231560_at,0.054507405
238763_at,0.054506883
227641_at,0.054506242
225579_at,0.054506138
1561979_at,0.05450397
200604_s_at,0.054503143
215316_at,0.05450209
239287_at,0.054501414
1570486_at,0.054501325
1562332_at,0.05450066
243286_at,0.05449845
222334_at,0.054498315
216675_at,0.054498166
240916_x_at,0.054497775
235613_at,0.054496154
238474_at,0.05449608
220623_s_at,0.05449575
1566830_at,0.054494746
242594_at,0.05449371
1554480_a_at,0.054493517
234637_at,0.054492224
234560_at,0.054491416
205328_at,0.05449099
220387_s_at,0.054489672
208164_s_at,0.054488838
214570_x_at,0.05448874
203188_at,0.054488197
235478_at,0.05448757
207115_x_at,0.054487355
235681_at,0.054485872
201664_at,0.054485172
219166_at,0.05448425
209327_s_at,0.05448424
228407_at,0.054481115
222842_at,0.0544808
212990_at,0.054480493
220407_s_at,0.054478865
1561556_at,0.0544765
243072_at,0.054475382
1561834_a_at,0.05447503
239913_at,0.054471545
240073_at,0.054470956
1552486_s_at,0.05447063
220908_at,0.054470263
229352_at,0.05446935
1566271_x_at,0.054468438
209722_s_at,0.054468326
229816_at,0.054468267
213229_at,0.0544675
219541_at,0.054466814
207295_at,0.05446651
240362_at,0.05446591
226460_at,0.05446519
1553526_at,0.054464664
229244_at,0.05446401
226925_at,0.054463953
228819_at,0.054463744
229265_at,0.054463655
210459_at,0.054462917
238902_at,0.054462805
224520_s_at,0.054461014
244499_at,0.05445984
233818_at,0.054459132
1555689_at,0.054459035
212210_at,0.054456376
234902_s_at,0.054456353
238215_at,0.054455984
205794_s_at,0.05445561
226854_at,0.05445543
1554742_at,0.054454885
203618_at,0.05445297
234241_at,0.054450944
205168_at,0.05445032
200879_s_at,0.05444996
237265_at,0.054449756
206908_s_at,0.054449193
239548_at,0.05444867
204964_s_at,0.054448657
233840_at,0.054447226
235428_at,0.05444707
233400_at,0.054444596
242116_x_at,0.054444343
232912_at,0.05444427
211127_x_at,0.054443367
213100_at,0.05444267
209352_s_at,0.05444032
241957_x_at,0.054440215
222818_at,0.054439213
234754_at,0.054438904
242369_x_at,0.054438323
233866_at,0.05443789
238109_at,0.05443448
206497_at,0.054433078
1558710_at,0.054433048
227713_at,0.05443126
209198_s_at,0.054430544
230753_at,0.054430127
241935_at,0.05443009
232173_at,0.05442936
211557_x_at,0.054427985
228657_at,0.05442623
206906_at,0.05442608
230814_at,0.054425843
214965_at,0.054423034
240288_at,0.05442278
226328_at,0.054422528
242637_at,0.054419942
229111_at,0.05441922
222080_s_at,0.05441889
1567519_at,0.054418534
240001_at,0.054417916
239052_at,0.05441755
239715_at,0.05441639
212534_at,0.05441594
1567035_at,0.054415435
1556697_at,0.05441482
216591_s_at,0.05441302
1562801_at,0.05441284
241438_at,0.054411784
206147_x_at,0.05441177
238865_at,0.054411434
1557410_at,0.054410413
239093_at,0.054410204
229051_at,0.05440977
203724_s_at,0.05440811
240656_at,0.054407537
1563649_at,0.054404926
213221_s_at,0.05440484
221309_at,0.054403976
215791_at,0.054401875
228049_x_at,0.05440077
220901_at,0.054400206
232246_at,0.05439926
208852_s_at,0.054398805
227283_at,0.05439745
1554680_s_at,0.054397307
1557302_at,0.054396033
1561113_at,0.054395482
229496_at,0.05439508
208493_at,0.054394897
212466_at,0.05439444
1558342_x_at,0.054394156
214088_s_at,0.054393187
236309_x_at,0.054391682
1563659_at,0.05439064
227719_at,0.05439043
1558877_at,0.05438973
1552409_a_at,0.054388948
216251_s_at,0.05438891
238232_at,0.05438837
1567686_at,0.054386925
239156_at,0.05438598
200788_s_at,0.0543859
225988_at,0.054385036
221665_s_at,0.054384783
238163_at,0.054382764
1557476_at,0.054382112
226492_at,0.054381844
244470_at,0.05438137
218481_at,0.05438043
234501_x_at,0.05437947
237076_at,0.05437377
203951_at,0.05437275
1564274_at,0.054371156
217044_s_at,0.05437065
236795_at,0.05436741
233608_at,0.05436585
223976_at,0.05436399
217312_s_at,0.054363187
209012_at,0.054361984
242274_x_at,0.054360885
214266_s_at,0.054360084
1562946_at,0.054359272
242920_at,0.054358706
206734_at,0.05435756
218744_s_at,0.054357268
203800_s_at,0.054357022
214392_at,0.054355286
235190_at,0.05435455
1556620_at,0.054353926
216095_x_at,0.054353893
232920_at,0.054353274
235946_at,0.054352906
1561398_at,0.054352663
208151_x_at,0.054351434
242839_at,0.054350324
210545_at,0.054347247
219781_s_at,0.054346785
211652_s_at,0.05434666
213371_at,0.05434653
220431_at,0.054345235
222189_at,0.054344878
1554049_s_at,0.05434349
215572_at,0.054342873
1570242_x_at,0.05434202
241689_at,0.05433958
203723_at,0.054337084
206774_at,0.05433602
207164_s_at,0.0543354
240942_at,0.054334976
1556552_a_at,0.0543337
218338_at,0.054332733
237350_at,0.05433224
235167_at,0.05433148
235875_at,0.054331213
229284_at,0.05432998
240873_x_at,0.05432963
222024_s_at,0.0543285
236991_at,0.05432847
207379_at,0.05432792
61734_at,0.054326266
222846_at,0.054324836
236948_x_at,0.054323286
1562563_at,0.054323077
227401_at,0.0543212
220157_x_at,0.054320544
1556777_a_at,0.05431986
211366_x_at,0.05431974
236550_s_at,0.054318544
235897_at,0.05431824
242826_at,0.05431789
242924_at,0.05431375
229006_at,0.054312095
204595_s_at,0.054308567
230980_x_at,0.0543067
215590_x_at,0.05430662
231358_at,0.054304823
222520_s_at,0.054304086
1558501_at,0.0543032
211580_s_at,0.054301813
1569688_at,0.054301642
230918_at,0.054300845
220427_at,0.054299995
230147_at,0.0542999
214712_at,0.05429942
237715_at,0.05429917
230380_at,0.05429879
205369_x_at,0.054297566
220364_at,0.054296624
229374_at,0.054296188
215286_s_at,0.054295197
232466_at,0.05429478
1553439_at,0.054294378
219236_at,0.05429335
1555322_at,0.054293245
230515_at,0.054293238
1552890_a_at,0.054291908
1559049_a_at,0.05429156
242792_at,0.054291233
221877_at,0.054290995
1569588_x_at,0.054290526
1557541_at,0.05428818
240590_at,0.05428816
205506_at,0.05428811
205327_s_at,0.054288104
207355_at,0.054288097
216086_at,0.054286547
235880_at,0.054285757
231047_at,0.05428554
229023_at,0.05428487
235436_at,0.054284573
228803_at,0.05428413
239441_at,0.054283783
230504_at,0.05428371
1570281_at,0.054282963
229619_at,0.054282755
1558930_at,0.05428241
232898_at,0.05428199
232911_at,0.054281965
219339_s_at,0.054281592
240700_at,0.05428093
244104_at,0.054280877
206597_at,0.05428083
204095_s_at,0.05428061
222428_s_at,0.054276496
205188_s_at,0.054276496
244803_at,0.054276377
240886_at,0.054276146
214562_at,0.054275624
242635_s_at,0.05427532
240077_at,0.054274693
236401_at,0.054274485
221347_at,0.05427377
242076_at,0.054271836
207310_s_at,0.054270837
207330_at,0.054270685
213772_s_at,0.05426736
214203_s_at,0.054267332
1564053_a_at,0.054266587
206633_at,0.05426566
222170_at,0.05426474
218247_s_at,0.05426228
213374_x_at,0.054259196
225457_s_at,0.054258853
231609_at,0.05425869
207146_at,0.054258574
215775_at,0.054258123
213148_at,0.054257706
215162_at,0.05425611
206496_at,0.054255746
226299_at,0.054255545
214425_at,0.054254945
211426_x_at,0.054252595
201548_s_at,0.054252252
238567_at,0.054251797
220227_at,0.054249495
236826_at,0.05424896
211117_x_at,0.054248936
217099_s_at,0.05424854
233753_at,0.054248244
204133_at,0.05424784
238003_at,0.054246295
229811_at,0.054245904
1554790_at,0.05424241
235069_at,0.054239243
236078_at,0.054236107
212498_at,0.054236054
1556972_at,0.05423466
238536_at,0.054233283
226417_at,0.054231837
235781_at,0.054231018
236166_at,0.0542308
224144_at,0.054230638
1554440_at,0.05422969
236874_at,0.054229528
215988_s_at,0.054229274
242350_s_at,0.05422902
222916_s_at,0.054227695
235463_s_at,0.054227337
1558324_a_at,0.05422322
217865_at,0.054223
234781_at,0.05422294
222856_at,0.05422242
1557056_at,0.05422153
235997_at,0.05422107
202943_s_at,0.054220617
1557501_a_at,0.05421916
241012_at,0.054217026
235710_at,0.054216895
244178_at,0.054216865
1561065_at,0.054216012
206358_at,0.054215647
231746_at,0.054214012
242435_at,0.054213926
1557938_s_at,0.05421371
230367_at,0.05421228
207401_at,0.05421218
221440_s_at,0.054210775
1559272_at,0.05421024
1556771_a_at,0.05420983
236637_at,0.054209676
241878_at,0.054209195
1566528_at,0.054209158
205069_s_at,0.054208644
240260_at,0.054205805
202400_s_at,0.054205142
238740_at,0.054202866
1561689_at,0.05420089
1559311_at,0.054200713
242066_at,0.05420026
218477_at,0.05419895
235800_at,0.05419801
232382_s_at,0.05419615
216060_s_at,0.05419591
207556_s_at,0.054194987
205504_at,0.05419272
1555773_at,0.054191504
241361_at,0.054191485
220783_at,0.054190718
232435_at,0.05418956
242202_at,0.054189105
243245_at,0.05418759
204761_at,0.05418694
223100_s_at,0.054184437
206879_s_at,0.0541842
236778_at,0.054182187
210924_at,0.054181494
1554188_at,0.054180935
241427_x_at,0.054179475
1553492_a_at,0.054179065
222921_s_at,0.054177765
210318_at,0.054176867
241116_at,0.05417656
218274_s_at,0.054175586
243280_at,0.054175586
207524_at,0.054175466
231630_at,0.05417449
220602_s_at,0.05417353
214935_at,0.05417243
1552450_a_at,0.054171734
1557050_at,0.054171517
241474_at,0.054170087
1553729_s_at,0.05416881
202908_at,0.054167584
1569181_x_at,0.05416666
216494_at,0.054166056
214896_at,0.05416597
229237_s_at,0.054165646
243471_at,0.054165006
236025_at,0.0541647
1555889_a_at,0.054164648
216849_at,0.05416461
206890_at,0.054164447
202989_at,0.054163158
213563_s_at,0.054162234
209611_s_at,0.054156892
242916_at,0.054153204
238797_at,0.05415304
215222_x_at,0.05415292
215269_at,0.054152414
229827_at,0.054151393
233687_s_at,0.054148432
202314_at,0.054147497
230771_at,0.0541474
217489_s_at,0.05414663
1556185_a_at,0.054146066
222867_s_at,0.05414605
222787_s_at,0.054145843
224388_s_at,0.054143846
1553863_at,0.05414346
203003_at,0.05414334
208112_x_at,0.05414301
218161_s_at,0.054141805
204653_at,0.054141782
225204_at,0.05414164
225944_at,0.054141626
1568804_at,0.0541406
212829_at,0.05414042
234243_at,0.054139923
220232_at,0.054139823
244788_at,0.054139473
237461_at,0.054138277
244516_at,0.05413822
1562953_s_at,0.054137953
1559586_at,0.054137472
206090_s_at,0.05413723
230887_at,0.054135866
229765_at,0.0541351
1562871_at,0.054133374
204773_at,0.054133102
201808_s_at,0.05413184
220529_at,0.05413042
219584_at,0.0541299
223849_s_at,0.05412592
210265_x_at,0.054125182
204431_at,0.05412419
214318_s_at,0.054124027
1558034_s_at,0.054124005
212279_at,0.054123715
1555705_a_at,0.054123
211677_x_at,0.054121934
223413_s_at,0.054121852
215740_at,0.054121524
201982_s_at,0.054121353
221161_at,0.054120965
213763_at,0.05411928
242783_at,0.054119237
215904_at,0.05411869
40020_at,0.05411817
1560176_s_at,0.05411808
233099_at,0.05411682
231103_at,0.054116756
241448_at,0.054115504
231367_s_at,0.054114416
233369_at,0.054113403
225318_at,0.05411321
232436_at,0.054111123
204694_at,0.054110974
239552_at,0.05410947
225345_s_at,0.05410892
229446_at,0.05410359
216776_at,0.054103322
237115_at,0.05410331
235908_at,0.054101788
240154_at,0.05410096
211494_s_at,0.054100834
240967_at,0.05410075
208989_s_at,0.05410053
244127_at,0.054099806
209780_at,0.054097667
202813_at,0.054097384
243692_at,0.05409716
235017_s_at,0.054096587
218182_s_at,0.0540961
217620_s_at,0.054094613
216271_x_at,0.05409211
241071_at,0.054090656
239644_at,0.05409053
218276_s_at,0.05409029
232298_at,0.05408988
209663_s_at,0.054089442
1558807_at,0.05408898
211459_at,0.054086626
228658_at,0.054086134
208368_s_at,0.054083765
209678_s_at,0.05408272
205181_at,0.054082587
232096_x_at,0.054081306
210806_at,0.05407954
227130_s_at,0.054079052
207677_s_at,0.05407846
239613_at,0.05407758
221136_at,0.054077044
212535_at,0.054075956
1557136_at,0.054075778
207427_at,0.054075055
81737_at,0.054072484
1569540_at,0.054071784
222716_s_at,0.054070503
1553566_at,0.054070413
220374_at,0.054070152
216824_at,0.05406738
238810_at,0.054066956
240744_at,0.054065645
219810_at,0.054065347
229013_at,0.05406487
206945_at,0.054064795
243160_at,0.05406458
240578_at,0.054064047
241152_at,0.054061912
237816_at,0.054061633
214022_s_at,0.054059893
233314_at,0.054059867
243422_at,0.054058105
212486_s_at,0.05405684
39650_s_at,0.05405557
1558755_x_at,0.054055184
201944_at,0.054055184
1555083_at,0.054054156
222784_at,0.054053996
1552793_at,0.05405347
242271_at,0.054053046
240164_at,0.05405176
223268_at,0.05405061
1570227_at,0.054050565
216889_s_at,0.05404999
231202_at,0.054049414
211082_x_at,0.054049328
235813_at,0.054048456
231711_at,0.054045536
210454_s_at,0.054045044
224271_x_at,0.05404388
1561532_at,0.054043606
244329_at,0.0540433
241639_at,0.054043036
1554699_at,0.054041415
1560278_at,0.05404067
201522_x_at,0.054040343
214771_x_at,0.054040015
233169_at,0.05403956
220339_s_at,0.05403882
1557828_a_at,0.054037735
1563079_at,0.054037385
201971_s_at,0.054036066
244416_at,0.05403603
1565693_at,0.054035835
221670_s_at,0.05403422
1560765_a_at,0.05403091
225447_at,0.054029733
205785_at,0.054029502
1561292_at,0.0540286
230586_s_at,0.054028474
223228_at,0.054028317
243638_at,0.054028124
200622_x_at,0.05402796
238745_at,0.054027338
232249_at,0.054023772
1554250_s_at,0.054023713
229633_at,0.05402352
211384_s_at,0.05402342
1560378_at,0.05402103
207561_s_at,0.05401969
207321_s_at,0.054016896
223392_s_at,0.05401656
217676_at,0.05401553
243333_at,0.054015502
227570_at,0.054014742
217509_x_at,0.054014117
235163_at,0.054012746
217658_at,0.054011777
212533_at,0.05401063
214308_s_at,0.054010466
234386_s_at,0.05401025
203634_s_at,0.054009363
237473_at,0.05400922
200606_at,0.054006986
208327_at,0.05400384
1560089_at,0.054002836
241568_at,0.054002784
1564229_at,0.054000393
202704_at,0.053999335
1554782_at,0.053999215
229804_x_at,0.053998858
1554933_at,0.053997606
38290_at,0.05399686
1563950_at,0.053996425
227366_at,0.053994805
1568598_at,0.053994514
212796_s_at,0.0539926
201043_s_at,0.053992584
205981_s_at,0.05399233
222117_s_at,0.05399164
1562724_at,0.053991504
1569577_x_at,0.053990915
212797_at,0.053984117
223951_at,0.05398368
219952_s_at,0.053982392
231621_at,0.053979088
1556216_s_at,0.05397649
236115_at,0.053975493
243765_at,0.05397488
236901_at,0.053974494
215866_at,0.053972192
228883_at,0.05397208
231546_at,0.053971786
65438_at,0.053970784
210564_x_at,0.053970724
232258_at,0.05397061
1559222_at,0.053969942
1553168_at,0.05396866
243292_at,0.05396851
218629_at,0.053967386
221517_s_at,0.053967267
237463_at,0.053966783
207497_s_at,0.05396382
230919_at,0.053962663
1555978_s_at,0.053961977
239702_x_at,0.05396182
227553_at,0.05396125
240294_at,0.053959653
232734_at,0.05395898
209197_at,0.0539587
203974_at,0.05395606
228981_at,0.05395317
241707_at,0.053953
1552609_s_at,0.053952307
233764_s_at,0.053951904
234124_at,0.05395168
235220_at,0.053951144
1557049_at,0.05395034
230612_at,0.053949982
205978_at,0.053949796
223360_at,0.05394815
1562254_at,0.053947978
236504_x_at,0.053947397
236835_at,0.05394689
227673_at,0.053946167
243231_at,0.053946167
236728_at,0.053943545
204047_s_at,0.0539428
1558371_a_at,0.053941652
231176_at,0.05393888
203601_s_at,0.05393868
202779_s_at,0.05393794
240341_at,0.053936534
208940_at,0.053934067
215483_at,0.053933293
239944_at,0.05393195
242759_at,0.05393017
233925_at,0.053927638
241092_at,0.05392763
223571_at,0.05392699
241894_at,0.05392509
241843_at,0.053922653
219807_x_at,0.053921342
236547_at,0.053921316
204036_at,0.053920966
232426_at,0.053920437
210197_at,0.053919088
230314_at,0.053917363
216628_at,0.053916503
223923_at,0.053915396
233496_s_at,0.053913713
230130_at,0.053913433
1564729_at,0.05391053
1553512_at,0.053909827
1563638_at,0.05390978
241798_at,0.053908378
220039_s_at,0.053905923
217152_at,0.05390525
240139_at,0.05390507
216621_at,0.053904966
1565716_at,0.053904682
231064_s_at,0.05390364
226424_at,0.053902715
217053_x_at,0.05390271
226441_at,0.05390051
1569882_at,0.05390046
239495_at,0.053900152
214936_at,0.053898416
1566425_at,0.053897806
231505_s_at,0.053896166
207422_at,0.05389613
242552_x_at,0.053895406
236567_at,0.05389299
221394_at,0.05389197
1558368_s_at,0.053891733
242301_at,0.05389148
242219_at,0.053891093
1553984_s_at,0.0538899
1555370_a_at,0.05388823
224014_at,0.053888157
212142_at,0.053886294
239240_at,0.0538835
226778_at,0.053882178
207929_at,0.05388184
218100_s_at,0.053881705
1556852_a_at,0.053880423
1566527_at,0.053880397
230324_at,0.053880364
233418_at,0.053879835
216266_s_at,0.053879574
204124_at,0.053877927
237420_at,0.053877085
205925_s_at,0.05387618
1556649_at,0.053875685
216995_x_at,0.053874604
235212_at,0.053874575
217821_s_at,0.053874493
235148_at,0.05387415
216887_s_at,0.053873062
230939_at,0.053869165
222461_s_at,0.053868774
212459_x_at,0.05386834
215275_at,0.053867847
233004_x_at,0.053862274
244771_at,0.053860992
226331_at,0.053857803
239802_at,0.053857654
1554937_x_at,0.05385673
238839_at,0.053854235
216383_at,0.0538522
216502_at,0.053852037
203059_s_at,0.053850964
227484_at,0.053850286
201413_at,0.053850144
238145_at,0.053850114
213495_s_at,0.053847775
233908_x_at,0.05384636
236311_at,0.053846143
1560407_at,0.053845886
234532_at,0.05384533
241336_at,0.053844526
1553646_at,0.05384419
209711_at,0.05384274
205971_s_at,0.053842604
231726_at,0.053842433
226952_at,0.053842172
231635_x_at,0.05384147
219109_at,0.053839624
205492_s_at,0.05383664
243946_at,0.053835876
229324_x_at,0.053835437
220816_at,0.05383444
231467_at,0.053833157
243418_at,0.053831108
231867_at,0.053830523
237108_x_at,0.05382984
214320_x_at,0.053829797
243777_at,0.05382896
1554364_at,0.05382883
210483_at,0.05382745
206307_s_at,0.05382555
212895_s_at,0.05382493
224346_at,0.053823054
211827_s_at,0.053822175
243445_at,0.053820733
225433_at,0.053819045
232719_at,0.053818658
210075_at,0.053816408
214852_x_at,0.05381536
244016_at,0.053815193
223083_s_at,0.053814627
233597_at,0.053813905
216100_s_at,0.05381097
235979_at,0.05381061
1569450_at,0.05380997
1565833_at,0.053808417
222323_at,0.053806704
225379_at,0.053806514
233448_s_at,0.0538048
203270_at,0.05380401
1558186_s_at,0.05380378
211223_at,0.05379927
226966_at,0.0537988
228132_at,0.053798586
204296_at,0.053796083
210336_x_at,0.05379516
208495_at,0.053793605
224515_at,0.053793117
243755_at,0.05379224
224037_at,0.05379152
1554165_at,0.053790815
210732_s_at,0.053790674
230050_at,0.05378999
207137_at,0.053789712
236422_at,0.053788856
234500_at,0.053788796
240367_at,0.05378861
244333_at,0.05378688
203672_x_at,0.053786024
238629_x_at,0.053784255
208846_s_at,0.053783
1561738_at,0.05378262
239144_at,0.053781793
222570_at,0.05378075
1570064_at,0.05378033
223106_at,0.053779423
232008_s_at,0.053779244
1568609_s_at,0.05377829
243971_x_at,0.053775936
243057_at,0.05377572
238044_at,0.053775698
236790_s_at,0.053774286
231307_at,0.053773757
1552304_at,0.053773597
217001_x_at,0.053773582
224397_s_at,0.05377348
207380_x_at,0.053772446
232512_at,0.053771023
242677_at,0.053769454
206634_at,0.053769417
240520_at,0.053768486
218523_at,0.05376686
207290_at,0.053766344
226595_at,0.05376514
211554_s_at,0.053764984
231218_at,0.053763933
236651_at,0.05376309
223895_s_at,0.053762287
219811_at,0.05375979
206388_at,0.05375967
1558762_a_at,0.05375883
226534_at,0.053758517
1567023_at,0.053756937
208300_at,0.05375576
1556950_s_at,0.053753376
211104_s_at,0.053753003
201206_s_at,0.05375147
207082_at,0.0537514
210017_at,0.05375132
204570_at,0.05375033
206645_s_at,0.05375024
216671_x_at,0.053750165
209049_s_at,0.05374971
33197_at,0.05374889
208344_x_at,0.05374781
211725_s_at,0.053746402
238045_at,0.05374597
234625_at,0.053745046
216617_s_at,0.05374242
1563003_at,0.053742215
207773_x_at,0.05373785
202636_at,0.053737327
1564544_x_at,0.053736642
1561923_a_at,0.05373639
237447_at,0.053735226
223901_at,0.053734414
214122_at,0.053733982
243583_at,0.05373394
231028_at,0.053733796
1553300_a_at,0.053733457
1570621_at,0.05373328
230950_at,0.05373317
234832_at,0.05373311
1553146_at,0.05373289
236793_at,0.053732798
218149_s_at,0.053732067
229876_at,0.053730484
1559960_x_at,0.053729206
237510_at,0.053727537
211856_x_at,0.05372737
213464_at,0.05372737
232818_at,0.053726815
211621_at,0.053725723
208696_at,0.05372429
230553_at,0.053724036
216830_at,0.05372324
231419_at,0.053722955
232294_at,0.053721663
222319_at,0.05372134
1555261_at,0.053720877
243657_at,0.053719487
244836_at,0.053717576
1562219_at,0.05371622
208888_s_at,0.053714022
243622_at,0.05371315
1563376_at,0.053713016
211455_at,0.053712748
1566647_s_at,0.05371254
208165_s_at,0.053711884
1553910_at,0.05371134
1556105_at,0.053710967
223783_s_at,0.053708818
234195_at,0.053707592
236640_at,0.05370735
208176_at,0.053707175
240411_at,0.053706966
213211_s_at,0.053703815
239446_x_at,0.05370368
224470_at,0.053702965
209854_s_at,0.053702585
228393_s_at,0.053702578
205960_at,0.053701907
225050_at,0.053701043
238932_at,0.053700197
232223_at,0.053699665
222328_x_at,0.05369941
241351_at,0.053699214
229919_at,0.05369807
1561542_at,0.053698033
219369_s_at,0.053697966
203306_s_at,0.053697884
206299_at,0.0536964
234651_at,0.05369425
1564317_at,0.053693146
227803_at,0.05369307
244457_at,0.053692967
1552698_at,0.053692058
226803_at,0.05369003
244468_at,0.05368828
243534_at,0.05368786
221232_s_at,0.053686254
227253_at,0.053685434
220440_at,0.053684015
1553139_s_at,0.053683437
243287_s_at,0.053681307
202177_at,0.05368127
1554646_at,0.053681023
216142_at,0.053680293
214242_at,0.0536792
229359_at,0.053679153
1558334_a_at,0.053678997
216289_at,0.053678714
1555168_a_at,0.05367616
244517_x_at,0.053675845
220231_at,0.053675607
243654_at,0.053673238
204994_at,0.05367309
235555_at,0.05367154
228327_x_at,0.053671118
229370_at,0.053669155
243920_x_at,0.053669147
223243_s_at,0.053668723
220054_at,0.053668633
1557720_s_at,0.05366804
243493_at,0.053666875
236158_at,0.053666297
244194_at,0.053665023
1553207_at,0.053663146
234168_at,0.053661812
222293_at,0.05366174
202321_at,0.053661518
206166_s_at,0.05366105
1555196_at,0.053660735
1552986_at,0.053660676
214449_s_at,0.053660393
1555281_x_at,0.053659767
232182_at,0.053659506
1555049_at,0.05365794
1567527_at,0.053656206
213703_at,0.05365461
240310_at,0.053653136
221201_s_at,0.05365303
229264_at,0.053651378
1556014_at,0.05365087
223404_s_at,0.05364971
238549_at,0.053647563
238352_s_at,0.053647205
203094_at,0.053646743
212221_x_at,0.05364561
213820_s_at,0.053644255
205937_at,0.05364413
235092_at,0.05364328
238621_at,0.053643096
215745_at,0.05364296
1555685_at,0.053642944
230875_s_at,0.05364278
205583_s_at,0.0536412
225501_at,0.053640068
220002_at,0.053640068
232643_at,0.05364004
1555695_a_at,0.05363986
219127_at,0.053638518
231330_at,0.053638324
237913_at,0.05363807
207851_s_at,0.053635985
1570496_at,0.053634793
214311_at,0.053634644
213697_at,0.053634003
231020_at,0.053633362
236329_at,0.053632498
227437_at,0.05363185
212242_at,0.053631008
1564403_at,0.053630292
219874_at,0.053630054
1554152_a_at,0.053626865
1569044_at,0.05362664
243955_at,0.05362499
214834_at,0.05362414
223980_s_at,0.053621545
210874_s_at,0.05361955
210177_at,0.05361727
216624_s_at,0.053616308
227453_at,0.05361566
215423_at,0.053615563
207519_at,0.053615432
1552856_at,0.053614467
242973_at,0.053613737
211894_x_at,0.053613655
201868_s_at,0.053612888
239652_at,0.05361165
236143_at,0.053609855
218826_at,0.05360949
1555757_at,0.05360937
1565588_at,0.053609177
221377_s_at,0.053608622
215079_at,0.05360827
230487_at,0.053607192
231158_x_at,0.053607125
51158_at,0.05360645
223874_at,0.0536064
229445_at,0.053605482
238870_at,0.053603135
1562899_at,0.05360169
223897_at,0.0536014
202506_at,0.053600103
242669_at,0.053599298
1562845_at,0.053597726
1562974_at,0.053597353
216029_at,0.053597286
217006_x_at,0.053596124
1558745_at,0.05359444
217641_at,0.05359438
201625_s_at,0.05359438
240189_at,0.05359301
210508_s_at,0.053592823
239385_at,0.05359161
243695_at,0.053591155
213281_at,0.05359085
222355_at,0.05359072
227463_at,0.053589366
221275_s_at,0.05358932
242347_at,0.053589106
241595_at,0.053588152
205238_at,0.053587347
210609_s_at,0.053586498
201384_s_at,0.05358386
226928_x_at,0.053583242
216168_at,0.053581737
232429_at,0.053581223
1555703_at,0.053580303
217349_s_at,0.053579748
240011_at,0.053578116
1557021_s_at,0.05357784
1556398_a_at,0.053577766
235534_at,0.0535762
211826_s_at,0.053575695
214805_at,0.05357544
239032_at,0.053575426
1562981_at,0.053575426
237258_at,0.05357409
1555117_at,0.053573713
1559810_at,0.053573497
1568899_at,0.053572543
220035_at,0.05357243
207933_at,0.053572297
228028_at,0.053572223
223747_x_at,0.05357084
232257_s_at,0.05357018
221656_s_at,0.053569883
212223_at,0.053569824
1570224_at,0.053568803
228761_at,0.05356867
1557523_at,0.05356794
213268_at,0.053566903
234013_at,0.05356415
213454_at,0.0535641
1555617_x_at,0.053563908
221170_at,0.05356368
237745_at,0.053563334
217309_s_at,0.053559102
226637_at,0.05355908
237806_s_at,0.05355852
214362_at,0.05355805
242582_at,0.05355691
1557637_at,0.05355686
216886_at,0.053556103
229046_s_at,0.053555302
1561940_at,0.05355431
240302_at,0.053553335
226772_s_at,0.053551827
244688_at,0.05355148
227933_at,0.053551354
219222_at,0.05355133
215969_at,0.05355127
204020_at,0.053549916
225423_x_at,0.05354981
242455_at,0.05354903
225696_at,0.053548947
232009_at,0.053548872
1569428_at,0.053548798
210583_at,0.053547855
232496_at,0.053547136
231192_at,0.053546414
241441_at,0.053546093
230137_at,0.05354438
232184_at,0.053544164
223858_at,0.053542525
214767_s_at,0.05354194
219397_at,0.053540975
1560680_at,0.05354044
228429_x_at,0.05354041
236038_at,0.053540226
240017_at,0.05353959
239257_at,0.05353876
225723_at,0.05353731
214294_at,0.05353602
234499_at,0.053535976
206987_x_at,0.053535618
222799_at,0.053535253
215500_at,0.053534936
238478_at,0.053534545
1559654_s_at,0.05353304
1564308_a_at,0.0535329
238204_at,0.0535327
214493_s_at,0.053532057
203441_s_at,0.053531706
213103_at,0.053529367
1554559_at,0.053528864
215707_s_at,0.0535284
208471_at,0.053527072
217328_at,0.0535265
204422_s_at,0.05352646
221603_at,0.05352637
216107_at,0.05352614
209461_x_at,0.053524435
232430_at,0.053522617
225583_at,0.053521067
207277_at,0.053520426
1566600_at,0.05351971
210364_at,0.053519435
214592_s_at,0.05351872
231003_at,0.053517975
243931_at,0.05351758
216034_at,0.053517237
233510_s_at,0.053516805
209267_s_at,0.053516686
202564_x_at,0.053516254
225022_at,0.053514317
203791_at,0.053514093
223829_at,0.05351322
211326_x_at,0.0535127
218183_at,0.053511456
203008_x_at,0.053510517
1553945_at,0.05350914
238110_at,0.053506345
1566658_at,0.053506218
202011_at,0.053506173
235030_at,0.05350527
231429_at,0.053505134
215637_at,0.05350506
214835_s_at,0.053502828
1563596_at,0.053500988
226704_at,0.053499132
211331_x_at,0.053498324
217070_at,0.0534978
230470_at,0.053497456
228680_at,0.05349718
230925_at,0.053497136
215329_s_at,0.05349697
222994_at,0.05349663
209145_s_at,0.053493097
220693_at,0.053491663
225801_at,0.053491496
213618_at,0.053489998
206979_at,0.053489503
204902_s_at,0.053489313
1556385_at,0.053489298
226848_at,0.053488463
216082_at,0.053488404
225592_at,0.053487957
213625_at,0.05348721
210679_x_at,0.05348575
1564482_at,0.053485174
1564962_at,0.053484753
225195_at,0.05348465
218417_s_at,0.05348368
204085_s_at,0.05348134
243443_at,0.053481173
200953_s_at,0.053480506
239974_at,0.05347997
214279_s_at,0.053479835
225313_at,0.05347967
239875_at,0.053479474
243696_at,0.053479142
1555536_at,0.05347705
230179_at,0.05347696
243759_at,0.053475723
1562412_at,0.05347526
236534_at,0.053474966
205947_s_at,0.05347346
210039_s_at,0.053472683
222350_at,0.053472094
201459_at,0.053472042
240692_at,0.0534707
1554757_a_at,0.053470194
1559924_at,0.053467736
1569894_at,0.05346643
236973_at,0.05346575
238689_at,0.053464137
222096_x_at,0.053463675
204553_x_at,0.05346348
237598_at,0.05346307
234852_at,0.053462148
1556469_s_at,0.053461824
1570347_at,0.05346161
238864_at,0.05346103
1554576_a_at,0.053460296
233019_at,0.053459585
236029_at,0.05345921
52164_at,0.0534572
222894_x_at,0.053456396
239445_at,0.053456254
216931_at,0.05345527
205074_at,0.053455114
1559136_s_at,0.053455107
212965_at,0.0534541
238647_at,0.053453796
1554623_x_at,0.053453334
209900_s_at,0.053451106
1558118_at,0.053450562
233940_at,0.05345048
236221_at,0.053450204
230003_at,0.053450152
229764_at,0.053446673
212443_at,0.05344522
240566_at,0.053444862
234358_at,0.05344269
226904_at,0.053442627
238949_at,0.053442165
221027_s_at,0.053441167
221390_s_at,0.053439967
221594_at,0.053438555
218866_s_at,0.053438485
220542_s_at,0.053438045
212377_s_at,0.053437054
232815_at,0.053436972
228159_at,0.053436607
201194_at,0.053435266
212258_s_at,0.05343432
240814_at,0.05343425
213092_x_at,0.05343312
215844_at,0.053431965
215304_at,0.053429604
1554488_at,0.053429145
1570375_at,0.053428814
241468_at,0.05342818
244489_at,0.053427704
1558250_s_at,0.053427592
201751_at,0.05342719
239977_at,0.053425983
221710_x_at,0.053424895
221567_at,0.053424425
216782_at,0.053422645
242523_at,0.053422302
237105_at,0.05341953
209497_s_at,0.053419486
1557607_at,0.053419307
229074_at,0.053419143
1567224_at,0.053418666
1557422_at,0.05341832
230615_at,0.053417735
230868_at,0.05341631
240519_at,0.053416234
236800_at,0.053414848
243061_at,0.053414594
235430_at,0.05341406
224321_at,0.053414047
229579_s_at,0.05341293
206699_x_at,0.05341266
231370_at,0.053412467
203337_x_at,0.05341077
215256_x_at,0.053409964
220494_s_at,0.05340986
213711_at,0.05340928
241690_at,0.053409144
229709_at,0.053408884
233270_x_at,0.053408355
1559186_at,0.05340778
215975_x_at,0.053407583
1566582_x_at,0.053406544
232481_s_at,0.053405866
1569072_s_at,0.05340554
1562611_at,0.053404838
234616_at,0.053403392
1555748_x_at,0.053401776
218451_at,0.05340166
227399_at,0.053401574
237406_at,0.05340025
1563053_at,0.053400062
238028_at,0.0533998
1569421_at,0.053398423
224527_at,0.053398333
241555_at,0.05339825
201451_x_at,0.053397547
239897_at,0.053395346
237355_at,0.053394765
206252_s_at,0.053394154
1553354_a_at,0.053393483
244062_at,0.053393334
203976_s_at,0.053393185
224919_at,0.053393185
1560721_at,0.053392902
234010_at,0.053391807
220061_at,0.05339006
229781_at,0.053389974
1565877_at,0.05338997
219160_s_at,0.053388607
223399_x_at,0.053383514
1553541_at,0.053383414
213814_s_at,0.053382706
219536_s_at,0.05338081
237059_at,0.05338074
1564630_at,0.053379055
207589_at,0.053378742
237019_at,0.05337792
1553702_at,0.053377695
242211_x_at,0.0533764
234143_at,0.053376324
228369_at,0.053375006
203754_s_at,0.053373948
215319_at,0.053373072
241234_at,0.05337277
216596_at,0.05337224
202848_s_at,0.05337207
1558163_at,0.053370826
210831_s_at,0.053370126
211132_at,0.053369958
238838_at,0.05336842
230485_at,0.05336831
224825_at,0.053367168
219873_at,0.05336708
236183_at,0.05336684
227926_s_at,0.053365663
226482_s_at,0.053364694
1566186_at,0.05336392
1563776_at,0.053362966
217240_at,0.05336138
220325_at,0.05335898
1556110_at,0.0533583
230155_x_at,0.053357996
236263_at,0.05335767
233402_at,0.053357057
200703_at,0.053355932
1558887_at,0.05335456
1554371_at,0.053353846
235971_at,0.05335337
209359_x_at,0.05335152
239719_at,0.053351507
241105_at,0.05335112
228413_s_at,0.05335015
220522_at,0.053350095
241677_x_at,0.053349264
216684_s_at,0.053346775
205636_at,0.053346172
215574_at,0.053344965
1560021_at,0.053344525
235531_at,0.0533444
204435_at,0.053343892
1560689_s_at,0.0533437
1564338_at,0.05334283
230067_at,0.05334176
223453_s_at,0.053340837
239503_at,0.053340815
1554182_at,0.053340405
240094_at,0.053340405
222405_at,0.05333981
232609_at,0.053339645
214922_at,0.05333917
219970_at,0.0533373
229028_s_at,0.05333674
242044_at,0.05333648
1563706_at,0.05333589
221919_at,0.05333537
1561223_at,0.053335354
232100_at,0.053334724
214300_s_at,0.05333353
211403_x_at,0.053333305
210742_at,0.0533325
206827_s_at,0.053331904
1562023_at,0.05333154
236066_at,0.053331435
239926_at,0.05333072
223932_at,0.0533295
204543_at,0.053328343
208345_s_at,0.053327505
227821_at,0.05332741
202149_at,0.053326264
221116_at,0.053324938
231349_at,0.053324535
209830_s_at,0.0533237
235447_at,0.053323556
222102_at,0.053322017
1569189_at,0.05332093
216922_x_at,0.053317517
213467_at,0.05331737
1570085_at,0.053315792
240002_at,0.053315356
238499_at,0.05331459
1555259_at,0.053314418
223863_at,0.05331432
49049_at,0.053311072
229531_at,0.053311065
1555377_at,0.05331043
204391_x_at,0.053310305
1565818_s_at,0.053308442
231355_at,0.0533081
206285_at,0.05330748
206763_at,0.053306654
236724_at,0.053306416
1553066_at,0.053303882
225015_s_at,0.053302385
203809_s_at,0.05330228
230020_at,0.05330196
243923_at,0.053301804
205705_at,0.05330094
1557141_at,0.053300016
216362_at,0.053298324
1562273_at,0.053298265
227771_at,0.053298265
236222_at,0.053298198
206973_at,0.05329798
236409_at,0.053297833
216962_at,0.053297188
1560384_a_at,0.05329659
1553145_at,0.053295165
1565697_at,0.053292565
237057_at,0.05329182
233979_s_at,0.05328933
214990_at,0.053288456
225351_at,0.05328837
210841_s_at,0.053288072
223251_s_at,0.053287983
202613_at,0.053287566
242967_at,0.053287443
210285_x_at,0.05328709
225062_at,0.053284302
219968_at,0.053283587
1558512_at,0.053282738
217051_s_at,0.05328171
208090_s_at,0.053281322
215400_x_at,0.05328037
1565702_at,0.053279888
205561_at,0.053279623
236535_at,0.053279504
1553137_s_at,0.053278506
206473_at,0.05327773
232804_at,0.053277694
1569792_a_at,0.05327733
215613_at,0.053275995
1555884_at,0.05327487
203748_x_at,0.053273976
213825_at,0.053271163
239378_at,0.05327081
202874_s_at,0.053270414
205461_at,0.053270206
232908_at,0.053269655
214799_at,0.053269632
235899_at,0.053269073
244311_at,0.053268727
212879_x_at,0.053267896
221300_at,0.053266544
1558869_at,0.053263523
232029_at,0.053260516
1567022_at,0.053259835
228865_at,0.053258196
236996_at,0.053257816
55872_at,0.053257525
232341_x_at,0.053257003
206836_at,0.05325578
211713_x_at,0.05325505
202921_s_at,0.053254116
1554633_a_at,0.053254075
215041_s_at,0.053253297
218285_s_at,0.053252727
1565951_s_at,0.053251818
215186_at,0.05325169
230956_at,0.053251624
231866_at,0.053250164
234250_at,0.053249814
1554405_a_at,0.053248737
1563170_at,0.053246774
216179_x_at,0.05324491
208534_s_at,0.053244233
230462_at,0.053244144
244081_at,0.053242855
1560587_s_at,0.053240597
220727_at,0.053240195
206607_at,0.05323918
229039_at,0.05323884
1559714_at,0.053238563
242867_x_at,0.05323851
220028_at,0.053238295
217420_s_at,0.053237576
226651_at,0.05323738
212175_s_at,0.05323419
215727_x_at,0.05323328
227642_at,0.05323293
229079_at,0.05323275
227142_at,0.05323194
214821_at,0.053229313
243408_at,0.05322901
1559257_a_at,0.05322878
231285_at,0.053228647
219570_at,0.05322811
230097_at,0.05322525
1562728_at,0.053224653
233573_s_at,0.053223982
241994_at,0.05322322
229161_at,0.05322238
206821_x_at,0.05322186
236997_at,0.053219125
221571_at,0.053217992
236559_at,0.05321744
222840_at,0.053217053
222870_s_at,0.053216875
241476_at,0.053215776
243323_s_at,0.05321495
201952_at,0.053214878
238476_at,0.053214
1554076_s_at,0.05321385
205749_at,0.053212713
237953_at,0.05321239
233030_at,0.05321145
209708_at,0.053211372
1556460_a_at,0.05320877
230264_s_at,0.053207755
220594_at,0.053207636
217192_s_at,0.053206086
1563983_at,0.05320564
1555122_at,0.0532052
226264_at,0.053203806
1566182_at,0.053203672
220861_at,0.05320358
226025_at,0.053201497
235166_at,0.053201206
204105_s_at,0.05320023
1555084_at,0.053199053
206416_at,0.05319862
230839_at,0.053197898
232480_at,0.05319781
240825_at,0.053197067
1555279_at,0.053196892
223162_s_at,0.053196788
239928_at,0.053196773
1562550_at,0.053195506
229621_x_at,0.053194635
209054_s_at,0.053194165
217937_s_at,0.053194016
241347_at,0.053191155
237313_at,0.053190123
239350_at,0.053189807
219514_at,0.053189505
240309_at,0.0531886
222740_at,0.0531881
204537_s_at,0.053187653
222126_at,0.05318764
237206_at,0.05318524
1553257_at,0.05318513
238401_at,0.053183787
242703_at,0.053181604
229780_at,0.053181253
225432_s_at,0.053181216
218781_at,0.053180486
47069_at,0.05317998
237097_at,0.053179502
214793_at,0.053179115
239976_at,0.05317897
205194_at,0.053178295
215204_at,0.053178176
215772_x_at,0.053177774
223957_at,0.05317767
202035_s_at,0.05317637
1558888_x_at,0.05317593
231436_at,0.053174756
230198_at,0.05317296
1555935_s_at,0.05317267
215217_at,0.053172275
239420_at,0.053172134
1552796_a_at,0.05317127
216507_at,0.053170674
1554836_at,0.05316994
206485_at,0.053169414
229317_at,0.053169206
223854_at,0.053169146
1566284_at,0.053168967
200601_at,0.053168
225564_at,0.05316779
237661_at,0.053167313
209764_at,0.05316641
1557690_x_at,0.053165175
206071_s_at,0.053165123
216758_at,0.053164467
225739_at,0.05316429
238277_at,0.053163275
1555162_at,0.05316306
228613_at,0.053162426
203876_s_at,0.053162284
239999_at,0.053161882
1564467_at,0.053161874
244752_at,0.053160876
237048_at,0.053160116
237591_at,0.05315976
205459_s_at,0.053156517
1556236_at,0.053155176
205584_at,0.05315453
214184_at,0.053153574
225548_at,0.05315301
204929_s_at,0.053152844
214486_x_at,0.05315149
233192_s_at,0.053151116
226086_at,0.05315092
234742_at,0.05315059
242378_at,0.053150553
203633_at,0.053150117
239608_at,0.05314982
217188_s_at,0.053149268
236908_at,0.053148493
232736_s_at,0.053148236
240549_at,0.05314821
211242_x_at,0.053147238
1556181_at,0.053146422
236084_at,0.05314621
1569254_s_at,0.053145684
227578_at,0.05314362
205426_s_at,0.053143483
222431_at,0.05314243
1561710_at,0.053142376
230778_at,0.053142358
206733_at,0.05314169
226381_at,0.0531407
211166_at,0.05313982
232518_at,0.05313951
207151_at,0.053135898
243266_at,0.053134654
206610_s_at,0.053134337
237704_at,0.05313324
1561206_at,0.05313191
227802_at,0.05313173
1553876_at,0.05313067
243440_at,0.05313039
1561383_at,0.05313024
241970_at,0.05313021
201638_s_at,0.05312995
206315_at,0.05312939
209109_s_at,0.053127877
241015_at,0.05312608
221225_at,0.05312418
204488_at,0.053123444
232412_at,0.053123042
230017_at,0.053121746
241459_at,0.053121325
1556876_s_at,0.053120106
222554_s_at,0.05311939
1557341_x_at,0.053119097
212980_at,0.053118348
1555976_s_at,0.053118244
1561393_at,0.0531172
226013_at,0.053116903
215893_x_at,0.053115606
1561390_at,0.053115338
228513_at,0.053114846
244597_at,0.0531137
241737_x_at,0.05311252
204244_s_at,0.05311203
216704_at,0.053111024
237103_at,0.0531101
1554478_a_at,0.05311005
230850_at,0.053108692
227980_at,0.053107783
235182_at,0.05310702
205360_at,0.053106997
1556655_s_at,0.053104617
228401_at,0.053104594
1561281_a_at,0.053104103
209589_s_at,0.05310339
200935_at,0.053102568
228889_at,0.05310163
208954_s_at,0.05310136
206938_at,0.053098783
232870_at,0.053098325
230013_s_at,0.053095438
211541_s_at,0.0530952
216728_at,0.05309444
1563445_x_at,0.0530933
1561405_s_at,0.053093284
219310_at,0.05309246
242886_at,0.053092107
219725_at,0.053091943
240175_at,0.053091913
230138_at,0.053089887
204712_at,0.05308975
204067_at,0.053089738
212136_at,0.053088903
1569144_a_at,0.053088836
1568742_at,0.05308819
232106_s_at,0.053087085
1560119_at,0.053086072
205846_at,0.053085558
202525_at,0.05308517
236837_x_at,0.053082988
202082_s_at,0.053081304
1556809_a_at,0.05308128
205868_s_at,0.053077906
1553325_at,0.053076953
1569763_at,0.053076696
203147_s_at,0.053075284
224965_at,0.05307375
233823_at,0.053073734
207345_at,0.053072818
243096_at,0.053072073
214958_s_at,0.053071737
241650_x_at,0.053071544
221036_s_at,0.053071097
236756_at,0.05307108
223665_at,0.053070113
215669_at,0.053069346
228898_s_at,0.05306931
223724_s_at,0.053065985
1554798_at,0.053064466
216020_at,0.053064063
230113_at,0.053062484
221137_at,0.05306214
221186_at,0.053062063
211863_x_at,0.05306176
244768_at,0.05306139
235737_at,0.0530601
232082_x_at,0.053058617
64408_s_at,0.05305709
234770_at,0.05305702
210392_x_at,0.053055733
208931_s_at,0.05305487
207449_s_at,0.05305484
207843_x_at,0.05305405
1553426_at,0.053054012
242724_x_at,0.05305329
201980_s_at,0.05305326
205100_at,0.053053193
228404_at,0.053049885
220009_at,0.053049847
237676_at,0.0530494
232330_at,0.053049043
241358_at,0.05304638
230316_at,0.0530463
221832_s_at,0.053046227
229193_at,0.053044632
204942_s_at,0.053044
219499_at,0.053043902
237793_at,0.05304372
214597_at,0.053042658
1564138_at,0.053042255
1560264_at,0.05304132
1553232_at,0.05303879
228400_at,0.053037945
1570285_at,0.053037323
211985_s_at,0.05303687
231278_at,0.05303647
239178_at,0.05303603
207770_x_at,0.053035922
222329_x_at,0.05303523
1555237_at,0.053034987
207714_s_at,0.053034805
1555231_a_at,0.05303379
214371_at,0.053033568
204930_s_at,0.05303316
243902_at,0.053032868
237008_at,0.053032752
214339_s_at,0.053032726
1561897_at,0.053032678
227154_at,0.05302892
241487_at,0.053027675
207840_at,0.053027555
220239_at,0.05302684
1553813_s_at,0.05302659
238482_at,0.053025767
239040_at,0.053023778
220114_s_at,0.053021833
236954_at,0.05302147
225474_at,0.05302088
210435_at,0.05302062
1553674_at,0.053018987
241138_at,0.053018697
224525_s_at,0.05301839
212664_at,0.05301808
211225_at,0.05301731
1553306_at,0.053015523
1559537_at,0.053013515
218986_s_at,0.053012803
206817_x_at,0.05301207
240602_at,0.05301167
205286_at,0.053010553
234839_at,0.05301016
1560499_at,0.053009436
232400_at,0.05300898
1553150_at,0.05300834
238186_at,0.05300834
1556553_at,0.053006258
237386_at,0.053005822
211588_s_at,0.053005718
1557767_at,0.053004663
222358_x_at,0.05300419
242883_at,0.05300399
229616_s_at,0.053003173
204035_at,0.05300142
1553698_a_at,0.053001255
236249_at,0.053001195
220489_s_at,0.053000763
1563498_s_at,0.05300042
226911_at,0.052998945
204253_s_at,0.052997753
219858_s_at,0.052996747
210840_s_at,0.052996576
233233_at,0.052994683
1563241_at,0.05299467
244182_at,0.052994132
237654_at,0.052993476
236676_at,0.052993007
237841_at,0.052992832
243229_at,0.05299206
1552332_at,0.05298853
230584_at,0.052988198
1570266_x_at,0.052986324
206008_at,0.05298575
221379_at,0.052985154
215141_at,0.052984297
239578_at,0.052983627
241845_at,0.052983373
212865_s_at,0.052981094
1560755_at,0.052980866
227934_at,0.052979738
236857_at,0.052979715
1562137_at,0.05297958
205604_at,0.05297941
229165_at,0.052979384
1559526_at,0.05297909
205889_s_at,0.05297734
241054_at,0.052976236
1566569_at,0.052972075
227480_at,0.05297012
223536_at,0.052969985
232364_at,0.05296882
204654_s_at,0.052967757
236945_at,0.05296745
228411_at,0.052966528
213438_at,0.052966457
234929_s_at,0.052965328
234452_at,0.052962154
1563045_at,0.052960042
237799_at,0.05296004
211435_at,0.052958608
204801_s_at,0.05295851
1556724_at,0.05295766
232840_at,0.05295733
211896_s_at,0.052955233
211204_at,0.052953184
204345_at,0.052953124
225670_at,0.052952766
207352_s_at,0.052952744
230874_at,0.052952364
1555985_at,0.052949913
1561251_at,0.052949727
238660_at,0.052949533
222222_s_at,0.052949052
214850_at,0.05294901
216476_at,0.05294737
241743_at,0.052947342
221209_s_at,0.05294656
225609_at,0.052946255
1569132_s_at,0.052945837
238242_at,0.052945197
1564292_at,0.05294475
234562_x_at,0.052944243
232177_at,0.05294355
1564028_s_at,0.052943416
220965_s_at,0.0529408
218091_at,0.05294016
1570373_at,0.052939445
240954_at,0.05293943
233447_at,0.052939415
243054_at,0.052939013
237699_at,0.052938804
208111_at,0.05293813
1568840_at,0.05293806
204569_at,0.052936748
242705_x_at,0.052936614
223259_at,0.05293429
225867_at,0.052933857
242254_at,0.052932605
203281_s_at,0.05293235
201677_at,0.052932173
241305_at,0.052931808
1562496_at,0.052931607
1559287_at,0.05293127
226458_at,0.05293119
236727_at,0.052931063
240789_at,0.052929454
241733_at,0.052929126
1561844_at,0.052928723
206735_at,0.05292872
201069_at,0.05292833
214462_at,0.052925766
203762_s_at,0.052925542
204943_at,0.05292553
1557290_at,0.052924618
1552690_a_at,0.05292388
1552662_a_at,0.052923184
223537_s_at,0.052922778
207897_at,0.05292233
221337_s_at,0.052921355
220159_at,0.05291912
240821_at,0.052918747
228126_x_at,0.052918743
221416_at,0.05291866
233919_s_at,0.05291672
213114_at,0.05291657
242126_at,0.05291646
1569167_at,0.052915655
242704_at,0.052914634
1553914_at,0.052914582
241709_s_at,0.052914426
206516_at,0.05291363
231319_x_at,0.05291316
210307_s_at,0.05291245
202500_at,0.052912444
228808_s_at,0.052912194
230754_at,0.052911222
210929_s_at,0.052910864
1563425_at,0.052910402
1563589_at,0.052910037
211610_at,0.05290988
235771_at,0.052909814
209384_at,0.052908063
205938_at,0.052908037
223351_at,0.052907914
212079_s_at,0.05290577
229888_at,0.05290536
214720_x_at,0.052904934
1552903_at,0.052904792
212016_s_at,0.052903593
215135_at,0.052902967
236578_at,0.05290206
244505_at,0.052902028
239612_at,0.05290106
1561048_at,0.052900523
224391_s_at,0.052899346
1555219_at,0.052898154
233598_at,0.052896164
228503_at,0.05289587
220436_at,0.052895766
1562701_at,0.05289545
242521_at,0.052895024
205481_at,0.05289486
233039_at,0.05289424
212850_s_at,0.05289363
227234_at,0.05289133
232720_at,0.05289013
215398_at,0.052889913
217515_s_at,0.052889466
204400_at,0.0528887
1558238_at,0.05288717
214656_x_at,0.052886695
238019_at,0.05288645
240561_at,0.05288589
238160_at,0.052885
243903_at,0.052884795
229591_at,0.052884072
229339_at,0.052884053
1559948_at,0.052883748
232317_at,0.052883264
230469_at,0.052881226
239653_at,0.05288112
212009_s_at,0.05288002
214105_at,0.052877903
235073_at,0.052877657
222485_at,0.052876793
218472_s_at,0.052874997
222961_at,0.05287496
1569320_at,0.052874222
1569517_at,0.05287145
235887_at,0.052870914
1556319_at,0.052870415
208230_s_at,0.052870218
208474_at,0.052869465
1565132_at,0.05286877
1553989_a_at,0.05286856
238696_at,0.052867815
239530_at,0.052867465
1560784_x_at,0.052866984
241037_at,0.05286571
211834_s_at,0.052865688
225930_at,0.052865297
228467_at,0.052864734
212853_at,0.052863218
1555611_s_at,0.052862093
227365_at,0.052861784
223235_s_at,0.052861534
232819_s_at,0.0528609
239852_at,0.052860074
1555888_at,0.052859694
214910_s_at,0.052857384
227572_at,0.052855983
203626_s_at,0.052855637
208191_x_at,0.052855626
203995_at,0.052852847
222289_at,0.05285113
201202_at,0.052850723
206651_s_at,0.052850448
242447_at,0.052849617
215363_x_at,0.05284881
228507_at,0.052847527
221016_s_at,0.052846506
1564399_a_at,0.052846134
216973_s_at,0.052844442
224866_at,0.052842855
206595_at,0.052842777
205214_at,0.05284208
222456_s_at,0.05284088
218913_s_at,0.052840665
1552402_at,0.05283884
240202_x_at,0.052838407
211441_x_at,0.05283814
211079_s_at,0.052837774
217218_at,0.052837674
239419_at,0.052835576
1558469_at,0.052834585
1569484_s_at,0.052833408
1566137_s_at,0.05283314
207782_s_at,0.0528322
235996_at,0.052829843
1562067_at,0.05282805
1556147_at,0.052827958
1556067_a_at,0.052827
207304_at,0.05282665
230368_at,0.05282657
1558796_a_at,0.052826457
1555410_at,0.052826427
212659_s_at,0.0528263
239147_at,0.052824162
220207_at,0.05282384
244682_at,0.05282245
1557580_at,0.052821614
242240_at,0.052819215
228895_s_at,0.052818052
205962_at,0.052817892
1566670_at,0.052817807
217173_s_at,0.052817345
206563_s_at,0.052816927
235107_at,0.05281675
1569479_at,0.052816555
230358_at,0.05281654
205487_s_at,0.05281643
225249_at,0.052814588
228890_at,0.052814245
1566166_at,0.05281274
220042_x_at,0.052809924
211001_at,0.052808776
238323_at,0.052807167
223936_s_at,0.052807122
234796_at,0.052806236
206745_at,0.052806124
207873_x_at,0.052803125
237502_at,0.05280295
1558712_at,0.052802887
228317_at,0.05280277
243187_at,0.05280227
226334_s_at,0.05280149
225256_at,0.05280073
244605_at,0.052800104
227909_at,0.05279982
215625_at,0.052799474
223653_x_at,0.05279839
202920_at,0.052797273
241792_x_at,0.05279647
202872_at,0.05279298
229323_at,0.05278808
215598_at,0.052787177
231177_at,0.05278644
229941_at,0.052786395
237393_at,0.052784547
216416_at,0.052782618
236159_x_at,0.052781865
237464_at,0.052779794
228663_x_at,0.052778736
223982_s_at,0.05277741
206430_at,0.05277646
242420_at,0.052775666
233118_at,0.05277526
202122_s_at,0.052775115
223327_x_at,0.052774787
240998_at,0.052774176
233229_at,0.05277379
226754_at,0.0527723
215579_at,0.052771077
234522_at,0.05277069
227191_at,0.05277002
1553483_at,0.052768454
1553611_s_at,0.052768372
232376_at,0.052766636
224245_at,0.052764796
213874_at,0.0527646
208790_s_at,0.052763447
230747_s_at,0.052762568
207884_at,0.052762516
1553229_at,0.052762374
204904_at,0.052761868
239180_at,0.0527613
204743_at,0.05275991
217500_at,0.052758913
218484_at,0.052758336
242459_at,0.05275812
219604_s_at,0.052758113
214729_at,0.05275727
232698_at,0.052756857
1557738_at,0.05275482
236807_at,0.05275476
1570307_s_at,0.052754477
212025_s_at,0.052754074
240976_at,0.052753523
237601_at,0.052753195
219395_at,0.052753095
239750_x_at,0.052752294
217030_at,0.052752275
237044_s_at,0.052749768
232923_at,0.052747928
234912_at,0.052747656
1560537_at,0.052747358
1558777_at,0.05274735
219730_at,0.052746117
235519_at,0.052745767
217150_s_at,0.052745566
232185_at,0.052744206
240424_s_at,0.052743312
242933_at,0.052741513
239773_at,0.0527412
234750_at,0.052741166
215485_s_at,0.052740112
220053_at,0.052739523
214894_x_at,0.05273901
214893_x_at,0.052738816
227494_at,0.052736804
203438_at,0.052736588
228143_at,0.052734792
218999_at,0.05273305
236197_at,0.052732155
242790_at,0.052731782
204287_at,0.052731737
225734_at,0.05273153
209726_at,0.052730322
219476_at,0.052730106
205777_at,0.052729107
213714_at,0.052728344
244201_at,0.05272632
204357_s_at,0.05272554
214007_s_at,0.052725315
1564838_a_at,0.052723482
1553798_a_at,0.05272311
217553_at,0.052721564
1561610_at,0.052720957
1562416_at,0.052719943
1556937_at,0.052719034
1553768_a_at,0.052718677
1558080_s_at,0.052717105
219268_at,0.052716136
226278_at,0.05271572
216792_at,0.05271438
216964_at,0.052714348
235587_at,0.05271429
227659_at,0.052713774
224110_at,0.05271314
210085_s_at,0.052713018
236883_at,0.052712232
214145_s_at,0.052711263
1553450_s_at,0.052710943
206226_at,0.052710548
1556618_at,0.052710377
230275_at,0.05270994
222042_x_at,0.05270901
201842_s_at,0.052708954
207382_at,0.052706055
233152_x_at,0.052705735
235038_at,0.052704368
1564790_at,0.05270364
1556700_a_at,0.052703008
242685_at,0.052701812
228533_at,0.052699648
1568884_at,0.05269908
1555475_x_at,0.052699007
211050_x_at,0.052698337
241318_at,0.052698243
205367_at,0.052698135
220767_at,0.052697655
212116_at,0.052697226
229642_at,0.052697152
210636_at,0.05269699
228447_at,0.05269658
206058_at,0.052696146
240092_at,0.052696064
1566136_at,0.0526949
233299_at,0.05269444
212732_at,0.05269399
242290_at,0.052692622
223178_s_at,0.05269231
229917_at,0.05269109
1553986_at,0.052687705
237308_at,0.052687623
1555401_at,0.05268738
221321_s_at,0.05268732
231019_x_at,0.05268667
206171_at,0.052685887
208414_s_at,0.052684925
232581_x_at,0.05268444
1552343_s_at,0.052683502
244877_at,0.052683435
219638_at,0.05268248
1569672_at,0.052682415
213510_x_at,0.05268234
206429_at,0.052681908
206904_at,0.052681386
1554940_a_at,0.052681006
1558212_at,0.052680627
1565628_at,0.052680492
223282_at,0.05268027
229909_at,0.05267833
241381_at,0.05267781
241421_at,0.052677587
232766_at,0.052676655
1560937_at,0.052676547
1568682_a_at,0.05267644
237701_at,0.052676395
212216_at,0.052676156
1559936_at,0.05267596
240432_x_at,0.052675813
228498_at,0.052675754
205930_at,0.052673995
222109_at,0.052673988
233635_at,0.052673914
240235_at,0.052673332
235090_at,0.052672993
226510_at,0.052672848
202895_s_at,0.05267135
240853_at,0.052671246
234878_at,0.052669495
1555236_a_at,0.052669335
217940_s_at,0.052669123
1557684_at,0.052666873
234066_at,0.052665487
226926_at,0.052663706
205943_at,0.05266246
241484_x_at,0.052662387
210272_at,0.05266216
1555347_at,0.052661836
234120_at,0.052661836
240056_at,0.052661832
229277_at,0.0526618
1558385_at,0.052661523
240850_at,0.052660443
231341_at,0.05265999
232175_at,0.052659407
1560138_at,0.052657776
207506_at,0.05265729
1564514_at,0.052656345
207334_s_at,0.05265396
209761_s_at,0.05265388
215277_at,0.052652795
244406_at,0.05265239
239511_s_at,0.052652344
237649_at,0.052651964
226522_at,0.052649472
230251_at,0.05264849
229183_at,0.05264799
207244_x_at,0.052647695
217323_at,0.05264755
239998_at,0.05264736
1559029_at,0.052646905
236315_at,0.05264631
207228_at,0.05264615
1556382_a_at,0.05264613
244554_at,0.052644797
1562313_at,0.052644134
1564789_at,0.052643716
235140_at,0.05264183
241749_at,0.052640744
205602_x_at,0.052640244
226393_at,0.0526395
238821_at,0.052634418
206955_at,0.0526338
234388_at,0.052633047
230351_at,0.05263275
222756_s_at,0.052632198
207964_x_at,0.05263199
1566181_at,0.05263167
221097_s_at,0.05263128
225382_at,0.05263111
209048_s_at,0.052630365
231543_at,0.052630305
220583_at,0.052630074
236092_at,0.052628756
217514_at,0.052626755
233324_at,0.05262631
240373_at,0.052624613
235822_at,0.05262406
244307_s_at,0.052623622
241327_at,0.05262284
221991_at,0.052622817
221167_s_at,0.052622523
205779_at,0.052621454
220630_s_at,0.052620716
244375_at,0.052620143
227513_s_at,0.052620083
212307_s_at,0.052619934
220869_at,0.052619368
218988_at,0.05261883
225876_at,0.052618176
235624_at,0.052616667
226570_at,0.05261471
208131_s_at,0.052613087
1563112_at,0.05261132
241067_at,0.05261132
203875_at,0.052610297
220582_at,0.05260877
230626_at,0.05260823
1570574_at,0.052608162
241165_at,0.052605636
203083_at,0.05260542
233092_s_at,0.052605018
1570103_at,0.05260472
228163_at,0.05260128
234142_at,0.05260028
209816_at,0.052599147
244177_at,0.052598745
212325_at,0.052598625
238786_at,0.052597288
244054_at,0.052596755
216701_at,0.052596644
222061_at,0.05259654
243136_at,0.052596286
1556267_at,0.052596096
232046_at,0.052596007
244312_at,0.052594125
231510_at,0.052593388
1552745_at,0.052592676
243378_at,0.052592307
214332_s_at,0.052590817
212565_at,0.052590534
243180_at,0.052589994
221376_at,0.05258993
1563453_at,0.052588105
1554951_at,0.05258757
204966_at,0.05258745
230966_at,0.052585863
1555187_at,0.05258577
219432_at,0.05258533
215374_at,0.05258523
219167_at,0.052582804
205436_s_at,0.052581728
1567257_at,0.052580055
219867_at,0.05257888
212044_s_at,0.052578002
220007_at,0.05257757
202734_at,0.05257544
213985_s_at,0.05257474
234364_at,0.05257411
203700_s_at,0.05257404
206121_at,0.052571107
237974_at,0.05256573
244611_at,0.052565426
214358_at,0.05256412
241963_at,0.052562557
227060_at,0.052562386
243050_at,0.05255899
217455_s_at,0.05255874
214610_at,0.052558128
204766_s_at,0.05255784
1570414_x_at,0.052557692
206719_at,0.052556
203798_s_at,0.05255539
244433_at,0.052554905
234345_at,0.052553963
240266_at,0.052553557
225874_at,0.052553073
210037_s_at,0.052550837
244870_at,0.052550737
209490_s_at,0.052550152
217534_at,0.0525492
244884_at,0.052545313
205597_at,0.05254449
213522_s_at,0.052542463
223995_at,0.052542
233785_at,0.052541375
228104_at,0.05254097
212283_at,0.05254069
215069_at,0.052540064
203673_at,0.052537598
233941_at,0.052536912
1562983_at,0.052535884
205467_at,0.05253458
1558720_at,0.05253411
243342_at,0.05253403
215974_at,0.052531995
1552349_a_at,0.052531958
203692_s_at,0.0525316
235165_at,0.05253075
228484_s_at,0.052529696
1553732_s_at,0.052529044
230979_at,0.052528918
244672_at,0.052527856
229050_s_at,0.052527785
237776_at,0.05252739
221929_at,0.052525774
206679_at,0.052525446
226050_at,0.05252543
227443_at,0.05252375
242317_at,0.052522585
232783_at,0.05251815
216303_s_at,0.052518122
1554984_a_at,0.05251567
201505_at,0.052515604
221044_s_at,0.0525143
1556842_at,0.052513715
239961_at,0.052512057
238898_at,0.05250864
224030_s_at,0.05250842
1560141_at,0.052507676
242441_at,0.052505482
237748_at,0.052505285
225072_at,0.052504927
1552841_s_at,0.05250433
1554938_a_at,0.052504286
238894_at,0.05250287
235027_at,0.052502394
218133_s_at,0.052502245
236847_at,0.052500397
204046_at,0.052499756
1558484_s_at,0.052499734
1556803_at,0.05249808
215730_at,0.052496765
205600_x_at,0.052495204
1562367_at,0.05249366
205952_at,0.052491926
218409_s_at,0.05249141
207252_at,0.052491315
205221_at,0.052490342
220916_at,0.05248938
206372_at,0.052489176
217403_s_at,0.05248849
230842_at,0.052487917
1560767_at,0.052487485
1563130_a_at,0.052487418
242387_at,0.05248734
206662_at,0.05248645
1553401_at,0.052486405
1569122_at,0.05248612
224615_x_at,0.05248542
205257_s_at,0.052484855
214442_s_at,0.052484483
1553433_at,0.052484386
241908_at,0.05248274
244518_at,0.05248232
208611_s_at,0.052482054
1569760_at,0.05248154
215242_at,0.05248099
220471_s_at,0.052480474
212755_at,0.052480467
210866_s_at,0.05247911
230063_at,0.052478567
242024_at,0.05247678
234628_at,0.05247472
231314_at,0.05247379
216709_at,0.052472778
228473_at,0.052472487
1561097_at,0.052472033
234805_at,0.052470606
206500_s_at,0.052470326
217071_s_at,0.052470237
243133_at,0.052469164
219912_s_at,0.05246821
228691_at,0.05246803
207125_at,0.052466758
1556896_at,0.052466035
233097_x_at,0.052465647
241144_at,0.052465443
221071_at,0.052464202
226084_at,0.052463282
243369_at,0.05246258
209215_at,0.05246201
214607_at,0.05246064
219831_at,0.05246027
214582_at,0.052459955
227406_at,0.052459598
216512_s_at,0.05245947
210270_at,0.05245793
222908_at,0.052457836
1552712_a_at,0.05245745
219889_at,0.05245717
220641_at,0.052456915
242617_at,0.05245687
232634_at,0.052456662
244804_at,0.05245644
209633_at,0.052455872
230012_at,0.052455112
228469_at,0.052454695
240394_at,0.05245451
215139_at,0.05245349
1558323_at,0.052452877
225744_at,0.052451357
227389_x_at,0.05244989
231872_at,0.052449703
214256_at,0.052449062
205927_s_at,0.052448586
213752_at,0.052448537
207354_at,0.052448023
239881_at,0.052447826
223137_at,0.052447695
222572_at,0.052446574
206811_at,0.052445494
205299_s_at,0.05244481
225407_at,0.052442595
227611_at,0.05244243
1555387_at,0.05244063
242180_at,0.052439723
216746_at,0.05243955
207077_at,0.052438967
206780_at,0.052437782
1552972_at,0.052437052
242148_at,0.05243606
1567100_at,0.05243563
202376_at,0.052435055
220601_at,0.052434627
219088_s_at,0.052434377
210937_s_at,0.052433852
1557536_at,0.05243378
1563560_at,0.052433483
1562497_at,0.05243309
228100_at,0.05243086
1560011_at,0.052430667
205387_s_at,0.05242941
221339_at,0.05242881
241377_s_at,0.052428707
238890_at,0.052428067
235927_at,0.052428067
230057_at,0.052427076
219841_at,0.05242682
226671_at,0.052426666
1569067_at,0.05242639
1554042_s_at,0.052426323
214792_x_at,0.05242604
241740_at,0.05242485
233774_at,0.05242397
204990_s_at,0.052421838
204519_s_at,0.052421078
239423_at,0.052418936
1554604_at,0.052417595
237681_at,0.05241739
220682_s_at,0.05241707
238460_at,0.05241669
219842_at,0.05241652
1554837_a_at,0.052415572
1569470_a_at,0.052409153
241919_x_at,0.052406922
237335_at,0.052404907
231638_at,0.05240409
208526_at,0.052403875
1555454_at,0.052403074
1556134_a_at,0.05240299
205678_at,0.0524011
203326_x_at,0.052400466
237928_at,0.052400388
222834_s_at,0.05239965
1566608_at,0.052397855
1568777_at,0.052397735
236556_s_at,0.0523967
226254_s_at,0.052396625
1564706_s_at,0.05239553
214778_at,0.052395508
213768_s_at,0.05239542
236841_at,0.05239451
227012_at,0.052392974
210018_x_at,0.052390903
222539_at,0.05238959
203033_x_at,0.052388772
1552814_a_at,0.0523866
222793_at,0.052385814
209733_at,0.052385516
206343_s_at,0.052385464
226997_at,0.052383423
1562793_at,0.052382886
1563529_at,0.05238118
230199_at,0.052380838
202730_s_at,0.052380532
243477_at,0.052379668
206532_at,0.0523784
210654_at,0.052377313
216640_s_at,0.052376866
233454_at,0.052374586
218811_at,0.052374184
213245_at,0.05237402
220191_at,0.05237375
221104_s_at,0.052372895
1559656_a_at,0.052370515
1559731_x_at,0.052370116
1558474_at,0.05236996
1555019_at,0.052369893
1569846_at,0.05236956
218370_s_at,0.052369148
216655_s_at,0.052369095
227216_at,0.052368745
1556571_at,0.052368417
235835_at,0.052368194
1555098_a_at,0.052367516
243238_at,0.05236748
1557749_at,0.05236669
214791_at,0.052365348
208067_x_at,0.052365154
208061_at,0.052364174
241036_at,0.052362636
1570479_at,0.05236149
221129_at,0.05236113
200889_s_at,0.052361086
214191_at,0.05236028
242670_at,0.052360043
235631_at,0.052358866
221138_s_at,0.05235858
226100_at,0.052357495
200924_s_at,0.0523566
1564021_at,0.05235654
234462_at,0.05235595
217296_at,0.052355845
213968_at,0.052354947
1553004_at,0.052354824
226250_at,0.052354738
217551_at,0.05235403
239338_x_at,0.05235391
229209_at,0.0523525
226405_s_at,0.052350745
215205_x_at,0.052349355
206805_at,0.05234903
235403_at,0.052348543
202363_at,0.052348427
215796_at,0.05234836
1566851_at,0.0523472
1552261_at,0.052347146
241477_at,0.052344963
240960_at,0.05234486
229896_at,0.05234485
215290_at,0.052344702
204412_s_at,0.05234439
230845_at,0.05234433
216957_at,0.052343123
226375_at,0.05234231
226187_at,0.052341588
221755_at,0.052341536
235998_at,0.052341312
208047_s_at,0.052340403
239536_at,0.05234012
232015_at,0.052340046
239413_at,0.05233948
231477_at,0.052339476
238379_x_at,0.052338563
202133_at,0.052338473
237434_x_at,0.052337483
210193_at,0.052336037
207207_at,0.052335985
235985_at,0.052335545
1569476_at,0.052335374
225229_at,0.052333325
237888_at,0.05233273
231650_s_at,0.052331924
225717_at,0.05233091
1553425_at,0.052329466
232467_at,0.052329153
219540_at,0.052327752
1558577_at,0.052325446
221679_s_at,0.052324675
1565918_a_at,0.052323222
236564_at,0.05232288
241433_at,0.052322567
1561211_at,0.052322336
241342_at,0.052322328
238755_at,0.052322052
220907_at,0.05231947
236145_at,0.0523192
233854_x_at,0.052319124
222553_x_at,0.052317917
209228_x_at,0.05231784
202440_s_at,0.05231765
230570_at,0.05231756
202448_s_at,0.05231703
230928_at,0.05231663
204551_s_at,0.052315824
202179_at,0.052315563
1552954_at,0.052314855
234087_at,0.05231369
208325_s_at,0.052312776
210054_at,0.052312583
203120_at,0.05231139
206286_s_at,0.052310634
219702_at,0.052310318
225401_at,0.05231005
215652_at,0.05230988
1561411_at,0.052309528
240918_at,0.05230674
1553057_at,0.05230663
1560905_at,0.05230596
233355_at,0.05230379
240344_x_at,0.052303344
205072_s_at,0.052298024
228754_at,0.05229625
244013_at,0.05229509
1564236_at,0.05229503
1554074_s_at,0.052294716
1561107_at,0.052294303
219941_at,0.0522938
240712_s_at,0.052293163
235991_at,0.05229199
39835_at,0.05229184
224663_s_at,0.05229184
1565821_at,0.05229079
240598_at,0.052289255
202674_s_at,0.052288696
227944_at,0.052286506
228392_at,0.0522864
216874_at,0.05228558
242753_x_at,0.052284706
221320_at,0.05228453
41386_i_at,0.052283242
241948_at,0.052282974
236804_at,0.052281737
201621_at,0.052279994
228358_at,0.052279837
214445_at,0.05227883
242217_s_at,0.052278623
1559190_s_at,0.052277766
207731_at,0.052277613
229848_at,0.05227624
1555191_a_at,0.05227376
233699_at,0.05227225
216840_s_at,0.05227175
243630_at,0.05227147
1556007_s_at,0.052270263
1555526_a_at,0.05226952
1559374_at,0.05226685
227316_at,0.052266642
201573_s_at,0.052265614
221107_at,0.05226555
240541_at,0.052264955
211092_s_at,0.05226495
229004_at,0.052264817
215299_x_at,0.05226347
216322_at,0.052263446
205793_x_at,0.05226317
206309_at,0.052262805
229451_at,0.052262686
1564424_at,0.052262515
210718_s_at,0.052261636
219726_at,0.05226159
1552322_at,0.052261293
210158_at,0.05226094
230073_at,0.052256852
243637_at,0.052256428
1560175_at,0.05225549
222478_at,0.052254915
203733_at,0.05225335
238333_s_at,0.052252695
233795_at,0.052252628
231605_at,0.05225247
220563_s_at,0.05225201
1555132_at,0.052252002
234836_at,0.05225018
207247_s_at,0.052250072
221539_at,0.052247554
205079_s_at,0.052247457
242012_at,0.052247435
234434_at,0.05224666
215491_at,0.0522457
206216_at,0.052243948
220241_at,0.05224222
218681_s_at,0.05224204
222859_s_at,0.052239344
229791_at,0.052236963
243309_at,0.05223587
1552562_at,0.052235663
211485_s_at,0.05223475
206720_at,0.052234687
241185_at,0.052234314
1570338_at,0.05223414
242837_at,0.052232027
243108_at,0.05222927
230658_at,0.052228574
216688_at,0.052228272
242181_at,0.052227035
209177_at,0.05222681
1554648_a_at,0.052226275
204247_s_at,0.052225247
1553619_a_at,0.052223124
234461_at,0.05222271
229423_at,0.05222237
1554495_s_at,0.052220672
205493_s_at,0.052220445
220314_at,0.052219026
216176_at,0.0522189
1562671_s_at,0.052218203
203929_s_at,0.052217916
1557322_at,0.052216806
210128_s_at,0.052216455
240384_at,0.05221629
207494_s_at,0.052215546
238503_at,0.052215293
244076_at,0.05221517
1553625_at,0.05221486
207987_s_at,0.052213967
201926_s_at,0.052211165
232933_at,0.052210875
229381_at,0.052210465
228166_at,0.052208755
219950_s_at,0.052208688
230235_at,0.05220689
217893_s_at,0.052206844
233117_at,0.052206755
206174_s_at,0.052206308
223494_at,0.05220586
225086_at,0.052203745
205608_s_at,0.052203268
224239_at,0.05220326
240109_at,0.05220318
231902_at,0.052202255
228427_at,0.052198883
219210_s_at,0.052198783
204973_at,0.052197874
1558195_at,0.05219782
203068_at,0.052197486
1553422_s_at,0.05219723
1564787_at,0.052196458
203596_s_at,0.05219616
242488_at,0.052196134
232589_at,0.052194417
1552283_s_at,0.05219429
1562675_at,0.05219335
238553_at,0.05219286
204534_at,0.052192047
232280_at,0.05219139
233900_at,0.052190714
232243_at,0.05219062
221149_at,0.052189626
1555416_a_at,0.052189488
206628_at,0.05218939
241990_at,0.052189223
235935_at,0.052188113
216327_s_at,0.052187588
239604_at,0.052187163
229634_at,0.052186612
1556494_at,0.05218606
242799_at,0.052185915
214246_x_at,0.05218482
1561050_a_at,0.052184705
211457_at,0.05218362
221264_s_at,0.05218239
232559_at,0.05218216
217131_at,0.052181467
241943_at,0.052180797
221418_s_at,0.0521802
224784_at,0.052179873
213125_at,0.052179098
241697_at,0.05217871
211603_s_at,0.05217799
216747_at,0.052177593
237794_at,0.052176237
1556999_at,0.052175872
237641_at,0.052174974
241629_at,0.052174285
234786_at,0.052174203
230582_at,0.052173972
202850_at,0.052173913
242039_at,0.052173562
1553540_a_at,0.052172802
204565_at,0.052171767
233676_at,0.052171342
225850_at,0.052170306
206974_at,0.052169695
1563693_at,0.05216834
235309_at,0.052167833
240298_at,0.05216676
1559821_at,0.052166678
244106_at,0.052166574
241431_at,0.052166425
221315_s_at,0.052166265
1569991_at,0.052165687
208286_x_at,0.052165493
236394_at,0.052164093
232270_at,0.05216252
237669_at,0.052162297
238837_at,0.05216159
1562384_at,0.0521602
1553634_a_at,0.05215968
1564822_at,0.052159637
1554113_a_at,0.052159026
1553485_at,0.052158684
226678_at,0.052158356
230712_at,0.052158102
210911_at,0.05215792
205880_at,0.052157085
230148_at,0.052156657
237892_at,0.05215572
238175_at,0.052155435
211804_s_at,0.052153915
217475_s_at,0.05215346
204515_at,0.052153304
207331_at,0.052152634
206441_s_at,0.052152187
243255_at,0.052151736
215062_at,0.052150108
232142_at,0.05214954
232214_x_at,0.052149277
1561474_at,0.052149057
212821_at,0.052146867
1565795_at,0.05214545
234686_at,0.052145164
241423_at,0.05214493
237736_at,0.052144594
225961_at,0.052144304
237120_at,0.052143387
1560776_at,0.052142583
1562476_at,0.052142516
210932_s_at,0.0521411
224942_at,0.052140072
203422_at,0.052138865
205264_at,0.05213681
204547_at,0.052135125
218400_at,0.05213429
1555053_at,0.052133657
219821_s_at,0.05213353
223295_s_at,0.052133262
1564479_a_at,0.052132092
1558123_at,0.05213172
243249_at,0.052129626
1552644_a_at,0.052129477
1568646_x_at,0.0521293
230026_at,0.05212699
225807_at,0.052125424
233876_at,0.052125417
217772_s_at,0.052125245
210577_at,0.052125063
233584_at,0.052123994
1554994_at,0.05212389
204967_at,0.052123666
1570135_at,0.05212351
226906_s_at,0.052123204
1555339_at,0.052122187
1564336_at,0.05212166
1556725_a_at,0.052121177
236131_at,0.052121118
237436_at,0.052119203
1552787_at,0.052117728
209571_at,0.052116975
242275_at,0.052116606
227192_at,0.052114785
212957_s_at,0.05211471
206681_x_at,0.05211358
238943_at,0.052113198
220457_at,0.052111946
230438_at,0.05211124
230088_at,0.052110493
1556730_at,0.052110434
1557315_a_at,0.052110247
1553064_at,0.0521098
207564_x_at,0.05210942
215334_at,0.05210857
208455_at,0.052108154
1570192_at,0.052108124
210381_s_at,0.052107077
209491_s_at,0.052106626
1555009_a_at,0.052105937
229994_at,0.05210557
235496_at,0.05210512
204493_at,0.05210507
207547_s_at,0.052104674
238170_at,0.052104652
225247_at,0.052103817
244349_at,0.05210261
221369_at,0.05210074
1569499_at,0.05210069
227117_at,0.052100018
238702_at,0.05209902
223437_at,0.052096814
221238_at,0.052094594
226253_at,0.05209437
1559820_at,0.05209431
203906_at,0.052092716
234256_at,0.05209174
1556272_a_at,0.052090876
227897_at,0.052089512
244800_x_at,0.052088235
243103_at,0.052087426
205210_at,0.052082792
226770_at,0.05208257
215641_at,0.052082017
237023_at,0.052080855
210372_s_at,0.052080832
1570402_at,0.052080743
215180_at,0.052080378
210708_x_at,0.05207973
236688_at,0.052079715
228464_at,0.052078977
212705_x_at,0.05207777
216897_s_at,0.05207756
228419_at,0.052075468
232587_at,0.05207531
242036_x_at,0.052074663
207549_x_at,0.052074507
209512_at,0.052074462
205972_at,0.05207403
242074_at,0.052073732
233816_at,0.052073687
206128_at,0.05207327
209811_at,0.052072585
212889_x_at,0.05207213
1565738_at,0.05207173
1555717_at,0.05207116
229485_x_at,0.05206979
230539_at,0.052068595
221757_at,0.052068368
201444_s_at,0.05206698
239587_at,0.05206698
226972_s_at,0.052062646
207440_at,0.05206144
1557026_at,0.05205933
206135_at,0.05205904
243129_at,0.052057106
221134_at,0.05205708
209051_s_at,0.052055866
227755_at,0.052055836
1553176_at,0.05205552
201213_at,0.052055478
229886_at,0.05205518
234283_at,0.05205485
236259_at,0.05205354
223488_s_at,0.052051947
235974_at,0.052050978
227694_at,0.052050866
235634_at,0.052050695
207158_at,0.052050047
215552_s_at,0.052049775
1552696_at,0.05204861
213903_s_at,0.052047864
211810_s_at,0.05204758
1563104_at,0.05204694
228405_at,0.05204588
240740_at,0.052044876
237227_at,0.052044526
242087_x_at,0.05204402
1560533_at,0.052043863
204424_s_at,0.05204337
205497_at,0.052042976
214673_s_at,0.05204262
244415_at,0.052040085
237532_at,0.052040063
240730_at,0.05203969
230969_at,0.05203935
235546_at,0.052039176
1552540_s_at,0.052039057
228850_s_at,0.052037977
201006_at,0.05203779
221397_at,0.052037098
241936_x_at,0.05203665
229637_at,0.05203566
211604_x_at,0.052035283
244370_at,0.05203508
210786_s_at,0.052034378
214115_at,0.052034356
228066_at,0.05203396
233225_at,0.05203268
241256_at,0.052031998
236810_at,0.052031748
205964_at,0.05202973
242658_at,0.05202938
207891_s_at,0.052028917
1553804_a_at,0.052025788
233627_at,0.05202531
213898_at,0.05202438
229968_at,0.05202435
205331_s_at,0.052024025
221077_at,0.05202377
236668_at,0.052023694
203813_s_at,0.052023225
202590_s_at,0.052023172
205319_at,0.05202267
208459_s_at,0.05202219
1559489_a_at,0.05202099
208373_s_at,0.052020982
215784_at,0.05201918
225756_at,0.05201757
220955_x_at,0.052016474
240098_at,0.052015603
237093_at,0.05201353
229480_at,0.052012816
235984_at,0.052011102
1555400_at,0.052010104
225942_at,0.05201009
227721_at,0.052009173
229942_at,0.052008584
219839_x_at,0.052008078
228906_at,0.052007966
201497_x_at,0.052007586
229600_s_at,0.05200703
208153_s_at,0.052006297
235036_at,0.052005842
1553432_s_at,0.052005157
241773_at,0.05200454
233845_at,0.052004427
204131_s_at,0.05200416
227094_at,0.052004084
209881_s_at,0.052002236
1554914_at,0.052000128
203979_at,0.051999867
216622_at,0.0519996
216448_at,0.051999524
208446_s_at,0.051999114
1553564_at,0.051999092
1557569_at,0.05199886
1557275_a_at,0.051998504
218357_s_at,0.05199808
241838_at,0.051997855
1562848_at,0.051997542
1553037_a_at,0.051996846
1560496_at,0.051995818
1556895_a_at,0.051994808
239281_at,0.051994495
242119_at,0.051993378
1553030_a_at,0.051993288
229761_at,0.05199308
244249_at,0.05199124
239558_at,0.051988818
227227_at,0.051988706
1555429_at,0.051988333
231062_at,0.051986493
203331_s_at,0.051986083
229068_at,0.051985472
1565898_at,0.051983982
230669_at,0.051983923
205528_s_at,0.05198273
228975_at,0.0519827
217279_x_at,0.051982656
215928_at,0.051981837
1566633_at,0.051980913
231588_at,0.05197891
243545_at,0.051978447
236162_at,0.051976725
233717_x_at,0.051976006
1566906_at,0.05197592
214478_at,0.051974498
243857_at,0.051974237
237965_at,0.051974237
210373_at,0.051972985
235448_at,0.05197233
235358_at,0.0519721
1554710_at,0.05197166
206953_s_at,0.051971253
232937_at,0.051970556
1559843_s_at,0.051970333
205897_at,0.05196911
1552485_at,0.05196663
227532_at,0.051965
240043_at,0.05196441
202074_s_at,0.051963
235845_at,0.051962316
219736_at,0.051962048
211220_s_at,0.05196029
1562991_at,0.051958054
218673_s_at,0.05195692
225048_at,0.051956832
205365_at,0.051956795
1554391_at,0.0519562
214841_at,0.051956013
234519_at,0.051955417
1562327_at,0.051955417
1552631_a_at,0.05195409
228481_at,0.05195374
217317_s_at,0.051953375
213109_at,0.051953018
222585_x_at,0.051952004
230429_at,0.05195159
204789_at,0.051951528
1566760_at,0.051951505
234668_at,0.05195129
225601_at,0.051950946
241874_at,0.051950425
229908_s_at,0.051950082
1553802_a_at,0.05194944
210161_at,0.051949024
1557680_at,0.051946416
208287_at,0.051945515
240505_at,0.051944435
228882_at,0.051943857
221463_at,0.051943496
1561304_a_at,0.0519427
207346_at,0.051941827
227335_at,0.05194162
241913_at,0.05194118
223630_at,0.05194007
243064_at,0.051939964
223378_at,0.05193956
232601_at,0.05193937
203209_at,0.05193889
1553757_at,0.05193793
228422_at,0.05193764
238924_at,0.051937252
241378_at,0.05193477
220214_at,0.051933777
204893_s_at,0.051933683
233890_at,0.051933184
231863_at,0.05193311
239689_at,0.051931307
226098_at,0.051931173
225705_at,0.05193028
1563225_a_at,0.051929787
225544_at,0.051929057
1559603_at,0.051926948
241104_at,0.051926926
1560080_at,0.05192687
240142_at,0.051926665
243377_at,0.051926553
203595_s_at,0.051924556
208208_at,0.05192384
237181_at,0.051922873
206240_s_at,0.05192156
220577_at,0.051921144
231931_at,0.05192013
241510_at,0.051920008
1561384_a_at,0.051919322
237909_at,0.051918615
1561679_at,0.05191843
1552271_at,0.051917955
38269_at,0.05191782
1553740_a_at,0.051916607
1557535_at,0.05191622
207531_at,0.051916137
239936_at,0.051915333
215249_at,0.05191402
1567256_at,0.05191381
214034_at,0.051913284
242947_at,0.05191312
207457_s_at,0.05191303
233985_x_at,0.051910944
237400_at,0.051910624
213627_at,0.051910043
244494_at,0.05191
215538_at,0.05190957
210431_at,0.05190801
210884_s_at,0.051907197
242599_at,0.051906772
209991_x_at,0.05190611
1560386_at,0.051903337
207031_at,0.051903166
1562031_at,0.051902056
243724_at,0.051901117
239049_at,0.051900297
233590_at,0.0518986
214164_x_at,0.051898297
235147_at,0.051896624
1569344_a_at,0.051896323
233024_at,0.051896162
208392_x_at,0.051896006
226640_at,0.051895678
236966_at,0.051895633
1559340_at,0.051895496
229674_at,0.05189407
215721_at,0.05189349
225763_at,0.051893294
1563783_a_at,0.051892243
214404_x_at,0.051891826
1560346_at,0.05189179
219105_x_at,0.051890105
232986_at,0.051889993
215285_s_at,0.05188918
241964_at,0.051888585
239642_at,0.051887847
227134_at,0.05188775
1554813_at,0.051887706
208520_at,0.051880714
220603_s_at,0.051879674
207793_s_at,0.05187826
241057_x_at,0.051878102
229042_s_at,0.05187739
1566964_at,0.05187685
209061_at,0.05187489
223698_at,0.05187477
1564012_at,0.051873267
229393_at,0.051873177
1567443_x_at,0.051873162
223610_at,0.05187176
243219_x_at,0.051869713
203131_at,0.051869303
233403_x_at,0.051867776
221442_at,0.0518664
208016_s_at,0.051866286
208229_at,0.05186549
228668_x_at,0.051865295
232997_at,0.051865272
227650_at,0.051864132
239845_at,0.05186294
225443_at,0.051859558
206779_s_at,0.05185893
1565635_at,0.051858485
237855_at,0.051857293
1562044_at,0.05185704
212166_at,0.051856562
1559283_a_at,0.05185314
1560213_at,0.05185303
221412_at,0.051852137
1563709_at,0.051851854
237323_at,0.05184979
228396_at,0.051849548
237389_at,0.051848322
236553_at,0.051847726
229032_at,0.05184737
1559732_at,0.05184711
225414_at,0.051846623
1569954_at,0.051846273
219017_at,0.051845863
1558365_at,0.051843807
219739_at,0.0518438
241856_at,0.05184376
240609_at,0.051843565
210967_x_at,0.051843416
210533_at,0.051843263
233513_at,0.051841483
227500_at,0.0518412
229646_at,0.051840305
239451_at,0.051839307
237897_at,0.051838957
219050_s_at,0.05183851
235423_at,0.05183798
226568_at,0.051837236
1555356_a_at,0.05183699
217337_at,0.051836915
239958_at,0.05183678
222310_at,0.05183637
222340_at,0.051834658
202229_s_at,0.05183453
215892_at,0.051834404
222749_at,0.05183439
228531_at,0.051834255
217018_at,0.05183393
228549_at,0.05183357
222877_at,0.05183351
236272_at,0.051833425
230365_at,0.0518331
238081_at,0.05183254
1568836_at,0.05183147
218337_at,0.051830262
207231_at,0.051830053
1556580_a_at,0.051829636
1554053_at,0.051828966
219954_s_at,0.051827937
234179_at,0.051826462
230283_at,0.051824555
1560779_a_at,0.051824432
215417_at,0.05182334
205662_at,0.051822864
1570099_at,0.051822674
216687_x_at,0.051821943
236010_at,0.05182108
236940_at,0.051820252
238362_at,0.05182011
234187_at,0.0518192
213582_at,0.051818624
234026_at,0.051818427
213265_at,0.05181828
205346_at,0.051817566
203790_s_at,0.051816598
1558430_at,0.05181653
203901_at,0.05181648
239387_at,0.051816106
206798_x_at,0.05181537
236021_at,0.051814996
1556081_at,0.05181448
231479_at,0.05181368
209806_at,0.051813006
215510_at,0.051813
233599_at,0.05181005
215973_at,0.05180941
217305_s_at,0.051807977
1552770_s_at,0.051807426
1563840_at,0.05180656
241946_at,0.05180636
1561531_at,0.05180598
1559500_at,0.05180598
228632_at,0.05180467
238222_at,0.05180452
205939_at,0.05180388
236097_at,0.051803306
211017_s_at,0.05180276
1556659_at,0.051801752
1552576_at,0.05180103
210167_s_at,0.05180014
231632_at,0.051799633
237388_at,0.05179961
227345_at,0.05179815
219104_at,0.05179724
219388_at,0.05179631
239502_at,0.05179473
1558693_s_at,0.05179453
242351_at,0.0517945
224510_s_at,0.051793937
216642_at,0.051793806
214707_x_at,0.051793277
230273_at,0.0517932
206889_at,0.051792003
233210_at,0.051790282
210687_at,0.0517897
231627_at,0.05178579
222965_at,0.05178465
222888_at,0.051784143
239196_at,0.051781446
1558987_at,0.051781222
239456_at,0.051780924
207671_s_at,0.05178055
236509_at,0.051780086
210157_at,0.051779687
230703_at,0.051779643
1558115_at,0.05177845
238595_at,0.051778227
230863_at,0.051778227
207180_s_at,0.051778153
236242_at,0.051777348
216847_at,0.051775865
242833_at,0.051775247
236526_x_at,0.051775232
212450_at,0.05177316
217427_s_at,0.051772743
1569426_at,0.051772557
239063_at,0.05177243
228524_at,0.051771723
241008_at,0.05177059
1557705_a_at,0.051770538
228947_x_at,0.0517701
213543_at,0.051770076
214468_at,0.051769894
228920_at,0.05176924
230156_x_at,0.0517675
207482_at,0.05176651
230271_at,0.051766
1556427_s_at,0.05176591
1559583_at,0.051764827
207020_at,0.051764082
235338_s_at,0.051763758
231456_at,0.05176361
234553_at,0.051763356
240492_at,0.051759645
225975_at,0.051759258
224294_at,0.051758908
1563228_x_at,0.05175824
1554967_at,0.05175789
209559_at,0.05175697
213423_x_at,0.05175694
207592_s_at,0.051755883
238326_at,0.051755816
242176_at,0.051755443
235667_at,0.051755168
232969_at,0.051754214
1563970_at,0.051754013
1553893_at,0.051752552
1553523_at,0.051751956
209039_x_at,0.051750988
1569727_at,0.051750574
216109_at,0.051750004
210832_x_at,0.051748738
230889_at,0.051748388
214524_at,0.05174701
230638_at,0.05174637
238015_at,0.05174485
239769_at,0.0517437
1553313_s_at,0.0517433
200704_at,0.051741004
205954_at,0.051740028
244306_at,0.05173878
212252_at,0.051736787
1556049_at,0.05173458
227122_at,0.051734537
220017_x_at,0.051734462
220166_at,0.051734105
213853_at,0.051733524
229613_at,0.051732782
215086_at,0.05173164
222374_at,0.05173122
242673_at,0.05173093
209731_at,0.051730067
1566740_at,0.051728293
237948_at,0.051727775
203766_s_at,0.05172607
210333_at,0.051725432
234293_x_at,0.051725104
236483_at,0.051725045
223949_at,0.051723473
230019_s_at,0.051723316
220756_s_at,0.05172301
204606_at,0.051722467
222498_at,0.051721737
200663_at,0.051720142
222922_at,0.05171863
223558_at,0.051717326
235536_at,0.051717013
205630_at,0.051715903
241080_at,0.051715665
218971_s_at,0.05171545
1554185_at,0.051715277
216075_at,0.051714838
1561652_at,0.05171448
221307_at,0.051712885
229799_s_at,0.051712025
213767_at,0.051711787
244092_at,0.051710635
232691_at,0.051710498
203210_s_at,0.05170977
225877_at,0.051709637
220792_at,0.051709086
228969_at,0.051707722
1563048_at,0.051707387
208267_at,0.051707372
218780_at,0.051706046
1557826_at,0.051703736
210539_at,0.051703617
203962_s_at,0.051703557
232679_at,0.051703498
225966_at,0.05170265
234788_x_at,0.051701695
228037_at,0.051700816
224937_at,0.051700495
230053_at,0.051699415
239191_at,0.051698968
1564760_at,0.051698938
228559_at,0.051698923
242465_at,0.051698472
1557386_at,0.051698413
238146_at,0.051698364
1563026_at,0.051697925
202531_at,0.05169785
223837_at,0.05169778
1559067_a_at,0.051697776
207644_at,0.051697213
208292_at,0.051696032
231014_at,0.051695496
231557_at,0.051694937
1559707_at,0.05169478
209677_at,0.051694423
236244_at,0.051694214
206661_at,0.05169304
239086_at,0.051692367
1564004_at,0.05169169
217410_at,0.051691413
211818_s_at,0.05169058
238260_at,0.051690243
1557645_at,0.051687192
223412_at,0.05168709
242031_at,0.051686436
1557274_at,0.0516864
1559399_s_at,0.05168581
213152_s_at,0.05168438
1566248_at,0.051684156
221996_s_at,0.051683594
237034_at,0.051682994
217017_at,0.051679254
1558640_a_at,0.05167924
208489_at,0.051678363
228052_x_at,0.05167815
229223_at,0.05167804
237610_at,0.05167775
1560353_at,0.051677242
241298_x_at,0.051676992
230322_at,0.05167681
1566803_at,0.051676705
209218_at,0.051675618
236993_at,0.05167474
204123_at,0.05167462
236684_at,0.05167223
231883_at,0.051672205
216426_at,0.051671617
214897_at,0.051671438
228651_at,0.051670626
204753_s_at,0.05167017
1554175_at,0.05166945
234571_at,0.05166726
241398_at,0.051667184
202291_s_at,0.051666923
238095_at,0.0516669
239563_at,0.05166647
243409_at,0.05166634
244310_at,0.051666245
238510_at,0.051666185
243171_at,0.051665857
229195_at,0.051665585
1562802_at,0.05166435
1559333_at,0.051664338
243623_at,0.05166188
233308_at,0.051661387
206801_at,0.051661238
206260_at,0.051660806
239076_at,0.05166045
216208_s_at,0.05166009
224000_at,0.05165787
236463_at,0.05165782
241830_at,0.05165747
200768_s_at,0.051656753
220910_at,0.05165495
209635_at,0.05165355
215682_at,0.05165208
231244_at,0.051651955
244242_at,0.051651597
234937_x_at,0.05165135
1562785_at,0.05164873
214189_s_at,0.051646464
227349_at,0.051646248
1554765_a_at,0.051644433
212510_at,0.05164422
39313_at,0.05164385
229430_at,0.05164355
204034_at,0.05164349
225010_at,0.051643074
223850_at,0.051641278
222416_at,0.05164054
228650_at,0.051640496
233385_x_at,0.051640213
212501_at,0.05163926
1565669_at,0.05163843
209072_at,0.051637575
1570328_s_at,0.05163662
230145_at,0.051636055
1569503_at,0.05163572
216272_x_at,0.05163546
229275_at,0.051635034
240931_s_at,0.051634315
1555656_at,0.051634118
202744_at,0.051634103
236604_at,0.051633537
227916_x_at,0.051632807
214393_at,0.051632427
1561403_at,0.05163208
234072_at,0.051631965
225777_at,0.051631078
224783_at,0.051630646
1563344_at,0.05162981
209280_at,0.05162713
204495_s_at,0.05162652
1562095_at,0.05162522
209373_at,0.05162513
204288_s_at,0.051624134
209253_at,0.051623985
211741_x_at,0.051623553
1553449_at,0.051622774
1554664_at,0.051622614
208227_x_at,0.05162034
201485_s_at,0.05161965
1555845_at,0.05161929
227629_at,0.051619284
1552726_at,0.05161866
216005_at,0.051616073
222688_at,0.05161579
216690_at,0.05161547
219047_s_at,0.051615417
211013_x_at,0.051612556
200868_s_at,0.051611245
1559687_at,0.051611036
202963_at,0.051610768
202945_at,0.05161068
200894_s_at,0.05161056
237569_at,0.05160985
1566002_at,0.051609173
214905_at,0.05160901
238257_at,0.05160848
228192_at,0.05160802
243585_at,0.05160673
220954_s_at,0.05160652
235904_at,0.051606253
215198_s_at,0.051605776
1569241_a_at,0.051605407
243582_at,0.05160436
238537_at,0.05160425
1560579_s_at,0.05160416
230851_x_at,0.051603474
236149_at,0.051603116
233804_at,0.051601652
210910_s_at,0.051601574
1557450_s_at,0.051600263
1559856_s_at,0.051598728
233010_at,0.051598012
203930_s_at,0.051597178
218731_s_at,0.05159692
210472_at,0.05159621
214918_at,0.051596
208384_s_at,0.051595725
243318_at,0.051595584
225250_at,0.051595464
227644_at,0.05159519
1570262_at,0.051595017
230737_s_at,0.051594764
232747_at,0.051594615
1560978_at,0.051594317
214599_at,0.051593527
211125_x_at,0.051592678
229282_at,0.051592648
237692_at,0.051591925
228085_at,0.051591203
223073_at,0.051591113
204913_s_at,0.051590227
1565582_at,0.051588245
216793_x_at,0.051587366
243922_at,0.051586334
208177_at,0.051585533
208811_s_at,0.051585376
1563816_at,0.05158534
234301_s_at,0.051584646
204591_at,0.051583067
1562841_at,0.051582426
201556_s_at,0.05158131
221299_at,0.051581185
231610_at,0.051581174
238780_s_at,0.051580038
216160_at,0.051579416
238442_at,0.0515787
202924_s_at,0.051578432
209534_x_at,0.051576585
208228_s_at,0.051575873
235992_s_at,0.051575813
1557406_s_at,0.051575497
227285_at,0.051575378
207476_at,0.0515752
241882_at,0.05157363
225943_at,0.051573575
208222_at,0.051573444
1553442_a_at,0.051572926
213262_at,0.051572204
203693_s_at,0.051571757
1562002_at,0.051569868
214077_x_at,0.05156979
236261_at,0.051569
1558293_at,0.051568605
1559214_at,0.051568195
1557759_at,0.051567093
217748_at,0.05156687
217344_at,0.0515664
235663_at,0.05156467
1559388_a_at,0.051564544
216144_at,0.05156429
237300_at,0.051563345
206612_at,0.05156295
232834_at,0.05156271
1566924_at,0.051559165
232127_at,0.051559106
223540_at,0.05155748
218342_s_at,0.051555395
223668_at,0.051555365
1553918_at,0.05155532
220612_at,0.05155441
207950_s_at,0.051553376
216538_at,0.051552594
209168_at,0.05155216
235959_at,0.051552057
210380_s_at,0.051551066
236982_at,0.051551014
208365_s_at,0.051549286
240582_x_at,0.051549107
52651_at,0.0515486
227918_s_at,0.05154723
236508_at,0.051547173
207385_at,0.051546905
217869_at,0.05154684
217254_s_at,0.05154597
226121_at,0.05154559
1554762_a_at,0.051545568
206103_at,0.051545545
202570_s_at,0.051545262
223813_at,0.05154462
232887_at,0.051544566
244215_at,0.051541805
1555843_at,0.051541686
212595_s_at,0.05154097
212434_at,0.05154097
204258_at,0.05154088
1557542_at,0.051540375
243474_at,0.05154017
220681_at,0.051540136
233993_at,0.051538076
237739_at,0.051537648
207193_at,0.051535927
1560132_a_at,0.05153589
207121_s_at,0.051535547
210801_at,0.051534563
236447_at,0.05153422
232839_at,0.051534206
235666_at,0.05153337
206290_s_at,0.051532503
213146_at,0.051530898
243814_at,0.051530376
223889_at,0.051529244
213325_at,0.051528886
226658_at,0.051528767
208970_s_at,0.051528156
220627_at,0.051525045
201925_s_at,0.05152288
211574_s_at,0.051522493
1561212_at,0.051522084
241904_at,0.05152013
217162_at,0.051519435
215785_s_at,0.051518798
1560340_s_at,0.05151873
1570351_at,0.051518276
1554880_at,0.05151742
223741_s_at,0.051517397
1558111_at,0.05151683
237195_at,0.05151663
214397_at,0.051516585
1553936_a_at,0.051515147
1559114_a_at,0.051513795
216028_at,0.051512748
237278_x_at,0.051511914
219868_s_at,0.051510714
215577_at,0.05151044
232602_at,0.051509563
209717_at,0.05150892
235760_at,0.05150851
239263_at,0.051508054
220008_at,0.051507622
237896_at,0.051507346
1561561_x_at,0.051506206
239706_x_at,0.05150619
1560787_at,0.051505137
237886_at,0.05150474
1563505_at,0.051503014
1555855_at,0.05150242
212579_at,0.051500946
225219_at,0.051499844
208585_at,0.051499795
216131_at,0.051498316
37996_s_at,0.051496863
213673_x_at,0.05149535
244793_at,0.051494908
1564253_at,0.0514948
1555697_at,0.051494077
204017_at,0.05149372
232793_at,0.051492985
215387_x_at,0.051491186
211947_s_at,0.051489234
1559993_at,0.051489025
232352_at,0.05148901
1560706_at,0.05148819
212295_s_at,0.051484197
230417_at,0.051481552
1563509_at,0.051481165
232967_at,0.051481128
233501_at,0.05148062
1559997_x_at,0.051480386
206119_at,0.051480304
229442_at,0.05148024
216893_s_at,0.051478703
207432_at,0.05147864
216391_s_at,0.05147709
238818_at,0.051476747
203840_at,0.051476374
236110_at,0.05147627
229124_at,0.051475707
1552497_a_at,0.051475257
220036_s_at,0.05147399
1556240_at,0.051472455
203156_at,0.051472276
1563621_at,0.05147221
1566775_at,0.05147186
213692_s_at,0.05147054
230202_at,0.051469445
1557488_at,0.051469192
1559814_at,0.051467963
1555107_a_at,0.05146724
1557311_at,0.05146552
227120_at,0.05146259
230096_at,0.051462464
235116_at,0.05146157
233290_at,0.05146069
209908_s_at,0.05146043
203398_s_at,0.05145988
208514_at,0.051457915
1561919_at,0.051457673
216528_at,0.05145711
229727_x_at,0.051456317
1570483_at,0.051455483
1556959_at,0.051455185
242718_at,0.051455088
1564204_at,0.0514535
1562939_at,0.051453374
220481_at,0.051453035
232833_at,0.05145187
205949_at,0.051451765
216018_at,0.05145041
206749_at,0.051448975
233130_at,0.051446654
233477_at,0.05144456
223790_at,0.05144377
210407_at,0.051443547
217856_at,0.051442713
224087_at,0.051442496
206686_at,0.051442258
233920_at,0.051442005
223209_s_at,0.051441163
212938_at,0.051440723
234898_at,0.051440254
219943_s_at,0.05143994
232852_at,0.051438525
228451_at,0.05143839
1560491_at,0.051434107
1560467_at,0.051432252
215668_s_at,0.051430106
207622_s_at,0.051429987
1569269_s_at,0.051428348
200827_at,0.0514282
206235_at,0.05142805
206048_at,0.051427152
236742_at,0.051426664
220715_at,0.051426336
223915_at,0.051426306
241496_at,0.051425695
231765_at,0.051425666
220550_at,0.051423572
242295_at,0.051423356
204885_s_at,0.051423248
207765_s_at,0.05142197
244488_at,0.051421806
1560412_at,0.051418126
209220_at,0.05141767
231435_at,0.051416986
217063_x_at,0.051414862
238597_at,0.05141466
226453_at,0.051413685
1564511_a_at,0.05141358
239096_at,0.05141282
243841_at,0.05141236
210331_at,0.051411122
244071_at,0.05141013
241357_at,0.051409602
229404_at,0.051409505
210152_at,0.051409334
31799_at,0.051407263
240085_at,0.051407225
210926_at,0.05140479
211892_s_at,0.051404715
222179_at,0.051404618
215787_at,0.05140338
233071_at,0.051402938
241523_at,0.051402695
238873_at,0.05140218
224997_x_at,0.05140215
215306_at,0.051401213
232767_at,0.051400695
225562_at,0.05140041
236328_at,0.051400244
233135_at,0.051400118
236144_at,0.051399603
223509_at,0.051399127
1556839_s_at,0.051398367
205023_at,0.051397324
1561153_at,0.051396225
208211_s_at,0.051395662
215862_at,0.05139467
1560095_s_at,0.05139424
1560887_a_at,0.051393755
244588_at,0.051391922
213701_at,0.051390126
229928_at,0.05138982
243933_at,0.051389627
203934_at,0.05138893
209826_at,0.051388904
1558804_at,0.05138856
227502_at,0.051387787
233868_x_at,0.051387757
220379_at,0.051387146
239345_at,0.051386945
1569180_at,0.051386803
211142_x_at,0.051385917
205957_at,0.051385462
207463_x_at,0.051385023
1555225_at,0.051384464
1559523_at,0.05138407
211217_s_at,0.051383328
1570283_at,0.051383182
237883_at,0.05138187
1557238_s_at,0.05138181
1564200_at,0.051380575
237712_at,0.051380463
1557223_at,0.05137997
1555399_a_at,0.051379517
231447_at,0.051379167
1564242_at,0.05137785
210827_s_at,0.051377706
227289_at,0.051377006
208044_s_at,0.051376283
234290_x_at,0.051374458
208428_at,0.051374186
213626_at,0.0513739
243447_at,0.051373877
1557022_at,0.051372543
231010_at,0.051371753
212193_s_at,0.05137101
1553318_at,0.05137074
206534_at,0.05137022
240359_at,0.051369496
201272_at,0.051368892
1558967_s_at,0.051368617
235180_at,0.05136618
239464_at,0.051365733
243652_at,0.0513657
232097_at,0.051364675
229959_at,0.051364664
1552730_at,0.051363476
1553385_at,0.05136298
1558181_at,0.051361833
1557674_s_at,0.0513604
233069_at,0.051358547
219140_s_at,0.051358446
240357_at,0.05135785
1562068_at,0.05135733
229073_at,0.05135719
238108_at,0.051357165
220958_at,0.051356662
235206_at,0.051355854
220340_at,0.051354248
206808_at,0.051353924
209738_x_at,0.051353663
219085_s_at,0.0513528
219707_at,0.051352262
241184_x_at,0.051352095
221446_at,0.0513519
1565913_at,0.051349312
1553372_at,0.05134923
242303_at,0.051348574
210855_at,0.05134688
227007_at,0.051345587
218223_s_at,0.051344246
225776_at,0.05134365
239193_at,0.051342666
1553367_a_at,0.051341455
241045_at,0.051340643
1570528_at,0.051340323
242140_at,0.051340163
232104_at,0.051339388
223736_at,0.05133917
239953_at,0.051339082
223822_at,0.051338855
224091_at,0.051337734
234125_at,0.05133766
215302_at,0.05133678
213947_s_at,0.05133614
1552882_a_at,0.05133582
37170_at,0.0513352
227242_s_at,0.051335145
230323_s_at,0.05133351
1553859_at,0.051333398
232146_at,0.051332973
203649_s_at,0.051332742
222943_at,0.051330876
243155_at,0.051329847
216053_x_at,0.051328674
237100_at,0.051328436
215597_x_at,0.051328376
234563_at,0.05132728
227240_at,0.051326655
240742_at,0.05132655
220863_at,0.051326547
220851_at,0.05132424
239054_at,0.05132422
244511_at,0.051323406
236780_at,0.05132223
1569724_at,0.051320784
207474_at,0.051320523
242628_at,0.05131875
1563427_at,0.051318355
227097_at,0.05131769
221106_at,0.051315818
1552266_at,0.051315613
202727_s_at,0.05131489
1561460_at,0.051314063
212414_s_at,0.051313996
225718_at,0.051313356
1559003_a_at,0.05131294
233148_at,0.051312834
1552319_a_at,0.05131276
201496_x_at,0.051312573
220370_s_at,0.05131167
205341_at,0.0513113
229314_at,0.051310882
214676_x_at,0.051310837
1562079_at,0.051310644
219416_at,0.05131027
1561712_at,0.051309314
218222_x_at,0.05130893
232546_at,0.05130831
1561892_at,0.051308278
216389_s_at,0.051308155
244657_at,0.051306747
223683_at,0.051306203
216113_at,0.051306136
1555483_x_at,0.051305935
1565746_at,0.051305335
206510_at,0.051304817
210030_at,0.051303312
1560422_at,0.051303014
215199_at,0.051302902
226303_at,0.051301472
230686_s_at,0.051299565
1556794_at,0.05129867
213948_x_at,0.051298365
1558077_s_at,0.051297955
235311_at,0.051297374
217450_at,0.05129629
55583_at,0.05129622
230095_at,0.05129586
234069_at,0.05129542
235988_at,0.051294774
232930_at,0.051294364
217169_at,0.05129385
230431_at,0.05129336
212562_s_at,0.051292934
226701_at,0.051292222
219376_at,0.05129212
214381_at,0.051289532
236039_at,0.05128885
218750_at,0.05128883
241950_at,0.051288564
206600_s_at,0.0512885
207516_at,0.05128815
224551_s_at,0.051287733
238834_at,0.051287316
231571_at,0.05128558
222107_x_at,0.051285453
1560589_a_at,0.05128526
209011_at,0.051285
1561605_at,0.051284827
202911_at,0.051281154
237847_at,0.051280484
215781_s_at,0.051278874
1561626_at,0.051278844
223719_s_at,0.051278338
1567183_s_at,0.051278315
220519_s_at,0.051276907
243992_at,0.051276475
238952_x_at,0.051274613
238690_at,0.05127328
1553174_at,0.051272437
223145_s_at,0.051270604
218631_at,0.051270038
213667_at,0.05126819
234868_s_at,0.051268037
1562289_at,0.051266372
208776_at,0.051266313
236378_at,0.051264927
234060_at,0.051264834
203631_s_at,0.051264457
1553418_a_at,0.051262207
239973_at,0.0512619
1570376_at,0.051261798
227491_at,0.051261485
241493_at,0.05126144
225344_at,0.05126059
237952_at,0.051259875
1561207_at,0.051257044
244598_at,0.05125639
236182_at,0.051255755
230032_at,0.051255584
228160_at,0.05125539
219323_s_at,0.05125451
241768_at,0.05125445
1554812_at,0.051253125
239407_at,0.051253036
219760_at,0.051251918
233593_at,0.051250264
1559976_at,0.051250063
1552758_at,0.05124995
244445_at,0.051249914
1564690_at,0.05124989
244523_at,0.05124934
211958_at,0.051249266
1555906_s_at,0.051249176
1569728_at,0.05124909
242656_at,0.051247165
214151_s_at,0.051246673
207894_s_at,0.051246464
1553071_a_at,0.05124457
207528_s_at,0.051244274
234303_s_at,0.051243704
202583_s_at,0.051243484
229465_s_at,0.051241666
1562549_at,0.05124166
218273_s_at,0.051241606
208182_x_at,0.051240668
227050_at,0.051240124
232388_at,0.051240012
237212_at,0.051239893
218353_at,0.0512398
202200_s_at,0.051239252
239515_at,0.051239096
238325_s_at,0.05123845
1552939_at,0.05123725
234333_at,0.051236972
244853_at,0.051235847
1555725_a_at,0.05123446
217137_x_at,0.051234215
228596_at,0.051234066
244692_at,0.05123406
215858_at,0.051232964
214010_s_at,0.05123239
1558688_at,0.05123061
1560277_a_at,0.05122923
217628_at,0.05122866
224121_x_at,0.051226884
219347_at,0.05122572
226111_s_at,0.051225215
209784_s_at,0.05122512
204589_at,0.05122403
1562275_at,0.051222015
224139_at,0.051218346
1568857_a_at,0.05121784
1561917_at,0.051217675
203371_s_at,0.051217526
1556383_at,0.05121693
216535_at,0.051216405
241270_at,0.05121632
223717_s_at,0.051216304
218786_at,0.051216185
244448_at,0.051216125
203894_at,0.051215783
219751_at,0.05121553
1562102_at,0.051214583
240567_at,0.051213525
239815_at,0.051212594
227619_at,0.051212206
222103_at,0.051211774
200605_s_at,0.051211387
1569321_at,0.051210284
205818_at,0.05121012
1561817_at,0.051210005
1569207_s_at,0.051209122
234270_at,0.05120896
223878_at,0.051207773
229217_at,0.05120766
1555553_a_at,0.051206432
234049_at,0.051206052
234109_x_at,0.05120506
234676_s_at,0.051204298
204677_at,0.051204152
239363_at,0.051202327
1555043_at,0.051200904
223792_at,0.05120089
228158_at,0.051200554
1562698_x_at,0.051199824
239112_at,0.051199257
230162_s_at,0.051197685
214072_x_at,0.05119759
221777_at,0.051196426
208366_at,0.051196255
244088_at,0.05119558
1554533_at,0.051195502
1566540_at,0.05119411
223968_at,0.05119305
1558831_x_at,0.05119255
207292_s_at,0.0511916
1565807_at,0.05119096
205475_at,0.051190957
231760_at,0.05119093
241573_at,0.051189747
1559683_at,0.05118933
243037_at,0.0511892
227149_at,0.051188827
1552768_at,0.051187374
1562062_at,0.05118662
220625_s_at,0.051185682
211572_s_at,0.05118431
244269_at,0.051183783
207274_at,0.051183194
228601_at,0.05118297
207611_at,0.051182613
215741_x_at,0.05118174
240634_x_at,0.051179692
242666_at,0.05117926
231520_at,0.05117879
230167_at,0.05117874
217380_s_at,0.051178582
220328_at,0.05117835
1569647_at,0.05117751
241952_at,0.05117722
209749_s_at,0.05117686
1552830_at,0.05117672
235316_at,0.05117601
212313_at,0.051174372
219955_at,0.05117435
211048_s_at,0.051174164
208251_at,0.051173277
229871_at,0.05117324
242693_at,0.05117321
222090_at,0.051173195
1561127_at,0.051173165
232800_at,0.05117297
231354_at,0.051172454
220210_at,0.051172167
220346_at,0.051171586
223386_at,0.05117154
210528_at,0.05117072
219209_at,0.051170185
1560246_at,0.05117006
208041_at,0.051169723
221936_x_at,0.05116645
1568448_at,0.051165693
215381_at,0.051164195
228270_at,0.051164024
243953_at,0.051163316
212913_at,0.051162854
215626_at,0.05116207
1561309_x_at,0.051160283
239656_at,0.051159836
244491_at,0.051159613
1565857_at,0.051159024
1570639_at,0.051157713
232575_at,0.051157013
205111_s_at,0.05115667
216458_at,0.051155113
241855_s_at,0.051154822
242429_at,0.051153675
228699_at,0.051153034
1558768_at,0.051152997
1558574_at,0.051152635
207221_at,0.051152468
220316_at,0.051152043
239658_at,0.051151335
230770_at,0.051149726
224492_s_at,0.05114767
227696_at,0.05114685
210130_s_at,0.051146552
1560618_at,0.051146388
1569996_at,0.05114571
237842_at,0.0511451
220188_at,0.051143937
241735_at,0.051143482
221099_at,0.051143102
1555264_a_at,0.051142346
234716_at,0.0511411
225680_at,0.051138476
237026_at,0.05113652
1562013_a_at,0.0511349
240577_at,0.051132217
1559321_at,0.051130753
231366_at,0.05113065
212415_at,0.051129937
213744_at,0.05112853
1570536_at,0.051127777
226915_s_at,0.0511252
1561391_at,0.051124148
204019_s_at,0.051122993
213731_s_at,0.051121898
229471_s_at,0.05112009
231073_at,0.051118977
216975_x_at,0.05111885
214933_at,0.05111842
226695_at,0.05111805
1568597_at,0.051117048
236683_at,0.051116392
233455_at,0.0511152
244005_at,0.05111476
1556595_at,0.05111473
1565073_at,0.05111468
214159_at,0.05111443
244477_at,0.051114388
36553_at,0.051113993
235669_at,0.05111295
217702_at,0.0511112
222710_at,0.05111046
1564331_at,0.051108323
1553212_at,0.051107675
240658_at,0.051107377
210736_x_at,0.05110509
1561058_at,0.051104434
1563753_at,0.051104415
238448_at,0.051104262
240637_at,0.051104106
230311_s_at,0.051104072
223355_at,0.051102303
215585_at,0.05110185
211590_x_at,0.051101074
210871_x_at,0.05110036
227818_at,0.051100135
1560162_at,0.051099986
234380_x_at,0.05109974
1557576_at,0.051099632
1562462_at,0.05109963
228019_s_at,0.051098466
239051_at,0.051097505
1553131_a_at,0.05109744
228804_at,0.051096164
207374_at,0.051096007
215043_s_at,0.051095635
205724_at,0.051093914
219935_at,0.05109326
210348_at,0.051092982
228937_at,0.05109246
224152_s_at,0.05109135
212844_at,0.05109094
220219_s_at,0.05109082
1555131_a_at,0.051089853
221148_at,0.051089294
211362_s_at,0.051089272
210809_s_at,0.051088724
238457_at,0.051088333
1554321_a_at,0.051086903
243374_x_at,0.05108528
225296_at,0.051084846
236934_at,0.051084436
243980_at,0.051084258
207522_s_at,0.05108404
1553087_at,0.051083583
202664_at,0.051082432
216428_x_at,0.051082328
227040_at,0.051082075
211905_s_at,0.051082008
238867_at,0.051081955
238655_at,0.051081628
1558660_at,0.05108079
240080_at,0.05108022
1552980_at,0.0510801
221859_at,0.051079467
203768_s_at,0.05107926
233424_at,0.051078103
238715_at,0.051077753
213246_at,0.051076114
220581_at,0.051074784
1559529_at,0.051074363
228031_at,0.051073045
238009_at,0.05107283
211589_at,0.051072575
1565613_at,0.051072422
243866_x_at,0.051071994
239384_at,0.05107163
215292_s_at,0.05107121
237234_at,0.051070295
221240_s_at,0.05106947
233352_at,0.051068958
217708_x_at,0.051068068
232217_at,0.051067658
228306_at,0.05106765
203159_at,0.05106759
208422_at,0.051066786
1553272_at,0.05106607
234176_at,0.051065933
1569212_at,0.051065728
219735_s_at,0.05106382
207510_at,0.051062927
1557418_at,0.051062286
1557373_at,0.051062234
1562145_at,0.051062055
233016_at,0.051061686
205410_s_at,0.051059857
231027_at,0.051058494
232256_s_at,0.051058106
1556316_s_at,0.051056795
240562_at,0.051056318
1568734_a_at,0.051055007
229607_at,0.051054716
233832_at,0.051054716
240559_at,0.051054068
244683_at,0.05105403
211577_s_at,0.05105364
236289_at,0.051053397
231424_at,0.05105257
212574_x_at,0.0510519
215085_x_at,0.05105161
202819_s_at,0.051051304
200813_s_at,0.051049232
244633_at,0.051047787
235243_at,0.051047176
221113_s_at,0.051046684
234959_at,0.05104495
210329_s_at,0.051044255
200654_at,0.051044106
223510_at,0.05104359
1565737_at,0.051042125
222365_at,0.051040363
235291_s_at,0.051040128
1560665_at,0.05103843
234614_at,0.0510379
217433_at,0.051037475
237600_at,0.05103734
232853_at,0.051036134
233022_at,0.051035374
220111_s_at,0.051034305
202100_at,0.051034093
244630_at,0.05103346
240188_at,0.051032662
238831_at,0.051032186
240276_at,0.051032186
214133_at,0.051031798
218684_at,0.05103156
216254_at,0.051029652
237936_at,0.051028863
235700_at,0.0510275
234253_at,0.051026613
243944_at,0.051026344
1560078_at,0.051025085
201733_at,0.0510222
1566249_at,0.051021352
204154_at,0.051021285
233658_at,0.051020816
229457_at,0.051020563
237426_at,0.051020443
233892_at,0.051019967
236302_at,0.05101858
1567906_at,0.051017977
204364_s_at,0.05101773
240785_at,0.05101744
223433_at,0.05101733
1558021_at,0.05101636
233158_at,0.051016055
1553396_a_at,0.051015906
215348_at,0.051015474
222534_s_at,0.051015045
241072_s_at,0.051014
207586_at,0.051013418
235427_at,0.05101323
1561060_at,0.05101137
239268_at,0.05101125
223938_at,0.05101087
1552360_a_at,0.05101031
231442_at,0.051010035
225742_at,0.051009923
232476_at,0.05100884
235149_at,0.05100859
213866_at,0.051007815
226791_at,0.051007718
221450_x_at,0.05100654
213472_at,0.051006332
1569898_a_at,0.051004775
215006_at,0.051003844
208429_x_at,0.05100236
210769_at,0.051001444
206080_at,0.051001135
220812_s_at,0.0510005
226616_s_at,0.05100003
205706_s_at,0.050998956
1568783_at,0.050998494
239261_s_at,0.050998256
1560770_at,0.050996765
205973_at,0.05099529
234217_at,0.05099407
242368_at,0.05099362
216738_at,0.050993197
225629_s_at,0.050992876
219991_at,0.050992712
207839_s_at,0.05099243
242385_at,0.05099169
202285_s_at,0.050991453
235132_at,0.050988704
1560137_at,0.050988015
221034_s_at,0.05098764
1555499_a_at,0.05098719
1559585_at,0.050987177
217055_x_at,0.050986864
205316_at,0.050985143
208330_at,0.05098377
221815_at,0.050983354
1561631_at,0.05098316
1563963_at,0.050981574
239058_at,0.050981447
242828_at,0.050978668
210083_at,0.050977822
1555550_at,0.050977293
209266_s_at,0.05097536
1555675_at,0.050974905
207784_at,0.05097432
237466_s_at,0.05097418
1560463_at,0.050973553
206462_s_at,0.050973415
227501_at,0.050970897
235226_at,0.050970778
210080_x_at,0.05097072
239861_at,0.050970316
219370_at,0.05097021
1569449_a_at,0.05096972
202711_at,0.05096923
216057_at,0.05096791
234449_at,0.050967816
217986_s_at,0.050967723
224291_at,0.05096724
238485_at,0.05096665
240201_at,0.05096601
1553443_at,0.050965764
232235_at,0.050964374
1552557_a_at,0.05096212
242382_at,0.050962012
1553326_at,0.050961994
219577_s_at,0.05096194
235687_at,0.050961882
205108_s_at,0.050960146
233180_at,0.050959803
1553770_a_at,0.050956905
229443_at,0.050956115
1562045_at,0.05095296
238706_at,0.05095291
216293_at,0.05095084
1558444_at,0.050949827
239829_at,0.05094877
238017_at,0.050947003
204860_s_at,0.050946444
1557608_a_at,0.050946303
208240_s_at,0.05094613
208281_x_at,0.05094482
242096_at,0.05094392
219900_s_at,0.050943434
204888_s_at,0.050943077
227524_at,0.050942585
238830_at,0.05094132
221566_s_at,0.05093896
230853_at,0.050938785
236356_at,0.050936148
211871_x_at,0.050935417
229172_at,0.050934717
205462_s_at,0.05093442
220067_at,0.05093368
1567078_x_at,0.050933406
228086_at,0.05093134
1562844_at,0.050931305
233887_at,0.05093032
206445_s_at,0.050930023
234862_at,0.050929982
220021_at,0.050929278
227722_at,0.050927922
243046_at,0.05092767
236865_at,0.05092685
1566218_at,0.050926547
223415_at,0.05092524
228591_at,0.050924666
1559355_at,0.050923634
218698_at,0.050923437
238213_at,0.050923303
244259_s_at,0.05092294
1566142_at,0.05092174
201346_at,0.05092168
243594_x_at,0.050921097
238804_at,0.05092053
207493_x_at,0.05091928
211203_s_at,0.05091831
204370_at,0.05091268
1555271_a_at,0.0509118
205652_s_at,0.05091153
222811_at,0.05090998
244564_at,0.050908066
204970_s_at,0.050906837
233902_at,0.0509061
205806_at,0.050905377
1553011_at,0.050905302
243448_at,0.05090508
1555020_a_at,0.050904892
237264_at,0.050903335
206417_at,0.050903305
216454_at,0.050903223
238270_x_at,0.050903
244250_at,0.050901826
240303_at,0.050901137
238083_at,0.05090094
237203_at,0.05089865
222225_at,0.050897904
235255_at,0.05089782
1556046_a_at,0.050896905
214963_at,0.05089684
218665_at,0.05089527
207484_s_at,0.0508952
243457_s_at,0.050895095
241389_at,0.050894953
228457_at,0.050894827
1560109_s_at,0.050894283
243404_at,0.050893426
1557628_s_at,0.050892644
238935_at,0.050891414
239323_at,0.050891202
1560207_at,0.050891038
1569515_a_at,0.050890703
1557399_at,0.050890326
234883_x_at,0.050890133
1561650_s_at,0.05089003
236587_at,0.050889015
210375_at,0.050887085
242308_at,0.05088649
239243_at,0.05088608
1554553_s_at,0.050885886
233365_at,0.05088588
232526_at,0.0508845
216436_at,0.050883777
240067_at,0.05088273
204371_s_at,0.05088064
1560059_at,0.050880417
221249_s_at,0.050879568
203044_at,0.0508793
208463_at,0.050878085
1569886_a_at,0.050877534
214545_s_at,0.050877362
222429_at,0.050874844
201728_s_at,0.050873652
1569849_at,0.050873265
1566129_at,0.050872803
1558816_at,0.05087255
1561271_at,0.050872047
210062_s_at,0.05086994
215187_at,0.050869495
205990_s_at,0.05086928
244713_at,0.05086901
217004_s_at,0.05086881
1553430_a_at,0.050868645
242945_at,0.050868243
1568949_at,0.05086784
243400_x_at,0.05086571
236717_at,0.050864756
212421_at,0.050864533
1562413_at,0.050864264
1556911_at,0.050864264
1566210_at,0.050863706
224140_at,0.050861605
1557363_a_at,0.05086153
1557155_a_at,0.050860733
230400_s_at,0.05085899
217008_s_at,0.050858326
209889_at,0.05085729
241312_at,0.050856628
222746_s_at,0.05085647
208760_at,0.050856143
235698_at,0.050854325
208417_at,0.050852485
213721_at,0.050851405
221912_s_at,0.050850227
230288_at,0.05084958
1557840_at,0.050849404
239811_at,0.050849304
204701_s_at,0.050848894
242542_at,0.05084826
1555300_a_at,0.050846323
1560964_at,0.05084432
1553857_at,0.050843954
216571_at,0.05084277
208542_x_at,0.050842382
240617_at,0.05083795
1561039_a_at,0.050836705
215920_s_at,0.050836384
225406_at,0.05083531
209038_s_at,0.050834134
220886_at,0.050832935
222662_at,0.050832078
212373_at,0.050829142
236791_at,0.05082828
216651_s_at,0.050828006
204678_s_at,0.050826702
233649_at,0.050826337
219199_at,0.05082535
234465_at,0.05082482
204854_at,0.05082438
226208_at,0.05082339
219155_at,0.0508219
1552405_at,0.050821565
230989_s_at,0.05082126
1552680_a_at,0.050820813
209537_at,0.050820753
214813_at,0.050820574
220699_s_at,0.050820284
1557721_at,0.050819673
217953_at,0.05081892
223101_s_at,0.050818264
213816_s_at,0.050818242
214508_x_at,0.050816596
220782_x_at,0.050816327
201140_s_at,0.050816298
244795_at,0.050813623
231535_x_at,0.050812513
231582_at,0.05081206
228458_at,0.050811782
217228_s_at,0.05080909
1563458_at,0.05080835
1560819_a_at,0.050807662
1557825_at,0.050807465
1557736_at,0.05080726
241968_at,0.05080715
215456_at,0.050806627
236169_at,0.050806284
214248_s_at,0.050805546
242818_x_at,0.050803468
239138_at,0.05080322
206897_at,0.0508032
1556709_a_at,0.050803
239504_at,0.050801784
213649_at,0.05080083
1561214_at,0.05080074
236521_at,0.05079939
1562770_at,0.050798856
231989_s_at,0.05079864
1570331_at,0.05079831
1554288_at,0.05079771
203163_at,0.050797418
238966_at,0.050797097
1557610_at,0.050794847
239302_s_at,0.050794765
208110_x_at,0.050794125
237929_at,0.050791666
236797_at,0.050791547
219605_at,0.050790664
235744_at,0.05078882
221740_x_at,0.05078861
208005_at,0.050788194
242787_at,0.050787896
211934_x_at,0.05078444
220267_at,0.05078407
216192_at,0.050783932
221546_at,0.050783448
1553321_a_at,0.05078296
1561453_at,0.050781466
208139_s_at,0.050781395
204775_at,0.05078043
216769_x_at,0.05077988
219933_at,0.050779045
233770_at,0.050778784
222783_s_at,0.050778497
1568596_a_at,0.05077724
206466_at,0.050775796
204280_at,0.050775453
244856_at,0.050775383
212353_at,0.050775096
233782_at,0.050774887
227452_at,0.050773464
228221_at,0.0507716
1568650_a_at,0.050771244
236689_at,0.050770886
207501_s_at,0.050768103
217412_at,0.05076561
1565797_at,0.050765485
232758_s_at,0.05076433
203358_s_at,0.050764292
244604_at,0.050763294
1559254_at,0.05076281
216455_at,0.05076249
204450_x_at,0.050760962
228560_at,0.050760757
230945_at,0.050759777
1557338_x_at,0.050759457
235694_at,0.050758943
208934_s_at,0.050758034
208389_s_at,0.05075649
242546_at,0.05075626
227972_at,0.05075623
231738_at,0.050755642
1564490_at,0.050754115
225093_at,0.05075407
238971_at,0.05075249
212784_at,0.050752
205741_s_at,0.05075191
218751_s_at,0.050751895
220430_at,0.050750844
241491_at,0.05075036
221266_s_at,0.05074834
218111_s_at,0.050747916
242403_at,0.05074781
229731_at,0.05074666
203838_s_at,0.050746083
1554847_at,0.05074508
228607_at,0.050744653
202694_at,0.05074455
211056_s_at,0.050744385
212256_at,0.05074428
212687_at,0.05074382
230965_at,0.050743584
207369_at,0.050740294
228876_at,0.050736807
228844_at,0.050736308
232501_at,0.05073505
1563108_at,0.050732523
1559501_at,0.050732024
220313_at,0.05073193
236103_at,0.05073166
243104_at,0.05073146
1561175_at,0.050730195
232144_at,0.05072946
241782_at,0.050729364
231737_at,0.05072885
216290_x_at,0.050728038
220843_s_at,0.050727695
238134_at,0.050726533
232321_at,0.050724942
239239_at,0.05072304
203071_at,0.050723024
1569032_at,0.050720975
229477_at,0.050720073
234169_at,0.050719038
201124_at,0.050717928
202071_at,0.05071786
208128_x_at,0.05071769
210107_at,0.050716788
238741_at,0.050715998
1559877_at,0.05071564
221427_s_at,0.050715476
220927_s_at,0.050714724
234647_at,0.050712295
238330_s_at,0.050711885
1553255_at,0.050711095
205894_at,0.050710447
1560940_at,0.050710388
238150_at,0.050710186
231230_at,0.05070892
215771_x_at,0.050708845
235426_at,0.05070819
201843_s_at,0.05070599
1563229_at,0.050704867
209164_s_at,0.05070445
1569956_at,0.050704096
244224_x_at,0.05070115
221761_at,0.050700665
211830_s_at,0.05069969
204298_s_at,0.050698735
216562_at,0.050695702
232110_at,0.050695665
230593_at,0.05069505
240284_x_at,0.050695002
215675_at,0.050694626
1555393_s_at,0.050694585
209401_s_at,0.050693616
229056_at,0.05069331
207605_x_at,0.0506922
238827_at,0.0506917
229643_at,0.050689466
221084_at,0.05068884
215430_at,0.050686765
211638_at,0.050686486
236977_at,0.050685674
240650_at,0.05068524
221296_at,0.05068522
244875_at,0.05068198
227377_at,0.05068072
206407_s_at,0.05067892
213130_at,0.05067885
230601_s_at,0.050673738
236599_at,0.05067358
1569436_at,0.050673116
1557197_a_at,0.05067206
219696_at,0.05067098
214297_at,0.050670408
241223_x_at,0.050669998
222095_s_at,0.050669543
239899_at,0.050668836
228295_at,0.050668515
1556103_at,0.050668456
233775_x_at,0.050667048
1561249_a_at,0.0506647
239398_at,0.05066453
1555234_a_at,0.05066385
236786_at,0.050663833
233926_at,0.05066242
213162_at,0.050661795
1562030_at,0.050661102
205525_at,0.050660618
219535_at,0.05066043
1569311_at,0.05066009
1569369_at,0.05065967
230066_at,0.050658837
240784_at,0.050658297
234919_s_at,0.050656885
234067_at,0.05065613
233609_at,0.05065462
1563916_at,0.05065389
1562488_at,0.050653778
214024_s_at,0.050652757
231098_at,0.05065251
223886_s_at,0.050652236
231179_at,0.050652128
1566236_at,0.050651297
214284_s_at,0.050650343
234575_at,0.0506497
1569987_at,0.05064909
222807_at,0.050648898
236133_x_at,0.05064837
1561367_a_at,0.0506465
240969_at,0.05064596
235230_at,0.05064535
228456_s_at,0.050645113
218055_s_at,0.05064507
230004_at,0.05064352
236016_at,0.05064334
244149_at,0.0506431
1557659_a_at,0.05064278
234342_at,0.050642464
216172_at,0.05064206
242578_x_at,0.050641567
203650_at,0.050641194
208387_s_at,0.05064114
207623_at,0.05064076
221989_at,0.050640404
1560872_at,0.050640035
214252_s_at,0.050638914
240810_at,0.05063873
204407_at,0.050636947
208862_s_at,0.05063632
237559_at,0.05063434
234446_at,0.050634176
204671_s_at,0.05063398
231552_at,0.050632328
226937_at,0.05063218
1560091_a_at,0.050632164
229458_s_at,0.050631404
206045_s_at,0.050630186
242853_at,0.05062981
228679_at,0.050628986
233061_at,0.050628215
213842_x_at,0.050628066
1566183_at,0.050627798
234188_at,0.050627667
244397_at,0.050627366
1568794_at,0.050627097
227974_at,0.050627097
206721_at,0.050625946
216807_at,0.050625943
233553_at,0.05062441
237458_at,0.050623186
1561232_at,0.0506221
237196_at,0.05062205
242983_at,0.050619975
1559909_a_at,0.05061973
206527_at,0.05061724
228367_at,0.050614834
206702_at,0.050613105
1562583_s_at,0.050612718
214120_at,0.05061215
218461_at,0.05061175
235279_at,0.050611258
1558983_at,0.050610177
1554222_at,0.050609875
230561_s_at,0.050609738
234351_x_at,0.050609037
232753_at,0.050608538
206249_at,0.050608117
203125_x_at,0.05060798
225214_at,0.050607607
236760_at,0.05060713
1561528_at,0.05060694
1561530_at,0.05060678
1558440_at,0.050604664
218943_s_at,0.05060357
1566500_at,0.050603513
237453_at,0.050602674
236992_at,0.05059927
220732_at,0.05059877
217631_at,0.050598703
224526_at,0.050598532
219056_at,0.050598502
220077_at,0.05059631
1552605_s_at,0.050596282
204224_s_at,0.050595284
231210_at,0.050594926
230639_at,0.050594777
215050_x_at,0.050594464
207181_s_at,0.050594375
1554508_at,0.050593182
234181_at,0.050592322
230335_at,0.050592314
236252_at,0.050591577
1558738_at,0.050591342
241370_at,0.05059001
204989_s_at,0.050589953
219866_at,0.05058965
1566653_at,0.05058896
238285_at,0.050588816
221024_s_at,0.05058875
1563559_at,0.05058778
202378_s_at,0.050587624
239959_x_at,0.05058752
1552715_a_at,0.05058707
207312_at,0.05058594
1556321_a_at,0.05058588
237356_at,0.050583303
237722_at,0.050582852
1563182_at,0.050582096
1557821_at,0.050580334
206581_at,0.050579842
243018_at,0.05057984
238994_at,0.050579377
217110_s_at,0.050579052
219430_at,0.05057532
220904_at,0.050575107
1556232_at,0.05057495
227979_at,0.050572902
1566903_at,0.05057279
235002_at,0.050572142
1560258_a_at,0.05057165
1553900_s_at,0.050571226
205097_at,0.050570846
231237_x_at,0.050570264
232369_at,0.050569594
207653_at,0.050569147
1555469_a_at,0.050568216
1553159_at,0.05056788
220842_at,0.05056631
1564736_a_at,0.0505659
226681_at,0.05056557
233062_at,0.050563928
1558849_at,0.050563775
208479_at,0.050563768
1555210_at,0.05056216
241021_at,0.050561294
216919_at,0.050560996
1554332_a_at,0.05056019
208412_s_at,0.05055995
1562966_at,0.050559506
228649_at,0.050559476
243940_at,0.050559085
1569930_at,0.050558962
237684_at,0.050558623
210455_at,0.05055806
226139_at,0.050557315
214706_at,0.05055709
229104_s_at,0.05055619
244244_at,0.050556175
229583_at,0.050555687
231987_at,0.05055563
1569696_at,0.050554268
242645_at,0.05055265
243070_at,0.050552398
220401_at,0.05055234
211173_at,0.050551787
224549_x_at,0.050551355
203726_s_at,0.05055065
242147_at,0.050549537
224211_at,0.05054728
217435_x_at,0.05054655
204063_s_at,0.050543927
1560739_a_at,0.050543696
204597_x_at,0.050542906
220831_at,0.050542414
234275_at,0.050540127
223899_at,0.050538555
237117_at,0.050538283
1556798_a_at,0.05053796
236697_at,0.05053784
242153_at,0.05053772
1559532_at,0.05053729
203252_at,0.050537005
232915_at,0.0505364
218413_s_at,0.050535172
208048_at,0.05053475
200859_x_at,0.050532103
202132_at,0.050531924
1555809_at,0.050530836
1552658_a_at,0.05053062
230102_at,0.050527383
237056_at,0.050526917
242532_at,0.050526343
217474_at,0.050524652
1560136_at,0.05052446
1556195_a_at,0.050523885
237671_at,0.050523825
1558839_at,0.050521687
207829_s_at,0.050519392
230524_at,0.05051908
239743_at,0.050518475
216217_at,0.0505173
1570020_at,0.050517283
244871_s_at,0.05051714
213577_at,0.050516486
206027_at,0.050515197
220486_x_at,0.050514355
235083_at,0.05051367
215075_s_at,0.050512433
239701_at,0.050512247
223349_s_at,0.05051099
208321_s_at,0.05051071
229598_at,0.05051051
206625_at,0.05051004
1561539_at,0.05050911
210593_at,0.05050859
233988_x_at,0.050508562
203988_s_at,0.05050844
241452_at,0.0505079
206151_x_at,0.050507247
236476_at,0.050506145
238760_at,0.05050434
219435_at,0.050503835
237354_at,0.05050372
206186_at,0.050503485
1569646_a_at,0.05050343
1555497_a_at,0.05050151
242581_at,0.0505007
221804_s_at,0.050500333
244854_at,0.050498344
213644_at,0.050498307
232871_at,0.05049829
241958_at,0.05049814
240486_at,0.050497606
221633_at,0.05049731
231727_s_at,0.050497174
231257_at,0.050496615
242016_at,0.05049587
1556369_a_at,0.0504947
1554772_at,0.050492242
231434_at,0.050492145
1559377_at,0.050491773
1570040_at,0.050491743
234885_at,0.050490938
1561278_at,0.05049083
235388_at,0.05048965
236775_s_at,0.05048903
239967_at,0.05048891
232310_at,0.05048868
225980_at,0.05048777
240226_at,0.050487757
243269_s_at,0.050487466
214546_s_at,0.05048728
215472_at,0.050486706
1555822_at,0.050485063
1560942_at,0.0504848
211786_at,0.05048465
1557037_a_at,0.050484546
238676_at,0.050484426
205192_at,0.050483182
230132_at,0.050482996
1555273_at,0.050482526
221685_s_at,0.05048214
244399_at,0.05048133
209694_at,0.05048074
213909_at,0.050480448
243163_at,0.050480083
1564112_at,0.050479904
40687_at,0.050478633
1559964_at,0.050476924
231829_at,0.050476402
1561602_at,0.0504762
1562009_a_at,0.050476167
1568815_a_at,0.050476104
214212_x_at,0.050472565
235801_at,0.050471492
232750_at,0.050471403
234761_at,0.050471306
240644_at,0.0504712
241823_at,0.050470933
228912_at,0.050470807
235329_at,0.05047023
244431_at,0.05047006
243384_at,0.05046922
237643_at,0.0504674
216300_x_at,0.050465673
211103_at,0.050465092
240527_at,0.050463527
234822_at,0.050463468
208436_s_at,0.05046311
235791_x_at,0.050462008
220271_x_at,0.050461523
1554328_at,0.050461426
1566678_at,0.050461367
213840_s_at,0.050460797
1556826_s_at,0.050460674
231857_s_at,0.050460532
226988_s_at,0.050459094
227793_at,0.05045837
233079_at,0.050457917
230899_at,0.050457396
1565731_at,0.050456658
1559672_a_at,0.050454475
233533_at,0.05045446
1555661_at,0.050453722
1555095_at,0.0504537
238456_at,0.050453514
202968_s_at,0.050453037
1556704_s_at,0.050452143
209873_s_at,0.050451897
234094_x_at,0.050450817
208966_x_at,0.05044937
244120_at,0.050448906
208280_at,0.050448902
213063_at,0.05044861
1554889_at,0.050448507
237027_at,0.050448015
202287_s_at,0.050447874
239249_at,0.050447725
1553721_at,0.05044747
240532_at,0.05044684
229722_at,0.050446674
207279_s_at,0.050445534
210219_at,0.050444983
224072_s_at,0.05044481
1557633_at,0.050444074
236877_at,0.050443724
224895_at,0.050443582
233054_at,0.050443396
235949_at,0.050442502
236130_at,0.050441697
228572_at,0.050441504
211585_at,0.05044131
1560531_at,0.050441094
232721_at,0.050440278
1563540_at,0.050440058
231284_at,0.050439302
240331_at,0.050439164
1552315_at,0.050437808
1563524_a_at,0.05043762
210263_at,0.050436974
231842_at,0.050436024
222647_at,0.050435007
241836_x_at,0.050431997
228941_at,0.050430253
207648_at,0.050430015
239148_at,0.050429992
217567_at,0.05042783
221157_s_at,0.050427817
202375_at,0.050427094
1562324_a_at,0.05042559
220013_at,0.050425258
204786_s_at,0.050425023
240049_at,0.05042497
221967_at,0.0504248
242877_at,0.05042386
1553678_a_at,0.05042237
1557208_at,0.050420027
235658_at,0.050417006
219946_x_at,0.050416768
231201_at,0.050416715
1563245_at,0.05041656
235550_at,0.050416544
205809_s_at,0.050416306
229087_s_at,0.050415993
206357_at,0.050415598
230146_s_at,0.050415352
242272_at,0.050414726
239584_at,0.05041421
232733_s_at,0.050413862
238622_at,0.050412677
214278_s_at,0.050412267
218186_at,0.050411873
34408_at,0.050411552
233048_at,0.050411463
207513_s_at,0.050411
233967_at,0.05041091
213330_s_at,0.050409332
227186_s_at,0.050408542
217079_at,0.0504079
222577_at,0.05040718
224554_at,0.05040465
1552927_at,0.050402656
229148_at,0.05040113
220206_at,0.050401002
227723_at,0.050400764
221599_at,0.050400585
1570158_at,0.05040054
220386_s_at,0.050400347
244294_at,0.05040008
227073_at,0.05039893
38918_at,0.05039814
235029_at,0.050397113
206626_x_at,0.050396964
238307_at,0.050395824
209637_s_at,0.050394125
202429_s_at,0.05039403
1562617_at,0.05039181
240350_at,0.0503913
230160_x_at,0.05039115
1558078_at,0.05039102
1567681_at,0.050390966
220174_at,0.050390884
244264_at,0.050390877
228871_at,0.0503902
239154_at,0.05039014
228309_at,0.05039011
1559429_a_at,0.050390046
210804_x_at,0.050388567
229298_at,0.05038826
219451_at,0.050388142
228967_at,0.05038762
239888_at,0.050386712
1560102_at,0.050386354
1553852_at,0.050385915
1570024_at,0.050384715
1557787_at,0.050384276
237607_at,0.05038403
221006_s_at,0.05038391
1562214_at,0.05038339
240849_at,0.050382465
1557292_a_at,0.050380632
217139_at,0.050380267
202815_s_at,0.05037819
235137_at,0.05037756
1563068_at,0.050376087
211129_x_at,0.05037573
238523_at,0.0503757
216450_x_at,0.050375253
219389_at,0.050373316
214689_at,0.050371923
222933_at,0.050371714
207946_at,0.050370377
205077_s_at,0.05036965
230585_at,0.050368086
234451_at,0.05036801
235237_at,0.050367292
243823_at,0.05036688
231343_at,0.050365657
231485_at,0.050365254
221667_s_at,0.05036425
234795_at,0.050364032
224079_at,0.05036305
238382_x_at,0.050361454
210556_at,0.050358683
1561557_at,0.050357856
229649_at,0.050357103
215407_s_at,0.0503565
1563117_at,0.050354965
217400_at,0.05035182
202236_s_at,0.05035159
1555189_a_at,0.050350808
203711_s_at,0.05035068
204857_at,0.05035062
237519_at,0.050349936
215569_at,0.050349146
1557545_s_at,0.050348606
236776_at,0.050348043
207043_s_at,0.050347254
239826_at,0.050346874
211481_at,0.050345786
228875_at,0.050345667
215978_x_at,0.050344467
232809_s_at,0.05034393
206891_at,0.050343797
214490_at,0.050341878
209507_at,0.05034077
205648_at,0.05034057
207383_s_at,0.050340403
1552911_at,0.050340254
207332_s_at,0.050339043
1559235_a_at,0.050337963
211531_x_at,0.050337464
214471_x_at,0.050336003
236970_s_at,0.050335355
237063_at,0.050335266
218444_at,0.05033478
215470_at,0.050334632
202731_at,0.05033371
237968_at,0.05033326
235493_at,0.05033207
211442_x_at,0.05033142
238211_at,0.050330468
229434_at,0.050327897
219414_at,0.050327193
205432_at,0.05032654
213616_at,0.05032648
205345_at,0.050326377
224546_at,0.05032496
215051_x_at,0.0503242
236116_at,0.05032379
205191_at,0.050321683
222868_s_at,0.0503214
208557_at,0.050320625
227069_at,0.050320223
227041_at,0.05031818
218194_at,0.050317705
208051_s_at,0.050316602
223310_x_at,0.050316334
1561360_at,0.05031562
222820_at,0.05031486
241173_at,0.050314788
243658_at,0.050314724
241766_at,0.05031472
1554571_at,0.050313503
218869_at,0.05031164
1556030_at,0.05031015
1556166_x_at,0.05030994
201529_s_at,0.05030945
242419_at,0.050308913
1554642_at,0.050307915
210227_at,0.050307583
237213_at,0.050307572
1554686_at,0.050305683
233114_at,0.050305024
221023_s_at,0.050304756
242761_s_at,0.050304264
238611_at,0.050301865
210753_s_at,0.05030161
1562295_at,0.050301347
213602_s_at,0.050299995
243425_at,0.050299656
203735_x_at,0.05029881
224821_at,0.05029863
244822_at,0.050298072
214196_s_at,0.050297424
1564378_a_at,0.05029636
214411_x_at,0.050294444
239326_at,0.050293032
1562428_at,0.050291494
229823_at,0.050291304
1569750_at,0.050290488
232483_at,0.050290376
220018_at,0.050290093
218025_s_at,0.050289676
1555216_a_at,0.050289646
215971_at,0.050288964
226561_at,0.05028765
225287_s_at,0.050287157
1553166_at,0.050286606
216703_at,0.050286014
231752_at,0.050285902
210394_x_at,0.050285853
244140_at,0.050283108
211313_s_at,0.050281756
214727_at,0.050279334
1553375_at,0.050276477
234093_at,0.050273947
209274_s_at,0.050273716
206671_at,0.050271824
233250_x_at,0.050270252
1554916_a_at,0.05026932
221271_at,0.05026922
228600_x_at,0.05026889
238905_at,0.05026859
1559579_at,0.050268248
237188_x_at,0.050266713
224096_at,0.05026643
226189_at,0.050266337
203100_s_at,0.05026549
240921_at,0.050264563
212559_at,0.05026397
229847_at,0.050261766
234431_at,0.050260548
227884_at,0.05025947
203778_at,0.050259292
1555314_at,0.05025882
220928_s_at,0.050257962
211248_s_at,0.050257936
238428_at,0.0502574
243525_at,0.050257236
1564805_a_at,0.05025701
220686_s_at,0.050256126
1565836_at,0.050254863
1553542_at,0.050253525
34478_at,0.05025342
233515_at,0.05025228
214025_at,0.050252214
219803_at,0.05025205
234682_at,0.05025146
228860_at,0.050250486
214847_s_at,0.050250426
206603_at,0.050249975
212135_s_at,0.05024752
242285_at,0.05024733
1556107_at,0.05024697
1569289_at,0.050246887
214091_s_at,0.0502465
1555209_at,0.050245814
1552719_at,0.050242648
237706_at,0.050241373
1564122_at,0.050240986
233389_at,0.05023989
227010_at,0.05023954
213275_x_at,0.050239265
1554245_x_at,0.050238684
225335_at,0.05023718
1556261_a_at,0.050236844
220215_at,0.050236806
1559376_at,0.050236568
203224_at,0.05023563
211174_s_at,0.050234452
210134_x_at,0.050234295
1561273_at,0.050233804
1566656_a_at,0.05023378
239863_at,0.050233573
220590_at,0.050232872
200069_at,0.050231904
228151_at,0.050231874
1559777_at,0.05023148
218275_at,0.050231002
215933_s_at,0.050230682
202540_s_at,0.050230086
220272_at,0.050229907
220867_s_at,0.050229743
223842_s_at,0.05022963
240063_at,0.05022943
1563978_at,0.0502285
220898_at,0.050228
223738_s_at,0.050226882
1556436_at,0.050225556
234932_s_at,0.050225466
227830_at,0.050225433
221334_s_at,0.05022505
1569274_at,0.050224952
1553887_at,0.05022365
232637_at,0.050222486
216120_s_at,0.05022247
222271_at,0.050221905
227999_at,0.050221443
212126_at,0.050221115
213953_at,0.050220825
225594_at,0.05022058
234355_s_at,0.050220393
226973_at,0.05021971
1555304_a_at,0.050219093
232012_at,0.050219044
206802_at,0.05021821
243722_at,0.05021558
1773_at,0.050215214
222211_x_at,0.05021487
1558790_s_at,0.050214678
220134_x_at,0.05021441
231699_at,0.050213613
235160_at,0.050213136
208359_s_at,0.050213035
233907_s_at,0.050212428
240234_at,0.05021108
236853_at,0.050210718
232030_at,0.05020985
214635_at,0.050209627
216358_at,0.05020927
206169_x_at,0.050208718
228971_at,0.05020848
1568850_at,0.050208434
227966_s_at,0.050207686
1562392_at,0.05020746
1560369_at,0.050202042
1562907_at,0.05020196
234059_at,0.050201632
1555274_a_at,0.05020152
215600_x_at,0.05020058
238749_at,0.050200548
214978_s_at,0.050200336
206961_s_at,0.05019854
1566472_s_at,0.050198518
211613_s_at,0.050198097
210409_at,0.050195523
1555284_at,0.050194673
221391_at,0.050194062
217330_at,0.050193045
1567223_at,0.050191715
211695_x_at,0.05019097
223183_at,0.05018942
207638_at,0.050189175
1559513_a_at,0.05018856
241991_at,0.050188497
221727_at,0.050188065
231971_at,0.05018782
232187_at,0.050187692
1553658_at,0.050187483
1556898_at,0.050186463
211300_s_at,0.050186142
237628_at,0.050185695
220348_at,0.05018469
241442_at,0.05018459
1558714_at,0.050183542
201374_x_at,0.050182916
222275_at,0.050181434
221169_s_at,0.050178297
212286_at,0.050177664
1565754_x_at,0.050177224
208930_s_at,0.05017659
210305_at,0.050176457
234456_at,0.050176002
242633_x_at,0.05017568
238751_at,0.050174624
202222_s_at,0.05017452
214342_at,0.050173327
237118_at,0.0501727
241149_at,0.050172023
225347_at,0.050171435
233266_at,0.05017139
213683_at,0.050171345
1569805_at,0.050170086
240587_x_at,0.050170057
232857_at,0.050170034
1554302_s_at,0.050169833
203611_at,0.050168514
1555133_at,0.05016851
227653_at,0.050168276
232475_at,0.050166875
220887_at,0.050166834
237378_at,0.050163396
229416_at,0.050162405
207908_at,0.05016174
204110_at,0.05016072
1559724_at,0.050160516
243754_at,0.050158843
210551_s_at,0.050158657
241112_at,0.050156012
209129_at,0.050155967
216577_at,0.050155483
229743_at,0.050155252
223977_s_at,0.05015444
1553956_at,0.050153866
1559218_s_at,0.050150745
204341_at,0.05014783
222145_at,0.050147504
1570511_at,0.05014682
1558760_at,0.050145872
218543_s_at,0.050144732
1556662_at,0.050144568
1555112_a_at,0.050143685
207222_at,0.05014334
202220_at,0.050143063
207772_s_at,0.050142705
221864_at,0.05014211
240389_at,0.05013928
236603_at,0.050137892
231885_at,0.050136603
217394_at,0.050136358
242767_at,0.050136082
216697_at,0.050135866
1560617_at,0.050135847
1554655_a_at,0.05013482
223959_at,0.05013481
204260_at,0.05013305
218708_at,0.05013296
239176_at,0.0501315
243213_at,0.050131485
233108_at,0.05013144
1563360_at,0.050130963
1559449_a_at,0.050130755
214636_at,0.050130278
243886_at,0.050129995
229686_at,0.050128907
208699_x_at,0.050127774
1562890_at,0.050125875
240837_at,0.050124824
1552885_a_at,0.05012463
1558765_a_at,0.050124206
1569500_at,0.05012409
223762_at,0.050121434
243682_at,0.05011975
231189_at,0.05011922
231231_at,0.050118633
210946_at,0.050117597
1562388_at,0.050114583
217206_at,0.050112866
243112_at,0.050110787
232954_at,0.050110154
244799_s_at,0.0501099
213485_s_at,0.0501097
239726_at,0.05010897
221837_at,0.05010794
1561927_at,0.05010719
220779_at,0.050106168
228154_at,0.05010186
1568589_at,0.050101608
227779_at,0.05010026
236951_at,0.050099686
224898_at,0.05009882
217111_at,0.050098725
208982_at,0.0500983
226206_at,0.050097167
1557421_at,0.0500962
241667_x_at,0.050095655
1562910_at,0.050093375
1557477_at,0.050092325
234951_s_at,0.050092064
233914_s_at,0.05009155
237431_at,0.05009015
234843_s_at,0.05008968
239117_at,0.05008787
242988_at,0.050087422
1569310_at,0.050086547
231264_at,0.050085124
219568_x_at,0.050085124
216498_at,0.050085053
1553241_at,0.050081335
241604_at,0.050079864
214932_at,0.050079845
1569523_a_at,0.05007928
1552395_at,0.050079018
240592_at,0.050077677
223066_at,0.050076783
214648_at,0.050075743
229918_at,0.050075516
1561611_at,0.050074086
1556000_s_at,0.050073743
239783_at,0.05007241
1552779_a_at,0.050071716
202695_s_at,0.0500689
227809_at,0.050068215
1554819_a_at,0.050068088
229851_s_at,0.050067753
1560097_at,0.050067533
235406_x_at,0.050066143
201295_s_at,0.050065607
206253_at,0.050065566
210838_s_at,0.050063774
226321_at,0.050061986
241937_s_at,0.050061554
226454_at,0.050061032
1558844_at,0.050060146
225255_at,0.050059915
216604_s_at,0.050059907
210456_at,0.0500597
231163_at,0.050058734
208515_at,0.050057106
213244_at,0.050057054
1561408_at,0.05005666
225673_at,0.050055623
214068_at,0.05005435
214132_at,0.05005376
211758_x_at,0.05005303
228275_at,0.05005282
232727_at,0.05005248
1560279_a_at,0.05005218
243565_at,0.05005206
1566176_at,0.050050344
1561314_at,0.050049845
1554758_a_at,0.050049808
209752_at,0.05004933
234330_at,0.05004923
1560986_a_at,0.050046057
216618_at,0.05004582
1561422_at,0.05004516
1554430_at,0.05004394
235948_at,0.050043255
210043_at,0.050043143
232977_x_at,0.050041787
210818_s_at,0.050041735
239025_at,0.050040543
240493_at,0.05004038
213973_at,0.050040275
237773_at,0.050039336
1559953_at,0.050037734
204235_s_at,0.050036974
243770_at,0.05003653
240074_at,0.050034873
241326_at,0.05003482
214691_x_at,0.0500329
1562415_a_at,0.050032217
240610_at,0.05003175
213390_at,0.050030917
211402_x_at,0.050030805
213213_at,0.05002904
220463_at,0.050028875
243621_at,0.050028004
225551_at,0.050027505
229550_at,0.050027013
236322_at,0.050025553
213630_at,0.05002392
215913_s_at,0.050023865
213476_x_at,0.050023437
239831_at,0.050022118
229203_at,0.050020803
240025_x_at,0.05002051
1568633_a_at,0.050018333
1557434_at,0.050018225
1554305_at,0.050016865
211399_at,0.050015226
230764_at,0.050014794
1554382_at,0.050014112
231126_at,0.0500134
226368_at,0.050012663
243959_at,0.050011292
219845_at,0.050010912
225979_at,0.050009966
212573_at,0.050009042
231074_at,0.050008718
244036_at,0.05000852
203696_s_at,0.050007865
228062_at,0.050007388
1561270_at,0.050006494
1560178_at,0.050005805
219204_s_at,0.050005287
223127_s_at,0.05000528
1561313_at,0.05000272
232181_at,0.050002605
223201_s_at,0.050002545
1563632_at,0.05000198
202234_s_at,0.049999915
210620_s_at,0.049999014
1554634_at,0.049998477
243184_at,0.04999812
1568377_x_at,0.049996607
210218_s_at,0.049996406
210271_at,0.049996033
35666_at,0.04999578
242733_at,0.049995508
222419_x_at,0.04999533
1561436_at,0.04999374
1564209_at,0.049993515
231440_at,0.049993336
239779_at,0.04999198
1565002_at,0.049991786
224648_at,0.04999174
1562281_at,0.049991608
1569827_at,0.049989715
231685_at,0.04998784
216663_s_at,0.049985167
208539_x_at,0.049984984
211809_x_at,0.04998426
215406_at,0.049984246
206332_s_at,0.04998344
1564315_at,0.049982876
235126_at,0.049978957
225197_at,0.049978793
227166_at,0.04997848
242111_at,0.04997787
227409_at,0.049977764
1569910_at,0.049977362
237858_s_at,0.04997666
240728_at,0.049976528
224279_s_at,0.049975984
244317_at,0.049975768
1555578_at,0.049975086
1566039_a_at,0.049974903
233691_at,0.049974106
1561087_at,0.049973715
241064_at,0.049973298
242440_at,0.049972743
1562926_at,0.049972255
241121_at,0.04997199
1564400_at,0.049971387
59375_at,0.049971253
226810_at,0.049970448
214631_at,0.049969576
231961_at,0.049969003
200658_s_at,0.04996869
208505_s_at,0.049968533
223636_at,0.04996799
207538_at,0.049967594
209508_x_at,0.049966708
226183_at,0.049966514
1561739_at,0.049965188
214128_at,0.049962983
242850_at,0.049961887
225208_s_at,0.049961835
228248_at,0.04996167
214422_at,0.049961388
206403_at,0.04996042
1554057_at,0.049959958
237021_at,0.04995904
228863_at,0.049958825
235623_at,0.049957663
206971_at,0.04995708
229821_at,0.049955726
1563539_at,0.049953897
241901_at,0.049952887
229354_at,0.049951613
1556789_a_at,0.04995103
1556619_at,0.049950402
219761_at,0.049947657
220875_at,0.04994727
235098_at,0.0499458
208916_at,0.049945414
203683_s_at,0.049945325
215809_at,0.049944174
1555042_at,0.0499439
222337_at,0.049943164
1564459_at,0.049942847
231826_at,0.049942203
223004_s_at,0.049942195
224063_at,0.049941935
235202_x_at,0.04994148
238037_at,0.049941123
227139_s_at,0.049940556
210125_s_at,0.049940467
230104_s_at,0.049939826
1552303_a_at,0.049939647
216821_at,0.04993783
206340_at,0.04993757
234905_at,0.0499369
1563577_at,0.04993648
1560382_at,0.049935877
1565741_at,0.04993514
210936_at,0.049933583
227163_at,0.049933434
1562948_at,0.049933285
237346_at,0.04993307
212586_at,0.049932778
225159_s_at,0.0499326
228825_at,0.049932558
217171_at,0.049932525
211343_s_at,0.049931996
1566784_at,0.049931332
230200_at,0.04993123
240013_at,0.049930766
233493_at,0.049930166
236884_at,0.049929235
232216_at,0.049927533
1558139_at,0.04992731
1556633_at,0.049927123
1552278_a_at,0.049926564
207976_at,0.04992551
238815_at,0.049923904
207466_at,0.049921464
1556616_a_at,0.0499212
205770_at,0.049920753
240982_at,0.049919844
225630_at,0.049918562
216784_at,0.049917713
222736_s_at,0.049916923
230673_at,0.049916737
1552910_at,0.04991617
230121_at,0.04991547
219033_at,0.049915105
216480_x_at,0.049913563
243499_at,0.049913403
228864_at,0.049911954
240100_at,0.04991153
217569_x_at,0.0499105
237653_at,0.049909696
208437_at,0.049909562
210953_at,0.049908824
242805_at,0.049908116
240501_at,0.04990658
221650_s_at,0.049906224
211838_x_at,0.049904346
232868_at,0.049903538
232240_at,0.04990308
226907_at,0.049902044
206713_at,0.04990145
236437_at,0.049900964
225968_at,0.049900472
1555746_at,0.04990022
212950_at,0.049899813
212238_at,0.049899176
239485_at,0.049898565
239305_at,0.049895994
238048_at,0.04989562
230937_at,0.04989548
222372_at,0.04989542
222277_at,0.049895003
220254_at,0.04989498
243272_at,0.049893618
234921_at,0.04989299
1556820_a_at,0.049892813
222828_at,0.049892608
232225_at,0.04989223
207254_at,0.049891993
1569857_s_at,0.049890503
219944_at,0.04989004
242845_at,0.049889423
1560943_s_at,0.04988765
224925_at,0.04988748
208350_at,0.049886227
231072_at,0.049886152
220961_s_at,0.049885802
208465_at,0.049885653
220107_s_at,0.049883865
214564_s_at,0.0498828
220870_at,0.04988253
237099_at,0.0498825
229256_at,0.049881756
221366_at,0.04988175
206849_at,0.049880356
219516_at,0.04988022
221821_s_at,0.049880087
1568876_a_at,0.049878225
204196_x_at,0.049877286
210890_x_at,0.049877062
231539_at,0.049876742
244334_at,0.049874574
234693_at,0.04987383
217321_x_at,0.04987341
216128_at,0.049872316
230457_at,0.049872242
219945_at,0.049872164
244449_at,0.049871385
236517_at,0.049871087
240989_at,0.049870837
1553879_a_at,0.049868673
221779_at,0.04986848
222392_x_at,0.049868375
213586_at,0.04986812
232568_at,0.04986698
226924_at,0.049866855
221612_at,0.0498667
203249_at,0.04986629
228616_at,0.049864925
233560_x_at,0.049864173
1570106_at,0.04986369
230461_s_at,0.04986368
217081_at,0.04986205
208372_s_at,0.049861535
220805_at,0.049860194
233200_at,0.04985843
217114_at,0.04985802
230637_at,0.049857154
231558_at,0.0498566
201284_s_at,0.049855962
236225_at,0.049855463
232895_s_at,0.049855247
1557375_at,0.04985471
224071_at,0.049853597
220433_at,0.04985282
224088_at,0.049852684
241005_at,0.049852047
230359_at,0.049850926
241481_at,0.04984975
205032_at,0.049849436
236983_at,0.0498486
230605_at,0.04984799
222058_at,0.049847744
1559406_at,0.049847655
233834_at,0.049846888
1556923_at,0.049846582
213319_s_at,0.04984644
238238_at,0.04984559
1554027_a_at,0.04984519
222380_s_at,0.0498448
203741_s_at,0.049844235
228869_at,0.049844146
1560958_s_at,0.049844086
226628_at,0.04984355
219016_at,0.049843505
217280_x_at,0.04984185
210264_at,0.04984036
1559038_at,0.049838796
228877_at,0.04983771
207597_at,0.049836397
228909_at,0.049831204
238035_at,0.049830884
204539_s_at,0.049830154
206074_s_at,0.04982823
225973_at,0.049827576
207576_x_at,0.049826447
1562810_at,0.049826138
232551_at,0.04982488
207393_at,0.049824182
201072_s_at,0.049823344
1560638_a_at,0.04982286
237168_at,0.04982216
1553504_at,0.04982081
217907_at,0.04981953
229048_at,0.04981847
221128_at,0.049817994
224449_at,0.04981768
232487_at,0.049815327
205842_s_at,0.049815238
231776_at,0.049814254
219768_at,0.049812313
221083_at,0.04981117
201820_at,0.049810357
1570140_at,0.0498064
203406_at,0.049806103
223730_at,0.049803946
211263_s_at,0.049803033
208072_s_at,0.04980117
215944_at,0.049800612
232454_at,0.049800135
209573_s_at,0.04979965
206125_s_at,0.049798034
223731_at,0.049797013
1554098_at,0.049794555
1565908_at,0.049794197
206701_x_at,0.04979351
212153_at,0.04979275
227197_at,0.049790032
206867_at,0.04978995
207567_at,0.04978974
214529_at,0.049789667
200890_s_at,0.04978937
224538_s_at,0.04978887
213267_at,0.049788393
238976_at,0.04978832
201560_at,0.049788266
207698_at,0.049788244
238533_at,0.049787965
242456_at,0.049787164
207034_s_at,0.049787134
234214_at,0.049787104
228940_at,0.04978642
235832_at,0.049786367
1564559_at,0.049785577
219250_s_at,0.049783833
209488_s_at,0.04978359
211516_at,0.049783558
238123_at,0.049783386
238054_at,0.049783334
217725_x_at,0.049782366
234704_at,0.049781535
241281_at,0.049780965
225879_at,0.049780756
221262_s_at,0.049780495
1557262_at,0.049777336
225971_at,0.0497759
230677_at,0.049775396
240777_at,0.049774677
1559488_at,0.049774162
209334_s_at,0.049773127
220891_at,0.049773037
1559812_at,0.049772184
91703_at,0.0497714
230522_s_at,0.049771294
227360_at,0.04977091
243557_at,0.049769454
1554973_a_at,0.049769178
1566821_at,0.049767986
1559174_at,0.049767986
239279_at,0.04976712
228954_at,0.049767077
215218_s_at,0.0497652
1561225_at,0.04976397
214199_at,0.049763612
221118_at,0.049763456
241651_at,0.04976018
1554671_a_at,0.049759492
1562217_at,0.04975935
1569468_at,0.049758747
227049_at,0.049757794
242463_x_at,0.049757645
233305_at,0.049756058
200765_x_at,0.049755394
215651_at,0.049754627
1567027_at,0.049753938
231984_at,0.049753323
234098_at,0.049753156
222621_at,0.04975258
234541_s_at,0.04975169
209946_at,0.04975149
1560716_at,0.049751222
207532_at,0.04975117
210865_at,0.049750745
240012_at,0.049749598
221664_s_at,0.04974836
1561236_at,0.04974834
241617_x_at,0.049747586
227987_at,0.049747065
209505_at,0.049746208
1561484_at,0.04974528
222375_at,0.049745157
237536_at,0.049745
243053_x_at,0.049744233
211753_s_at,0.049744055
223772_s_at,0.049743153
219025_at,0.049743146
236522_at,0.04974299
215026_x_at,0.049741045
213807_x_at,0.04974062
211245_x_at,0.04974039
210198_s_at,0.049739193
1552682_a_at,0.04973893
1570394_at,0.049738877
204231_s_at,0.049737394
227226_at,0.049736023
1553722_s_at,0.049734324
231025_at,0.04973378
1558666_at,0.049733575
213392_at,0.049733326
1558533_at,0.049732804
226176_s_at,0.049732745
1553412_at,0.049732458
1569660_at,0.049732305
241812_at,0.049732104
1560010_a_at,0.04973109
220240_s_at,0.049730822
1557869_at,0.04973062
230728_at,0.049730435
1553248_at,0.049728706
241171_at,0.049728703
220057_at,0.04972834
243596_at,0.049727485
201514_s_at,0.049726695
206021_at,0.049725674
242226_at,0.04972551
239685_at,0.0497237
235945_at,0.049723625
242848_x_at,0.04972247
216206_x_at,0.0497223
202845_s_at,0.049721092
1554303_at,0.049721092
240071_at,0.049720734
1561334_at,0.04971981
202557_at,0.049719676
224141_at,0.049718887
1555505_a_at,0.049718842
231859_at,0.04971821
241236_at,0.049717907
224025_s_at,0.04971637
219827_at,0.049716085
232751_at,0.049715873
211887_x_at,0.049715683
207615_s_at,0.049715374
205038_at,0.04971537
1556359_at,0.04971379
236425_at,0.04971234
203379_at,0.049711704
238369_s_at,0.049711637
231452_at,0.04970958
1561205_at,0.049707577
236314_at,0.049706295
219062_s_at,0.04970625
1559680_at,0.049705576
236004_at,0.04970026
209120_at,0.04969918
207357_s_at,0.049697906
234395_at,0.049696945
1560347_at,0.049696557
1563069_at,0.04969582
243988_at,0.049695395
209454_s_at,0.049694948
1562296_at,0.049694654
1562473_at,0.0496942
230799_at,0.049694
225028_at,0.049693525
243566_at,0.049693123
233820_at,0.04969243
238073_at,0.04969065
1561133_at,0.049690425
214285_at,0.049690418
233539_at,0.049689338
1559303_at,0.049688727
1569855_at,0.04968868
210393_at,0.049688384
233317_at,0.04968785
240039_at,0.049683675
231465_at,0.049681343
244339_at,0.049680278
1569759_at,0.049680248
205869_at,0.049679883
33494_at,0.049678892
216446_at,0.049678773
220944_at,0.049678586
228288_at,0.049678206
241717_at,0.04967814
232334_at,0.049677778
221226_s_at,0.049677547
211320_s_at,0.049676836
208064_s_at,0.04967612
226883_at,0.049675524
239078_at,0.049675204
222267_at,0.049674764
219580_s_at,0.04967404
212655_at,0.049673572
213956_at,0.049673498
237455_at,0.04967189
1568997_at,0.049671754
216857_at,0.04967137
243792_x_at,0.0496711
208961_s_at,0.049670637
242556_at,0.049669713
230662_at,0.049669668
225747_at,0.049667835
244536_at,0.049667284
225284_at,0.049664497
243793_at,0.04966432
210920_x_at,0.0496642
215389_s_at,0.04966297
1553016_at,0.04966244
232717_at,0.049662124
217095_x_at,0.04966182
228117_at,0.049661674
1556086_at,0.049661346
220574_at,0.04965996
1552944_a_at,0.049659733
207690_at,0.049659602
203084_at,0.04965958
222643_s_at,0.049658522
235299_at,0.049657628
241179_at,0.049657147
222273_at,0.049656257
204336_s_at,0.049656093
224826_at,0.049655795
232707_at,0.04965464
1557149_at,0.049651206
240151_at,0.049647838
207995_s_at,0.049647644
227274_at,0.049647316
1553127_a_at,0.04964724
204166_at,0.04964629
1555448_at,0.049646273
229185_at,0.04964468
1560081_at,0.04964371
214401_at,0.04964243
1554447_at,0.049642324
235868_at,0.049640924
1565549_at,0.0496406
241227_at,0.049639866
230433_at,0.04963857
204596_s_at,0.04963756
243547_at,0.04963565
1553400_a_at,0.04963488
213518_at,0.049634844
207349_s_at,0.04963226
231263_at,0.04963214
221662_s_at,0.04963179
242769_at,0.04963079
211257_x_at,0.049630553
1553220_at,0.04962921
1570025_at,0.049627557
237791_at,0.04962752
242890_at,0.049625844
221253_s_at,0.049624026
238397_at,0.04962341
239463_at,0.049623355
214350_at,0.04962246
232989_s_at,0.049622416
204673_at,0.04962188
206650_at,0.04962054
243821_at,0.049620308
1558770_a_at,0.04961975
211276_at,0.0496196
244275_at,0.0496183
219824_at,0.049617626
221013_s_at,0.04961727
231221_at,0.049617097
242243_at,0.049616694
1564251_at,0.04961594
201354_s_at,0.04961407
241575_at,0.04961394
205695_at,0.049613066
232506_s_at,0.049612768
244645_at,0.049612403
205340_at,0.049611866
238335_at,0.049611337
206223_at,0.049610637
238306_at,0.049609758
216961_s_at,0.049608678
236574_at,0.04960835
224061_at,0.04960746
1554003_at,0.04960689
1566459_at,0.049606584
219934_s_at,0.049606368
235188_at,0.049605787
216211_at,0.04960546
202770_s_at,0.049604595
1556250_at,0.049603432
226562_at,0.049602926
222738_at,0.049601946
1562432_at,0.049600236
217677_at,0.049599826
224209_s_at,0.049599588
225057_at,0.0495995
224082_at,0.049599454
221072_at,0.04959926
216569_at,0.0495988
242341_x_at,0.04959832
209529_at,0.049598172
203931_s_at,0.04959768
233244_at,0.04959768
230568_x_at,0.049597442
224398_at,0.049597085
230503_at,0.04959657
205948_at,0.049596168
240681_at,0.04959552
223658_at,0.049595475
200836_s_at,0.049595192
221429_x_at,0.04959237
1557063_at,0.04959213
218643_s_at,0.049591333
231951_at,0.049590275
216759_at,0.04958725
238221_at,0.049586684
235285_at,0.04958622
240035_at,0.049585447
224007_at,0.04958506
1568629_s_at,0.049584597
215776_at,0.049584202
239635_at,0.049581215
1567333_at,0.049580023
1561371_at,0.049578764
219285_s_at,0.049577985
211208_s_at,0.049577862
215953_at,0.049575146
218785_s_at,0.049575023
219819_s_at,0.049574926
233624_at,0.04957217
209775_x_at,0.04957205
232084_at,0.049571782
235339_at,0.049571693
219765_at,0.049571246
217472_at,0.049570814
200617_at,0.04957077
40489_at,0.049570575
240301_at,0.049570344
210650_s_at,0.049569085
214480_at,0.04956899
223299_at,0.04956886
216188_at,0.049566694
1555662_s_at,0.04956638
35776_at,0.049564928
204369_at,0.049564213
233437_at,0.049562447
202571_s_at,0.04956217
203566_s_at,0.049562067
218720_x_at,0.04956137
1562278_at,0.0495606
1559344_at,0.04956056
235648_at,0.04955885
232456_at,0.04955841
1558686_at,0.049557835
235580_at,0.04955779
228428_at,0.049556334
1558553_at,0.04955419
237012_at,0.049554095
1566603_s_at,0.049553923
233615_at,0.04955253
1564878_at,0.04954727
216837_at,0.049547113
226079_at,0.049546868
211140_s_at,0.049546294
237279_at,0.049546015
1554909_at,0.049545534
218172_s_at,0.049543172
215442_s_at,0.04954218
231802_at,0.04954189
231136_at,0.04954132
237523_at,0.049540743
204987_at,0.049540415
240704_at,0.049538475
204719_at,0.04953807
212343_at,0.04953745
213696_s_at,0.04953648
233064_at,0.049536005
201115_at,0.049535632
231874_at,0.049534857
232837_at,0.04953468
1555073_at,0.04953446
216196_at,0.04953219
1562058_at,0.04952944
1563189_at,0.049528785
243403_x_at,0.049528062
231734_at,0.04952731
241934_at,0.04952722
217177_s_at,0.049526498
239705_at,0.049525544
242257_at,0.04952538
1570169_at,0.049524814
1555990_at,0.049524393
225520_at,0.049522698
231083_at,0.04952248
235209_at,0.04952229
220640_at,0.049521536
207798_s_at,0.04951997
240418_at,0.04951962
218845_at,0.04951948
234141_s_at,0.049518615
1559692_at,0.049518324
244070_at,0.049517233
237202_at,0.049515873
220458_at,0.049515694
223452_s_at,0.0495155
205637_s_at,0.049514636
234463_at,0.04951398
1568755_a_at,0.04951375
1555752_at,0.04951369
215643_at,0.049511332
210726_at,0.049510516
1559576_at,0.049510278
230761_at,0.049510226
1560971_a_at,0.04951013
243845_at,0.049509175
238814_at,0.049507864
220722_s_at,0.04950668
228098_s_at,0.049504578
1562161_at,0.049503215
1559627_at,0.049502693
232491_at,0.049501948
1560524_at,0.049501903
241613_at,0.04950182
202154_x_at,0.049501657
205935_at,0.049501605
1559443_s_at,0.0495015
216174_at,0.049501315
236416_at,0.04950057
212345_s_at,0.04949951
1562454_at,0.049498238
243849_at,0.049498223
206225_at,0.04949771
221058_s_at,0.049496174
1554438_at,0.04949581
242314_at,0.049495786
216461_at,0.049494646
244614_at,0.049494393
214359_s_at,0.049491316
216842_x_at,0.049489617
231273_x_at,0.049488924
1555140_a_at,0.049488634
239785_at,0.049486727
230773_at,0.04948497
236043_at,0.04948456
1569745_at,0.049481608
215843_s_at,0.049480893
221382_at,0.04948068
240471_at,0.049480565
214521_at,0.049480073
242294_at,0.04947912
239325_at,0.049478706
230749_s_at,0.04947637
220705_s_at,0.04947614
213502_x_at,0.04947543
216816_at,0.049475074
1554128_at,0.049474604
1554857_at,0.04947295
233404_at,0.049472526
201654_s_at,0.049472496
202278_s_at,0.049472287
206609_at,0.049471106
1569416_at,0.049469866
226093_at,0.04946977
238453_at,0.04946939
241579_at,0.049468912
1562863_at,0.04946697
1562028_at,0.049465865
214175_x_at,0.04946538
1568903_at,0.049464114
214237_x_at,0.049463697
227955_s_at,0.049463034
221052_at,0.049462803
1567080_s_at,0.04946272
224330_s_at,0.04946208
218335_x_at,0.049461856
243017_at,0.049461663
1555554_at,0.049461484
220971_at,0.049460728
239697_x_at,0.04946059
208558_at,0.049460065
1565763_at,0.04945983
1554001_at,0.049458615
239882_at,0.04945823
1560621_at,0.049457222
211803_at,0.04945702
235921_at,0.04945661
218991_at,0.049456432
229164_s_at,0.049456373
229438_at,0.049455553
244241_x_at,0.049455494
216420_at,0.049452975
236678_at,0.04945252
1565016_at,0.04945203
1560511_at,0.049451932
212080_at,0.049451604
204328_at,0.0494515
1566951_at,0.04944983
241019_at,0.04944832
1560671_at,0.049448177
214809_at,0.04944738
206483_at,0.04944633
1562010_x_at,0.04944586
1562314_at,0.04944537
237624_at,0.049443677
1569465_at,0.04944281
235722_at,0.049442247
203966_s_at,0.049441695
204835_at,0.049441576
228602_at,0.049441025
206272_at,0.049440354
212583_at,0.049438804
1557683_at,0.049438376
228015_s_at,0.04943835
205575_at,0.049437433
210673_x_at,0.049437433
240211_at,0.049437355
218591_s_at,0.049437277
229411_at,0.04943575
237726_at,0.049433872
215829_at,0.04943043
231427_at,0.049430296
205714_s_at,0.049430072
209909_s_at,0.04942996
206459_s_at,0.049429618
215623_x_at,0.049429327
228827_at,0.049429145
242530_at,0.04942806
232910_at,0.049426764
1561324_at,0.049426556
204722_at,0.049425922
223598_at,0.04942578
215733_x_at,0.04942572
215468_at,0.04942541
234810_at,0.049424578
232654_s_at,0.04942404
223691_at,0.049422637
229467_at,0.04942237
233484_at,0.049421683
242373_at,0.04941775
226459_at,0.049417377
225565_at,0.049416736
204816_s_at,0.04941668
1552970_s_at,0.04941666
229554_at,0.049415067
1563629_a_at,0.049414665
224035_s_at,0.049414486
207527_at,0.04941395
1552725_s_at,0.049413852
1555051_at,0.049412973
237703_at,0.049412414
209632_at,0.049412176
214193_s_at,0.049411997
211579_at,0.049411334
229115_at,0.049410746
214312_at,0.04940991
1561112_at,0.04940927
212612_at,0.04940912
239396_at,0.049407452
208093_s_at,0.049407125
222632_s_at,0.04940623
234892_at,0.04940486
244136_at,0.049404293
244603_at,0.049403828
209966_x_at,0.049402
206511_s_at,0.049400464
229216_s_at,0.049400248
202032_s_at,0.04939899
241642_x_at,0.0493989
1560017_at,0.049396858
225929_s_at,0.04939677
1552438_a_at,0.04939668
1558354_s_at,0.049396336
210641_at,0.049396116
212064_x_at,0.04939556
230304_at,0.04939401
206346_at,0.049393572
1553062_at,0.049393438
207916_at,0.04939092
1562098_at,0.049389854
213403_at,0.049389318
207764_s_at,0.049389154
1556945_a_at,0.049388546
241975_at,0.049388297
215266_at,0.049388032
222683_at,0.049387455
210087_s_at,0.04938732
1553778_at,0.049383376
1558470_at,0.049382742
218416_s_at,0.049381822
210844_x_at,0.049381703
244824_at,0.04937894
233645_s_at,0.049377955
238843_at,0.049376726
233227_at,0.049376354
1559790_at,0.049375147
211543_s_at,0.049374685
205699_at,0.04937467
213587_s_at,0.04937315
208272_at,0.04937292
207392_x_at,0.04937254
214027_x_at,0.04937152
1557170_at,0.049371287
1559763_at,0.04936923
232942_at,0.049368978
237367_x_at,0.049368754
1559607_s_at,0.049368523
223376_s_at,0.049366623
230642_at,0.049366392
219342_at,0.049366385
241890_at,0.049364924
212563_at,0.049363405
207026_s_at,0.04936231
234178_at,0.04936179
216002_at,0.049361534
209126_x_at,0.04936137
244095_at,0.049360387
241857_at,0.04935894
1553608_a_at,0.04935827
222153_at,0.049357653
1570289_at,0.049356747
1564713_a_at,0.049356565
243376_at,0.04935603
1561490_at,0.049356006
1562892_at,0.049354427
1569768_at,0.049353912
210058_at,0.04935375
209866_s_at,0.049353622
235850_at,0.049353153
1555151_s_at,0.049352802
1554096_a_at,0.049351946
226016_at,0.04935065
1553743_at,0.04934968
240255_at,0.04934901
207518_at,0.049348906
1569276_at,0.049348295
221707_s_at,0.04934673
205090_s_at,0.049346417
238412_at,0.049345866
219197_s_at,0.04934586
234082_at,0.049345452
1560932_at,0.0493453
241831_at,0.04934441
227337_at,0.049344078
233038_at,0.049341824
1561440_at,0.0493413
216710_x_at,0.04934094
231569_at,0.049340934
230823_at,0.049339842
243957_at,0.04933977
234384_at,0.04933717
201187_s_at,0.049336396
1555135_at,0.049335748
239585_at,0.04933518
237622_at,0.049334496
243636_s_at,0.04933134
1553871_at,0.049331307
225003_at,0.049330205
1561219_x_at,0.049329855
242914_at,0.049329538
234019_at,0.049329415
221029_s_at,0.049329285
222735_at,0.04932913
215368_at,0.049329102
1560836_at,0.04932901
203981_s_at,0.04932794
216238_s_at,0.04932761
239554_at,0.049326397
1553840_a_at,0.049325436
1569121_at,0.049325243
204852_s_at,0.04932505
230885_at,0.04932487
232668_at,0.04932482
239898_x_at,0.049323924
214927_at,0.049322262
236978_at,0.049320146
241164_at,0.04931929
221675_s_at,0.049318552
218015_s_at,0.049318485
1558437_at,0.049318034
244642_at,0.04931786
222808_at,0.04931736
242785_at,0.049317285
224943_at,0.049316466
230085_at,0.049316287
206705_at,0.049315758
235280_at,0.049314924
236938_at,0.049314693
222205_x_at,0.049313106
1558290_a_at,0.049310893
211431_s_at,0.049309924
1564314_at,0.04930778
208097_s_at,0.049307197
1569904_x_at,0.049306765
219802_at,0.049306467
230143_at,0.04930619
1559033_at,0.049303632
241624_at,0.049303297
206217_at,0.04930277
209883_at,0.049302116
228858_at,0.049300164
244021_at,0.049298845
241847_at,0.049298584
233618_at,0.049298353
204239_s_at,0.0492962
238126_at,0.04929603
230651_at,0.049294263
234696_at,0.04929145
239164_at,0.04929118
223335_at,0.04929012
238276_at,0.049289234
1566093_at,0.049289063
217326_x_at,0.04928787
234580_at,0.04928702
204898_at,0.049286634
231619_at,0.0492858
201860_s_at,0.04928568
1552440_at,0.049285024
227843_at,0.049282566
233716_at,0.049282447
241062_at,0.04928194
239891_x_at,0.049281463
243869_at,0.049281463
236344_at,0.049280968
206144_at,0.04927938
201629_s_at,0.049279347
231164_at,0.04927893
203225_s_at,0.049278036
228072_at,0.049277477
223862_at,0.04927747
1565152_at,0.049277365
239454_at,0.049277052
233088_at,0.049275704
223784_at,0.049273893
212170_at,0.04927291
1558815_at,0.04927163
220723_s_at,0.04926858
215768_at,0.049266852
207984_s_at,0.0492661
1553919_at,0.04926578
221204_s_at,0.04926545
229678_at,0.049264506
231378_at,0.049264506
204029_at,0.049263567
235411_at,0.049263135
236003_x_at,0.049263034
1564721_at,0.04926286
215916_at,0.049262814
243510_at,0.049262468
213749_at,0.04926224
232222_at,0.049261548
215133_s_at,0.049260564
1569490_at,0.049260393
242849_at,0.049260233
203592_s_at,0.049259752
1558561_at,0.049259275
226437_at,0.04925877
231497_at,0.049258053
220473_s_at,0.049256794
1564263_at,0.04925637
211414_at,0.049255848
243650_at,0.049252562
1563089_at,0.049251713
211912_at,0.049251143
1565892_at,0.04925084
242880_at,0.049250387
242205_at,0.049250342
210778_s_at,0.04924953
1566106_at,0.049248636
220802_at,0.049248494
233498_at,0.049246836
238468_at,0.049246117
231266_at,0.049245954
207790_at,0.049245916
210012_s_at,0.04924585
226276_at,0.049245298
210813_s_at,0.049245283
234848_at,0.049244426
242936_at,0.049244277
244530_at,0.0492438
220392_at,0.049243186
219987_at,0.049241967
227577_at,0.04924178
217602_at,0.049241602
205852_at,0.049238905
1553839_at,0.049238756
228669_x_at,0.049238592
1564131_a_at,0.049238153
216500_at,0.04923679
232150_at,0.049236596
1553363_at,0.049236037
243568_at,0.04923387
221352_at,0.049233362
215224_at,0.049232893
235129_at,0.049232844
1554017_at,0.04923202
226311_at,0.049230784
1569767_at,0.04923035
203969_at,0.049229972
205977_s_at,0.049229592
223788_at,0.049229532
1559412_at,0.049228795
1567623_at,0.04922869
237513_at,0.049228676
230035_at,0.04922703
231518_at,0.049226187
242575_at,0.04922548
235251_at,0.049224854
220720_x_at,0.049223125
239014_at,0.049222633
225892_at,0.04922256
204875_s_at,0.049222425
221792_at,0.049216576
208266_at,0.04921408
1570171_at,0.049213443
213728_at,0.049212962
232118_at,0.0492128
1565651_at,0.04921195
217005_at,0.049211517
234816_at,0.049211014
235958_at,0.04921101
234267_at,0.04921073
204974_at,0.049209565
1565282_at,0.049209375
210880_s_at,0.049209155
215244_at,0.04920865
1563121_at,0.049207322
222695_s_at,0.049206577
1560222_at,0.049205802
242691_at,0.04920543
1555964_at,0.049205326
233641_s_at,0.04920515
232863_at,0.04920319
233017_x_at,0.049202815
215711_s_at,0.049202606
1567985_at,0.049201936
224188_s_at,0.0492004
208597_at,0.04920003
233336_at,0.049199305
244537_at,0.049199194
1559479_at,0.04919906
204218_at,0.04919672
227115_at,0.049195804
242545_at,0.049195796
226055_at,0.049195796
243684_at,0.049195707
243451_at,0.049195655
236964_at,0.04919431
225618_at,0.049193814
204509_at,0.049193412
1559054_a_at,0.049193077
241789_at,0.049192585
236178_at,0.0491924
231888_at,0.0491921
1563480_at,0.049191557
1554549_a_at,0.049191073
211425_x_at,0.049190536
40837_at,0.04919018
242726_at,0.04919006
244003_at,0.049188912
242636_at,0.049187884
230681_at,0.049187332
240445_at,0.04918723
236063_at,0.049182564
1554379_a_at,0.049181804
1557385_at,0.04918173
207110_at,0.04917993
210603_at,0.049179528
216798_at,0.04917924
243058_at,0.0491784
216959_x_at,0.049178205
242135_at,0.049177743
212120_at,0.04917699
224067_at,0.049175378
222715_s_at,0.049174964
239235_at,0.04917495
243122_at,0.049174655
235262_at,0.049172223
233294_at,0.04917194
1561890_at,0.04917173
1558820_a_at,0.049170703
201236_s_at,0.04916942
241096_at,0.049168475
239444_at,0.049166217
232080_at,0.049166173
232591_s_at,0.049165934
235424_at,0.049164087
242871_at,0.04916244
227715_at,0.049161494
1559635_at,0.049161173
207141_s_at,0.049160875
243764_at,0.049160324
236957_at,0.04915805
234513_at,0.049157217
213617_s_at,0.04915589
1560870_a_at,0.04915162
240048_at,0.049151428
233053_at,0.04914912
226690_at,0.049148098
1560962_at,0.04914795
1569354_at,0.049146906
1561247_at,0.049146757
244379_at,0.049146336
211872_s_at,0.049145862
219194_at,0.049144685
231636_s_at,0.049144596
237940_s_at,0.049144253
1553666_at,0.049144037
242154_x_at,0.049143717
243977_at,0.04914245
218504_at,0.049142122
243975_at,0.04914199
1558794_at,0.0491416
1563572_at,0.04914096
215850_s_at,0.049140006
223757_at,0.04913974
1561990_at,0.04913904
233286_at,0.049138304
217014_s_at,0.049138114
1566440_at,0.0491372
1562988_at,0.04913696
1569741_at,0.049136948
1569983_at,0.04913649
1558466_at,0.049136486
232443_at,0.049136043
207065_at,0.049135804
217195_at,0.04913544
244565_at,0.04913509
236087_at,0.049134955
223934_at,0.049134918
231594_at,0.04913447
229233_at,0.049134366
210444_at,0.04913336
225852_at,0.04913208
205196_s_at,0.049131498
238074_at,0.049130894
1566477_at,0.049130566
204925_at,0.04913056
214734_at,0.04912944
214611_at,0.049128108
215956_at,0.04912716
244190_at,0.04912564
231578_at,0.04912553
225417_at,0.0491246
218834_s_at,0.04912333
223759_s_at,0.04912272
211496_s_at,0.049121115
203942_s_at,0.049120307
218017_s_at,0.04911995
1554203_at,0.04911922
240632_at,0.0491191
237092_at,0.049118727
206345_s_at,0.049118407
235941_s_at,0.049118273
239583_x_at,0.04911787
216439_at,0.04911783
223601_at,0.049117357
232058_at,0.049117297
1559517_a_at,0.04911617
201646_at,0.049115315
204911_s_at,0.04911419
243634_at,0.049113993
216321_s_at,0.04911372
242469_at,0.04911343
230241_at,0.04911323
207015_s_at,0.049112126
210799_at,0.049111776
219979_s_at,0.04911165
229773_at,0.049111456
226371_at,0.049111426
208570_at,0.04910794
1566555_at,0.049107164
223059_s_at,0.049107075
240860_at,0.049106106
205778_at,0.049105935
228064_at,0.049103454
1556069_s_at,0.049103312
232259_s_at,0.049102068
207695_s_at,0.049101636
1554566_at,0.049100175
221733_s_at,0.049099885
207679_at,0.0490995
232667_at,0.04909894
221064_s_at,0.04909782
216937_s_at,0.04909665
235943_at,0.049095348
202995_s_at,0.04909396
1552275_s_at,0.049093872
1561451_a_at,0.0490928
219641_at,0.04908979
1558782_a_at,0.049089283
237525_at,0.04908818
226308_at,0.049086526
1559508_at,0.049086314
235128_at,0.04908605
1555139_a_at,0.04908572
241102_at,0.04908537
240758_at,0.049085326
217809_at,0.04908532
222956_at,0.04908521
1561277_at,0.04908447
1556026_at,0.04908432
1553411_s_at,0.04908353
202966_at,0.04908345
244622_at,0.049081683
231386_at,0.049080167
1553977_a_at,0.049079936
242374_at,0.0490793
210326_at,0.049078993
233429_at,0.049078405
210546_x_at,0.04907822
216550_x_at,0.049077675
207492_at,0.049076468
218779_x_at,0.049076073
237994_at,0.049075402
219709_x_at,0.049074978
1554329_x_at,0.049071074
233212_at,0.049070723
217924_at,0.04906951
1554950_at,0.049069174
227848_at,0.04906895
1561660_at,0.049068592
1556153_s_at,0.049067914
1569953_at,0.049067833
242612_at,0.049067512
1564697_a_at,0.04906687
211963_s_at,0.049066782
212122_at,0.04906562
231082_at,0.049064185
1556651_at,0.049063474
1570191_at,0.049062513
214265_at,0.049061462
1554339_a_at,0.049059175
216021_s_at,0.04905868
1563704_at,0.04905791
204500_s_at,0.049057364
218621_at,0.049057305
232224_at,0.049056783
227726_at,0.04905498
209127_s_at,0.049052536
244864_at,0.04905241
1569338_at,0.04905113
1553755_at,0.049048852
232251_at,0.049048796
1554969_x_at,0.04904867
242049_s_at,0.04904771
223275_at,0.04904741
235902_at,0.049047038
216934_at,0.04904593
1569709_at,0.04904586
208156_x_at,0.04904537
241594_at,0.049045138
217459_at,0.049045004
213607_x_at,0.049043626
244764_at,0.04904198
221043_at,0.049041837
234819_at,0.049041104
228178_s_at,0.049039632
225572_at,0.049039125
204920_at,0.04903902
1564883_a_at,0.049037483
1562603_at,0.04903736
210413_x_at,0.0490372
202357_s_at,0.049036972
229424_s_at,0.049035266
237810_at,0.049034018
206561_s_at,0.049032442
244438_at,0.04903221
1554666_at,0.04903099
219852_s_at,0.049030825
236687_at,0.049030244
203625_x_at,0.049028456
1569790_at,0.04902818
239251_at,0.049027592
1562300_at,0.049027413
218078_s_at,0.049027383
1558247_s_at,0.04902719
243182_at,0.04902713
232153_at,0.049027048
231586_at,0.04902689
211842_s_at,0.049025744
235342_at,0.049023654
215842_s_at,0.049023315
1560782_at,0.049023196
220101_x_at,0.049022462
215219_at,0.049021438
222790_s_at,0.049021006
1557371_a_at,0.04902097
231673_at,0.04902012
1560025_at,0.049019113
216040_x_at,0.04901853
205261_at,0.049015857
208169_s_at,0.049014993
223362_s_at,0.04901339
241486_at,0.049013384
208913_at,0.04901102
223089_at,0.049009904
1570568_at,0.049009807
237165_at,0.049008705
1556844_at,0.049007215
1567341_at,0.049007192
240088_at,0.049006373
224031_at,0.049005106
232497_at,0.049003787
230665_at,0.0490035
231009_at,0.049003497
207301_at,0.049002185
205835_s_at,0.049001135
1562825_at,0.049000703
241141_at,0.048998136
209569_x_at,0.04899782
213771_at,0.048997417
1553835_a_at,0.048995458
233607_at,0.04899449
214686_at,0.048992902
1566673_at,0.04899227
231234_at,0.04899189
1561000_at,0.04899183
233178_at,0.048991807
203567_s_at,0.04899177
238282_at,0.048989836
229386_at,0.04898901
220443_s_at,0.048988916
222188_at,0.04898771
1562274_at,0.04898739
204525_at,0.048987217
237439_at,0.048987165
1569352_at,0.04898657
237640_at,0.048984274
242822_at,0.048983693
228866_at,0.048983663
240191_at,0.04898364
214426_x_at,0.048983425
242638_at,0.048983388
215104_at,0.048980065
1560318_at,0.048979364
1554965_at,0.048977613
214660_at,0.048976693
230852_at,0.048976168
206137_at,0.048975244
232571_at,0.04897508
225857_s_at,0.048974276
203287_at,0.048974082
224010_at,0.048972756
209230_s_at,0.048972465
1558420_at,0.048972063
236767_at,0.048971795
227032_at,0.048971757
207348_s_at,0.04897175
235596_at,0.048971593
240438_at,0.048970908
237284_at,0.048970312
1563118_at,0.04896998
244437_at,0.04896994
1555186_at,0.0489698
224368_s_at,0.04896958
1563949_at,0.048969463
1565734_at,0.048968963
213680_at,0.048967414
240222_at,0.04896739
228448_at,0.048965104
240518_at,0.048964858
241221_at,0.048963416
228659_at,0.0489621
236071_at,0.048961453
225128_at,0.04896052
240021_at,0.048958525
1560411_at,0.04895661
241432_at,0.04895539
218377_s_at,0.04895529
224311_s_at,0.04895504
227960_s_at,0.048954323
243185_at,0.048953876
237487_at,0.048953578
1561591_at,0.04895212
63825_at,0.04895127
239165_at,0.048949778
233456_at,0.0489491
219629_at,0.04894875
205874_at,0.04894855
234193_at,0.048948184
233592_at,0.048948072
213455_at,0.04894796
201486_at,0.048947453
243023_at,0.04894565
239778_x_at,0.0489451
215875_at,0.048943177
1569843_at,0.048943046
219645_at,0.04894258
1567139_at,0.048942275
233100_at,0.048942193
223116_at,0.04894139
1552368_at,0.048941247
205532_s_at,0.04894097
216223_at,0.048940167
213029_at,0.048937332
201844_s_at,0.048936963
1553655_at,0.048935026
244343_at,0.048935026
214417_s_at,0.048934683
236750_at,0.048934653
216609_at,0.048934415
1561318_at,0.048932992
1569501_at,0.04893207
215610_at,0.048931643
1568856_at,0.048931587
231909_x_at,0.048930675
236007_at,0.04893057
241211_at,0.048930295
233292_s_at,0.048930094
213381_at,0.048930053
225343_at,0.04892993
224390_s_at,0.048929892
233345_at,0.04892928
219814_at,0.04892832
223055_s_at,0.04892777
216615_s_at,0.048927523
217530_at,0.048926912
213904_at,0.0489264
222181_at,0.048925817
1555673_at,0.048924312
227421_at,0.04892382
1562739_at,0.0489236
1569802_at,0.048922144
223664_x_at,0.048921585
208247_at,0.048920758
234626_at,0.04891911
244408_at,0.04891874
208565_at,0.048918486
223445_at,0.04891838
1561254_at,0.048918083
217335_at,0.04891778
241918_at,0.048917264
220320_at,0.04891707
209053_s_at,0.048915982
1559745_at,0.048915498
202885_s_at,0.048915327
211722_s_at,0.048915237
39249_at,0.04891509
237824_at,0.048914686
233330_s_at,0.04891421
1562063_x_at,0.04891187
233237_at,0.048911236
208145_at,0.04891042
211891_s_at,0.048909813
1556149_at,0.048904717
203996_s_at,0.048903763
202655_at,0.048903316
224720_at,0.048901558
238550_at,0.048900455
239312_at,0.048898585
239394_at,0.048898328
212774_at,0.048897833
222082_at,0.048897102
222823_at,0.048896633
237065_s_at,0.048896603
1553960_at,0.048896395
205080_at,0.0488957
236403_at,0.048894323
217453_at,0.048893765
213660_s_at,0.04889299
205508_at,0.04889269
218383_at,0.04889241
221448_s_at,0.048891697
1561573_at,0.048889473
224200_s_at,0.04888946
218215_s_at,0.048888966
231150_at,0.048888654
207930_at,0.04888838
218170_at,0.048885226
239298_at,0.048885122
1560149_at,0.048885025
225357_s_at,0.04888244
230176_at,0.0488818
215297_at,0.048881736
220713_at,0.048880078
240640_at,0.04887824
235794_at,0.0488777
213538_at,0.0488773
1558963_at,0.048876375
221573_at,0.048873916
233730_at,0.04887381
208385_at,0.048873037
1558375_at,0.048871927
237372_at,0.048870653
233650_at,0.048869036
1563934_at,0.048867263
1559291_at,0.04886671
1555164_at,0.04886585
240380_at,0.048865177
236310_at,0.04886507
209547_s_at,0.048864916
1556231_a_at,0.048864152
204191_at,0.048862122
242062_at,0.048861757
1561449_at,0.048861727
1558340_at,0.048861273
241940_at,0.04886107
233435_at,0.04885897
235144_at,0.048858292
227390_at,0.0488573
206767_at,0.048857033
1563754_at,0.048856936
235068_at,0.0488569
233310_at,0.048856135
206874_s_at,0.04885599
1565735_at,0.0488552
243964_at,0.048854828
1558739_at,0.04885435
241615_x_at,0.048854053
209542_x_at,0.048853654
228148_at,0.048851937
211329_x_at,0.048851892
227047_x_at,0.048851132
225700_at,0.048850834
226464_at,0.048849434
205030_at,0.048849307
1557679_at,0.048848294
1556750_at,0.048847526
234166_at,0.048847422
1562282_at,0.048847362
236407_at,0.04884716
1552586_at,0.048846766
1557190_at,0.048846073
209354_at,0.048846066
242806_at,0.04884526
201029_s_at,0.048845172
228927_at,0.048844308
240130_at,0.048843957
211833_s_at,0.048842847
206868_at,0.048838675
207473_at,0.048838153
221807_s_at,0.048837855
239844_x_at,0.048837453
1570339_x_at,0.048836417
203220_s_at,0.048835844
1559787_at,0.048835695
209121_x_at,0.048835415
201473_at,0.048835367
205742_at,0.048833333
233567_at,0.048831955
1554638_at,0.048831925
222123_s_at,0.04883097
212566_at,0.048829287
1554388_at,0.04882749
235488_at,0.04882717
230216_at,0.048827156
1555950_a_at,0.048826903
220714_at,0.048826903
237728_at,0.04882639
231677_at,0.048825994
210602_s_at,0.04882351
211315_s_at,0.04882329
242846_at,0.04882308
1565974_at,0.04882188
1566484_at,0.04882171
213247_at,0.04882147
1561327_at,0.048821166
1556190_s_at,0.04881993
209436_at,0.048819065
222009_at,0.048818745
215046_at,0.048818737
209016_s_at,0.0488187
225743_at,0.048816726
206876_at,0.048813745
223458_at,0.048812866
240606_at,0.048812166
231848_x_at,0.048811987
214898_x_at,0.048811525
215053_at,0.04881075
204368_at,0.048809685
232192_at,0.04880783
224445_s_at,0.048805505
226169_at,0.04880528
213928_s_at,0.048805207
211540_s_at,0.048803777
220923_s_at,0.04880297
204071_s_at,0.04880184
236134_at,0.048800513
244093_at,0.048797674
216432_at,0.048796527
224704_at,0.048795342
218251_at,0.048794925
209154_at,0.048794687
206667_s_at,0.0487943
207185_at,0.04879403
217715_x_at,0.048793852
217104_at,0.048793375
212789_at,0.048793107
1562074_a_at,0.048792347
244326_at,0.048791002
221564_at,0.048790514
235999_at,0.048788458
214168_s_at,0.04878796
233301_at,0.048787504
1562789_at,0.048787266
233927_at,0.048787057
204021_s_at,0.048786983
238614_x_at,0.04878688
210412_at,0.04878678
1554514_at,0.048785806
220538_at,0.048783228
1561340_at,0.048782997
220332_at,0.048782628
1560826_at,0.048782445
211444_at,0.048780084
224265_s_at,0.04877974
1569832_at,0.04877945
1569245_at,0.04877796
233137_at,0.048775643
228943_at,0.048774373
227509_x_at,0.048773915
226343_at,0.048773885
234895_at,0.048773408
205252_at,0.048773102
216700_at,0.048772536
204914_s_at,0.04877113
208795_s_at,0.048769444
221191_at,0.048769265
226008_at,0.04876861
223611_s_at,0.048766747
206239_s_at,0.04876665
231532_at,0.04876631
201789_at,0.048766293
239997_at,0.048763756
1555881_s_at,0.04876353
211316_x_at,0.048763126
222792_s_at,0.04876277
1552995_at,0.04876274
213106_at,0.048762083
1555711_x_at,0.048762023
226846_at,0.04876115
208003_s_at,0.048760474
1555052_a_at,0.048759535
1569641_at,0.048759326
215939_at,0.048758484
1553506_at,0.04875762
242500_at,0.048757285
229346_at,0.048756488
219503_s_at,0.048756167
1564573_at,0.048755653
243927_x_at,0.04875478
242590_at,0.048753977
1564287_at,0.048753887
201582_at,0.04875368
243426_at,0.048752308
241637_at,0.048751958
204733_at,0.04875166
240552_at,0.048751354
209539_at,0.048751354
1565848_at,0.04875087
1557348_at,0.04875021
220567_at,0.04874958
230606_at,0.048748866
224819_at,0.048748404
1552822_at,0.048748314
233473_x_at,0.048747778
208183_at,0.048747566
207730_x_at,0.04874754
201449_at,0.048746586
235777_at,0.048746586
221830_at,0.048746496
219562_at,0.048746467
1565644_at,0.04874575
1569839_s_at,0.048741966
235724_at,0.04874195
210442_at,0.048740476
211553_x_at,0.04873939
239534_at,0.04873898
1563941_at,0.048738867
207059_at,0.048738755
1553555_at,0.048737835
1552718_at,0.0487369
216555_at,0.048736826
216721_at,0.048735827
209914_s_at,0.04873561
1567032_s_at,0.048735246
218791_s_at,0.04873383
230397_at,0.04873383
1559009_at,0.048733674
209623_at,0.048733503
223189_x_at,0.04873234
239070_at,0.048732087
223058_at,0.048731804
238620_at,0.04873039
1558758_s_at,0.04873003
231022_at,0.04872915
1562759_at,0.04872899
236647_at,0.048728906
1555082_a_at,0.048728555
211825_s_at,0.0487276
1552940_at,0.04872428
1566201_at,0.04872427
209227_at,0.048723683
207070_at,0.0487227
238605_at,0.04872164
231338_at,0.04871978
1562888_at,0.048719674
208124_s_at,0.048719607
230248_x_at,0.048719466
242745_at,0.04871878
1562168_at,0.048718166
231975_s_at,0.048717886
1561989_at,0.048717603
234114_at,0.048717134
1570082_x_at,0.04871612
225301_s_at,0.048715994
218733_at,0.04871419
224894_at,0.048713725
222904_s_at,0.04871334
208439_s_at,0.048713006
241355_at,0.048712462
211150_s_at,0.048711836
215295_at,0.048706505
206078_at,0.048702814
212619_at,0.048702702
242046_at,0.048702613
243829_at,0.048701227
229421_s_at,0.0487011
244322_at,0.048699766
1561361_at,0.048699453
1565784_at,0.0486989
225750_at,0.048697084
229953_x_at,0.04869653
216273_at,0.048696473
212890_at,0.04869607
231716_at,0.048695832
227473_at,0.048695296
212568_s_at,0.04869443
212366_at,0.048692033
201020_at,0.04869151
236273_at,0.048691347
215878_at,0.048690904
216164_at,0.048690066
223775_at,0.04868868
225383_at,0.048688456
217423_at,0.048688434
1553013_at,0.04868804
1560043_at,0.04868731
217609_at,0.048685484
239140_at,0.048685387
237414_at,0.04868494
229724_at,0.04868418
1559245_at,0.048683085
216429_at,0.048683062
243001_at,0.048682615
232296_s_at,0.04868123
218959_at,0.0486812
209672_s_at,0.048680358
228032_s_at,0.048680276
227750_at,0.048679754
223529_at,0.048679136
1564670_at,0.048679136
240113_at,0.048677415
234177_at,0.048676416
213832_at,0.048676252
219668_at,0.04867611
227125_at,0.048675954
1556244_s_at,0.048674982
224270_at,0.04867462
221314_at,0.048674524
1569219_at,0.04867366
219311_at,0.048673317
1561463_at,0.04867322
241276_at,0.048673086
230967_s_at,0.04867263
230054_at,0.048669204
242950_x_at,0.04866889
233575_s_at,0.04866767
241895_at,0.048663057
231409_at,0.04866162
241203_at,0.048659757
1569648_at,0.048658684
232971_at,0.04865788
1559142_at,0.04865723
207083_s_at,0.048656665
242538_at,0.048656225
1568606_at,0.048655927
228644_s_at,0.048655167
1564165_at,0.048654906
231937_at,0.048653178
1559031_at,0.048652932
224069_x_at,0.04865191
210131_x_at,0.04865122
228449_at,0.048651055
242639_at,0.048650444
211091_s_at,0.04864861
222909_s_at,0.048648372
215754_at,0.048648283
228213_at,0.04864666
208136_s_at,0.04864529
211961_s_at,0.048644543
220881_at,0.048644327
244243_at,0.048644032
1569841_x_at,0.04864295
242841_at,0.04864292
1561301_at,0.048642635
236510_at,0.048642255
211136_s_at,0.048641264
241418_at,0.04864017
240412_s_at,0.048640087
227744_s_at,0.048639834
229385_s_at,0.04863903
240299_at,0.048638817
204499_at,0.04863718
222298_at,0.048635922
241216_at,0.04863588
227913_at,0.0486356
237237_at,0.048635583
1566622_at,0.048635177
205213_at,0.048634112
203637_s_at,0.048633657
1569794_at,0.04863231
216341_s_at,0.048632085
234261_at,0.04863119
220420_at,0.048630483
234231_at,0.048630282
235846_at,0.04862935
232509_at,0.048629194
229236_s_at,0.048628435
240880_at,0.0486277
200008_s_at,0.048625648
1569005_at,0.048625097
1555245_s_at,0.048625063
237222_at,0.048623778
1558783_at,0.048621267
1561706_at,0.04862065
226705_at,0.04861945
239624_at,0.04861934
204625_s_at,0.048618764
237535_x_at,0.04861772
1566623_at,0.048617285
1554957_at,0.048616916
1558832_at,0.048615925
239389_at,0.048615895
211861_x_at,0.048615016
229771_at,0.048614226
1560646_at,0.04861402
212344_at,0.04861018
237452_at,0.048607767
238243_at,0.04860753
1569190_at,0.048607446
1564233_at,0.04860667
228848_at,0.04860644
1560560_at,0.04860583
1552494_at,0.048605807
1558573_at,0.04860515
235707_at,0.04860401
215462_at,0.048602916
236119_s_at,0.0486027
209795_at,0.048602164
229577_at,0.048601292
227493_s_at,0.04860103
232627_at,0.04859841
224945_at,0.04859805
1567054_at,0.048597947
219844_at,0.04859759
224491_at,0.04859707
236070_at,0.048595704
230042_at,0.048594445
230258_at,0.048593827
223777_at,0.048593238
227496_at,0.048592813
227444_at,0.048592567
221973_at,0.048591852
238684_at,0.0485916
1558515_at,0.04859042
240888_at,0.048590034
1560794_at,0.04858937
1554890_a_at,0.048588887
205150_s_at,0.048588224
213341_at,0.048586935
201326_at,0.048586577
1565484_x_at,0.04858595
213429_at,0.04858577
1566967_at,0.04858338
238367_s_at,0.04858338
215064_at,0.048582707
233165_at,0.04858179
211232_x_at,0.048581738
238618_at,0.048581377
1562632_at,0.04858084
205315_s_at,0.048579484
216213_at,0.04857897
240271_at,0.04857813
214166_at,0.048577897
244767_at,0.048575684
241588_at,0.048574872
202037_s_at,0.04857391
241939_at,0.048571378
202352_s_at,0.0485712
238543_x_at,0.048570763
1564473_at,0.048569735
214999_s_at,0.048569158
236018_at,0.04856903
1563404_at,0.0485686
234570_at,0.04856787
211478_s_at,0.04856771
244637_at,0.04856693
244691_at,0.04856562
201609_x_at,0.048565596
217319_x_at,0.048565544
214170_x_at,0.048564434
205676_at,0.04856403
208008_at,0.048563518
239718_at,0.04856258
243288_at,0.04856161
206131_at,0.04856158
217176_s_at,0.04856029
207972_at,0.04856007
210793_s_at,0.048559636
215986_at,0.04855962
225656_at,0.048558474
242204_at,0.04855766
230213_at,0.04855691
213809_x_at,0.048555862
1556355_x_at,0.04855477
243593_s_at,0.04855202
213565_s_at,0.04855028
237650_at,0.04855013
200974_at,0.04854986
202004_x_at,0.048548907
1569246_a_at,0.048547167
238586_at,0.048546184
207859_s_at,0.048544005
237183_at,0.048543826
215068_s_at,0.048542783
60474_at,0.048542675
1553371_at,0.048541803
201086_x_at,0.048541725
220290_at,0.04854136
240791_at,0.04854057
238136_at,0.048540074
235954_at,0.048538476
1569906_s_at,0.04853803
216363_at,0.048537813
215311_at,0.04853748
210162_s_at,0.048536792
204682_at,0.048534185
1558723_at,0.048533678
1553296_at,0.048533432
1566726_at,0.048532806
217315_s_at,0.048531733
222882_s_at,0.04853169
226663_at,0.04853131
226728_at,0.048528343
1558683_a_at,0.04852833
221367_at,0.048526928
232505_at,0.048526585
211145_x_at,0.048525807
221387_at,0.048525475
234650_at,0.048525326
221282_x_at,0.048525203
224150_s_at,0.04852505
232810_at,0.04852441
213694_at,0.048522472
208241_at,0.04852176
215271_at,0.048520394
202762_at,0.048520222
226905_at,0.04851979
232212_at,0.04851958
243897_at,0.04851909
216240_at,0.048516892
1566786_at,0.048515603
231458_at,0.048513062
1561269_at,0.048512407
243237_at,0.048512097
209837_at,0.048511967
231057_at,0.048511907
1563997_at,0.04851164
1559000_at,0.048509777
215914_at,0.04850912
223035_s_at,0.04850903
243455_at,0.048507348
205216_s_at,0.0485069
1563770_at,0.048506662
31845_at,0.048505902
206725_x_at,0.048503704
223403_s_at,0.048503593
227068_at,0.048502088
202978_s_at,0.04850167
1559538_at,0.04849726
1563557_at,0.048497245
231876_at,0.048493996
232881_at,0.048492774
219523_s_at,0.04849088
239359_at,0.048490744
224729_s_at,0.04848826
232991_at,0.048486993
239560_at,0.048486695
228397_at,0.04848668
232803_at,0.04848654
212171_x_at,0.04848464
1555799_at,0.0484846
241658_at,0.04848299
231197_at,0.04848263
1552868_at,0.04848241
1555108_at,0.048480704
1563166_at,0.048479915
223085_at,0.048479706
244204_at,0.048479483
217419_x_at,0.04847856
235659_at,0.0484782
237867_s_at,0.048477948
231991_at,0.048476517
203797_at,0.0484761
1559361_at,0.048472926
1554749_s_at,0.04847227
231335_at,0.048469104
1558400_x_at,0.048468556
233325_at,0.048466608
222259_s_at,0.048466213
226605_at,0.04846543
240409_at,0.04846467
208220_x_at,0.04846462
235377_at,0.048463594
240477_at,0.048463434
1552548_at,0.04846278
218622_at,0.04846236
1553285_s_at,0.048462346
234020_x_at,0.048462257
233698_at,0.048459623
228340_at,0.04845935
226329_s_at,0.048458606
216588_at,0.048458435
237345_at,0.048455603
239453_at,0.04845412
202981_x_at,0.048454106
237604_at,0.048453838
243487_at,0.04845339
238544_at,0.048453078
221351_at,0.048452392
1561673_at,0.048451327
218196_at,0.048450753
1559252_a_at,0.04845035
1555086_at,0.048448563
1552611_a_at,0.04844734
218114_at,0.048446313
203919_at,0.048445553
236080_at,0.048444353
218507_at,0.048444062
228182_at,0.048443984
216393_at,0.04844143
206630_at,0.048440397
220521_s_at,0.048439637
222063_s_at,0.04843803
1557897_at,0.048436746
243741_at,0.048436448
231536_at,0.048433434
239547_at,0.04843072
240105_at,0.048429936
236457_at,0.04842963
228872_at,0.048426658
1554468_s_at,0.048426047
233622_x_at,0.04842587
228646_at,0.048425376
232471_at,0.04842496
222141_at,0.0484246
226269_at,0.04842417
225844_at,0.048424035
215951_at,0.04842402
223446_s_at,0.04842344
1555420_a_at,0.048422977
234574_at,0.048421413
1560901_at,0.048420906
235272_at,0.048419565
236446_at,0.048419558
224378_x_at,0.048418894
1561762_s_at,0.04841818
1562378_s_at,0.048416078
1561320_at,0.048415236
227559_at,0.048415124
1559946_s_at,0.048414886
203429_s_at,0.048413754
1558682_at,0.048413716
211359_s_at,0.048412655
225595_at,0.04841025
221184_at,0.048408642
241163_at,0.048407607
214944_at,0.048407342
209397_at,0.04840362
1552734_at,0.04840271
210492_at,0.04840214
1553858_at,0.04840161
239227_at,0.048400767
1560169_at,0.048400346
232965_at,0.048399836
1553467_at,0.048399575
1556269_at,0.04839936
236960_at,0.048398416
203513_at,0.04839775
226404_at,0.048396677
240270_x_at,0.048395783
231116_at,0.048394896
222785_x_at,0.048393607
206898_at,0.048392933
209234_at,0.048391134
1561928_s_at,0.048389517
219460_s_at,0.048386633
1566767_at,0.048386425
224812_at,0.04838544
237565_at,0.048385173
1562253_at,0.04838489
220543_at,0.04838273
230497_at,0.048382044
231981_at,0.04838196
40562_at,0.04838182
226912_at,0.048381716
221645_s_at,0.048380792
1570055_at,0.048380762
243540_at,0.04837905
204861_s_at,0.04837896
1558552_s_at,0.04837876
242919_at,0.04837747
228982_s_at,0.04837747
202749_at,0.048377246
204223_at,0.048375692
1566514_at,0.048374962
218685_s_at,0.04837416
203207_s_at,0.0483741
214296_x_at,0.048372723
242270_at,0.04837259
1553514_a_at,0.048372492
205542_at,0.048372157
1555878_at,0.048371866
240869_at,0.048371352
214002_at,0.04837072
244350_at,0.048370235
202454_s_at,0.048369512
239324_at,0.048369035
1555996_s_at,0.048368692
221080_s_at,0.04836753
242624_at,0.04836747
242650_at,0.04836724
238502_at,0.048367232
1554331_a_at,0.048366517
241319_at,0.048366345
211006_s_at,0.04836578
213775_x_at,0.048364997
228121_at,0.04836428
218219_s_at,0.04836318
232729_at,0.04836258
242629_at,0.04836242
224798_s_at,0.04836239
243300_at,0.048361734
240513_at,0.048361346
235176_at,0.048358113
214604_at,0.048357707
231744_at,0.04835742
1568923_at,0.048356682
230952_at,0.04835383
203370_s_at,0.048353404
1561233_at,0.04835338
1566257_at,0.048352525
243640_x_at,0.048352316
234173_s_at,0.048352096
235195_at,0.048352078
234935_at,0.04835099
1554143_a_at,0.04834895
217741_s_at,0.048348874
244521_at,0.048347354
1556643_at,0.048346788
207733_x_at,0.04834631
217823_s_at,0.048345745
242035_at,0.04834561
238030_at,0.048345298
215765_at,0.048344947
241075_at,0.04834444
1553697_at,0.048343904
222040_at,0.04834369
1556768_at,0.048342556
230306_at,0.04834096
234689_at,0.048339203
213999_at,0.048339173
1554744_at,0.048338156
1552969_a_at,0.048337333
244887_at,0.048337292
1560358_at,0.0483368
1552445_a_at,0.04833652
226922_at,0.048336297
242706_s_at,0.048336297
224733_at,0.04833466
1553394_a_at,0.048332892
237730_at,0.048332624
204993_at,0.048332363
1566456_at,0.04833068
221033_s_at,0.048330184
239654_at,0.048329145
207633_s_at,0.04832777
237746_at,0.04832661
207693_at,0.048326056
222758_s_at,0.04832591
231379_at,0.048325486
205783_at,0.048324823
228468_at,0.048322767
205031_at,0.048322573
214458_at,0.048320033
233995_at,0.04831995
235499_at,0.04831963
219899_x_at,0.048319124
203886_s_at,0.048317723
244843_x_at,0.048317723
1560396_at,0.048317134
1558599_at,0.048315786
1561353_at,0.048314624
236836_at,0.04831405
219134_at,0.048313066
1552391_at,0.04831295
1565911_at,0.04831194
211489_at,0.048307262
243138_at,0.048306875
212487_at,0.048306525
201849_at,0.04830493
242109_at,0.04830396
1558647_at,0.048302103
219224_x_at,0.048298478
240892_at,0.04829836
221065_s_at,0.048296675
202644_s_at,0.048292935
209060_x_at,0.04829283
1553175_s_at,0.04829234
203181_x_at,0.04829222
242175_at,0.04829204
234190_at,0.04829038
216641_s_at,0.04829011
214177_s_at,0.048288345
233798_at,0.04828798
222568_at,0.048287734
228271_at,0.04828751
213747_at,0.048286915
205623_at,0.048286103
205642_at,0.04828608
49452_at,0.048285782
236961_at,0.048284337
1561497_at,0.04828413
207789_s_at,0.04828269
201678_s_at,0.048282057
243717_at,0.04828182
211493_x_at,0.04828152
1552685_a_at,0.048279576
243334_at,0.048277922
1553923_at,0.048277337
1559956_at,0.048275128
212918_at,0.048274398
231840_x_at,0.0482738
232360_at,0.04827318
219501_at,0.048271924
237218_at,0.048271596
221212_x_at,0.048270904
216545_at,0.04827083
237958_at,0.048270013
218814_s_at,0.048269637
227260_at,0.04826927
32837_at,0.048267543
235303_at,0.048266433
211165_x_at,0.048266117
218352_at,0.048265547
205517_at,0.04826458
209111_at,0.04826325
1562189_at,0.048262805
219572_at,0.048262794
215629_s_at,0.048262388
232226_at,0.048261568
220263_at,0.04826063
1558483_at,0.04826057
1556925_at,0.048258245
238014_at,0.048257805
1559258_a_at,0.048257798
229406_at,0.048257746
237142_at,0.04825732
240673_at,0.04825701
209928_s_at,0.048255064
200973_s_at,0.048255056
218207_s_at,0.048254237
234425_at,0.04825391
211904_x_at,0.048251953
218596_at,0.048251674
1564358_at,0.0482506
206980_s_at,0.048249595
1553268_at,0.048249267
231433_at,0.048246756
229399_at,0.048245996
1563587_at,0.048244707
224983_at,0.048243254
243079_x_at,0.048242874
226537_at,0.048241414
208212_s_at,0.048240438
219627_at,0.048239812
215238_s_at,0.048239775
210918_at,0.048239518
1555865_at,0.048238285
209052_s_at,0.0482366
215466_at,0.048236594
1556606_at,0.04823467
229825_at,0.048233993
234219_at,0.048230805
1554864_a_at,0.048228975
216661_x_at,0.048228852
218373_at,0.04822828
232746_at,0.048227757
234530_s_at,0.048227355
244373_at,0.04822734
232658_at,0.048223868
201430_s_at,0.048223674
212883_at,0.048222248
1555900_at,0.048221692
214877_at,0.04822114
225683_x_at,0.048219457
238908_at,0.04821892
214833_at,0.04821767
237925_at,0.048215624
204193_at,0.04821527
241000_at,0.048215054
240963_x_at,0.048214905
1570424_at,0.048212875
242902_at,0.048212565
1564590_a_at,0.048212387
206408_at,0.048212126
233272_at,0.04821211
214344_at,0.04821168
235942_at,0.048211284
234074_at,0.048209056
240897_at,0.048208464
1566086_at,0.04820787
238164_at,0.04820709
233960_s_at,0.04820627
1563105_at,0.048205383
219142_at,0.048202507
243919_at,0.04820183
229409_s_at,0.048200473
1563511_at,0.048200257
1562399_at,0.048199594
207584_at,0.048199393
1564307_a_at,0.048198998
234419_x_at,0.04819733
239371_at,0.04819672
1557652_a_at,0.048195332
241786_at,0.048195243
1558595_at,0.04819426
243135_x_at,0.048193417
1570014_at,0.048193127
237646_x_at,0.048192702
216774_at,0.048192635
217395_at,0.048190832
214750_at,0.048190728
205075_at,0.048190713
206228_at,0.04819001
240289_at,0.048189044
230285_at,0.048188835
206608_s_at,0.04818876
234298_at,0.048188757
211617_at,0.048188098
244052_at,0.04818788
1561598_at,0.048187837
244078_at,0.048187166
32094_at,0.04818695
1555926_a_at,0.048186872
219036_at,0.048186645
206931_at,0.048184767
212650_at,0.048184678
206204_at,0.04818359
208106_x_at,0.048183046
214633_at,0.048180565
239877_at,0.04817844
242131_at,0.048177287
206658_at,0.048174396
227767_at,0.048174366
214868_at,0.048173815
226059_at,0.048171535
234475_x_at,0.04817018
242054_s_at,0.048169307
1562220_at,0.048169047
242201_at,0.048167646
244620_at,0.04816707
231604_at,0.04816547
238011_at,0.04816495
1554784_at,0.048164446
232371_at,0.048163235
206179_s_at,0.048162304
207862_at,0.04816203
243142_at,0.048161913
206033_s_at,0.04816138
1560633_a_at,0.04816097
1569876_at,0.048160963
207553_at,0.04816089
205589_at,0.04816068
220126_at,0.04815951
36545_s_at,0.048158392
1569270_at,0.048157774
238463_at,0.048157282
219608_s_at,0.048157014
202326_at,0.048156574
1554163_at,0.048156522
220663_at,0.048156455
1554841_at,0.04815618
237621_at,0.048156172
240973_s_at,0.04815606
202084_s_at,0.048154563
215000_s_at,0.048153847
220121_at,0.04815367
1553322_s_at,0.048153594
229017_s_at,0.04815322
214244_s_at,0.048152715
242835_s_at,0.048152022
210607_at,0.048150674
240885_at,0.04814921
202046_s_at,0.048148304
1555266_a_at,0.048147216
1569701_at,0.048147045
215874_at,0.04814695
233643_at,0.048145913
1552955_at,0.048145905
1554670_at,0.04814507
201760_s_at,0.048144728
205926_at,0.048144266
239307_at,0.048143968
240934_at,0.048142925
1552546_a_at,0.048142895
206933_s_at,0.048141077
1570111_at,0.04814078
229927_at,0.048140056
1556962_at,0.048138365
1554539_a_at,0.04813674
235486_at,0.048136715
243894_at,0.048134208
235469_at,0.048131317
243524_at,0.04813081
206365_at,0.048129603
212925_at,0.048129268
208837_at,0.048129022
1555502_at,0.048128713
1553515_at,0.04812844
1566923_at,0.048128255
223697_x_at,0.048128158
233861_at,0.048124768
1563830_a_at,0.048124075
238360_s_at,0.04812342
241107_at,0.04812266
239439_at,0.048117884
221119_at,0.04811717
207400_at,0.048117146
210064_s_at,0.048117056
229676_at,0.048116773
219486_at,0.04811664
223832_s_at,0.048116624
216475_at,0.04811596
214518_at,0.04811593
233370_at,0.048115432
222910_s_at,0.048115112
222321_at,0.048113734
243502_at,0.04811214
203390_s_at,0.048111036
1569078_at,0.04810985
235776_x_at,0.048109844
239354_at,0.048108354
1555028_at,0.048108153
1562100_at,0.048108134
220424_at,0.048106555
215065_at,0.048106425
223158_s_at,0.048099995
237484_at,0.048098393
201158_at,0.04809779
244509_at,0.04809568
230100_x_at,0.04809469
211249_at,0.04809372
243150_at,0.048093505
1554657_a_at,0.048093453
91682_at,0.04809344
211817_s_at,0.048093386
212543_at,0.0480932
1562642_at,0.0480929
232035_at,0.048090696
219614_s_at,0.04809004
235156_at,0.048088
212552_at,0.048087597
1563027_at,0.048086826
220334_at,0.048084524
203849_s_at,0.048084326
204070_at,0.048084036
242568_s_at,0.048082806
207560_at,0.048081905
227243_s_at,0.048080772
236208_at,0.048080117
204132_s_at,0.048076913
243490_at,0.04807604
225294_s_at,0.048075855
233664_at,0.048074424
227794_at,0.048074346
235369_at,0.0480742
64488_at,0.048074022
233693_at,0.048073277
1556864_at,0.04807187
205603_s_at,0.048071563
218851_s_at,0.048071027
206344_at,0.0480704
243101_x_at,0.048070014
1564651_at,0.04806879
214291_at,0.048067212
207219_at,0.04806667
209309_at,0.04806601
219425_at,0.048064783
241804_at,0.048064508
1557194_a_at,0.04806374
1553452_at,0.048062447
224940_s_at,0.04806241
1566474_at,0.048061803
1563165_at,0.04806073
235595_at,0.048060417
221616_s_at,0.048059627
211708_s_at,0.04805893
214655_at,0.048058454
222835_at,0.04805719
242360_at,0.04805698
1570627_at,0.048056692
1564280_x_at,0.04805646
230543_at,0.04805468
211463_at,0.04805456
205106_at,0.048053786
235931_at,0.0480531
238747_at,0.048052445
1559347_at,0.048051693
1570145_at,0.048050918
235487_at,0.04804956
223507_at,0.048047423
219589_s_at,0.04804694
1562894_at,0.048046745
1569419_at,0.048046455
234789_at,0.048045903
207820_at,0.048045494
1559980_at,0.048043832
1564072_at,0.04804253
1569932_at,0.048042454
213308_at,0.04804179
216696_s_at,0.04804171
237868_x_at,0.04804164
242004_x_at,0.048040874
215536_at,0.04803986
212119_at,0.048038155
227852_at,0.048036873
235654_at,0.048035778
244589_at,0.048035704
232674_at,0.048033528
207051_at,0.048033275
225199_at,0.048030227
225605_at,0.048029274
233797_s_at,0.048028447
232344_at,0.04802823
240939_x_at,0.048028126
219264_s_at,0.048027575
223544_at,0.04802677
1570151_at,0.04802668
229334_at,0.04802452
1569761_x_at,0.048023395
224523_s_at,0.048022896
214070_s_at,0.048022613
221276_s_at,0.04802133
200697_at,0.048021317
1553424_at,0.048019707
233911_s_at,0.04801832
205828_at,0.04801809
227159_at,0.04801759
235084_x_at,0.048017263
230901_x_at,0.04801719
1561336_at,0.048016928
1554568_at,0.04801661
224052_at,0.048015915
219833_s_at,0.048015386
234292_s_at,0.04801531
237614_at,0.048015084
227318_at,0.048014887
241167_at,0.048014514
212360_at,0.04801312
215782_at,0.048012625
225446_at,0.048011646
205941_s_at,0.04801123
1561642_at,0.04801002
211624_s_at,0.048009932
223753_s_at,0.048009284
231114_at,0.048009276
218077_s_at,0.048006833
244138_at,0.048003487
1558486_at,0.048001766
1559966_a_at,0.048001535
221338_at,0.048001103
1559148_at,0.04800044
242480_at,0.048000425
228103_s_at,0.04799957
242091_at,0.04799956
239088_at,0.04799919
237725_x_at,0.047998726
1565130_at,0.047998443
217706_at,0.047996372
240667_at,0.047995966
207720_at,0.04799319
1561034_at,0.047992956
242921_at,0.047992736
220391_at,0.047992036
230767_at,0.04799193
1556356_at,0.04799159
232816_s_at,0.047991127
208431_s_at,0.047989335
216699_s_at,0.047988907
40446_at,0.047988653
221171_at,0.047988072
227751_at,0.047986925
1570645_at,0.047986463
234137_s_at,0.047985382
239127_at,0.047984734
201780_s_at,0.047983587
229502_at,0.04798339
235605_at,0.04798296
1566501_at,0.0479822
209032_s_at,0.047981925
239022_at,0.047981292
234450_at,0.04798103
207569_at,0.047980405
242359_at,0.04797896
240636_at,0.04797837
1565896_at,0.04797813
231700_at,0.047977105
231075_x_at,0.04797621
221108_at,0.047975782
222065_s_at,0.047974914
241069_at,0.047973506
226488_at,0.04797332
232301_at,0.047973126
203770_s_at,0.047971614
236299_at,0.04797122
209513_s_at,0.047970504
226242_at,0.04797037
232282_at,0.04797027
231215_at,0.047969043
206673_at,0.047968738
204921_at,0.047968507
1553811_at,0.04796665
1554266_at,0.047965318
209400_at,0.047965147
223477_s_at,0.047964826
222767_s_at,0.047963098
233384_at,0.047960438
230890_at,0.047959864
204179_at,0.047959685
222968_at,0.047958493
222210_at,0.04795622
225241_at,0.047954015
1553347_s_at,0.04795384
206781_at,0.04795231
236164_at,0.047951505
221236_s_at,0.047950804
226185_at,0.047950696
225650_at,0.047950014
230318_at,0.04794973
215405_at,0.047948994
239746_at,0.047946937
218192_at,0.04794684
240086_at,0.047945566
1558305_at,0.04794471
230347_at,0.04794444
207818_s_at,0.047943264
1559611_at,0.047943056
224392_s_at,0.047941953
231948_s_at,0.0479407
1569472_s_at,0.04794033
231353_at,0.04794029
244319_at,0.047937714
212792_at,0.04793769
216357_at,0.047937207
216318_at,0.047935233
225473_at,0.047935054
206350_at,0.04793477
241522_at,0.047934327
208004_at,0.047933593
1560525_at,0.047932655
207748_at,0.04793188
206926_s_at,0.047931522
222939_s_at,0.047931366
209402_s_at,0.047929376
1559302_at,0.04792896
226307_at,0.04792723
209265_s_at,0.04792714
238247_at,0.047924563
215800_at,0.047924347
204689_at,0.047922224
1570326_at,0.04792066
1556947_at,0.047920182
238342_at,0.04791966
206863_x_at,0.047918476
222023_at,0.04791846
216683_at,0.047918245
226214_at,0.047917187
216909_at,0.04791487
1560628_at,0.047914185
1559945_at,0.047913857
1553219_a_at,0.047912255
1553366_s_at,0.04791203
1570488_at,0.047912017
238694_at,0.04791072
1555011_at,0.047910478
242597_at,0.04790984
235315_at,0.04790917
1565839_a_at,0.047907308
1554078_s_at,0.04790674
207003_at,0.04790561
216096_s_at,0.0479054
242719_at,0.04790146
241403_at,0.047901437
203873_at,0.047900252
1554629_at,0.04789988
209501_at,0.047899053
1557562_at,0.04789892
232375_at,0.04789667
229225_at,0.047896504
222215_at,0.04789529
221928_at,0.04789503
226030_at,0.047894508
1566696_at,0.04789403
220029_at,0.0478931
1569737_a_at,0.047893092
1560785_at,0.047891956
230231_at,0.04789173
1555215_a_at,0.047891535
238350_at,0.047891334
218590_at,0.047891304
236112_at,0.04789128
217183_at,0.047891
230099_at,0.04789032
229795_at,0.047890067
238772_at,0.04788971
215650_at,0.047889464
206677_at,0.04788939
221834_at,0.047888577
212981_s_at,0.04788837
208453_s_at,0.04788594
235224_s_at,0.04788567
202327_s_at,0.047885537
218683_at,0.047884822
203185_at,0.047884673
1563488_at,0.047884367
240536_at,0.04788357
239797_at,0.047882855
227603_at,0.04788269
1556879_at,0.04788172
232109_at,0.047880292
214322_at,0.047879964
204079_at,0.04787898
1554094_at,0.047878325
242000_at,0.04787794
233891_at,0.047877252
1554707_at,0.047877192
201979_s_at,0.047877043
232579_at,0.047875583
210319_x_at,0.047874518
237121_at,0.047874093
1558308_at,0.047873005
215420_at,0.047871843
215429_s_at,0.04787174
1552938_at,0.04787156
204631_at,0.04787042
230308_at,0.04786934
1554931_at,0.047868483
215233_at,0.04786834
219727_at,0.047867373
235768_at,0.047867328
244425_at,0.04786718
223358_s_at,0.047867
1569764_at,0.047865342
214163_at,0.047864243
212299_at,0.047861934
1554252_a_at,0.04786167
207920_x_at,0.047859892
229141_at,0.047859788
241461_at,0.047857963
1561303_at,0.047856186
1562472_at,0.047855634
209812_x_at,0.047854856
206197_at,0.04785341
1552904_at,0.047852967
213978_at,0.047852892
243210_at,0.047852546
1552415_a_at,0.047852203
233701_at,0.047851726
1560921_at,0.047851607
238880_at,0.04785125
1555217_at,0.047851197
241405_at,0.047849536
222644_s_at,0.047849417
220683_at,0.04784926
222185_at,0.04784923
240149_at,0.04784847
214970_s_at,0.04784713
224274_at,0.047846995
236494_x_at,0.047846854
237899_at,0.04784654
223707_at,0.047845736
217339_x_at,0.047841735
227279_at,0.047839254
1564367_at,0.04783871
243995_at,0.04783845
222333_at,0.047837116
1569776_at,0.047836915
1554496_at,0.047834635
1557222_at,0.04783432
1562601_at,0.04783427
1561714_a_at,0.04783409
1561604_at,0.04783377
235219_at,0.047831744
233206_at,0.04783143
1564836_at,0.047829673
231008_at,0.047828317
238493_at,0.047826424
222213_x_at,0.047825895
238012_at,0.047822535
226455_at,0.047820836
207958_at,0.04782051
203424_s_at,0.04781881
1553527_at,0.047817856
235288_at,0.04781778
218198_at,0.047817305
213718_at,0.047816396
205277_at,0.04781504
229602_at,0.04781252
204156_at,0.0478113
242444_at,0.047810465
202621_at,0.047809422
1557664_at,0.04780826
1570330_at,0.047808126
223165_s_at,0.047807634
225952_at,0.0478065
1557771_at,0.047806434
241972_at,0.04780598
1552287_s_at,0.04780495
201123_s_at,0.047802687
231689_at,0.04780244
238220_at,0.047802098
1568698_at,0.047802
223025_s_at,0.047801793
240223_at,0.047800586
1562942_at,0.04779951
216483_s_at,0.047798246
221415_s_at,0.047796436
242644_at,0.04779485
224223_s_at,0.047794323
240261_at,0.047794312
235589_s_at,0.047792375
235831_at,0.047791924
230183_at,0.04779143
216422_at,0.047790796
241816_at,0.047790706
221881_s_at,0.04778853
229759_s_at,0.0477878
1562866_at,0.04778775
208000_at,0.047786936
1563391_at,0.04778692
1555308_at,0.04778678
236321_at,0.047786698
208213_s_at,0.047785744
217561_at,0.04778468
201432_at,0.047784448
1561218_s_at,0.04778298
230076_at,0.047780186
1554456_a_at,0.04777862
227160_s_at,0.04777822
235994_s_at,0.047776982
238591_at,0.04777652
238582_at,0.047775716
223155_at,0.04777503
205224_at,0.047774345
238590_x_at,0.04777345
229498_at,0.047771066
242390_at,0.04776983
1556769_a_at,0.047767058
224307_x_at,0.047766976
216998_s_at,0.047766134
227634_at,0.047766
208172_s_at,0.047765948
221373_x_at,0.04776469
229977_at,0.047763944
204210_s_at,0.047763884
224572_s_at,0.047763824
214752_x_at,0.047763765
225143_at,0.047763586
225005_at,0.047763467
232922_s_at,0.04776323
213983_s_at,0.04776314
204810_s_at,0.04776302
226421_at,0.04776174
224555_x_at,0.04776144
207617_at,0.04776059
1561424_at,0.047760185
244237_at,0.04775971
208314_at,0.047756895
234790_at,0.047756236
202305_s_at,0.04775536
233600_at,0.04775483
220789_s_at,0.047753975
1567622_at,0.04775303
229585_at,0.047751233
242158_at,0.047750544
235246_at,0.047749147
232710_at,0.047749132
244624_at,0.047749124
64064_at,0.047749043
221175_at,0.047748357
37793_r_at,0.04774773
232211_at,0.047747403
239009_at,0.04774695
235878_at,0.047746427
1564876_s_at,0.047744617
236148_at,0.047743883
243939_at,0.04774387
223316_at,0.047742814
1561619_at,0.047742706
239347_at,0.04774206
224283_x_at,0.047742024
221323_at,0.04774169
242915_at,0.047741234
214361_s_at,0.047740225
1556567_at,0.047739506
201137_s_at,0.047739178
1561540_at,0.047738556
236720_at,0.04773658
1561448_at,0.047736343
217672_x_at,0.047735304
237686_at,0.04773409
231135_at,0.04773386
238846_at,0.047733493
243175_at,0.04773304
200676_s_at,0.04773289
1557047_at,0.04773231
218099_at,0.04772909
203498_at,0.047727183
213198_at,0.047726884
1564040_a_at,0.047725845
206205_at,0.047724783
202937_x_at,0.047724277
226327_at,0.047723353
216285_at,0.047722533
223941_at,0.047722407
224884_at,0.047722355
1570624_at,0.047721643
222682_s_at,0.047721446
233826_at,0.047721293
1567069_at,0.04771983
226362_at,0.047719285
240830_at,0.04771924
1569700_s_at,0.0477192
221329_at,0.047717966
1554814_at,0.047716975
217880_at,0.04771492
1558117_s_at,0.04771477
202193_at,0.047714546
235184_at,0.047714114
207175_at,0.047713757
1559551_at,0.04771263
241896_at,0.047711343
1554531_at,0.04771085
1562921_at,0.04770892
232374_s_at,0.04770875
212836_at,0.047708243
227655_at,0.04770756
238783_at,0.047705323
1556801_at,0.047705017
201626_at,0.047704965
203499_at,0.04770482
1554311_a_at,0.04770465
206794_at,0.047702342
1552627_a_at,0.04770212
1560118_at,0.047701634
221990_at,0.047698826
217560_at,0.047698095
218092_s_at,0.047697365
231204_at,0.047696233
212316_at,0.047695994
1553284_s_at,0.047692657
231172_at,0.047692366
1555014_x_at,0.047692075
201969_at,0.04769206
225269_s_at,0.047691613
223325_at,0.04769063
227942_s_at,0.047690466
243041_s_at,0.04768439
215486_at,0.04768374
225468_at,0.047682807
230622_at,0.047682393
234018_s_at,0.04768216
212460_at,0.04768175
215384_s_at,0.04768137
224852_at,0.047680393
230978_at,0.047679372
238293_at,0.0476793
237901_at,0.047679126
211055_s_at,0.047678396
208138_at,0.047678173
1562703_at,0.047677524
1562341_at,0.047676984
1556088_at,0.047675446
220475_at,0.047674343
217538_at,0.04767339
1563295_at,0.047673054
1567612_at,0.047672987
244388_at,0.047671825
234042_at,0.047671005
240360_at,0.047670837
213986_s_at,0.047670707
1562499_at,0.04767054
231482_at,0.047669977
228068_at,0.047669664
1570138_at,0.047669142
211984_at,0.0476681
220189_s_at,0.04766658
215003_at,0.047664635
219165_at,0.047664464
207278_s_at,0.047663458
1559438_at,0.047663085
1558858_at,0.047662795
223179_at,0.047662616
1557263_s_at,0.047659725
1562348_at,0.04765706
1561106_at,0.047656793
214619_at,0.047655948
213685_at,0.04765463
207712_at,0.047654383
214808_at,0.047654048
241359_at,0.047653943
222307_at,0.047653347
235676_at,0.047652677
214831_at,0.047652677
205233_s_at,0.047652364
240133_x_at,0.047651865
229860_x_at,0.047651052
233453_at,0.047650367
215738_at,0.04765012
235193_at,0.047649354
213756_s_at,0.0476489
211279_at,0.0476484
223870_at,0.047648206
1558622_a_at,0.04764788
1560348_at,0.047647856
1559268_at,0.047647536
231580_at,0.047646116
215847_at,0.04764597
238871_at,0.047645424
1556102_x_at,0.04764518
232851_at,0.04764393
234850_at,0.047639675
236880_at,0.047639415
236402_at,0.047636837
202835_at,0.047636822
229206_at,0.047636524
226934_at,0.047635883
244402_at,0.047635846
237361_at,0.04763353
206910_x_at,0.047633097
1555320_a_at,0.047633074
217841_s_at,0.047632515
204950_at,0.047631353
240006_at,0.047630757
220014_at,0.047629736
220737_at,0.047628373
1553096_s_at,0.047627747
222788_s_at,0.04762581
1568732_at,0.04762568
209150_s_at,0.047624737
1560129_at,0.04762455
240374_at,0.047624096
240268_at,0.047623795
237271_at,0.047623724
220820_at,0.047622606
210385_s_at,0.047622472
1560855_at,0.04762163
237845_at,0.047621354
1566165_at,0.04762049
217219_at,0.047619384
1569264_at,0.047619097
234757_at,0.047619037
203651_at,0.047618702
205643_s_at,0.047618233
1558856_at,0.047616594
223495_at,0.04761617
225415_at,0.047616124
226981_at,0.047614142
227150_at,0.04761401
207517_at,0.04761295
216836_s_at,0.047611028
235056_at,0.04761061
1552785_at,0.047608905
1562996_at,0.047608346
212290_at,0.047607735
219909_at,0.04760763
1564763_at,0.047605485
1569775_at,0.047605302
203280_at,0.047604546
234375_x_at,0.047602884
226126_at,0.047602564
1565660_at,0.04760018
243009_at,0.04759878
224982_at,0.047596946
227045_at,0.047596812
201204_s_at,0.04759547
231077_at,0.047594108
217462_at,0.047593966
1564749_at,0.047591668
242478_at,0.04759098
214603_at,0.047589317
240334_at,0.047589168
230331_at,0.04758883
1563466_at,0.047588468
233042_at,0.04758717
236470_at,0.047585845
1562509_at,0.047584966
229947_at,0.047584232
211238_at,0.047582913
238301_at,0.047582045
1566543_at,0.047582015
227239_at,0.04758051
236642_at,0.047580123
228735_s_at,0.047580022
209971_x_at,0.047579035
243205_at,0.04757812
1561446_at,0.04757804
233205_at,0.047576528
219441_s_at,0.047575876
201945_at,0.047575146
1552865_a_at,0.04757476
220744_s_at,0.047574192
1561906_at,0.047573216
220149_at,0.047572166
1553815_a_at,0.047566943
207554_x_at,0.047566205
238508_at,0.047565877
220541_at,0.047564834
232529_at,0.04756333
235214_at,0.04756263
208485_x_at,0.04756078
242309_at,0.047559194
243380_at,0.047557727
1560648_s_at,0.04755692
232808_at,0.04755479
210979_at,0.04755362
226790_at,0.04755245
1560448_at,0.047547713
214881_s_at,0.04754728
231572_at,0.04754637
215770_at,0.04754412
214233_at,0.047543176
226584_s_at,0.04754281
201734_at,0.047542304
232200_at,0.047540784
243706_at,0.04754
236806_at,0.047539867
1552468_a_at,0.047539387
227127_at,0.047538772
237986_at,0.0475378
223568_s_at,0.04753746
239217_x_at,0.047535524
1564414_a_at,0.047535144
213352_at,0.047534987
202537_s_at,0.0475339
219031_s_at,0.047532976
215788_at,0.04753238
237662_at,0.04753194
220926_s_at,0.047531724
242022_at,0.047531486
1568834_s_at,0.04753071
208919_s_at,0.04753059
236869_at,0.047530055
210045_at,0.0475298
1561616_a_at,0.047528923
1555443_at,0.04752835
1561850_at,0.04752794
209341_s_at,0.047526777
236912_at,0.047526293
230423_at,0.047525275
221332_at,0.04752294
1565879_at,0.047522485
1552917_at,0.04752232
242960_at,0.04752174
236969_at,0.047521114
237058_x_at,0.04752031
242026_at,0.047519036
238422_at,0.04751885
1567540_at,0.047517933
243413_at,0.047517225
1557357_at,0.0475168
229159_at,0.047515363
1566576_at,0.04751514
219532_at,0.047511905
1558589_at,0.047511883
200687_s_at,0.047511205
239910_at,0.047510833
244336_at,0.047509853
237244_at,0.04750964
208426_x_at,0.04750906
218606_at,0.047508955
237077_at,0.047508664
233538_s_at,0.047507584
221916_at,0.047506794
226226_at,0.04750458
232266_x_at,0.047503203
215983_s_at,0.047503084
200884_at,0.04750292
204325_s_at,0.047502875
1566194_at,0.047500834
207913_at,0.047500376
226318_at,0.047500134
1553992_s_at,0.04750012
237062_at,0.04749985
1553568_a_at,0.047499143
205729_at,0.047498457
1569601_at,0.047496736
222458_s_at,0.047495276
221047_s_at,0.04749515
220460_at,0.047494456
228926_s_at,0.04749357
203640_at,0.0474934
234070_at,0.04749302
207491_at,0.047490187
230820_at,0.04748939
225835_at,0.047488824
230905_at,0.047488682
232890_at,0.047488645
232519_at,0.04748717
241853_at,0.047486454
204615_x_at,0.04748577
1552880_at,0.047484953
208332_at,0.047484607
1556796_at,0.047484376
240530_at,0.047482193
214483_s_at,0.04748054
240368_at,0.047479287
207445_s_at,0.047478586
223447_at,0.04747855
1562712_at,0.04747846
1570314_at,0.047477603
204540_at,0.04747723
1555671_at,0.047475714
231615_at,0.047471773
225065_x_at,0.047470927
229667_s_at,0.04747074
1559360_at,0.04747068
243859_at,0.047470212
228905_at,0.047469407
1562753_at,0.0474691
1562073_at,0.04746794
240809_at,0.047467493
238465_at,0.047467306
205693_at,0.047464713
242770_at,0.04746279
1553772_at,0.047461715
230705_at,0.047461227
234517_at,0.047461122
1562142_at,0.04746092
233527_at,0.047459576
220702_at,0.047458142
236011_at,0.04745675
235836_at,0.047456313
227566_at,0.047453865
1559304_at,0.04745347
1559901_s_at,0.04745271
1561700_at,0.047451295
227941_at,0.04745093
241906_at,0.04745087
231265_at,0.047450773
220978_at,0.047449302
209446_s_at,0.047446623
224871_at,0.047445238
223069_s_at,0.047442928
216997_x_at,0.047442406
233898_s_at,0.047441036
1438_at,0.047440313
218967_s_at,0.047440246
241863_x_at,0.04743874
216644_at,0.047437802
225529_at,0.04743719
209246_at,0.047435477
1560790_at,0.047435287
213623_at,0.04743409
207591_s_at,0.047433525
203365_s_at,0.047431402
220322_at,0.047430642
206433_s_at,0.04743053
228324_at,0.047428846
237150_at,0.047428727
244777_at,0.0474284
1565978_a_at,0.04742823
1552834_at,0.04742819
244659_at,0.047428086
1553917_at,0.04742807
225994_at,0.047427937
201605_x_at,0.047427535
1559491_at,0.047425672
208390_s_at,0.047425576
221303_at,0.047425427
233008_at,0.04742539
1552585_s_at,0.047425166
212404_s_at,0.04742279
233224_at,0.047422588
1562933_at,0.047422364
202710_at,0.047421575
235356_at,0.047421254
228246_s_at,0.04742095
1562372_at,0.047416918
239916_at,0.047414184
202308_at,0.047408164
230126_s_at,0.047408074
213212_x_at,0.04740475
238209_at,0.0474047
207338_s_at,0.047403723
1554796_at,0.047403112
229732_at,0.047403097
215298_at,0.047403052
214664_at,0.04740089
211973_at,0.0474004
1559591_s_at,0.047400147
217477_at,0.04739975
234826_at,0.047399417
233559_s_at,0.0473994
226439_s_at,0.047399014
206829_x_at,0.047398657
208639_x_at,0.047395468
204956_at,0.04739511
1564323_at,0.047394626
207404_s_at,0.047393814
211393_at,0.047393665
203444_s_at,0.047393322
212117_at,0.047392935
222969_at,0.047392868
218488_at,0.047391087
227780_s_at,0.047391057
1554258_a_at,0.04739105
1552948_at,0.047389276
244276_at,0.047389068
44783_s_at,0.04738886
237879_at,0.047387566
241797_at,0.047385767
222897_s_at,0.04738541
202182_at,0.047385335
236389_x_at,0.04738477
203658_at,0.047383845
240443_at,0.047383554
241850_at,0.047383532
1557303_at,0.04738255
225499_at,0.047382236
1569909_at,0.047381632
214208_at,0.047381528
226081_at,0.04737997
225054_x_at,0.047379553
230801_at,0.047379233
1563142_at,0.047378987
78495_at,0.04737793
215443_at,0.04737757
240283_at,0.047377363
1555385_at,0.047376778
233155_at,0.047376208
204061_at,0.04737608
213346_at,0.047375813
222702_x_at,0.04737556
212368_at,0.04737553
229057_at,0.047375314
225178_at,0.04737501
43427_at,0.047374174
230514_s_at,0.047374
1553264_a_at,0.047373742
242526_at,0.04737255
231704_at,0.047372535
1557570_a_at,0.04737229
1558142_at,0.047370195
243609_at,0.04736966
218687_s_at,0.047368214
206258_at,0.047367983
242246_x_at,0.047367588
33148_at,0.047367573
1558950_at,0.047366507
1556638_at,0.047366135
218828_at,0.0473637
229590_at,0.04736352
222242_s_at,0.04736325
214015_at,0.047363237
206966_s_at,0.04736285
206748_s_at,0.04736273
1570295_at,0.04736246
201970_s_at,0.047361255
242079_at,0.047360495
1552819_at,0.04736021
212906_at,0.047359392
234965_at,0.047359124
1553832_at,0.047358975
1556592_at,0.047357775
223624_at,0.047356732
1561609_at,0.047354974
202660_at,0.047354743
1568887_at,0.047353745
237619_at,0.04735352
1555176_at,0.047352523
1556274_at,0.047351703
207013_s_at,0.04735052
238299_at,0.04734999
1553585_a_at,0.047349185
211369_at,0.047349084
216828_at,0.047349043
215922_at,0.04734885
1559664_at,0.04734832
1563874_at,0.04734771
226143_at,0.04734689
217115_at,0.047346715
234373_x_at,0.04734452
241898_at,0.04734271
221626_at,0.04734212
1558809_s_at,0.047342107
225364_at,0.047341973
1564423_a_at,0.04734175
1556012_at,0.04734069
214205_x_at,0.047339693
212397_at,0.047339633
240761_at,0.04733953
221413_at,0.047338657
1560460_at,0.04733816
230961_at,0.047338143
207328_at,0.04733762
223958_s_at,0.047337517
1559121_s_at,0.047337264
206570_s_at,0.047335453
208012_x_at,0.047335297
1568656_at,0.047334902
200050_at,0.04733312
220778_x_at,0.04732965
237620_at,0.04732903
224803_s_at,0.047328256
239399_at,0.047328137
212621_at,0.047326893
1564676_a_at,0.04732485
231774_at,0.0473238
1557094_at,0.047323197
225531_at,0.04732056
214419_s_at,0.047320478
207343_at,0.047320113
238111_at,0.047318906
238681_at,0.047318578
1557651_x_at,0.047318198
233285_at,0.047316782
222955_s_at,0.04731667
1552544_at,0.04731661
205688_at,0.047316477
213391_at,0.04731646
234881_at,0.047315836
212199_at,0.0473153
201613_s_at,0.047314525
238200_at,0.047314413
201510_at,0.047314145
217121_at,0.04731321
208462_s_at,0.0473117
236229_at,0.04731123
204077_x_at,0.047310397
1564854_at,0.04731039
1552509_a_at,0.047309652
213977_s_at,0.047308356
208850_s_at,0.047307104
221165_s_at,0.047306366
231320_at,0.04730592
241480_at,0.04730555
1558679_at,0.0473051
202535_at,0.04730457
203122_at,0.04730411
208396_s_at,0.047303937
1564463_at,0.047303773
1569673_at,0.04730375
1563945_at,0.047303557
237655_at,0.047301628
203361_s_at,0.047300473
218006_s_at,0.047298804
205771_s_at,0.047297627
1554193_s_at,0.047296606
1552965_a_at,0.04729626
1558463_s_at,0.047295377
240436_at,0.047295265
240685_at,0.04729514
221672_s_at,0.04729419
1557176_a_at,0.047293693
228124_at,0.047293574
240256_at,0.047290012
1559083_x_at,0.047289424
229121_at,0.047287907
229852_at,0.047285736
207668_x_at,0.04728499
1558329_at,0.04728432
242487_at,0.047283605
227418_at,0.04728353
244639_at,0.047282934
227888_at,0.047281086
217701_x_at,0.047281064
216157_at,0.047280587
220534_at,0.047279738
1559171_at,0.04727871
213611_at,0.04727769
241558_at,0.047277614
220633_s_at,0.047276184
204928_s_at,0.04727611
228828_at,0.047274932
229837_s_at,0.047274787
1553217_s_at,0.04727342
1558964_at,0.0472725
207356_at,0.04727079
234818_at,0.04727058
241006_at,0.047269948
202838_at,0.047267377
222164_at,0.04726544
222214_at,0.04726471
231051_at,0.047263645
212393_at,0.047263518
224553_s_at,0.04726325
241265_x_at,0.047262438
1563271_at,0.04726056
235476_at,0.047259986
232885_at,0.04725848
233313_at,0.047255516
225899_x_at,0.047255427
220703_at,0.047255084
242821_at,0.04725477
1556075_at,0.047254622
236383_at,0.04725393
230244_at,0.047252577
1552792_at,0.047252417
214742_at,0.047252
203052_at,0.047251582
208936_x_at,0.047251403
204264_at,0.047250822
242993_at,0.047250636
239631_at,0.047250487
1561364_at,0.047249682
222776_at,0.04724952
208529_at,0.04724946
217130_at,0.04724881
1552320_a_at,0.04724706
1570071_at,0.047246896
232649_at,0.047246687
222304_x_at,0.04724539
200724_at,0.04724437
222311_s_at,0.04724145
218351_at,0.047241032
227901_at,0.04724101
208466_at,0.047240987
243008_at,0.04724075
228030_at,0.04723999
207089_at,0.04723756
235495_at,0.04723737
229362_at,0.047236994
1555435_at,0.04723668
226068_at,0.047235966
204945_at,0.047233008
239377_at,0.047232285
1560874_at,0.047232017
232639_at,0.04723192
225764_at,0.047228575
1563243_at,0.047228374
241966_at,0.047226965
203555_at,0.04722643
230757_at,0.04722642
243531_at,0.047225922
1568590_at,0.04722412
243437_at,0.047223583
230679_at,0.04722321
1569674_at,0.04722278
219248_at,0.047220796
215262_at,0.0472207
211464_x_at,0.047218114
203293_s_at,0.04721792
230512_x_at,0.047217358
1562346_at,0.047217075
1567008_at,0.047217023
1565150_at,0.047216833
231241_at,0.047215782
228833_s_at,0.047215343
237829_at,0.047214553
244008_at,0.047214165
201394_s_at,0.047213376
203903_s_at,0.04721055
1555682_at,0.04721046
226779_at,0.047207266
219747_at,0.047205925
228986_at,0.047205478
200806_s_at,0.047204852
239821_at,0.04720477
211773_s_at,0.047204755
216923_at,0.047204368
215864_at,0.04720393
238889_at,0.04720237
1557346_a_at,0.047201566
241759_at,0.047201134
229540_at,0.047200516
1559285_at,0.047198467
1558154_at,0.047196217
208206_s_at,0.047195673
213984_at,0.04719381
243022_at,0.04719366
1560694_at,0.047192067
234946_at,0.047191672
244785_at,0.047191612
232876_at,0.047190234
205356_at,0.047188893
236715_x_at,0.04718721
237028_at,0.04718622
239518_at,0.04718563
219553_at,0.047185555
240633_at,0.047185138
230960_at,0.04718332
206319_s_at,0.047182713
1570490_at,0.04718203
1566266_at,0.047180958
1562110_at,0.047180474
212186_at,0.047178462
243517_at,0.047178008
239177_at,0.047178
243577_at,0.047178
235389_at,0.047176242
221159_at,0.047176085
240516_at,0.047175445
209965_s_at,0.04717484
202312_s_at,0.047174826
1568922_at,0.047174186
241526_at,0.047173366
233686_at,0.047172345
227221_at,0.04717204
235828_at,0.047167107
244826_at,0.047167048
1570090_at,0.047165126
220626_at,0.04716502
241367_at,0.04716357
1569736_at,0.04716289
204252_at,0.04716137
1556426_at,0.04716132
203475_at,0.047160365
206405_x_at,0.047159806
241384_x_at,0.0471586
230784_at,0.047158312
52837_at,0.04715742
1567334_at,0.047156356
1555688_s_at,0.04715628
234331_s_at,0.047155537
233606_at,0.04715526
1559917_a_at,0.04715521
232737_s_at,0.047153253
1564656_at,0.047152728
40472_at,0.047152713
1563051_at,0.04715237
210293_s_at,0.047150493
217494_s_at,0.047149934
232531_at,0.04714959
1562893_at,0.047148712
227111_at,0.0471479
1555989_at,0.04714623
231190_at,0.047144167
239804_at,0.047144055
1565732_at,0.04714314
237450_at,0.04713995
233964_at,0.04713893
229943_at,0.047138765
234430_at,0.047137804
1564674_a_at,0.047135547
214826_at,0.04713519
228313_at,0.047133893
236031_x_at,0.047132175
218304_s_at,0.047132045
219267_at,0.047131583
209719_x_at,0.047130816
1560536_at,0.047129653
239625_at,0.047129385
212554_at,0.04712931
221270_s_at,0.047127843
227512_at,0.047127053
236155_at,0.04712522
215459_at,0.047124274
237488_at,0.047123328
221918_at,0.047123015
238329_at,0.04712098
1569095_at,0.047120944
207649_at,0.047120914
201379_s_at,0.047120452
208103_s_at,0.047119886
220464_at,0.047118813
229562_at,0.047118127
1556365_at,0.047115877
232777_s_at,0.04711534
203792_x_at,0.04711532
219003_s_at,0.047113925
1557212_at,0.047112122
210046_s_at,0.047111005
212738_at,0.047109693
244030_at,0.047107093
215140_at,0.047105238
229210_at,0.047103256
229883_at,0.047102004
1557330_at,0.04710065
204041_at,0.04709991
1552288_at,0.047098603
204010_s_at,0.04709848
1554069_at,0.047097817
222582_at,0.047097728
240608_at,0.04709725
207273_at,0.0470962
232191_at,0.04709445
1555555_at,0.047094263
1555198_x_at,0.047093943
237110_at,0.047092617
241414_at,0.047091365
208503_s_at,0.047090173
234724_x_at,0.047089025
233935_at,0.047087885
233282_at,0.047086984
213260_at,0.04708671
201491_at,0.047085702
216133_at,0.047085196
222573_s_at,0.047084957
207095_at,0.047080636
227257_s_at,0.047080636
213459_at,0.04707761
212868_x_at,0.047076143
211993_at,0.04707466
241669_x_at,0.047074378
215129_at,0.0470727
232896_at,0.04707162
235622_at,0.047071416
221924_at,0.047070757
228760_at,0.04707071
1569403_at,0.047070127
208859_s_at,0.047069967
234022_at,0.047069505
213170_at,0.04706897
224708_at,0.047068745
201182_s_at,0.047067553
228408_s_at,0.04706694
202063_s_at,0.047065735
225762_x_at,0.047065586
204708_at,0.047064625
234056_at,0.04706434
1564520_s_at,0.047062382
215165_x_at,0.047062382
1567704_at,0.047061846
1563612_at,0.047059774
243947_s_at,0.047059312
237144_at,0.04705885
208328_s_at,0.04705845
233864_s_at,0.047056943
219913_s_at,0.047056004
206579_at,0.047054924
204060_s_at,0.04705456
225769_at,0.047054216
201240_s_at,0.047053397
1555620_a_at,0.047052525
240426_at,0.047051713
236262_at,0.047051657
205882_x_at,0.04705158
240629_at,0.047050107
240583_at,0.047050014
229897_at,0.04704818
241492_at,0.047048137
1557857_a_at,0.04704578
244831_at,0.047045015
211162_x_at,0.047044694
228689_at,0.04704444
241222_at,0.047044292
233895_at,0.047044203
243379_at,0.047040835
210623_at,0.047037944
1562537_at,0.047037885
1561671_at,0.04703734
1558452_at,0.04703728
1554233_at,0.04703648
226647_at,0.047036447
209590_at,0.047035836
227087_at,0.04703577
201711_x_at,0.04703462
235980_at,0.04703392
244661_at,0.047032505
201442_s_at,0.047032304
213217_at,0.047031015
1570430_at,0.047025893
217886_at,0.047025114
208393_s_at,0.047024786
1559598_at,0.047023043
220729_at,0.04702267
238443_at,0.0470206
228128_x_at,0.047020007
202227_s_at,0.0470199
237309_at,0.047019407
212832_s_at,0.04701695
204075_s_at,0.04701671
226106_at,0.0470165
222537_s_at,0.047014862
1564155_x_at,0.04701391
209333_at,0.047013775
243158_at,0.047013223
231426_at,0.04701296
225092_at,0.047010496
219402_s_at,0.047009796
217992_s_at,0.047009677
239729_at,0.04700931
228717_at,0.04700859
215786_at,0.04700847
31835_at,0.047006108
226054_at,0.04700491
244038_at,0.04700265
224408_at,0.047001965
219035_s_at,0.047001675
213784_at,0.047001325
209087_x_at,0.047001168
1553590_at,0.046999816
1566902_at,0.046999246
209675_s_at,0.046999127
1558568_a_at,0.046998583
221290_s_at,0.04699838
233170_at,0.046997905
241201_at,0.04699725
1563482_at,0.046996742
214982_at,0.04699585
204273_at,0.046994552
1556718_s_at,0.0469945
202485_s_at,0.046994112
222611_s_at,0.046994045
208912_s_at,0.046993077
207931_s_at,0.046992898
208694_at,0.04699266
212348_s_at,0.04699126
238385_at,0.046990816
207367_at,0.04699061
34449_at,0.046990246
235091_at,0.04698962
215221_at,0.04698822
204284_at,0.046986252
244628_at,0.046985738
210730_s_at,0.046985343
1552872_at,0.04698118
231596_at,0.046979412
214421_x_at,0.04697941
1568789_at,0.04697904
217035_at,0.046978436
1560841_at,0.046977088
244501_at,0.046975084
1553521_at,0.046974897
204747_at,0.0469743
224955_at,0.046971932
1556156_at,0.046971437
220372_at,0.046970196
229669_at,0.046969004
202615_at,0.046968758
227773_at,0.046968684
230849_at,0.046967126
1562935_at,0.046965726
1552458_at,0.046965547
1564960_at,0.04696487
1567664_at,0.0469638
209951_s_at,0.04696262
244105_at,0.04696255
242870_at,0.046962455
208987_s_at,0.04696098
240138_at,0.04695969
207752_x_at,0.046959087
1561148_at,0.046958923
216484_x_at,0.046957165
239388_at,0.046954542
223239_at,0.046954334
1570364_at,0.04695303
209700_x_at,0.046952993
223234_at,0.04695198
1569386_at,0.04695142
242402_x_at,0.04695082
241954_at,0.046949133
216058_s_at,0.046947904
220897_at,0.04694496
230507_at,0.04694371
230254_at,0.046939515
211074_at,0.046938658
214044_at,0.04693647
230680_at,0.046934824
217679_x_at,0.046933174
1564259_at,0.046933062
209600_s_at,0.046932846
220171_x_at,0.046932638
241362_at,0.046931762
239493_at,0.04693167
222450_at,0.046927083
220745_at,0.046926226
1554863_s_at,0.046922147
225097_at,0.04692103
236461_at,0.046920747
232631_at,0.04692073
1566953_x_at,0.04692046
214845_s_at,0.046918973
200733_s_at,0.046917856
222777_s_at,0.046917617
233827_s_at,0.0469158
242105_at,0.046914216
236096_at,0.046912555
231333_at,0.046911336
242812_at,0.046910137
216544_at,0.046907507
1563081_at,0.04690724
217428_s_at,0.046907187
1565610_at,0.04690534
1570350_at,0.046905093
209996_x_at,0.04690467
1568718_at,0.046904206
242210_at,0.046903133
229495_at,0.04690302
227211_at,0.0469023
1560154_a_at,0.04690204
204707_s_at,0.046901636
1562716_at,0.046901554
218897_at,0.04690148
225840_at,0.04690019
1558394_s_at,0.046894748
227669_at,0.046893656
1561559_at,0.046893477
231422_x_at,0.046893448
228357_at,0.04689303
207596_at,0.046892762
209272_at,0.046892002
228594_at,0.04689166
221378_at,0.046890352
1562772_a_at,0.04688993
241605_at,0.046889916
209762_x_at,0.046889484
241454_at,0.04688745
214992_s_at,0.04688725
237365_at,0.04688693
1560274_at,0.0468857
222386_s_at,0.046883494
227129_x_at,0.04688105
1561038_at,0.04688075
238416_x_at,0.04688006
237516_at,0.046879686
213946_s_at,0.046877213
240398_at,0.046874978
219382_at,0.046872973
207462_at,0.046871617
50965_at,0.04687161
234182_at,0.046870537
223478_at,0.046870336
1556699_at,0.04686994
202853_s_at,0.046869576
1559697_a_at,0.046868846
228483_s_at,0.046868503
230565_at,0.046867877
243341_at,0.046866737
203417_at,0.046866573
1564784_at,0.0468658
228595_at,0.04686494
215672_s_at,0.046864763
229250_at,0.04686299
204226_at,0.046862736
211189_x_at,0.046861432
226252_at,0.046860725
233810_x_at,0.046860322
229227_at,0.046859965
233003_at,0.046859726
208958_at,0.046859108
1561100_at,0.046859108
238449_at,0.046857923
49051_g_at,0.046857502
223233_s_at,0.046857454
216434_at,0.046857342
221659_s_at,0.046854578
216685_s_at,0.046853565
1561731_at,0.046852402
223785_at,0.04685159
242959_at,0.04684978
235321_at,0.046849772
1564598_a_at,0.046849273
215012_at,0.04684803
220399_at,0.04684609
221979_at,0.046843424
231255_at,0.046842575
1555774_at,0.04684197
213827_at,0.046841845
1561813_at,0.04684016
218924_s_at,0.046839386
243285_at,0.046839356
221404_at,0.04683923
236436_at,0.04683827
1560432_at,0.046838
223826_s_at,0.04683762
229891_x_at,0.046834916
238658_at,0.04683456
233903_s_at,0.04683394
208881_x_at,0.046833754
238419_at,0.046833646
216593_s_at,0.04683274
221718_s_at,0.046830714
241017_at,0.046830505
219671_at,0.04683046
1562643_at,0.04682879
228781_at,0.046828344
211667_x_at,0.046827555
214895_s_at,0.046827182
213878_at,0.04682608
1563919_a_at,0.046824172
201726_at,0.0468238
215153_at,0.046823572
216877_at,0.0468233
243319_at,0.046822295
204716_at,0.04682204
244098_at,0.04682195
1559713_at,0.046821795
203208_s_at,0.04682167
243881_at,0.046820596
222128_at,0.046820298
232961_at,0.046820167
1569564_at,0.046819158
211619_s_at,0.046817675
1562836_at,0.04681681
206094_x_at,0.046815753
238223_at,0.046814576
216963_s_at,0.046811685
220277_at,0.046809204
216247_at,0.046808742
1563902_at,0.0468079
219928_s_at,0.04680614
1558502_s_at,0.046805624
217102_at,0.04680513
219269_at,0.04680395
1559640_at,0.046802014
230574_at,0.046801575
217332_at,0.046798147
244459_at,0.046797324
221867_at,0.04679425
208040_s_at,0.046793982
241349_at,0.046793707
1570293_at,0.046793416
221057_at,0.0467934
242641_at,0.046792872
226877_at,0.046792373
242990_at,0.046792313
207809_s_at,0.046791792
216444_at,0.046791565
228996_at,0.046791404
221062_at,0.046791267
242905_at,0.046791196
204762_s_at,0.04679048
230119_at,0.04678969
216316_x_at,0.046787456
223342_at,0.046787202
207184_at,0.046786115
1555995_a_at,0.046785455
206124_s_at,0.046785414
218209_s_at,0.046785027
218853_s_at,0.046784192
1562463_at,0.046782464
1568615_a_at,0.046782404
1566044_at,0.046782315
217752_s_at,0.046781987
1559042_at,0.046781555
1563132_at,0.04678064
205279_s_at,0.046780013
1553574_at,0.046779897
239073_at,0.04677952
1556931_at,0.046779454
237443_at,0.046778135
232570_s_at,0.046778105
230434_at,0.046777308
228880_at,0.0467764
1552463_at,0.04677579
1553711_a_at,0.046774946
236648_at,0.04677403
203957_at,0.04677382
221195_at,0.046773747
224130_s_at,0.046771124
1554972_at,0.046771094
1555298_a_at,0.046768583
232380_at,0.046767406
209043_at,0.046767026
239820_at,0.0467669
211805_s_at,0.04676587
208741_at,0.04676482
236974_at,0.046764806
221833_at,0.046764404
200940_s_at,0.0467636
1569147_at,0.04676214
203432_at,0.046758592
233273_at,0.04675813
231408_at,0.046757966
1570043_at,0.04675795
212409_s_at,0.04675691
225813_at,0.046756893
222324_at,0.046756256
231259_s_at,0.046755433
1559515_at,0.046755172
205009_at,0.04675495
242618_at,0.04675483
220167_s_at,0.046754725
218268_at,0.0467543
238570_at,0.046752512
238070_at,0.046751708
1558388_a_at,0.046747893
204981_at,0.046747476
224043_s_at,0.046747036
242225_at,0.046746463
222488_s_at,0.046745867
209424_s_at,0.046745844
1560615_a_at,0.046743996
221356_x_at,0.046742447
230474_at,0.046742402
234254_at,0.046742246
202970_at,0.04674162
222844_s_at,0.04674144
1554041_at,0.04673981
208023_at,0.046739236
235396_at,0.04673904
232093_at,0.04673776
229787_s_at,0.046737596
233901_at,0.046737317
236704_at,0.04673721
1558315_s_at,0.04673645
238363_at,0.046735093
230855_at,0.04673499
236171_at,0.04673492
216783_at,0.046734683
203982_s_at,0.046731666
224227_s_at,0.04673077
201766_at,0.046729304
218392_x_at,0.046727598
217637_at,0.046727553
244293_at,0.046724282
242331_x_at,0.046724267
230001_at,0.04672329
216146_at,0.046723247
1562854_at,0.04672224
225530_at,0.046721697
206670_s_at,0.046721175
213675_at,0.04672093
213528_at,0.046717852
224136_at,0.046717376
206477_s_at,0.046716936
241556_at,0.04671646
205116_at,0.046716005
216259_at,0.046715975
1565638_at,0.04671592
1566952_at,0.046715364
222276_at,0.046714596
226859_at,0.046713874
241599_at,0.04671379
208848_at,0.046713367
230349_at,0.0467128
241747_s_at,0.046712667
221372_s_at,0.04671208
219015_s_at,0.046711832
239048_at,0.04671152
1570230_at,0.046707645
215360_at,0.046703473
230329_s_at,0.0467024
217589_at,0.04670223
1564474_at,0.046702202
200901_s_at,0.046700537
228136_s_at,0.04670021
1569999_at,0.04669608
237266_at,0.04669597
1559982_s_at,0.0466958
221096_s_at,0.046695337
233353_at,0.04669518
230933_at,0.046695143
203603_s_at,0.046695024
225726_s_at,0.046693273
233714_at,0.046692625
229186_s_at,0.046691284
235320_at,0.046690717
208573_s_at,0.046689562
203182_s_at,0.046688825
220844_at,0.046687916
231949_at,0.046686515
1562771_at,0.04668486
1564301_a_at,0.046684757
204241_at,0.04668446
1556568_a_at,0.046682224
223057_s_at,0.046679556
222034_at,0.046679407
219967_at,0.04667908
202010_s_at,0.046678662
224959_at,0.046678588
230253_at,0.04667841
210420_at,0.04667657
213300_at,0.046676397
240824_at,0.04667613
235680_at,0.046674684
1557700_at,0.04667458
1562455_at,0.046673838
225070_at,0.04667154
1565680_at,0.046669677
207991_x_at,0.04666908
226062_x_at,0.04666868
229213_at,0.04666858
234009_at,0.046668462
1553163_at,0.046668336
231973_s_at,0.046667427
213993_at,0.04666613
206159_at,0.04666605
237838_at,0.04666599
1568955_at,0.046665892
220368_s_at,0.046665847
1555006_at,0.046665397
216121_at,0.04666519
1566934_at,0.046663612
219774_at,0.046663314
1555523_a_at,0.046663165
239435_x_at,0.046663105
1567065_at,0.04666307
211469_s_at,0.046663027
635_s_at,0.046662733
206819_at,0.04666148
231032_at,0.046659894
224074_at,0.046659417
218262_at,0.04665938
1552330_at,0.046659082
221615_at,0.046656415
201881_s_at,0.046655998
226596_x_at,0.04665388
244757_at,0.046652373
202518_at,0.046651617
231039_at,0.046651155
207012_at,0.046648797
207630_s_at,0.04664813
243588_at,0.046648063
230184_at,0.046647992
1558383_at,0.046647817
228806_at,0.046647765
230372_at,0.04664593
1555896_a_at,0.04664588
223763_at,0.04664506
201267_s_at,0.04664503
241499_at,0.046643175
211193_at,0.04664214
36742_at,0.046641573
233367_at,0.046640694
1565805_at,0.0466404
201996_s_at,0.046640128
215448_at,0.04663872
1555846_a_at,0.046636343
200991_s_at,0.04663509
243491_at,0.046631888
207813_s_at,0.046631023
210013_at,0.046630815
217259_at,0.046629794
1560599_a_at,0.04662863
1563076_x_at,0.046625927
1560370_x_at,0.04662504
243663_at,0.046624936
225476_at,0.046624795
225366_at,0.04662475
243218_at,0.046623692
222672_at,0.04662326
244366_at,0.046623044
237779_at,0.046622954
243597_at,0.046622507
211862_x_at,0.046620503
216072_at,0.04661958
228966_at,0.0466189
242099_at,0.046618894
201866_s_at,0.046618298
1562885_at,0.046618022
1559804_at,0.046616755
1554201_at,0.046616465
230463_at,0.046615805
202595_s_at,0.046613276
227008_at,0.046612382
233394_at,0.046612088
204023_at,0.046610832
231180_at,0.046606414
227489_at,0.046601996
241851_x_at,0.04660064
223397_s_at,0.04660058
207503_at,0.046593316
218561_s_at,0.046592563
231691_at,0.04659225
227022_at,0.046590626
1562411_at,0.046590358
218654_s_at,0.04659033
213452_at,0.04659012
206586_at,0.046589196
227332_at,0.046587735
228614_at,0.04658577
1556221_a_at,0.046585657
235366_at,0.046584696
229518_at,0.046582922
238667_at,0.046582818
204932_at,0.04658054
225875_s_at,0.04657787
225076_s_at,0.046577245
1555123_at,0.046576083
229592_at,0.046573848
1568191_at,0.046572417
240723_at,0.0465718
222050_at,0.04657121
1554451_s_at,0.046570644
1552895_a_at,0.04657048
1552929_at,0.04656929
1568891_x_at,0.046566814
223641_at,0.046566322
233420_at,0.04656589
238777_x_at,0.046565846
236675_at,0.046565466
1554008_at,0.046565097
210594_x_at,0.046563998
212888_at,0.046563864
209459_s_at,0.04656382
220555_s_at,0.04656239
203291_at,0.046562344
235088_at,0.04656221
228238_at,0.046561956
210552_s_at,0.04656157
1560879_a_at,0.04656151
1568882_at,0.046560377
201009_s_at,0.046558857
226036_x_at,0.04655859
210689_at,0.046558477
224240_s_at,0.04655479
214236_at,0.046553917
218804_at,0.046553757
65588_at,0.046553463
244220_at,0.046553105
229707_at,0.046552926
223975_at,0.046551704
244251_at,0.0465516
236762_at,0.046551317
216001_at,0.046551287
1554248_at,0.046550423
239418_x_at,0.046550274
218005_at,0.04654929
1556627_at,0.0465485
1554219_at,0.04654839
241140_at,0.04654722
1554340_a_at,0.046547167
216042_at,0.046546683
215380_s_at,0.046545982
205102_at,0.04654421
214605_x_at,0.04654409
223079_s_at,0.046543837
229419_at,0.046542317
232363_at,0.046541184
236489_at,0.046540644
222421_at,0.046539128
237709_at,0.04653848
224181_at,0.046537146
1565886_at,0.0465353
1557848_at,0.0465352
226785_at,0.046534896
208899_x_at,0.046534747
244770_at,0.046534292
219072_at,0.046533883
234132_at,0.04653252
224910_at,0.046531543
219008_at,0.04653114
216368_s_at,0.046531014
201912_s_at,0.046530426
1561169_at,0.04652927
224534_at,0.046529233
244188_at,0.046527635
221386_at,0.046525005
224422_x_at,0.046523184
206437_at,0.04652144
224509_s_at,0.04652095
230654_at,0.04651706
1568869_at,0.04651679
215895_x_at,0.046516366
1563563_at,0.04651466
223361_at,0.046514243
1564166_s_at,0.046513915
220748_s_at,0.046512872
232730_at,0.0465122
227269_s_at,0.046512105
202162_s_at,0.046510518
239749_at,0.046507172
1563038_at,0.046507098
226384_at,0.04650648
230907_at,0.046506397
240630_at,0.04650569
203428_s_at,0.04650438
215183_at,0.046502434
1556505_at,0.04650218
203785_s_at,0.046501145
205454_at,0.04650055
230766_at,0.046499863
1557745_at,0.046498418
216150_at,0.04649824
227277_at,0.046497926
231521_at,0.046497375
218592_s_at,0.046496406
239934_x_at,0.04649491
224834_at,0.04649447
210416_s_at,0.04649371
234099_at,0.04649207
220667_at,0.04648979
210175_at,0.046488687
238179_at,0.046488076
1563805_a_at,0.04648679
234130_at,0.046486698
240206_at,0.046484165
211089_s_at,0.046484113
206132_at,0.04648409
1560723_at,0.046484005
1553670_at,0.04648143
226487_at,0.04648
200699_at,0.04647918
234265_at,0.046478383
240240_at,0.04647757
1566251_at,0.046475478
209381_x_at,0.046475008
229614_at,0.046474233
207387_s_at,0.046472862
203257_s_at,0.046471655
1567240_x_at,0.046471313
205567_at,0.04647121
1563036_at,0.046469726
208454_s_at,0.046469033
214487_s_at,0.04646817
232612_s_at,0.046466887
236326_at,0.046466514
1570231_at,0.046465937
1553078_at,0.046465315
237964_at,0.046465278
207318_s_at,0.046459943
1557164_a_at,0.04645975
1569114_at,0.046459086
207709_at,0.046457745
224145_s_at,0.046457373
1558855_at,0.04645691
208762_at,0.046456024
218715_at,0.046454936
208633_s_at,0.046453416
217133_x_at,0.046450935
1566735_at,0.046450257
239860_at,0.046450187
224268_x_at,0.046448454
214444_s_at,0.046448156
215685_s_at,0.04644765
1554487_a_at,0.04644683
209538_at,0.04644659
242142_at,0.046446353
241951_at,0.04644508
212506_at,0.04644379
211106_at,0.04644154
1558813_at,0.046441495
1562222_at,0.04644116
241217_x_at,0.046440408
244100_at,0.046439826
227458_at,0.046439335
232648_at,0.046439335
244323_at,0.046437774
1563102_at,0.046437055
223114_at,0.046436593
238187_at,0.046436146
228250_at,0.04643601
220672_at,0.046435867
236906_x_at,0.04643579
220592_at,0.04643567
240335_at,0.04643558
228985_at,0.046434157
230746_s_at,0.046432927
242593_at,0.04643026
206047_at,0.04642941
59437_at,0.046427455
221684_s_at,0.04642594
201083_s_at,0.04642403
1569108_a_at,0.046423227
221110_x_at,0.046422713
241778_at,0.046422653
221860_at,0.046421587
1556336_at,0.046421424
223602_at,0.046421066
231790_at,0.046420965
239588_s_at,0.046420075
208587_s_at,0.046419233
229521_at,0.04641919
1557724_a_at,0.04641825
220894_x_at,0.046417013
232879_at,0.046413302
201988_s_at,0.04641244
219974_x_at,0.046411633
227864_s_at,0.046410978
241048_at,0.046408843
209839_at,0.046405584
1568873_at,0.046404287
214515_at,0.04640377
241565_at,0.046403706
228517_at,0.046403006
1559370_at,0.046402995
235364_at,0.046402402
1566504_at,0.04640223
1561305_at,0.04640156
226057_at,0.046400707
207058_s_at,0.046397865
213982_s_at,0.04639694
233056_x_at,0.046396658
244681_at,0.046396166
228820_at,0.046395168
1563495_at,0.046394944
216668_at,0.0463937
214640_at,0.04639058
221899_at,0.04638928
202239_at,0.04638785
1566868_at,0.046387188
207486_x_at,0.046385244
223434_at,0.04638405
205396_at,0.04638342
230384_at,0.046383306
233181_at,0.04638266
1557252_at,0.04638183
227212_s_at,0.046378642
236331_at,0.04637836
242678_at,0.046377786
205143_at,0.046377473
202111_at,0.046376973
225181_at,0.04637575
226475_at,0.04637246
203823_at,0.04636973
228800_x_at,0.046368547
201070_x_at,0.046367466
227687_at,0.04636745
208661_s_at,0.04636666
205730_s_at,0.04636457
1557374_at,0.04636214
203620_s_at,0.046361223
234235_at,0.04636059
205248_at,0.04636033
224687_at,0.046356708
241329_s_at,0.04635542
210584_s_at,0.046355203
218551_at,0.04635498
1552657_a_at,0.046354957
221241_s_at,0.04635472
240474_x_at,0.046352975
210311_at,0.0463529
240686_x_at,0.046352603
219564_at,0.046352237
232503_at,0.04635062
1554314_at,0.046348497
242506_at,0.046348244
1566887_x_at,0.046348214
210925_at,0.04634773
1557046_x_at,0.046347603
216537_s_at,0.046345785
244594_x_at,0.04634571
1569753_at,0.046345137
202380_s_at,0.046345115
1556301_at,0.046344414
1566040_at,0.046343688
220477_s_at,0.046343625
210168_at,0.046343517
242280_x_at,0.04634297
238440_at,0.04634233
1561639_at,0.046341762
229699_at,0.046340972
228445_at,0.046339028
220774_at,0.046338648
239474_at,0.04633856
1552599_at,0.04633713
223806_s_at,0.0463365
1569312_at,0.046335384
1560065_at,0.046334818
225024_at,0.04633391
212569_at,0.046332836
1559390_a_at,0.046331793
202150_s_at,0.046331257
215860_at,0.046330124
242034_at,0.046329744
244424_at,0.04632923
233338_at,0.046329163
1562443_at,0.046328716
226245_at,0.046328425
227002_at,0.046327293
230943_at,0.046327177
1561676_at,0.04632692
204051_s_at,0.046326265
227776_at,0.04632391
1554176_a_at,0.046323776
227011_at,0.046323195
219959_at,0.046321988
223237_x_at,0.046320915
224958_at,0.046320826
240895_at,0.04632037
200737_at,0.04632032
218439_s_at,0.04631883
226316_at,0.0463185
216263_s_at,0.046318024
1556332_at,0.046314776
207128_s_at,0.04631439
228414_at,0.046313405
217522_at,0.046312634
1564143_at,0.046310388
242027_at,0.04630795
1555141_a_at,0.046307743
241032_at,0.04630757
218516_s_at,0.0463043
214137_at,0.04630395
238964_at,0.046303943
218252_at,0.04630336
241741_at,0.046300963
235725_at,0.04630044
224557_x_at,0.046299085
205530_at,0.046297893
222660_s_at,0.04629779
207725_at,0.04629717
213776_at,0.046296716
207823_s_at,0.046293546
1553280_at,0.046293363
1566221_at,0.04629226
239633_at,0.046291083
48106_at,0.04629086
224058_s_at,0.046290636
1555159_at,0.046290472
234922_s_at,0.046290427
215481_s_at,0.0462901
223226_x_at,0.04628977
217297_s_at,0.046288
1556784_at,0.046286434
244786_at,0.046283185
217140_s_at,0.046282113
231297_at,0.046281517
215863_at,0.046281032
204897_at,0.04628089
37226_at,0.046280533
219241_x_at,0.046280116
238336_s_at,0.04627905
201675_at,0.04627669
202301_s_at,0.04627621
241694_at,0.046274625
212157_at,0.046274528
39763_at,0.046273954
221962_s_at,0.046273768
227931_at,0.046273723
203175_at,0.046272755
229945_at,0.046272546
210174_at,0.04627219
236817_at,0.046271488
231641_at,0.046270795
204864_s_at,0.046269894
227379_at,0.046269745
1554737_at,0.046269216
228321_s_at,0.046267908
1553298_at,0.046266895
216489_at,0.046266824
239830_at,0.046266407
212038_s_at,0.046266288
240155_x_at,0.046264976
1559546_s_at,0.04626429
239071_at,0.046263486
201874_at,0.046262354
211903_s_at,0.046262182
207938_at,0.046260916
242168_at,0.04625967
203020_at,0.046258092
241218_at,0.04625655
205564_at,0.046256162
233740_at,0.046251923
211333_s_at,0.046251178
239221_at,0.046250828
229991_s_at,0.04624994
1556924_at,0.04624994
243614_s_at,0.046249554
205582_s_at,0.046249427
208744_x_at,0.046247035
201845_s_at,0.046245337
231196_x_at,0.046244904
1561335_at,0.04624216
234476_at,0.04623904
216351_x_at,0.046238743
220896_at,0.04623815
2028_s_at,0.04623781
244360_at,0.046237484
243982_at,0.04623629
1568638_a_at,0.046234455
210727_at,0.046234414
236239_at,0.04623416
225624_at,0.046233416
1557553_at,0.04623259
224387_at,0.046232507
240511_at,0.046232406
234608_at,0.046231985
240978_at,0.046230666
1556235_at,0.04623051
213118_at,0.046229213
242060_x_at,0.04622811
240243_at,0.046225958
1554231_a_at,0.04622449
235977_at,0.046222866
1553998_at,0.04622124
212406_s_at,0.046220243
218119_at,0.046219796
1564194_a_at,0.04621899
206162_x_at,0.046218865
240701_at,0.04621786
204380_s_at,0.046216823
1566599_at,0.046216205
235923_at,0.046214074
208323_s_at,0.046210982
1566037_at,0.046209827
202538_s_at,0.04620868
222801_s_at,0.04620798
226155_at,0.046207875
1568904_at,0.04620736
1562687_x_at,0.046207346
1552925_at,0.04620623
240607_at,0.046205863
223513_at,0.04620394
1556586_x_at,0.046203926
218498_s_at,0.04620287
1562065_at,0.0462026
218807_at,0.046201468
219014_at,0.046200305
226716_at,0.046199277
206288_at,0.046198986
221785_at,0.04619679
1553417_at,0.046195067
242620_at,0.04619462
220056_at,0.046192706
234592_at,0.046191875
1559023_a_at,0.04619102
241416_at,0.0461908
1562950_at,0.04618963
244205_at,0.04618895
205701_at,0.046187334
1552809_at,0.046186484
203464_s_at,0.04618357
212167_s_at,0.046183497
215865_at,0.046182342
226170_at,0.046181247
228993_s_at,0.046181142
242238_at,0.046176493
242699_at,0.046175487
239226_at,0.046175227
224394_at,0.046175137
1561339_at,0.046174563
208105_at,0.046174195
205374_at,0.046172485
233806_at,0.046171233
230087_at,0.046170793
211052_s_at,0.0461694
240107_at,0.046168234
221222_s_at,0.04616814
234210_x_at,0.04616797
218321_x_at,0.04616767
208421_at,0.046166427
232156_at,0.046166286
1565729_at,0.04616496
1563750_at,0.046164263
1566537_at,0.04616397
212561_at,0.04616332
1567912_s_at,0.046163112
244733_at,0.04616262
215609_at,0.046162516
227828_s_at,0.046162445
233373_at,0.046160683
1565620_at,0.04615894
1555129_at,0.046158776
213017_at,0.04615733
224705_s_at,0.04615636
228366_at,0.046154782
243353_at,0.04615356
1566295_at,0.04615346
231365_at,0.046153292
222819_at,0.046151504
1559462_at,0.04615099
207147_at,0.04614993
216815_at,0.04614947
204626_s_at,0.046148233
235186_at,0.04614821
200987_x_at,0.04614754
206613_s_at,0.04614523
209185_s_at,0.046144754
227621_at,0.046144724
212973_at,0.046144426
244737_at,0.046141535
216479_at,0.046141535
240128_at,0.046141088
215281_x_at,0.04613997
214684_at,0.04613942
241046_at,0.046139248
206529_x_at,0.04613831
1561439_at,0.046136007
240908_at,0.04613571
211098_x_at,0.04613538
202368_s_at,0.046135068
214723_x_at,0.046134353
205294_at,0.046134025
222606_at,0.046133637
219340_s_at,0.04613346
1554259_at,0.046133157
227640_s_at,0.046132147
229394_s_at,0.04613146
231156_at,0.046130188
233666_at,0.046129607
233678_at,0.04612872
231493_at,0.046128422
205965_at,0.046127766
225180_at,0.046126306
225853_at,0.04612595
1559929_at,0.046125904
210701_at,0.04612574
1556808_at,0.046123028
228615_at,0.046119884
1729_at,0.046119362
216878_x_at,0.04611811
216770_at,0.046117872
207659_s_at,0.04611727
1559590_at,0.046117015
1556452_a_at,0.04611537
228780_at,0.046114802
221734_at,0.046114087
218925_s_at,0.04611371
1558949_at,0.046111993
201878_at,0.0461116
230756_at,0.04611145
1569077_x_at,0.0461109
1561089_at,0.046110377
241728_at,0.046110228
228455_at,0.046108633
221098_x_at,0.046106964
228208_x_at,0.04610464
236615_at,0.04610388
209522_s_at,0.046103567
212177_at,0.04610294
243216_x_at,0.046101436
203812_at,0.046099298
236779_at,0.046098523
237937_x_at,0.046094913
231871_at,0.046094626
1566337_x_at,0.04609458
210750_s_at,0.04609377
234953_x_at,0.04609324
229675_at,0.046092335
229768_at,0.046091117
207227_x_at,0.046090104
218263_s_at,0.04608977
214492_at,0.046089403
1568849_at,0.046088032
227187_at,0.04608801
231380_at,0.046087235
203772_at,0.04608667
1570623_at,0.0460852
217391_x_at,0.04608428
217413_s_at,0.04608333
243382_at,0.04608316
218095_s_at,0.0460822
201752_s_at,0.04608205
211084_x_at,0.046081692
1561348_at,0.046081677
244790_at,0.046081513
238704_at,0.046080753
1557185_at,0.046079427
201420_s_at,0.046079367
240926_at,0.046079338
219257_s_at,0.04607886
210006_at,0.046078533
208013_s_at,0.046076827
1562764_at,0.046076685
231054_at,0.046076156
1561536_at,0.04607583
213206_at,0.046074703
202898_at,0.04607348
1565597_at,0.046072584
203975_s_at,0.04607147
240621_at,0.04607047
204250_s_at,0.046069846
1553547_at,0.046069413
222791_at,0.046069026
230262_at,0.046068914
204905_s_at,0.04606846
227543_at,0.0460663
210185_at,0.0460653
211721_s_at,0.04606469
204344_s_at,0.046064407
234104_at,0.04606116
209006_s_at,0.046058536
234531_at,0.04605788
220669_at,0.046056747
201276_at,0.046056136
243236_at,0.046053946
225999_at,0.046053857
241424_at,0.046052232
203085_s_at,0.04605186
214499_s_at,0.04605162
234526_at,0.04605045
217734_s_at,0.04605013
229874_x_at,0.046049714
225228_at,0.046049222
215638_at,0.046048634
204579_at,0.046047807
1559584_a_at,0.046045095
1562644_at,0.04604438
1558233_s_at,0.04604417
233709_at,0.046042964
203521_s_at,0.046041235
223207_x_at,0.046040952
228725_x_at,0.04603997
227343_at,0.04603994
206242_at,0.04603833
223188_at,0.046038
242887_at,0.046037525
1559028_at,0.04603745
1561757_a_at,0.04603486
1569808_at,0.046033956
237589_at,0.046031922
211523_at,0.046031598
208774_at,0.046031
234874_at,0.04603038
224050_s_at,0.04602743
204687_at,0.04602641
217832_at,0.046025783
215763_at,0.04602455
229693_at,0.046023875
230483_at,0.0460238
244515_at,0.04602258
206875_s_at,0.046020955
241266_at,0.04601959
218156_s_at,0.046019077
211334_at,0.046019033
225033_at,0.0460179
214616_at,0.04601731
215179_x_at,0.046016008
200975_at,0.04601586
238874_at,0.04601191
237518_at,0.046009734
237231_at,0.046008997
242926_at,0.046008095
1556477_a_at,0.04600731
219253_at,0.046006337
242190_at,0.046004176
219420_s_at,0.046003968
242671_at,0.046003185
208911_s_at,0.046002805
1554414_a_at,0.046002775
202780_at,0.046001047
202539_s_at,0.04599917
239318_at,0.045998767
214701_s_at,0.04599818
1562330_s_at,0.04599736
242307_at,0.04599507
243548_x_at,0.045994185
220665_at,0.045993894
208927_at,0.04599309
236753_at,0.04599075
209237_s_at,0.045990705
1558885_at,0.045990407
1566511_at,0.0459904
241821_at,0.045990348
207680_x_at,0.045989558
1554578_at,0.045988843
243019_at,0.04598532
244792_at,0.04598503
1557070_at,0.04598478
1566242_at,0.04598453
237969_at,0.04598394
227075_at,0.0459823
209588_at,0.045980513
225439_at,0.04597655
1552960_at,0.045975003
1556520_at,0.045974575
221251_x_at,0.045973822
1556182_x_at,0.045970708
240108_at,0.0459705
37831_at,0.04596907
213188_s_at,0.045968175
224099_at,0.045966603
241767_at,0.045965604
217248_s_at,0.04596545
215539_at,0.04596328
206241_at,0.045961827
225441_x_at,0.045960605
243325_at,0.04595854
237826_at,0.045958456
221180_at,0.045957282
1559194_a_at,0.045957282
226958_s_at,0.04595563
208204_s_at,0.045954905
214731_at,0.045954764
34063_at,0.045953847
204038_s_at,0.04595384
214004_s_at,0.045953587
244500_s_at,0.045952298
211886_s_at,0.04595106
216814_at,0.04595094
1565900_at,0.04595059
238206_at,0.045947745
1568858_at,0.04594639
233398_at,0.045945756
206888_s_at,0.045945026
1565131_x_at,0.045943543
1554907_a_at,0.0459428
1569917_at,0.04594243
204568_at,0.045942068
208263_at,0.04594092
201274_at,0.04594004
243139_at,0.045938764
237973_at,0.045938045
1556457_s_at,0.04593739
231862_at,0.045936376
218877_s_at,0.045936257
209685_s_at,0.045936048
227866_at,0.045935236
218640_s_at,0.0459342
235064_s_at,0.045933813
226363_at,0.045933455
1554509_a_at,0.045933202
233934_at,0.045932967
236829_at,0.04593253
228826_at,0.04592836
222162_s_at,0.045927923
244827_at,0.045927063
1553961_s_at,0.045927018
1555321_at,0.04592582
242775_at,0.04592382
203568_s_at,0.04592359
1556352_at,0.045923516
204685_s_at,0.045923494
231538_at,0.04592122
219314_s_at,0.045920953
240660_at,0.045919415
230011_at,0.045917675
1554840_at,0.04591748
237339_at,0.045917295
1553063_at,0.045915887
236020_s_at,0.04591366
1569341_at,0.045910843
209887_at,0.045910425
230792_at,0.04590983
211544_s_at,0.045909725
225289_at,0.04590948
228261_at,0.045908794
240187_at,0.04590822
226031_at,0.045908183
203467_at,0.045907944
204365_s_at,0.04590614
209458_x_at,0.045905292
242304_at,0.045905232
241366_at,0.04590413
227116_at,0.04589951
240846_at,0.04589878
202726_at,0.04589832
216626_at,0.04589826
242873_at,0.04589799
206826_at,0.045897454
243012_at,0.045897186
227899_at,0.045896254
229746_x_at,0.045895427
207218_at,0.045894362
233430_at,0.045893222
243114_at,0.04589177
226077_at,0.045891643
223111_x_at,0.0458913
220216_at,0.04589113
207658_s_at,0.045890544
242349_at,0.04589033
206887_at,0.04588937
227710_s_at,0.04588744
233315_at,0.045886427
211266_s_at,0.045885712
1563536_at,0.045884836
215683_at,0.04588394
238912_x_at,0.04588391
241364_at,0.04588361
227346_at,0.045883536
207365_x_at,0.04588294
201096_s_at,0.045882374
231660_at,0.045882106
1554450_s_at,0.045881867
215518_at,0.04588168
1569537_at,0.045878932
225819_at,0.045878828
1565832_at,0.045878686
226222_at,0.04587841
226962_at,0.045877486
218436_at,0.04587345
1555580_at,0.045872197
221931_s_at,0.045868218
206491_s_at,0.0458674
226317_at,0.045866877
228701_at,0.045866724
39817_s_at,0.045865268
231481_at,0.045864224
234545_at,0.045861952
205951_at,0.045861848
1568872_at,0.045860782
1569738_at,0.045859113
1569300_at,0.045858428
1570420_at,0.045855045
1569602_at,0.04585446
232440_at,0.0458543
241331_at,0.045853063
242056_at,0.04585235
232557_at,0.045850337
228736_at,0.045850202
237485_at,0.04584746
216070_at,0.04584623
223144_s_at,0.04584521
203479_s_at,0.04584378
201055_s_at,0.045841694
219094_at,0.04584056
224612_s_at,0.045839995
210497_x_at,0.0458399
219904_at,0.04583843
228859_at,0.045837864
227672_at,0.04583676
234910_at,0.045835465
1569765_at,0.04583414
241953_at,0.045833394
226538_at,0.045832455
1555255_a_at,0.045832247
236196_at,0.045832083
1553583_a_at,0.04583031
236051_at,0.04583004
1566665_at,0.045828883
240526_at,0.04582806
215694_at,0.04582788
204464_s_at,0.04582773
238139_at,0.045827262
1552610_a_at,0.04582487
223853_at,0.045823097
238354_x_at,0.045822416
203956_at,0.045822397
231575_at,0.045821264
229425_at,0.04582116
32088_at,0.04582089
1569887_a_at,0.04581985
203482_at,0.045817256
205457_at,0.045817122
209113_s_at,0.045816094
244655_at,0.04581412
216771_at,0.04581268
209064_x_at,0.04581207
215588_x_at,0.04581198
204738_s_at,0.04581163
222993_at,0.045811176
242184_s_at,0.045809984
214790_at,0.045809686
212111_at,0.045809105
226868_at,0.045808926
1560265_at,0.045808617
219500_at,0.04580687
234397_at,0.045806184
233275_at,0.045805573
242232_at,0.045805186
223492_s_at,0.04580474
230215_at,0.04580392
1553130_at,0.04580322
208351_s_at,0.045800462
240296_at,0.045799095
234999_at,0.04579901
1556362_at,0.045796767
239866_at,0.045796454
213257_at,0.04579638
225302_at,0.045796096
242791_at,0.04579381
224241_s_at,0.045792468
215207_x_at,0.04579246
230838_s_at,0.04579232
204008_at,0.04579228
219560_at,0.045790903
204305_at,0.04578966
240403_at,0.04578954
211051_s_at,0.045788854
1555124_at,0.045788392
200950_at,0.045787036
210057_at,0.04578586
1553329_at,0.04578524
243746_at,0.045785084
234144_at,0.04578436
239471_at,0.0457839
214732_at,0.045782536
216246_at,0.04578109
209296_at,0.045781076
213155_at,0.045779403
1553020_at,0.0457789
201627_s_at,0.04577729
1553809_a_at,0.045776643
238198_at,0.045776494
203170_at,0.045775697
215276_at,0.04577528
216055_at,0.045775205
235010_at,0.04577498
224511_s_at,0.04577434
207088_s_at,0.045774296
234934_at,0.045773096
209922_at,0.045773044
214772_at,0.045772098
244044_at,0.045771703
1558982_at,0.04577162
205956_x_at,0.04577142
216310_at,0.045771286
206870_at,0.045770988
1557002_x_at,0.045770146
206083_at,0.04576961
224186_s_at,0.04576786
239192_at,0.045767765
1566191_at,0.04576598
228545_at,0.045763552
215126_at,0.045762606
238738_at,0.045761436
241410_at,0.04576017
212689_s_at,0.045758605
1552877_s_at,0.045756996
1555780_a_at,0.04575652
242164_s_at,0.045756385
228237_at,0.045756333
236630_at,0.04575394
210022_at,0.045753762
232558_at,0.04574869
1561889_at,0.045748606
227107_at,0.045746
1558525_at,0.045744717
226724_s_at,0.045743465
205760_s_at,0.04574284
216524_x_at,0.04574102
208664_s_at,0.045740515
1566852_at,0.045740504
236303_at,0.045740254
239593_at,0.045739867
235990_at,0.04573883
201375_s_at,0.04573828
243761_at,0.045736797
238501_at,0.04573579
215167_at,0.045734905
215476_at,0.045734584
202919_at,0.045734048
229096_at,0.045732476
224869_s_at,0.045730516
1561258_at,0.045728564
241619_at,0.045727223
223142_s_at,0.04572638
240962_at,0.045726083
242227_at,0.045725547
1552274_at,0.045724362
210124_x_at,0.0457239
238075_at,0.045719296
236819_at,0.045717835
1570126_at,0.04571507
210186_s_at,0.045714945
207245_at,0.045714278
210649_s_at,0.04571271
224701_at,0.045712307
224182_x_at,0.04571159
213557_at,0.04571125
200903_s_at,0.045709968
205411_at,0.045709804
234443_at,0.045709647
205204_at,0.04570943
232410_at,0.04570879
236799_at,0.045708627
233068_at,0.045707494
209284_s_at,0.04570654
210680_s_at,0.045706086
1563086_at,0.045703605
241971_at,0.045703553
37802_r_at,0.04570353
1557841_at,0.045702398
224352_s_at,0.045701846
1563078_at,0.045700096
206382_s_at,0.04570006
223896_at,0.045699537
224514_x_at,0.045697212
224159_x_at,0.045695603
224577_at,0.045694068
241805_at,0.045692906
238311_at,0.045692503
201221_s_at,0.045691133
1552522_at,0.04569082
1557455_s_at,0.045690775
1556538_at,0.045690194
216586_at,0.045689546
203367_at,0.04568933
204018_x_at,0.045687854
222742_s_at,0.04568769
205490_x_at,0.045686986
210819_x_at,0.045686632
241876_at,0.04568392
214174_s_at,0.045683287
226519_s_at,0.0456807
217369_at,0.04567942
230699_at,0.045678854
238743_at,0.04567717
241501_at,0.045676887
242255_at,0.045672297
238339_x_at,0.045668215
207907_at,0.045666814
241640_at,0.045665592
243051_at,0.045665577
207198_s_at,0.04566264
222016_s_at,0.04566154
223341_s_at,0.045661107
236312_at,0.04566063
223302_s_at,0.045656577
209419_at,0.04565642
210390_s_at,0.045655973
210618_at,0.045655847
206930_at,0.045655258
200791_s_at,0.045655012
237096_at,0.045653887
231247_s_at,0.04565376
208564_at,0.045652203
207708_at,0.04565166
236546_at,0.045650244
215769_at,0.04564812
226201_at,0.045647085
237741_at,0.04564649
205039_s_at,0.04564312
244497_at,0.04564306
210848_at,0.045641243
216269_s_at,0.045641005
223725_at,0.04564038
227254_at,0.04564002
239759_at,0.045639887
1556846_at,0.04563723
240773_at,0.045636564
1555713_at,0.045636058
215418_at,0.045634374
230115_at,0.04563421
242089_at,0.045633815
242167_at,0.04563299
1557665_at,0.045632735
230220_at,0.04563207
242161_at,0.04563178
237084_at,0.04563138
227278_at,0.045630872
243056_at,0.045630388
1556899_at,0.045629866
34206_at,0.04562977
233427_x_at,0.045628935
239610_at,0.045626935
236250_at,0.045626804
1553978_at,0.045626238
218197_s_at,0.045625567
220929_at,0.0456253
207593_at,0.045623504
1555085_at,0.045622062
230327_at,0.045621447
1557145_at,0.045620725
237747_at,0.04562056
203443_at,0.045619965
217859_s_at,0.045619823
238920_at,0.04561968
1555433_at,0.045616955
1569268_at,0.045614794
210963_s_at,0.045614146
204184_s_at,0.04561335
222913_at,0.04561235
206236_at,0.04561139
1552985_at,0.045610763
230864_at,0.04561071
238710_at,0.045606792
234271_at,0.04560575
236233_at,0.045605123
209412_at,0.045604542
206731_at,0.045604534
239304_at,0.045604467
222270_at,0.045604095
241755_at,0.04560393
243892_at,0.045603916
241720_at,0.045603782
207602_at,0.045603767
237844_at,0.045599252
228076_s_at,0.045598954
1566438_at,0.045598775
217727_x_at,0.045597494
205834_s_at,0.045596905
222166_at,0.04559558
231731_at,0.04559397
1557119_a_at,0.045592815
240996_at,0.04559207
227071_at,0.045590684
1563042_at,0.045590676
1566981_at,0.045590565
241725_at,0.04558994
222800_at,0.04558915
224129_s_at,0.04558897
211510_s_at,0.045588627
208910_s_at,0.04558754
224084_at,0.04558737
244381_at,0.04558271
227660_at,0.045582138
240329_at,0.045581393
235983_at,0.045580387
238517_at,0.04557938
226162_at,0.04557927
227526_at,0.04557813
1565730_at,0.045575857
231912_s_at,0.045575663
242660_at,0.045575228
200964_at,0.045573294
1557502_at,0.045570485
230404_at,0.045569494
235108_at,0.045568906
220824_at,0.045568496
240615_at,0.04556805
1569129_s_at,0.045567706
1552364_s_at,0.045567602
225493_at,0.04556629
242375_x_at,0.04556478
225712_at,0.04556392
229067_at,0.045563817
220912_at,0.04556247
212594_at,0.04556197
242233_at,0.04556057
213642_at,0.045560166
217857_s_at,0.045559883
237353_at,0.04555963
224529_s_at,0.045558408
209848_s_at,0.045555428
1553108_at,0.04555472
232358_at,0.045554146
206199_at,0.045553893
239671_at,0.045553576
229083_at,0.045551836
243350_at,0.04554987
235352_at,0.045549497
227217_at,0.04554913
1553847_a_at,0.045548514
237153_at,0.04554818
234239_at,0.045547098
208052_x_at,0.045546934
201946_s_at,0.045546502
225030_at,0.04554437
217291_at,0.04554428
1562957_at,0.045544162
226792_s_at,0.045543894
244103_at,0.04554227
212457_at,0.04554209
1552761_at,0.045541644
221460_at,0.045541123
52255_s_at,0.045538366
204479_at,0.04553792
230139_at,0.04553683
200643_at,0.045535013
1564921_at,0.045534283
1552977_a_at,0.045533597
1564193_at,0.045531422
242200_at,0.0455289
224419_x_at,0.045528494
204769_s_at,0.045527995
217630_at,0.04552731
215404_x_at,0.045527235
1561667_at,0.045525633
220922_s_at,0.04552425
1557631_at,0.04552403
203194_s_at,0.04552339
228797_at,0.045522302
244231_at,0.04552059
221419_s_at,0.045520574
206086_x_at,0.04552056
1554541_a_at,0.045519963
1563878_a_at,0.045518003
1555305_at,0.04551766
226286_at,0.04551591
1553157_at,0.045514517
232370_at,0.045514397
212783_at,0.045508415
214353_at,0.045503885
244486_at,0.045503855
214305_s_at,0.045502722
205787_x_at,0.045502096
207263_x_at,0.0455006
226996_at,0.045499206
238161_at,0.045498885
227121_at,0.04549794
212356_at,0.045497283
227627_at,0.04549715
215228_at,0.04549633
224631_at,0.045493424
1555754_s_at,0.0454923
202445_s_at,0.045490652
241547_at,0.04548855
230072_at,0.045488164
233783_at,0.04548692
220217_x_at,0.045485757
201040_at,0.04548487
216666_at,0.045482494
209989_at,0.045478344
206862_at,0.045477122
222690_s_at,0.04547666
216061_x_at,0.04547649
236111_at,0.045475304
1569351_at,0.04547523
210482_x_at,0.045474634
235808_at,0.045472175
1563346_at,0.04546956
204129_at,0.045469373
239303_at,0.045468725
210269_s_at,0.045467794
224469_s_at,0.045467615
207662_at,0.045466796
207093_s_at,0.04546675
235618_at,0.04545775
241181_x_at,0.045456618
232485_at,0.04545644
237337_at,0.045456395
1566607_at,0.045455612
1562562_at,0.045455217
1555015_a_at,0.045453936
237240_at,0.0454537
224787_s_at,0.045453608
226256_at,0.04545279
234890_at,0.04545198
244187_at,0.045451492
204795_at,0.045450985
208889_s_at,0.045449555
240274_at,0.045446835
204237_at,0.045445204
228553_at,0.045443878
220855_at,0.045441583
209003_at,0.045437798
241995_at,0.045436177
1567166_at,0.0454361
228394_at,0.045434684
226666_at,0.045434296
203928_x_at,0.045433745
226284_at,0.04543318
235697_at,0.045432985
1431_at,0.04543244
244068_at,0.04542867
1553243_at,0.04542847
240431_at,0.045426413
213107_at,0.045426406
204443_at,0.04542607
232597_x_at,0.045424968
225703_at,0.045424223
1554157_a_at,0.045423843
230841_at,0.04542347
243899_at,0.04542251
222754_at,0.045421243
218757_s_at,0.045420706
238599_at,0.045420423
223396_at,0.045419782
219870_at,0.045419395
218912_at,0.045418993
238652_at,0.04541886
231129_at,0.04541838
216184_s_at,0.04541464
203824_at,0.045413442
214876_s_at,0.045412824
204636_at,0.045411848
236352_at,0.045410946
212706_at,0.045410573
213189_at,0.04541038
1555278_a_at,0.045410022
238279_x_at,0.04540959
201224_s_at,0.045407593
1562920_at,0.04540757
216716_at,0.045407474
212791_at,0.04540655
1559568_at,0.045405805
204091_at,0.04540308
233970_s_at,0.045402408
243584_at,0.04540226
222031_at,0.04540214
227317_at,0.04540117
240416_at,0.045399524
1560750_at,0.045399494
215628_x_at,0.04539925
221193_s_at,0.0453988
239526_x_at,0.0453988
1564264_at,0.04539741
1556248_at,0.045395866
1559507_at,0.045395285
221634_at,0.045392334
228884_at,0.0453917
206435_at,0.04539103
1555096_at,0.0453905
230366_at,0.04539048
1559077_at,0.045389887
203720_s_at,0.045387805
217345_at,0.045386948
200954_at,0.045386493
1553288_a_at,0.04538572
212346_s_at,0.045385286
216723_at,0.045384552
209407_s_at,0.045381933
218248_at,0.04538095
241700_at,0.045380764
1553373_at,0.045380443
208322_s_at,0.045380175
204175_at,0.045378834
220158_at,0.045378387
235101_at,0.04537729
228522_at,0.045374557
1555993_at,0.04537323
1559753_at,0.0453725
205371_s_at,0.045372285
241409_at,0.045371972
212057_at,0.045370787
214538_x_at,0.045370493
222763_s_at,0.04537016
236296_x_at,0.045369744
205617_at,0.045369327
242560_at,0.045369267
216408_at,0.045368683
230872_s_at,0.045368522
214878_at,0.045368023
233966_at,0.04536797
244303_at,0.04536727
232880_at,0.04536713
202676_x_at,0.045366317
222822_s_at,0.045364246
241130_at,0.045363
201961_s_at,0.04536295
244710_at,0.045361042
215490_at,0.04535956
244391_at,0.045359485
1562487_at,0.045358937
232645_at,0.04535678
228973_at,0.045356203
232160_s_at,0.04535584
44654_at,0.045355678
230591_at,0.045355365
1557649_at,0.045354724
211500_at,0.045354523
201104_x_at,0.045354217
232577_at,0.045353338
216249_at,0.04535093
223407_at,0.045349732
242346_x_at,0.04534954
213373_s_at,0.045345336
1553237_x_at,0.045345172
244743_x_at,0.04534504
230777_s_at,0.045344263
226509_at,0.04534389
239937_at,0.045342967
239611_at,0.045342043
244703_x_at,0.045340717
1561226_at,0.04533973
222757_s_at,0.04533924
1552952_at,0.045338757
229030_at,0.04533808
240721_at,0.045337573
232140_at,0.045337528
201144_s_at,0.045336634
234420_at,0.04533626
212149_at,0.045335233
1558481_s_at,0.045333534
219906_at,0.04533331
1556008_a_at,0.045333162
235294_at,0.045332536
228512_at,0.045331568
218010_x_at,0.045331538
200887_s_at,0.045331538
204590_x_at,0.04533138
1561973_at,0.045331344
218195_at,0.045331195
213521_at,0.045330822
236147_at,0.04532945
205045_at,0.045328483
239527_at,0.045324713
227284_at,0.04532458
235973_at,0.045324028
1556058_s_at,0.04532358
217699_at,0.045322876
1554821_a_at,0.04531929
202146_at,0.04531926
212078_s_at,0.04531917
224409_s_at,0.045319
236814_at,0.045318514
1564443_at,0.045317963
211913_s_at,0.045313157
1560939_at,0.045312226
243224_at,0.045312017
229523_at,0.045311987
202504_at,0.045311853
204632_at,0.045311347
202153_s_at,0.045309603
219975_x_at,0.04530835
1557672_s_at,0.0453078
206580_s_at,0.04530698
236965_at,0.0453068
1559458_at,0.04530619
223804_s_at,0.04530473
220304_s_at,0.0453045
236320_at,0.04530292
212746_s_at,0.045302868
207126_x_at,0.04530178
1555404_a_at,0.04529933
211497_x_at,0.04529895
219980_at,0.045298174
1566267_at,0.045298047
206533_at,0.045294046
239050_s_at,0.045293763
243314_at,0.045293406
204571_x_at,0.045293003
201450_s_at,0.04529299
1560286_s_at,0.04528849
225578_at,0.04528585
204879_at,0.04528577
1557986_s_at,0.04528571
44146_at,0.045285225
238077_at,0.045285016
232893_at,0.045281515
1564093_at,0.045281336
205010_at,0.045277745
226394_at,0.045276955
1566690_at,0.045276508
225674_at,0.045276225
210007_s_at,0.0452756
232474_at,0.045274913
206894_at,0.045274764
220173_at,0.04527451
1554962_a_at,0.04527369
1559441_s_at,0.04527325
238140_at,0.045272812
243410_at,0.045268133
1566108_at,0.04526797
208663_s_at,0.04526788
238252_at,0.045267627
211233_x_at,0.04526665
233982_x_at,0.045265123
1554253_a_at,0.045263797
212262_at,0.045261562
236956_at,0.04526016
214396_s_at,0.045257524
233556_at,0.045256875
210471_s_at,0.045255773
232665_x_at,0.045255423
220647_s_at,0.045255125
214748_at,0.045254678
220571_at,0.045253545
1556435_at,0.045249633
226116_at,0.045249492
207966_s_at,0.045249343
239798_at,0.04524891
215998_at,0.045248594
203992_s_at,0.045246243
222435_s_at,0.04524538
1554103_at,0.04524456
223400_s_at,0.0452443
235014_at,0.045243487
205853_at,0.045243263
200812_at,0.04524204
209566_at,0.045241907
207511_s_at,0.04524176
244841_at,0.045241565
1562532_at,0.045241073
1564552_at,0.04524067
224964_s_at,0.045239657
212332_at,0.045238882
229207_x_at,0.04523836
221715_at,0.04523822
1556265_at,0.045237288
236625_at,0.04523617
238295_at,0.045235783
238473_at,0.04523419
1569631_at,0.0452324
235152_at,0.045229778
230281_at,0.045227997
219599_at,0.04522741
215502_at,0.045225278
1560912_at,0.045224816
220103_s_at,0.045221366
217020_at,0.045219705
215797_at,0.04521936
233057_at,0.04521875
233167_at,0.045218572
240818_at,0.045216814
1556063_s_at,0.045215473
210981_s_at,0.045214444
1569806_at,0.04521271
230929_s_at,0.045212522
1559940_s_at,0.045212425
204084_s_at,0.045211866
225783_at,0.045208216
241646_s_at,0.045207575
235466_s_at,0.04520729
200979_at,0.045205563
215532_x_at,0.045205265
236032_at,0.045200348
220238_s_at,0.04519932
37953_s_at,0.045198705
209476_at,0.045196414
202261_at,0.045195922
1560187_at,0.04519442
223569_at,0.04519263
204576_s_at,0.045191407
211023_at,0.04519099
220757_s_at,0.04518968
213633_at,0.045188963
1556755_s_at,0.04518892
209117_at,0.045187682
1557062_at,0.045187436
241415_at,0.04518421
205534_at,0.045184202
229299_at,0.045182586
240478_at,0.045181334
216349_at,0.04518068
220716_at,0.045180112
1566949_at,0.04517789
224666_at,0.04517719
1566178_x_at,0.04517536
208568_at,0.04517501
226756_at,0.045174375
236288_at,0.045173362
231411_at,0.045173243
213049_at,0.04517196
229601_at,0.0451719
204316_at,0.04517153
244469_at,0.04517053
235177_at,0.045169577
231553_s_at,0.045169443
230706_s_at,0.045167804
232026_at,0.04516712
228331_at,0.045166686
1559485_at,0.045166418
1556072_at,0.04516515
1556144_at,0.04516445
233219_at,0.045163065
213312_at,0.045162737
221038_at,0.045162715
238480_at,0.04516238
208447_s_at,0.045160115
1570119_at,0.045155577
1569815_x_at,0.045152247
241928_at,0.04515131
213887_s_at,0.045147076
210513_s_at,0.045145333
203345_s_at,0.04514
1568894_at,0.045139536
1553003_at,0.045137644
201813_s_at,0.045135945
225465_at,0.0451345
1558630_at,0.04513365
201649_at,0.04513362
205455_at,0.045132816
221589_s_at,0.045131832
212315_s_at,0.045130953
1556035_s_at,0.04513061
1557305_at,0.04513061
230408_at,0.045130074
1564475_s_at,0.04512956
229128_s_at,0.045128763
202483_s_at,0.045128226
205298_s_at,0.04512772
220358_at,0.045127675
201661_s_at,0.045127466
210745_at,0.045127276
209086_x_at,0.045126572
1563143_at,0.045126557
1564887_at,0.04512614
236357_at,0.04512524
204884_s_at,0.045123138
1563827_at,0.045120116
217791_s_at,0.04511927
207745_at,0.045117114
233778_at,0.04511653
202715_at,0.04511246
240224_at,0.04511092
230588_s_at,0.045110673
1554044_a_at,0.04510858
241810_at,0.045108177
235153_at,0.045107946
215098_at,0.04510785
234117_at,0.045106336
214391_x_at,0.04510566
241303_x_at,0.045104653
1560941_a_at,0.045102615
217289_s_at,0.045102254
1558578_a_at,0.0451015
237128_at,0.045101456
210486_at,0.045101017
214984_at,0.0451008
230330_at,0.04510051
240933_at,0.04509911
216402_at,0.04509812
223312_at,0.045098066
1560492_at,0.04509805
227203_at,0.045097575
227636_at,0.04509732
223779_at,0.045097046
1557384_at,0.045097023
236214_at,0.0450965
1554748_at,0.045095734
201724_s_at,0.0450947
202736_s_at,0.045092702
202136_at,0.045092434
1564029_at,0.0450918
225796_at,0.045091003
230328_at,0.045090318
206568_at,0.045087226
1560038_at,0.04508722
224548_at,0.04508595
236068_s_at,0.04508534
218295_s_at,0.04508485
1558740_s_at,0.045084104
244139_s_at,0.045083314
218886_at,0.045081407
238292_at,0.04508102
1564285_at,0.045080427
230370_x_at,0.04507993
1564031_a_at,0.04507993
209050_s_at,0.04507917
202594_at,0.045079097
1554217_a_at,0.045078523
1561300_at,0.045075893
233087_at,0.045075476
228606_at,0.045074314
1566884_at,0.045073606
222195_s_at,0.0450691
1562305_x_at,0.04506827
230089_s_at,0.045066133
230363_s_at,0.04506512
206449_s_at,0.045064613
234209_at,0.04506436
1569659_at,0.04506375
224674_at,0.045062885
219358_s_at,0.045062333
1555743_s_at,0.04506196
215992_s_at,0.04506193
236783_at,0.045059107
233851_s_at,0.045058683
241294_at,0.045057356
232244_at,0.045056425
202217_at,0.045056283
210543_s_at,0.04505478
221654_s_at,0.045054615
202982_s_at,0.0450543
240487_at,0.0450539
211620_x_at,0.045053825
203866_at,0.045051984
210794_s_at,0.045051485
209417_s_at,0.045049906
209146_at,0.045049742
226633_at,0.04504901
220280_s_at,0.045048982
223900_s_at,0.045048833
235526_at,0.04504727
205677_s_at,0.045046896
213929_at,0.04504461
226251_at,0.045044184
210575_at,0.045043994
227158_at,0.04504262
212496_s_at,0.045042604
205163_at,0.04504153
210505_at,0.045040928
1562352_at,0.045040432
235540_at,0.045039654
224103_at,0.045039386
227256_at,0.045039088
244490_at,0.045035392
221079_s_at,0.04503414
201476_s_at,0.045033097
228839_s_at,0.045033038
1557117_at,0.04503256
1552845_at,0.045031816
225542_at,0.04503034
207780_at,0.045029346
230280_at,0.04502731
212723_at,0.045024157
1569597_at,0.04502391
210704_at,0.045022383
205318_at,0.04502202
241955_at,0.045021504
209544_at,0.04502006
219202_at,0.04501936
242208_at,0.045015946
1561759_at,0.045014083
206525_at,0.045013122
216256_at,0.045012303
210498_at,0.045011938
216635_at,0.045010462
237971_at,0.04501012
218494_s_at,0.04500878
240917_at,0.045007713
216404_at,0.04500594
1560115_a_at,0.045005217
1554050_at,0.045004517
242675_x_at,0.04500418
227677_at,0.04500395
213737_x_at,0.04500234
203947_at,0.045002252
227873_at,0.045000196
1562742_at,0.044998825
225921_at,0.044998407
208572_at,0.04499781
218871_x_at,0.044997334
1552621_at,0.044996142
1555016_at,0.04499148
234199_at,0.04499142
227890_at,0.044991285
238005_s_at,0.044990122
243607_at,0.044989817
243259_at,0.044988632
203457_at,0.04498747
1566987_s_at,0.04498528
235376_at,0.044984907
1552410_at,0.044984594
206457_s_at,0.044984102
228722_at,0.044983774
202809_s_at,0.044981763
200734_s_at,0.044981092
244648_at,0.044980556
205858_at,0.04498048
1563549_a_at,0.044980213
225434_at,0.044979215
207478_at,0.044977985
231178_at,0.04497543
207689_at,0.044974953
229066_at,0.0449709
1552622_s_at,0.04496853
215516_at,0.044966914
217088_s_at,0.04496413
1562828_at,0.044962265
226161_at,0.044961184
232167_at,0.044959515
210253_at,0.044958353
220892_s_at,0.044958234
229137_at,0.044957697
234727_at,0.044957258
231006_at,0.044956714
208238_x_at,0.044956684
219972_s_at,0.044955373
1570470_at,0.044954684
1558475_at,0.044954225
1554922_at,0.044953495
222026_at,0.044953465
238572_at,0.0449529
214531_s_at,0.044952825
222619_at,0.04494804
1560189_at,0.044947743
215353_at,0.044946194
205105_at,0.044944778
215175_at,0.044943735
239158_at,0.04494369
1560540_x_at,0.044941597
222266_at,0.044941068
220517_at,0.044940338
218292_s_at,0.044940054
1553780_at,0.044939756
239100_x_at,0.04493799
235121_at,0.04493791
228671_at,0.044934273
215208_x_at,0.04493405
1565823_at,0.044933632
218493_at,0.044932872
230623_x_at,0.044932306
226629_at,0.044932038
223758_s_at,0.04493116
202138_x_at,0.044929653
220006_at,0.044926334
240638_at,0.044925652
220564_at,0.04492516
233675_s_at,0.04492292
1552788_a_at,0.04492239
200841_s_at,0.044922188
231117_at,0.04492122
227545_at,0.044921055
206916_x_at,0.04491985
207023_x_at,0.04491979
1558166_at,0.044919513
221838_at,0.044915915
212209_at,0.04491341
219585_at,0.044913247
206708_at,0.04491073
201787_at,0.04491061
228563_at,0.044910185
223426_s_at,0.044910133
227517_s_at,0.04490933
1568981_at,0.044905595
1554608_at,0.044902965
229459_at,0.044902373
206256_at,0.044899516
1562557_at,0.044898555
227321_at,0.044897303
1568931_at,0.044895902
1559372_at,0.044895217
226783_at,0.04489447
220995_at,0.04489246
1556233_s_at,0.044891983
242407_at,0.04489188
1560588_at,0.044891596
242584_at,0.044890657
211944_at,0.044888556
201779_s_at,0.04488793
214917_at,0.04488732
229864_at,0.044886664
1563475_s_at,0.04488664
1561445_at,0.044885956
1569318_at,0.044884942
230152_at,0.04488483
239505_at,0.044884652
224059_s_at,0.044882998
213486_at,0.044882745
237379_at,0.04488098
215976_at,0.044877782
1563455_at,0.044877768
232274_at,0.04487768
240643_at,0.044876724
203253_s_at,0.044876486
235975_at,0.044874966
240451_at,0.044874668
225292_at,0.04487206
1560974_s_at,0.044870697
229428_at,0.044870198
218146_at,0.04486978
236649_at,0.04486884
237068_at,0.044868663
235553_at,0.04486701
207666_x_at,0.044866763
243081_at,0.044866517
235097_at,0.044865996
206378_at,0.044865623
211672_s_at,0.044865027
221677_s_at,0.044863597
216319_at,0.04486096
219481_at,0.044857785
221374_at,0.044856343
213034_at,0.044855505
1560747_at,0.04485532
222730_s_at,0.044855177
200707_at,0.04485151
232367_x_at,0.04485126
240237_at,0.044850364
219061_s_at,0.04484974
1561433_at,0.044849433
235590_at,0.044849023
1558643_s_at,0.044847786
231268_at,0.044846594
221318_at,0.044845656
242804_at,0.04484476
229685_at,0.044842467
232457_at,0.044841804
1558211_s_at,0.044841237
1554794_a_at,0.04484038
218987_at,0.044840217
1556881_at,0.044839427
237184_at,0.04483898
240887_at,0.044838905
235779_at,0.044838533
222396_at,0.044837773
202006_at,0.044837117
244065_at,0.04483644
216563_at,0.04483354
232169_x_at,0.044833034
235894_at,0.04483097
243039_at,0.044827804
223500_at,0.04482754
1569838_at,0.044826746
208297_s_at,0.044825405
208363_s_at,0.044825017
1557734_s_at,0.044823118
1565576_at,0.044821464
235645_at,0.04481633
1557702_at,0.044814434
204771_s_at,0.04481432
1554466_a_at,0.04481429
241947_at,0.04481396
236536_at,0.04481385
218054_s_at,0.044813387
209715_at,0.04481311
1560214_at,0.04481259
215535_s_at,0.04481089
243084_at,0.044810742
213233_s_at,0.04480785
231491_at,0.044807374
216220_s_at,0.044806853
1555542_at,0.04480543
227555_s_at,0.04480447
231382_at,0.044801153
1566908_at,0.04479962
224752_at,0.044797957
1557681_s_at,0.04479786
212934_at,0.044796407
223904_at,0.04479581
1557789_at,0.044793405
1554883_a_at,0.044793107
217799_x_at,0.04479195
217135_x_at,0.04479119
204976_s_at,0.044790447
1552733_at,0.04478869
238427_at,0.04478827
244440_at,0.04478822
210328_at,0.04478602
1555824_a_at,0.044782788
219732_at,0.044782296
221497_x_at,0.044782206
240029_at,0.04478146
227037_at,0.04478027
210228_at,0.04477921
235919_at,0.044776678
1569399_at,0.04477489
204788_s_at,0.0447744
207847_s_at,0.04477288
1570087_at,0.04477273
230055_at,0.044770993
214097_at,0.044770777
202659_at,0.044767886
224244_s_at,0.044765346
232194_at,0.044763118
1553660_at,0.044761293
216090_x_at,0.044760674
215338_s_at,0.044757962
243137_at,0.04475707
1563485_at,0.04475601
229342_at,0.044755846
214369_s_at,0.044753373
215968_at,0.044752717
202195_s_at,0.04475093
1562081_a_at,0.04475066
233725_at,0.044749632
226467_at,0.044749558
232168_x_at,0.04474792
222030_at,0.044747874
203227_s_at,0.044747785
240874_at,0.044747397
219345_at,0.04474686
1553047_at,0.044745766
232695_at,0.0447457
1560075_at,0.044744108
1569911_at,0.044743016
220768_s_at,0.04474254
222038_s_at,0.04474181
1558825_s_at,0.04474129
229992_at,0.044741154
225896_at,0.044740275
234021_at,0.04473842
235198_at,0.044738322
229514_at,0.044736445
201201_at,0.044734925
1560896_a_at,0.044734284
1566776_at,0.044731893
226795_at,0.044731647
202691_at,0.04473111
204106_at,0.04472965
1553470_at,0.044729218
204169_at,0.044729188
208569_at,0.04472886
209484_s_at,0.044728428
239929_at,0.04472793
222402_at,0.04472533
219490_s_at,0.044723988
217765_at,0.044723928
215756_at,0.04472381
226547_at,0.044723332
222593_s_at,0.044719994
243504_at,0.044719584
240197_at,0.04471913
241748_x_at,0.044717446
208349_at,0.044716246
209984_at,0.04471621
213234_at,0.04471478
1564785_at,0.0447139
212076_at,0.04471317
201380_at,0.04471232
203176_s_at,0.044711486
227554_at,0.04471127
228789_at,0.044711143
223591_at,0.04471104
206097_at,0.044710994
223061_at,0.044708177
220743_at,0.044707537
223847_s_at,0.044707417
1560151_x_at,0.044707224
1562955_at,0.044704184
215561_s_at,0.044704087
221940_at,0.04470317
1553823_a_at,0.044701315
215504_x_at,0.044700563
233585_at,0.044697277
218147_s_at,0.04469523
202996_at,0.04469472
240456_at,0.044694252
1553561_at,0.04469299
200764_s_at,0.044692576
1556900_at,0.04469215
241721_at,0.044690877
235620_x_at,0.044689804
232148_at,0.04468842
225536_at,0.044686317
234201_x_at,0.044686064
1566725_at,0.044684812
222295_x_at,0.044684567
201747_s_at,0.0446814
210894_s_at,0.044681057
230031_at,0.044680297
1554132_a_at,0.044679984
244780_at,0.04467959
241611_s_at,0.044679172
226203_at,0.044678316
205961_s_at,0.044676572
215131_at,0.044673055
202979_s_at,0.044672742
228778_at,0.04467185
243985_at,0.044669196
229001_at,0.044668898
208285_at,0.044667333
228652_at,0.04466492
208735_s_at,0.04466471
221028_s_at,0.04466431
227743_at,0.044663414
210153_s_at,0.04466182
1552498_at,0.04466039
223018_at,0.04466018
220769_s_at,0.044659406
233256_at,0.04465811
1555359_at,0.0446548
207434_s_at,0.044653356
235611_at,0.044652835
233153_at,0.044652782
228474_s_at,0.04465227
214681_at,0.04465206
1558295_a_at,0.044651635
233380_s_at,0.044648826
225517_at,0.044647872
217405_x_at,0.044644564
233232_at,0.044642992
1567376_at,0.04464227
237147_at,0.04464052
205413_at,0.044638995
236985_at,0.044636913
217758_s_at,0.04463473
228410_at,0.044634223
201611_s_at,0.04463269
204242_s_at,0.04463253
219151_s_at,0.044631302
237362_at,0.04463075
207536_s_at,0.044630617
205136_s_at,0.04463026
240510_at,0.044628277
222512_at,0.04462585
217950_at,0.04462436
224484_s_at,0.04462362
224036_s_at,0.04462309
213532_at,0.04462245
223240_at,0.04462239
230772_at,0.044621363
212172_at,0.04462114
1561255_at,0.044620723
207458_at,0.044620022
220951_s_at,0.044619404
215936_s_at,0.04461682
242166_at,0.04461647
1555065_x_at,0.04461497
1570354_s_at,0.044613466
216443_at,0.044613454
235031_at,0.044612512
1552425_a_at,0.044612423
52285_f_at,0.04461129
240250_at,0.044608667
214692_s_at,0.044608384
242922_at,0.04460734
242025_at,0.044607237
235468_at,0.04460695
220292_at,0.04460247
1560871_a_at,0.04460246
228204_at,0.044602454
211631_x_at,0.04460217
242972_at,0.044602126
227709_at,0.044598132
223074_s_at,0.044596344
228636_at,0.044594996
1565998_at,0.044594422
238524_at,0.044594035
236825_at,0.044591904
213901_x_at,0.04459035
1566550_at,0.044590175
215822_x_at,0.044590056
221432_s_at,0.044588923
1566974_at,0.044588096
216677_at,0.044587977
202197_at,0.04458472
202647_s_at,0.044582337
1558560_s_at,0.04458198
241280_at,0.0445813
201378_s_at,0.044580832
81811_at,0.044579893
203168_at,0.044579595
239670_at,0.044579364
1569383_s_at,0.04457916
242413_at,0.04457903
204333_s_at,0.044577405
1557769_at,0.044577047
202683_s_at,0.044574454
1553587_a_at,0.044573754
219617_at,0.044572406
227218_at,0.044570714
229512_at,0.0445704
241794_at,0.044568993
237090_at,0.04456897
233090_at,0.044568494
223916_s_at,0.044568017
228466_at,0.04456775
230886_at,0.044567615
1557675_at,0.04456629
219217_at,0.04456532
216527_at,0.044564694
213608_s_at,0.044564247
1561010_a_at,0.044562735
235630_at,0.044562697
207464_at,0.044562407
244863_at,0.04456216
213441_x_at,0.04456137
225127_at,0.044560343
216467_s_at,0.04455953
1569157_s_at,0.04455921
229279_at,0.044559136
218405_at,0.044558853
228723_at,0.04455881
213376_at,0.044558644
228510_at,0.044558525
214998_at,0.044556417
208897_s_at,0.044555098
221112_at,0.044554174
211849_s_at,0.044551298
243307_at,0.044550538
220165_at,0.044549853
227414_at,0.044548765
209403_at,0.044541687
229246_at,0.04454142
218460_at,0.044537753
1552899_at,0.04453759
226358_at,0.044536352
1555007_s_at,0.04453528
237126_at,0.044535168
215310_at,0.044533104
213361_at,0.044533044
218951_s_at,0.04453233
1555056_at,0.044532016
242991_at,0.044531062
218850_s_at,0.04453001
823_at,0.04452949
235462_at,0.044529222
1053_at,0.044528916
233209_at,0.044526957
211737_x_at,0.04452473
1565845_at,0.044524413
241231_at,0.044522017
221732_at,0.044520587
218893_at,0.044520214
1561418_at,0.044520155
206474_at,0.044520095
237629_at,0.044516616
206031_s_at,0.04451552
224778_s_at,0.044511467
230039_at,0.04450953
209593_s_at,0.04450801
214200_s_at,0.0445078
203579_s_at,0.044507354
215755_at,0.0445053
223081_at,0.04450476
215434_x_at,0.044504553
1569990_at,0.044503257
210251_s_at,0.044503167
232563_at,0.044502735
229981_at,0.04450272
242857_at,0.044502318
1564547_x_at,0.044498995
235062_at,0.044498492
240242_at,0.044495307
58696_at,0.04449399
215339_at,0.04449375
235386_at,0.044493437
1554063_at,0.04449287
206948_at,0.044492833
1562826_at,0.044492513
244660_at,0.044491842
237511_at,0.044490367
219468_s_at,0.044488337
1569637_at,0.04448828
209630_s_at,0.04448706
228950_s_at,0.04448612
204611_s_at,0.044486046
218611_at,0.04448369
234744_x_at,0.044481777
231735_s_at,0.044481605
1553536_at,0.044480875
216945_x_at,0.044479072
226871_s_at,0.044478625
212976_at,0.0444773
208076_at,0.044473164
233415_at,0.0444725
1557693_at,0.044471905
223135_s_at,0.044471845
218212_s_at,0.04447165
239837_at,0.044469774
220393_at,0.04446935
239182_at,0.044466965
206455_s_at,0.04446645
219365_s_at,0.044466183
217376_at,0.04446557
1557228_at,0.044465095
241016_at,0.044464886
1559573_at,0.044463426
1564642_at,0.04446323
202290_at,0.04446301
1556155_at,0.0444614
236365_at,0.044458702
227701_at,0.044457853
1557018_a_at,0.044457838
1561387_a_at,0.044457708
237889_s_at,0.044455826
237088_at,0.044454873
243253_at,0.044454455
222400_s_at,0.044454098
234549_at,0.044453777
218923_at,0.044451058
243601_at,0.044450864
1553882_at,0.044450663
1557539_at,0.04444678
37004_at,0.044446096
41329_at,0.044443905
206572_x_at,0.04444371
53991_at,0.044442624
203524_s_at,0.04444182
238504_at,0.04444173
1570445_a_at,0.044440996
231968_at,0.044440985
240295_at,0.04444041
1564241_at,0.04443641
214988_s_at,0.04443574
235647_at,0.044435143
1552714_at,0.044434916
232297_at,0.044434726
224054_at,0.044434533
233881_s_at,0.04443126
220070_at,0.044430383
209321_s_at,0.04442686
1558903_at,0.044425674
213223_at,0.044425398
228234_at,0.044424415
1553386_at,0.044422522
209207_s_at,0.044421718
1558460_at,0.0444196
222598_s_at,0.04441957
214437_s_at,0.044418946
1560862_at,0.04441774
236482_at,0.044417724
206161_s_at,0.044417694
214979_at,0.044416808
1553323_a_at,0.044415407
216882_s_at,0.044414304
213286_at,0.044412076
219881_s_at,0.044410907
230414_s_at,0.044410795
1555250_a_at,0.04440877
221214_s_at,0.04440847
228965_s_at,0.0444078
235024_at,0.04440722
202371_at,0.0444068
1555291_at,0.044406615
1552729_at,0.04440643
1553458_at,0.044406287
240221_at,0.044405878
244828_x_at,0.04440531
219422_at,0.04440131
214135_at,0.044400305
214683_s_at,0.044399053
238946_at,0.04439895
223336_s_at,0.044397354
230558_at,0.0443947
1553971_a_at,0.04439427
233146_at,0.044392392
203614_at,0.044388786
201469_s_at,0.044388056
1552829_at,0.044386588
244544_at,0.044386387
234685_x_at,0.044386357
1562598_at,0.044383947
39548_at,0.04438384
213852_at,0.04438317
226345_at,0.04438287
229882_at,0.04438196
1559496_at,0.044380978
217540_at,0.044378072
216895_at,0.044377737
244365_at,0.044376895
226607_at,0.044375792
226312_at,0.044371754
215995_x_at,0.044371538
229547_s_at,0.044371128
215191_at,0.04437074
216629_at,0.044370003
230775_s_at,0.04436773
222637_at,0.044366777
238809_at,0.044366673
241392_at,0.044365004
242860_at,0.04436472
229588_at,0.044363916
1557755_at,0.044363342
217547_x_at,0.044362172
213252_at,0.044361427
218452_at,0.044361413
239075_at,0.044360384
219996_at,0.044359267
205773_at,0.04435855
231137_at,0.044356704
218604_at,0.0443559
224418_x_at,0.04435525
1569539_at,0.04435385
225254_at,0.044353783
210247_at,0.04435277
234503_at,0.044350974
204119_s_at,0.044350594
229145_at,0.044350147
205321_at,0.04434982
232441_at,0.044349775
214239_x_at,0.044349656
203289_s_at,0.044349313
225136_at,0.044348866
219136_s_at,0.044346616
241466_at,0.044346586
237209_s_at,0.04434587
208137_x_at,0.044345796
221067_s_at,0.044345178
220823_at,0.044344537
1556935_at,0.044344157
1557540_at,0.04433644
218940_at,0.044335663
231723_at,0.044335425
233359_at,0.044334635
231111_at,0.04433185
222845_x_at,0.044328272
205862_at,0.04432664
239796_x_at,0.04432401
218432_at,0.044323802
230810_at,0.04432282
224715_at,0.044321254
212991_at,0.04431802
1570405_at,0.044318013
1560405_at,0.04431796
236822_at,0.044317935
221781_s_at,0.04431665
244135_at,0.044316202
243626_at,0.044315785
1553208_s_at,0.044314474
201673_s_at,0.044313475
1554220_a_at,0.04431039
1557798_at,0.044309348
202797_at,0.04430893
238601_at,0.044307128
220482_s_at,0.04430628
234490_at,0.04430592
244755_at,0.04430528
225546_at,0.04430501
221874_at,0.044303216
228201_at,0.04430197
243284_at,0.044299074
204408_at,0.044298336
204378_at,0.044298068
226088_at,0.044297397
237114_at,0.044295527
227448_at,0.044294626
210582_s_at,0.04429415
214561_at,0.044293948
231868_at,0.044293657
1558995_at,0.044293135
1556348_at,0.04429169
230286_at,0.044290967
234344_at,0.044288218
1553600_at,0.044288054
213500_at,0.044286326
210959_s_at,0.044285163
215370_at,0.04428468
1553582_a_at,0.04428105
1554564_a_at,0.044279903
1560255_at,0.04427986
222532_at,0.04427895
226032_at,0.0442788
1565684_at,0.044278674
235730_at,0.044277444
226836_at,0.04427515
239133_at,0.044274807
239498_at,0.044274136
220796_x_at,0.044274062
236816_at,0.044273466
238824_at,0.044272736
216495_x_at,0.04427074
239248_at,0.04427012
238833_at,0.04426989
226461_at,0.0442686
229660_at,0.04426744
229181_s_at,0.044265524
227759_at,0.04426372
207718_x_at,0.04426253
238929_at,0.044262424
219834_at,0.044262297
208259_x_at,0.044261955
223684_s_at,0.044261217
225251_at,0.044261098
201078_at,0.044260085
203315_at,0.044259876
227324_at,0.044258833
220692_at,0.044257447
1568843_at,0.04425694
220575_at,0.044255026
238989_at,0.044254415
216969_s_at,0.04425399
233271_at,0.044253156
204520_x_at,0.044251576
218788_s_at,0.044251144
241007_at,0.044250228
1561507_at,0.044249654
221622_s_at,0.044248015
242930_at,0.044247724
210800_at,0.044247605
203538_at,0.044246495
222476_at,0.044245988
204744_s_at,0.044243038
204314_s_at,0.044243038
1566195_at,0.04424201
1553952_at,0.04424146
1557453_at,0.044239633
217383_at,0.04423947
1569634_at,0.04423808
238486_at,0.044237666
207640_x_at,0.04423718
223389_s_at,0.044234425
224172_at,0.044230938
216084_at,0.044230066
213940_s_at,0.044229537
219649_at,0.044228896
220365_at,0.044227056
225990_at,0.04422479
226014_at,0.04422386
1556292_s_at,0.044223383
221409_at,0.044221394
202662_s_at,0.044221237
1553254_at,0.044220734
224338_s_at,0.04422021
207064_s_at,0.04421796
213896_x_at,0.04421772
211012_s_at,0.04421766
244018_at,0.044217616
1562607_at,0.044216283
234973_at,0.04421556
214102_at,0.04421501
231725_at,0.04421495
1569782_at,0.044214122
1564319_at,0.04421294
1569133_x_at,0.044211343
223410_s_at,0.044211097
236241_at,0.04420975
216065_at,0.04420834
230282_at,0.04420808
214557_at,0.04420583
1570128_at,0.04420445
236127_at,0.044203386
226233_at,0.04420185
226860_at,0.044200018
223807_at,0.04419937
232272_at,0.044198796
218254_s_at,0.04419744
201987_at,0.04419577
209626_s_at,0.044195578
227531_at,0.044194728
233131_at,0.04419241
223969_s_at,0.044191234
1560634_a_at,0.04419031
233307_x_at,0.044189766
1553715_s_at,0.044189572
1561683_at,0.04418616
209902_at,0.044186056
1559461_at,0.044184364
218509_at,0.044184253
236106_at,0.044182837
1558859_at,0.044182464
1562634_at,0.04418078
1563362_at,0.044180766
33768_at,0.04418066
222306_at,0.04417965
234624_at,0.04417918
212540_at,0.044178873
240683_at,0.044178054
225816_at,0.044177696
232470_at,0.044177294
244641_at,0.04417693
1569138_a_at,0.04417234
232416_at,0.04417205
1552306_at,0.044171244
1566937_at,0.044170722
243912_x_at,0.044170707
222548_s_at,0.044170022
234661_at,0.04416977
1563854_s_at,0.04416818
1568663_a_at,0.044166595
1556165_at,0.044166535
209241_x_at,0.044163644
242564_at,0.044163346
204012_s_at,0.044162333
210567_s_at,0.04415974
209194_at,0.044159412
234338_s_at,0.044158854
217471_at,0.04415752
208835_s_at,0.044157356
227344_at,0.044156507
227477_at,0.04415551
204605_at,0.04415533
214600_at,0.0441551
220483_s_at,0.044154704
1562162_at,0.04415428
219626_at,0.044152424
218777_at,0.04414977
239440_at,0.04414875
1553955_at,0.044148117
213471_at,0.044147015
221482_s_at,0.044147015
239595_at,0.044146866
230242_at,0.044146724
226821_at,0.044146165
1558862_at,0.044145964
229528_at,0.04414527
1565723_at,0.04414446
217161_x_at,0.044144243
243194_at,0.044143587
209658_at,0.04414344
215460_x_at,0.04414344
1555194_at,0.04414308
240015_at,0.044142812
237854_at,0.044142514
222341_x_at,0.044140697
209132_s_at,0.04413931
213351_s_at,0.04413663
1554714_at,0.044136174
1566580_at,0.0441359
201211_s_at,0.04413505
240277_at,0.044134803
235610_at,0.044134215
209867_s_at,0.04413284
225707_at,0.044130594
241066_at,0.04412985
243775_at,0.044129506
1552743_at,0.044128
1557712_x_at,0.04412748
1562852_at,0.044125527
1570269_at,0.044123724
239228_at,0.044121042
232709_at,0.044120193
204377_s_at,0.044118837
232446_at,0.044116687
201156_s_at,0.04411608
35148_at,0.044116057
220873_at,0.04411293
224611_s_at,0.044111907
1560472_at,0.044110313
1562591_a_at,0.044108845
1569033_at,0.044108532
243590_at,0.044106044
1562619_at,0.04410594
207539_s_at,0.04410555
241407_at,0.044105142
214223_at,0.044104338
203446_s_at,0.044104293
1564996_at,0.044102892
230326_s_at,0.044101864
243627_at,0.044101276
201181_at,0.044099063
1556717_at,0.044099025
203703_s_at,0.044097975
223892_s_at,0.044092238
214098_at,0.04409208
212966_at,0.04409097
223606_x_at,0.044090927
222989_s_at,0.04409057
230116_at,0.044089466
218567_x_at,0.04408908
244865_at,0.044086874
1561871_at,0.044085518
242357_x_at,0.044084713
218992_at,0.04408437
226923_at,0.044084325
208397_x_at,0.04408381
221100_at,0.044082504
1559096_x_at,0.044081733
243972_at,0.044081405
236069_at,0.04408008
212424_at,0.044079095
231796_at,0.044077657
224486_s_at,0.044077516
204183_s_at,0.044075206
205870_at,0.0440749
202955_s_at,0.044074655
1553099_at,0.044072106
242971_at,0.044071436
218202_x_at,0.044070363
244543_s_at,0.044069476
214379_at,0.044069372
226975_at,0.044068515
239824_s_at,0.04406807
243989_at,0.044064976
219616_at,0.04406473
202812_at,0.044062793
235234_at,0.044062167
1561760_s_at,0.04406175
224598_at,0.04406151
204307_at,0.044057608
214558_at,0.044056773
238855_at,0.04405611
1558692_at,0.04405473
223249_at,0.044052497
226902_at,0.04405205
1557726_at,0.044051684
1557124_at,0.04405026
1554436_a_at,0.04404825
227693_at,0.044047713
201824_at,0.04404576
221203_s_at,0.044044644
214902_x_at,0.04404342
217373_x_at,0.044043377
203496_s_at,0.044043332
1560297_at,0.044042945
220833_at,0.04404278
206050_s_at,0.04404217
214506_at,0.044041708
242284_at,0.044041008
241009_at,0.04404088
232071_at,0.044038326
225172_at,0.044036925
221965_at,0.044036523
236058_at,0.044034883
230731_x_at,0.044030108
1554591_at,0.04402817
221051_s_at,0.044027656
1554614_a_at,0.04402747
1556131_s_at,0.04402633
213657_s_at,0.044026136
1554786_at,0.044025987
209423_s_at,0.044025525
241839_at,0.044022374
204616_at,0.044022232
215926_x_at,0.044021726
200720_s_at,0.044021532
235008_at,0.04402113
206554_x_at,0.04401961
230844_at,0.044016927
220578_at,0.044015504
1552296_at,0.044015437
228099_at,0.0440149
225923_at,0.044013962
237887_at,0.04401315
241977_s_at,0.044009857
204056_s_at,0.044009194
242984_at,0.044007406
227849_at,0.0440052
210440_s_at,0.044005133
217187_at,0.044003904
209100_at,0.04399921
240162_at,0.043997608
219883_at,0.043997303
1553575_at,0.043996185
204270_at,0.043996185
1565814_at,0.043995366
206758_at,0.043994658
241781_at,0.04399305
1558097_at,0.04399149
204672_s_at,0.04398991
1559259_at,0.043989345
202181_at,0.04398927
210200_at,0.04398839
227433_at,0.043986946
227435_at,0.04398632
231631_at,0.043985903
1557360_at,0.04398574
241892_at,0.04398565
204527_at,0.043985277
202984_s_at,0.043985143
217743_s_at,0.04398161
227643_at,0.043978065
236905_at,0.04397805
1559169_at,0.043976635
217878_s_at,0.04397443
211488_s_at,0.04397186
244638_at,0.043970466
233140_s_at,0.043969944
214783_s_at,0.043969795
1566480_x_at,0.043968998
1557790_at,0.043966576
1564856_s_at,0.043966107
233715_at,0.043963447
214485_at,0.043962434
217595_at,0.04396163
211205_x_at,0.04396086
220336_s_at,0.043959245
240184_at,0.043958895
239709_at,0.04395859
1561171_a_at,0.04395785
212570_at,0.043957278
204770_at,0.04395674
229895_s_at,0.043955564
237415_at,0.043955453
1554805_at,0.04395307
1562409_s_at,0.043953016
216757_at,0.04395233
235025_at,0.043952033
237637_at,0.043951273
231864_at,0.04395044
238114_at,0.04395026
212663_at,0.04394646
1566502_at,0.043946207
1569758_at,0.04394533
236971_at,0.043944538
236257_at,0.043944336
238315_s_at,0.043944165
243297_at,0.04394191
214290_s_at,0.043941855
222503_s_at,0.043940887
223037_at,0.043940753
1555154_a_at,0.043940023
225196_s_at,0.04393877
204263_s_at,0.04393831
220717_at,0.0439381
204427_s_at,0.0439367
202849_x_at,0.04393497
238921_at,0.043934956
217009_at,0.043933913
228575_at,0.043933444
227811_at,0.043932498
209005_at,0.0439322
233036_at,0.04393083
232841_at,0.04393047
1566303_s_at,0.043929815
231363_at,0.043929532
222152_at,0.04392928
241041_at,0.043928206
243427_at,0.04392738
1560966_at,0.04392662
223692_at,0.04392633
217943_s_at,0.04392624
1564084_at,0.04392618
217965_s_at,0.04392484
225527_at,0.04392308
203867_s_at,0.04392281
244550_at,0.043922395
214482_at,0.043921575
215556_at,0.04391904
204986_s_at,0.043916665
207594_s_at,0.043916553
216262_s_at,0.043913588
242589_x_at,0.043912664
206215_at,0.043911986
232413_at,0.04391189
225701_at,0.043911695
1558953_s_at,0.04391113
212239_at,0.043910444
208217_at,0.04391042
223153_x_at,0.043908715
215648_at,0.04390455
207555_s_at,0.043903925
1563426_a_at,0.043903634
234520_at,0.043900006
239983_at,0.043899894
208926_at,0.04389976
223220_s_at,0.0438983
235754_at,0.043897778
229016_s_at,0.043896735
227101_at,0.04389596
215052_at,0.043895658
244122_at,0.043895036
206113_s_at,0.04389499
230957_at,0.043894976
230122_at,0.043894544
223411_at,0.04389423
1570054_at,0.043893218
240228_at,0.043892473
218376_s_at,0.043891132
224900_at,0.043890834
233642_s_at,0.043890417
203740_at,0.043890417
200980_s_at,0.043889612
230676_s_at,0.043889567
231657_s_at,0.043887075
1570523_s_at,0.04388436
236706_at,0.043881476
239912_at,0.04387957
237171_at,0.043879412
223159_s_at,0.04387933
221095_s_at,0.043879323
229291_at,0.04387822
208057_s_at,0.043878146
212219_at,0.043877214
228879_at,0.043877065
218677_at,0.043876916
219407_s_at,0.04387653
227003_at,0.04387611
203879_at,0.04387608
209239_at,0.043875903
202716_at,0.043874443
210518_at,0.04387261
200623_s_at,0.043870807
222356_at,0.043870658
202297_s_at,0.043865234
234170_at,0.04386439
230630_at,0.04386396
1557350_at,0.04386212
223644_s_at,0.043859303
206764_x_at,0.043857217
1561916_at,0.043853335
221302_at,0.043852426
239754_at,0.043851435
219450_at,0.043850854
215832_x_at,0.04385048
1555241_at,0.04385023
202028_s_at,0.04384929
202709_at,0.04384719
240095_at,0.04384558
218090_s_at,0.043844253
1553346_a_at,0.04384178
236577_at,0.04384045
224966_s_at,0.043839216
209567_at,0.043837726
215674_at,0.043837234
227199_at,0.043836325
220089_at,0.043836147
236941_at,0.04383543
41553_at,0.04383421
202296_s_at,0.043830156
202503_s_at,0.0438295
228349_at,0.04382828
235001_at,0.043828174
1554537_at,0.043826878
230564_at,0.04382676
236530_at,0.043826193
1563302_at,0.04382573
1556555_at,0.0438255
1555598_a_at,0.043825313
237412_at,0.043825105
1559210_at,0.043823153
229055_at,0.043822855
243042_at,0.043822274
217090_at,0.043822207
205756_s_at,0.043820724
244859_at,0.043820404
36830_at,0.043820128
238624_at,0.043819696
214802_at,0.04381931
228292_at,0.043817043
219464_at,0.0438169
1556284_at,0.04381688
203461_at,0.043815985
1569393_at,0.04381235
231514_at,0.043812122
237125_at,0.043810815
224804_s_at,0.04381053
229376_at,0.043808967
219118_at,0.043808326
237548_at,0.04380709
203031_s_at,0.043805927
243616_at,0.043803513
219531_at,0.043802753
218533_s_at,0.0438022
1553120_at,0.043801628
225872_at,0.043801308
209622_at,0.043800265
229961_x_at,0.04379902
203433_at,0.04379852
223431_at,0.04379791
237283_at,0.04379767
214766_s_at,0.04379645
218642_s_at,0.043795675
202438_x_at,0.043795213
222865_x_at,0.043794155
222960_at,0.04379029
218557_at,0.043789953
227881_s_at,0.043789677
211018_at,0.043788478
207694_at,0.043788195
231288_at,0.04378675
204437_s_at,0.04378607
207267_s_at,0.043783054
232740_at,0.04378219
208875_s_at,0.043782115
224185_at,0.0437811
236426_at,0.043780394
233374_at,0.04377958
201161_s_at,0.043778956
1566171_at,0.043778524
1555125_at,0.043777153
230982_at,0.04377666
234437_at,0.043776095
210790_s_at,0.0437759
1564757_a_at,0.043775514
207606_s_at,0.04377538
223177_at,0.0437752
1560662_s_at,0.04377511
1554052_at,0.04377395
239575_at,0.043773018
203686_at,0.043772057
218953_s_at,0.043768227
210284_s_at,0.04376705
232359_at,0.043766588
216553_x_at,0.04376453
227587_at,0.04376316
217124_at,0.043762468
223262_s_at,0.04376182
225299_at,0.043761708
217448_s_at,0.043761373
201616_s_at,0.043761015
1552652_at,0.04375872
209236_at,0.043758184
236507_at,0.043757625
224870_at,0.043756843
207621_s_at,0.043755665
225198_at,0.04375565
201892_s_at,0.043753773
206809_s_at,0.043753743
1555155_at,0.04375285
224986_s_at,0.04375124
244686_at,0.043750696
202079_s_at,0.043750584
221525_at,0.04374975
210780_at,0.043748766
219875_s_at,0.043741576
235295_at,0.043741435
216662_at,0.04374131
207172_s_at,0.04373928
1563494_at,0.043737806
206928_at,0.04373753
243962_at,0.043736488
231396_s_at,0.04373032
1557193_at,0.04372999
235365_at,0.043729812
222157_s_at,0.043729573
1556929_at,0.043726988
225714_s_at,0.043725677
1566598_at,0.04372537
231242_at,0.04372531
202369_s_at,0.043723553
232564_at,0.043721914
1569371_at,0.043721907
211547_s_at,0.043721378
224688_at,0.043720156
1557578_at,0.043715805
1563654_at,0.043713517
203615_x_at,0.043713033
33646_g_at,0.043712944
233528_s_at,0.043712474
1563512_at,0.04371246
213688_at,0.043709725
208063_s_at,0.04370836
210988_s_at,0.04370752
212964_at,0.043707132
208863_s_at,0.04370278
204096_s_at,0.04370199
227385_at,0.043701947
209851_at,0.043701775
1565554_at,0.043701664
222676_at,0.04370042
202603_at,0.043696344
224956_at,0.043696195
216955_at,0.04369586
225017_at,0.043695807
239360_at,0.043694712
229969_at,0.043692827
242289_at,0.04369092
210821_x_at,0.043689355
238261_at,0.043687582
1555681_at,0.0436873
222843_at,0.043685377
216064_s_at,0.04368344
1566835_at,0.043682337
212206_s_at,0.04368013
1562777_at,0.043679968
243868_at,0.04367876
1554558_at,0.043678395
228899_at,0.043675214
234728_s_at,0.04367359
238782_at,0.043672085
1556956_at,0.04367155
228147_at,0.0436714
226229_s_at,0.04367125
228240_at,0.043671243
224719_s_at,0.043670952
219205_at,0.043669254
222722_at,0.043669023
220255_at,0.043668866
234896_at,0.043668583
236023_at,0.043666184
201148_s_at,0.043665495
34260_at,0.043665275
1560679_at,0.043664522
220562_at,0.043664128
232312_at,0.043663934
1554030_at,0.04366269
238122_at,0.04366237
234762_x_at,0.04366103
206976_s_at,0.04366103
218043_s_at,0.04365927
242152_at,0.043659084
219004_s_at,0.0436576
230871_at,0.043657273
213669_at,0.043657005
205400_at,0.04365644
206571_s_at,0.04365623
201736_s_at,0.043654263
227622_at,0.04365295
244520_at,0.04365197
208770_s_at,0.04365188
217153_at,0.043645173
1554251_at,0.04364194
209878_s_at,0.043640405
236757_at,0.043639943
1559623_at,0.043639764
238799_at,0.043639258
239250_at,0.043638185
1568678_s_at,0.04363638
219953_s_at,0.043636307
1557555_at,0.04363609
242797_x_at,0.043636054
1562641_at,0.043635495
239482_x_at,0.04363188
228939_at,0.043630145
218787_x_at,0.043626994
235599_at,0.043626357
58916_at,0.043622985
231269_at,0.043622926
228065_at,0.043621168
233990_at,0.043619618
1568977_at,0.04361929
241159_x_at,0.043617904
215701_at,0.04361683
1559495_at,0.043613486
235715_at,0.04361251
1557186_s_at,0.043612033
231918_s_at,0.04361166
1558594_at,0.0436114
1562323_at,0.04361064
206383_s_at,0.043610543
209882_at,0.043609306
207670_at,0.04360863
210667_s_at,0.043607414
218890_x_at,0.04360591
242326_at,0.043605454
236570_at,0.043603897
1569024_at,0.043603852
231564_at,0.043603737
210141_s_at,0.04360327
241245_at,0.04360205
1553931_at,0.043601945
236821_at,0.0436012
228998_at,0.043599516
1562832_at,0.04359774
215849_x_at,0.043595947
235962_at,0.043595552
229870_at,0.043593183
237905_at,0.04358767
227876_at,0.0435874
229631_at,0.04358393
240800_x_at,0.043583706
200757_s_at,0.04358323
236431_at,0.043580547
217795_s_at,0.0435791
217592_at,0.043578364
236429_at,0.043576986
239128_at,0.04357603
222459_at,0.043575972
219891_at,0.043575883
244569_at,0.04357584
242776_at,0.043574497
225858_s_at,0.04357207
218821_at,0.04357192
232368_at,0.043567937
229595_at,0.043567568
1559995_at,0.043565027
219746_at,0.04356321
225885_at,0.043562144
201799_s_at,0.04356143
222316_at,0.04356134
238531_x_at,0.043560497
230668_at,0.04355945
225931_s_at,0.043557137
225575_at,0.043556735
1562821_a_at,0.04355476
239907_at,0.043553203
201716_at,0.043552354
1560881_a_at,0.04355105
238571_at,0.043550774
226383_at,0.04354921
220606_s_at,0.043548092
212623_at,0.043546468
212203_x_at,0.04354483
227110_at,0.04354477
204088_at,0.04354438
212292_at,0.043543488
1570251_at,0.04354343
241178_at,0.043540522
211941_s_at,0.04353884
1556747_a_at,0.043538675
231649_at,0.04353798
1555718_x_at,0.043535225
213838_at,0.0435327
1565495_at,0.043531887
230229_at,0.04353179
1558050_at,0.043531552
224324_at,0.04353082
228715_at,0.043529347
206032_at,0.043528914
229561_at,0.043527648
204841_s_at,0.043526135
201534_s_at,0.04352528
1566866_at,0.043521628
217787_s_at,0.04352078
228959_at,0.043516576
207016_s_at,0.0435144
223086_x_at,0.043514073
210050_at,0.043514073
221486_at,0.043510824
214690_at,0.043508984
225223_at,0.043508485
218530_at,0.04350841
219447_s_at,0.043507725
215155_at,0.043507084
221705_s_at,0.04350555
220160_s_at,0.04350312
1557121_s_at,0.043502033
237869_at,0.043498233
229412_at,0.043497726
218624_s_at,0.043497235
220071_x_at,0.043496072
237322_at,0.04349579
203582_s_at,0.043492272
232031_s_at,0.04349138
204880_at,0.04349135
1561026_a_at,0.043490537
226191_at,0.04348916
227580_s_at,0.0434888
201080_at,0.043488592
1557080_s_at,0.043488316
242188_at,0.043485977
238762_at,0.043484315
222778_s_at,0.043483987
220915_s_at,0.043483265
226688_at,0.043478936
236832_at,0.043477148
213810_s_at,0.043476634
227695_at,0.04347586
211738_x_at,0.043475762
238185_at,0.04347436
216203_at,0.04347354
243851_at,0.043470398
242423_x_at,0.043470353
40569_at,0.043467373
226855_at,0.043465808
216756_at,0.043465294
225805_at,0.043465257
1566984_at,0.043464623
1553750_a_at,0.043462396
238825_at,0.043460965
215708_s_at,0.043460786
1555920_at,0.043460697
212911_at,0.043458924
216161_at,0.04345873
204213_at,0.04345846
222704_at,0.04345648
242249_at,0.043456182
204271_s_at,0.04345545
1559097_at,0.043454543
213311_s_at,0.043453276
221103_s_at,0.04345233
235252_at,0.04345204
240371_at,0.043446943
217382_at,0.04344687
238826_x_at,0.043443978
205338_s_at,0.04344192
1566917_at,0.043441802
1555163_at,0.04344117
242772_x_at,0.043440312
213926_s_at,0.04343854
1566340_at,0.043438315
243161_x_at,0.043437578
220138_at,0.043435685
1556468_at,0.043433964
234573_at,0.043431938
224624_at,0.04343152
234610_at,0.043431073
220966_x_at,0.04342842
243783_at,0.043427467
238630_at,0.0434243
203983_at,0.04342243
241923_x_at,0.04342228
211349_at,0.043420695
235511_at,0.04342045
233322_at,0.043419257
1569250_at,0.043416485
243038_at,0.04341612
242648_at,0.04341504
224051_at,0.04341363
227157_at,0.043411493
225964_at,0.043411285
208188_at,0.043409646
230204_at,0.043407917
1560977_a_at,0.043407016
216212_s_at,0.043405563
1563131_at,0.043405123
219578_s_at,0.043403752
208807_s_at,0.04340349
1561761_x_at,0.043403015
205437_at,0.04340297
238039_at,0.04340212
204634_at,0.043401703
227761_at,0.043399736
203335_at,0.043394774
206502_s_at,0.043393772
1554285_at,0.043392465
225107_at,0.04339212
201877_s_at,0.043391883
207502_at,0.04339186
213359_at,0.04339093
238758_at,0.043386295
202044_at,0.043385208
1562069_at,0.04338391
243893_at,0.043383792
202631_s_at,0.0433826
235348_at,0.043380827
228881_at,0.043379918
213621_s_at,0.04337912
1555763_x_at,0.043378353
223690_at,0.043378264
1552426_a_at,0.043378234
239681_at,0.04337737
219847_at,0.04337603
236849_at,0.043375924
206789_s_at,0.04337576
225037_at,0.04337457
212321_at,0.043373525
219375_at,0.043373287
220283_at,0.043372482
213672_at,0.043371513
229350_x_at,0.04337138
215698_at,0.043370873
239497_at,0.043369263
217375_at,0.043368187
223292_s_at,0.043366864
208276_at,0.043365806
244510_at,0.043365248
1559094_at,0.043364525
204618_s_at,0.043364316
233748_x_at,0.043362677
206377_at,0.04336025
212041_at,0.043358684
212516_at,0.04335828
219023_at,0.0433577
210280_at,0.043357186
211332_x_at,0.043356076
218435_at,0.043356
1555267_at,0.043355957
225409_at,0.0433522
206175_x_at,0.043352038
227785_at,0.04335107
1555058_a_at,0.043350875
231954_at,0.043350607
210182_at,0.04334689
225225_at,0.0433442
224786_at,0.04334274
204923_at,0.04334271
207238_s_at,0.043340266
239355_at,0.04333988
223222_at,0.04333961
229063_s_at,0.043337584
210055_at,0.0433343
234308_at,0.043333218
220653_at,0.04333213
244574_at,0.04332935
207882_at,0.043326512
226828_s_at,0.043325037
235103_at,0.043323264
204799_at,0.043320984
233637_at,0.043319143
214713_at,0.04331842
202166_s_at,0.043318182
219242_at,0.043317795
1569952_x_at,0.043317556
208448_x_at,0.043315984
205151_s_at,0.043311644
1554730_at,0.04331074
243186_at,0.043309316
214694_at,0.04330703
226339_at,0.043305233
236479_at,0.043305144
217586_x_at,0.043304786
219232_s_at,0.04330381
212232_at,0.043303788
223250_at,0.04330361
1558830_at,0.043302238
202228_s_at,0.043301553
234768_at,0.04330077
37590_g_at,0.043299913
210465_s_at,0.0432999
221553_at,0.043299288
231238_at,0.04329803
205124_at,0.04329768
223388_s_at,0.043296874
238208_at,0.04329621
216459_x_at,0.04329391
212128_s_at,0.043293305
208849_at,0.04329139
232543_x_at,0.04329011
220985_s_at,0.04328929
224683_at,0.04328811
1559616_x_at,0.043287948
236269_at,0.04328485
204164_at,0.04328391
231223_at,0.04328364
1554555_a_at,0.04328324
215581_s_at,0.04328219
232381_s_at,0.04328008
230862_at,0.043273672
233433_at,0.043273434
1553808_a_at,0.04327326
221862_at,0.04327304
202155_s_at,0.043267637
237599_at,0.043265097
203702_s_at,0.04326333
224864_at,0.043261886
238648_at,0.043261148
227879_at,0.043260083
202717_s_at,0.043257564
225891_at,0.043257445
238564_at,0.043256037
203346_s_at,0.04325521
208658_at,0.04325469
221498_at,0.043253437
219040_at,0.04325284
225137_at,0.043248415
218647_s_at,0.0432477
202379_s_at,0.04324618
1554179_s_at,0.043245755
229098_s_at,0.043244243
244034_at,0.04324001
1568620_at,0.043237537
210477_x_at,0.04323685
218774_at,0.04323651
1562761_at,0.04323642
227983_at,0.04323411
223441_at,0.04323286
231932_at,0.043232784
212465_at,0.043230355
1560806_at,0.04323019
217713_x_at,0.04322955
1563975_at,0.043227807
232831_at,0.04322757
224728_at,0.04322675
207265_s_at,0.043225877
241293_x_at,0.043222487
226780_s_at,0.043222085
201657_at,0.043221787
201831_s_at,0.04322116
224732_at,0.04322061
238722_x_at,0.04321836
1559675_at,0.043217912
1553725_s_at,0.043217182
244390_at,0.043215953
218402_s_at,0.04321547
213328_at,0.04321511
223515_s_at,0.04321453
230509_at,0.0432131
225503_at,0.043211803
1555145_at,0.04321155
210678_s_at,0.04321024
33579_i_at,0.04321018
241771_at,0.043209642
1556806_at,0.043208435
233277_at,0.04320787
221061_at,0.043207407
214315_x_at,0.04320717
236721_at,0.04320711
228989_at,0.043206282
213975_s_at,0.043205976
226813_at,0.043205604
206482_at,0.043205123
244396_at,0.04320407
1558128_at,0.043203235
235906_at,0.04320267
225690_at,0.04320109
46142_at,0.043200523
37566_at,0.04319594
223592_s_at,0.043194562
200956_s_at,0.043194473
211385_x_at,0.043194473
213383_at,0.043192446
204513_s_at,0.043192446
213331_s_at,0.04319206
219779_at,0.04319097
242041_at,0.04318987
1569127_at,0.043187372
213250_at,0.04318659
1553060_at,0.043186545
205129_at,0.04318574
1565557_at,0.04318528
225425_s_at,0.04318297
1553286_at,0.043180883
212572_at,0.043180197
1553534_at,0.043179363
224763_at,0.043177098
235416_at,0.04317683
223728_at,0.04317674
1552504_a_at,0.043176293
235293_at,0.043175466
233469_at,0.043174207
203576_at,0.04317285
1568974_at,0.043171763
205732_s_at,0.04316829
239825_at,0.043166757
229655_at,0.043166187
215910_s_at,0.043165535
222412_s_at,0.04316248
1555812_a_at,0.043162227
203870_at,0.043162122
239840_at,0.043159656
1555851_s_at,0.04315889
207868_at,0.043154553
206750_at,0.04315363
216376_x_at,0.043152615
209142_s_at,0.0431526
235438_at,0.0431518
239236_at,0.043151543
209268_at,0.043148607
242464_at,0.043146767
1553178_a_at,0.043146707
204628_s_at,0.043145537
209923_s_at,0.043145508
239085_at,0.043144464
1556389_at,0.043141216
208731_at,0.04314047
236298_at,0.043140158
238568_s_at,0.043135136
224001_at,0.04313486
201516_at,0.043133736
207480_s_at,0.043132022
222250_s_at,0.04313162
221350_at,0.043130122
1568680_s_at,0.043128878
214117_s_at,0.043128476
1566452_at,0.04312723
243689_s_at,0.043125957
209431_s_at,0.04312466
214553_s_at,0.043123946
237454_at,0.043123856
204633_s_at,0.043122232
234423_x_at,0.043121696
203241_at,0.04312025
213039_at,0.04311961
219066_at,0.04311952
218817_at,0.04311928
244766_at,0.043118224
203098_at,0.04311812
218564_at,0.043117538
228084_at,0.04311751
235884_at,0.043116644
1556989_at,0.04311657
223328_at,0.043115944
228123_s_at,0.043113023
240767_x_at,0.04311174
224513_s_at,0.043110043
230569_at,0.043109596
239081_at,0.043108374
224005_at,0.04310213
228162_at,0.04310155
1566177_at,0.043100573
237424_at,0.043098927
228930_at,0.043097824
207407_x_at,0.04309664
227685_at,0.043096483
213090_s_at,0.0430952
225585_at,0.0430921
1559343_at,0.04309178
204158_s_at,0.04308921
227342_s_at,0.043088295
224642_at,0.04308811
215984_s_at,0.043085426
214216_s_at,0.04308498
227183_at,0.043084696
202113_s_at,0.04308361
236377_at,0.043082952
203198_at,0.043081045
1553253_at,0.043080904
203491_s_at,0.043077767
201339_s_at,0.043077737
226752_at,0.043076262
208310_s_at,0.043074936
1556416_s_at,0.043071434
207289_at,0.043068036
222263_at,0.043067873
201936_s_at,0.043067023
237236_x_at,0.043064862
233830_at,0.043062888
203046_s_at,0.0430627
237304_at,0.043060765
1570644_at,0.043059915
201179_s_at,0.043058157
209204_at,0.043057352
1557827_at,0.043057054
208844_at,0.04305625
228073_at,0.04305078
1554286_at,0.043049052
1552665_at,0.04304862
215644_at,0.043045342
202804_at,0.043044865
235573_at,0.043044128
230502_s_at,0.04304315
240696_at,0.043042727
235210_s_at,0.043042623
1563745_a_at,0.043041103
243651_at,0.04304082
216870_x_at,0.043039918
204610_s_at,0.043038964
213525_at,0.043038666
218401_s_at,0.043037504
1555624_a_at,0.04303647
1562294_x_at,0.043036245
217692_at,0.043035954
220906_at,0.043035895
203297_s_at,0.04303521
220163_s_at,0.043033764
210555_s_at,0.043032706
204853_at,0.043032587
216631_s_at,0.043032557
229747_x_at,0.04303065
204774_at,0.04303062
227219_x_at,0.043030486
234479_at,0.043027952
233319_x_at,0.043027863
203607_at,0.043027863
228675_at,0.04302387
210683_at,0.04302364
1568640_at,0.04302244
242585_at,0.043019496
215919_s_at,0.04301648
1558081_at,0.04301545
242743_at,0.043015033
238235_at,0.04301458
209131_s_at,0.043013006
201583_s_at,0.04301244
244558_at,0.04301145
204003_s_at,0.04301113
214715_x_at,0.043010294
204299_at,0.043009907
232689_at,0.043008164
206687_s_at,0.04300803
226295_at,0.04300514
211726_s_at,0.04300496
235191_at,0.043004617
224315_at,0.043004036
205757_at,0.043003745
1558954_at,0.04300277
243642_x_at,0.04300192
221572_s_at,0.043001667
1566697_at,0.043000728
230450_at,0.04300022
1562878_at,0.04299952
213951_s_at,0.04299912
240494_at,0.042998984
1553106_at,0.0429973
238666_at,0.042997003
1563531_at,0.042995624
1564932_at,0.042994514
221943_x_at,0.042993546
212207_at,0.042992353
204346_s_at,0.04299155
218379_at,0.042990893
242179_s_at,0.042990044
226337_at,0.04298973
208159_x_at,0.04298961
221689_s_at,0.042989522
225573_at,0.04298897
242411_at,0.04298895
203203_s_at,0.042987376
203916_at,0.04298474
233520_s_at,0.042983383
205232_s_at,0.0429828
204697_s_at,0.042982705
211123_at,0.042981848
217988_at,0.042978287
235751_s_at,0.042975314
228127_at,0.042973563
235045_at,0.042972848
1570366_x_at,0.04297214
1557582_at,0.04296951
236006_s_at,0.04296939
231854_at,0.042968765
202329_at,0.042966038
203860_at,0.042965814
214996_at,0.04296176
1562722_at,0.04296173
244020_at,0.042961255
209166_s_at,0.042957008
208784_s_at,0.0429561
239184_at,0.04295589
1557270_at,0.042954147
200649_at,0.04295343
219611_s_at,0.04295212
206920_s_at,0.042951092
211325_x_at,0.042949617
234440_at,0.042948358
230341_x_at,0.042945266
211714_x_at,0.04294312
239311_at,0.042942166
230475_at,0.04294134
224873_s_at,0.042940676
1552827_s_at,0.042940497
203378_at,0.04293722
227735_s_at,0.04293552
225581_s_at,0.042934194
242242_at,0.042932227
231920_s_at,0.042931497
235714_at,0.042929307
201266_at,0.04292777
217611_at,0.04292722
229615_at,0.042926922
225234_at,0.042926297
223323_x_at,0.04292114
205317_s_at,0.042920277
1561691_at,0.04291928
231476_at,0.04291735
241129_at,0.042917177
212125_at,0.042917073
234505_at,0.042915538
208232_x_at,0.042914838
218072_at,0.04291448
1555988_a_at,0.042912215
204935_at,0.042912006
212547_at,0.04291159
1569871_at,0.042906813
222564_at,0.042904057
1565672_at,0.0429029
1568752_s_at,0.042902693
237605_at,0.042901352
209712_at,0.042900264
1566973_at,0.042899027
226896_at,0.042898417
224837_at,0.042895943
213307_at,0.04289587
1553693_s_at,0.042895123
214787_at,0.04289505
1563947_a_at,0.042894647
204335_at,0.042888626
204349_at,0.042886317
236506_at,0.042884767
207079_s_at,0.04288377
1565535_x_at,0.042883374
203333_at,0.042882964
201834_at,0.042882115
1560763_at,0.04288157
202386_s_at,0.042880893
237475_x_at,0.042880833
210187_at,0.04288046
206075_s_at,0.042879313
230733_at,0.042878866
1554239_s_at,0.042878777
208894_at,0.042877525
216006_at,0.042877138
233784_at,0.04287512
1564066_at,0.042873785
1560703_at,0.04287377
204303_s_at,0.04286875
217784_at,0.04286824
202472_at,0.04286474
222074_at,0.042864293
236711_at,0.042864002
213590_at,0.042862594
241175_at,0.04286219
214848_at,0.042861313
206583_at,0.042861104
213974_at,0.042859413
221890_at,0.04285766
243131_x_at,0.042855516
239392_s_at,0.042854488
230257_s_at,0.042854488
1561887_at,0.04285428
229541_at,0.04285331
203081_at,0.042853102
206268_at,0.042849883
202972_s_at,0.042849526
217813_s_at,0.042848676
224465_s_at,0.042848304
218608_at,0.042847484
212319_at,0.04284671
1558148_x_at,0.042845495
223774_at,0.042845085
236935_at,0.04284425
229586_at,0.04284346
215478_at,0.042843215
203263_s_at,0.042842463
1553681_a_at,0.04284227
233411_at,0.042841583
1570166_a_at,0.04283829
231121_at,0.042836457
225458_at,0.042836025
236593_at,0.042835012
208733_at,0.042831033
235713_at,0.042828426
209379_s_at,0.042824402
235345_at,0.042822845
211702_s_at,0.042819455
219688_at,0.04281874
231933_at,0.042817503
219172_at,0.042816103
226009_at,0.042815655
218093_s_at,0.04281512
231050_at,0.042814746
201183_s_at,0.04281175
200922_at,0.042810634
1557003_at,0.042809896
1554659_at,0.04280962
231892_at,0.042809263
1559893_at,0.042808734
1558742_at,0.042807966
229429_x_at,0.04280761
226505_x_at,0.042807132
202616_s_at,0.042806044
222636_at,0.042803884
1552738_a_at,0.04280234
1569234_at,0.042802155
227846_at,0.042802036
204300_at,0.042801827
1570484_at,0.042800546
230310_at,0.042798504
239432_at,0.04279788
235612_at,0.04279715
225694_at,0.042796373
205791_x_at,0.042795926
240023_at,0.04279533
233582_at,0.042791694
215410_at,0.04279086
239506_s_at,0.042790502
1561194_at,0.042789817
240807_at,0.042789593
241337_at,0.042789415
238006_at,0.042787954
1554116_s_at,0.042787433
235381_at,0.042787045
213921_at,0.042786304
1562446_at,0.042785406
238201_at,0.04278496
241774_at,0.042782336
226531_at,0.042782143
227775_at,0.04278198
238551_at,0.042781547
212905_at,0.04278095
1569879_a_at,0.042779453
214650_x_at,0.04277891
209371_s_at,0.042777896
1554501_at,0.042777628
209931_s_at,0.04277625
230562_at,0.042774618
1559471_s_at,0.042774558
1559102_at,0.04277435
205679_x_at,0.042773217
1553103_at,0.04277207
1557529_at,0.042764843
1561486_at,0.042764068
1562738_a_at,0.042763233
47550_at,0.042762488
1569444_at,0.042760223
213386_at,0.042759165
216178_x_at,0.04275866
202956_at,0.04275787
1561407_at,0.042757094
220721_at,0.042754278
48825_at,0.04275228
215246_at,0.04275015
215603_x_at,0.04274924
1560609_at,0.042746887
1560520_at,0.042745583
226463_at,0.04274389
221853_s_at,0.04274285
1554574_a_at,0.04274054
243299_at,0.042736426
243162_at,0.042736143
226745_at,0.04273577
240694_at,0.04273545
1557866_at,0.042735033
233195_at,0.04273188
219045_at,0.042730182
223925_s_at,0.04272993
218556_at,0.04272929
226801_s_at,0.042728424
217129_at,0.042725377
204838_s_at,0.04272464
1570622_at,0.04272253
201995_at,0.042720973
1569847_at,0.04271601
217449_at,0.04271567
240603_s_at,0.04271557
224905_at,0.04271531
208785_s_at,0.042711854
212067_s_at,0.042711228
230448_at,0.042711124
1563007_at,0.042710945
230516_at,0.04271069
221739_at,0.042710304
213739_at,0.04270944
240847_at,0.04270939
219711_at,0.04270798
233357_at,0.042705014
209175_at,0.042704016
228389_at,0.042702645
230364_at,0.042701975
1552400_a_at,0.042701237
396_f_at,0.042700887
1557567_a_at,0.042700216
222005_s_at,0.042697877
1553348_a_at,0.042694375
1562116_at,0.042692974
220161_s_at,0.04268928
208838_at,0.042688563
1566032_at,0.042686485
221639_x_at,0.04268565
224999_at,0.04268361
200910_at,0.04268235
228493_at,0.042681783
240950_s_at,0.042680345
200776_s_at,0.042679936
235076_at,0.042676568
230931_at,0.04267601
212462_at,0.0426732
239139_at,0.042672917
227113_at,0.042672098
216392_s_at,0.042670637
1567390_at,0.042667754
1559747_at,0.0426663
54037_at,0.042666256
212747_at,0.04266569
215464_s_at,0.042663977
215616_s_at,0.0426632
223122_s_at,0.042662647
225550_at,0.04266256
1565909_at,0.04266113
216125_s_at,0.042661086
239572_at,0.042659946
222027_at,0.042659774
214915_at,0.042657793
216713_at,0.04265663
202987_at,0.04265602
230386_at,0.042654753
233081_at,0.04265462
241746_at,0.042653427
241379_at,0.042653292
1555272_at,0.042652294
203420_at,0.04265222
203097_s_at,0.04265216
220488_s_at,0.042650267
59999_at,0.042649835
227093_at,0.04264967
203298_s_at,0.04264903
1567031_at,0.042648904
1569867_at,0.04264839
1554985_at,0.04264693
207767_s_at,0.042644285
216372_at,0.04264413
243396_at,0.042643465
1569206_at,0.0426431
224807_at,0.04264301
243668_at,0.042642698
205377_s_at,0.042641506
244398_x_at,0.04263708
236861_at,0.042636544
225882_at,0.042634785
226669_at,0.04263425
200908_s_at,0.042633086
226604_at,0.042631716
214383_x_at,0.042630687
230101_at,0.04262826
231784_s_at,0.04262814
206419_at,0.04262758
219992_at,0.04262636
233853_at,0.04262586
233066_at,0.042625457
241608_at,0.04262524
221297_at,0.04262381
1554396_at,0.04262194
1568667_s_at,0.042620003
1554625_at,0.04261881
205570_at,0.042616844
1554556_a_at,0.042616248
233035_at,0.042615358
1557620_a_at,0.04260558
229976_at,0.042604044
229075_at,0.04260327
221972_s_at,0.042599484
240257_at,0.04259862
243828_at,0.04259765
224608_s_at,0.042596355
204426_at,0.042593583
210688_s_at,0.04258983
238828_at,0.04258933
214104_at,0.04258877
202900_s_at,0.04258856
37201_at,0.042588234
1560320_a_at,0.04258807
237514_at,0.042586394
1560474_at,0.042586178
229025_s_at,0.04258564
224923_at,0.042585403
235711_at,0.04258369
221869_at,0.042583317
244779_at,0.04258205
204523_at,0.042581826
89977_at,0.04258139
236490_at,0.042580605
231102_at,0.04257919
224570_s_at,0.04257822
215720_s_at,0.042576052
230025_at,0.04257451
238413_at,0.042574137
205166_at,0.04257279
211501_s_at,0.042572588
224314_s_at,0.04257229
217393_x_at,0.04257177
1554423_a_at,0.042571038
213332_at,0.04257097
242994_at,0.042567313
216492_at,0.042566977
215525_at,0.04256411
225898_at,0.042563915
1554274_a_at,0.042563662
214758_at,0.042563252
212604_at,0.042562246
224132_at,0.042561807
239283_at,0.04256116
224909_s_at,0.04256031
213647_at,0.042559043
217182_at,0.04255812
1555380_at,0.042557515
202750_s_at,0.04255706
215373_x_at,0.042555034
227548_at,0.042553917
231171_at,0.04255183
229957_at,0.042549342
239801_at,0.042547733
212922_s_at,0.042547345
212150_at,0.042545408
243508_at,0.042545304
222883_at,0.04254426
218742_at,0.042543963
1560707_at,0.042543843
1557782_s_at,0.042542607
209551_at,0.04253824
240929_at,0.042535797
204432_at,0.042534858
215553_x_at,0.04253429
1561884_at,0.04253398
237106_at,0.042532116
222219_s_at,0.042531267
202863_at,0.04252872
224661_at,0.04252857
1560117_at,0.042523757
213218_at,0.042523637
214940_s_at,0.042522773
1556951_at,0.04252275
224004_at,0.042521827
1555836_at,0.04252106
227865_at,0.042520642
225212_at,0.04251878
1569142_at,0.042517796
242863_at,0.042515725
237982_at,0.042512476
229762_at,0.042512298
217304_at,0.042512104
201917_s_at,0.04250917
217920_at,0.042508885
235470_at,0.04250875
219716_at,0.0425082
205170_at,0.042507656
208070_s_at,0.042505175
214036_at,0.04250451
229431_at,0.04250449
202372_at,0.042501613
242409_at,0.042500444
230295_at,0.04249815
201146_at,0.04249659
236986_at,0.04249221
203577_at,0.042492002
228131_at,0.042491466
223190_s_at,0.04248953
1556479_at,0.04248684
210093_s_at,0.04248631
1560282_at,0.042485416
227729_at,0.042485073
215115_x_at,0.042484805
231400_s_at,0.042482845
222887_s_at,0.04247901
226107_at,0.04247746
217307_at,0.0424774
238487_at,0.042474225
214287_s_at,0.04247371
231869_at,0.042472497
242224_at,0.04247202
228272_at,0.042470723
211521_s_at,0.042467304
225377_at,0.04246646
200848_at,0.04246621
205059_s_at,0.042466164
238115_at,0.042464077
224891_at,0.04246381
227871_at,0.042463183
243460_at,0.042462036
227840_at,0.042461768
221532_s_at,0.042461097
200755_s_at,0.04246068
1560659_at,0.042460546
237944_at,0.042460278
210598_at,0.04245822
230897_at,0.04245381
220632_s_at,0.042451486
228000_at,0.042450838
204608_at,0.042448476
216676_x_at,0.042447753
229711_s_at,0.042445213
1567591_at,0.04244167
218318_s_at,0.04244165
202677_at,0.04244104
218139_s_at,0.042439908
220849_at,0.042439096
227708_at,0.042438358
207684_at,0.04243642
232041_at,0.042436104
236555_at,0.042434677
209599_s_at,0.042434275
215013_s_at,0.042433918
237179_at,0.04243335
201196_s_at,0.042432785
1553107_s_at,0.042432606
219757_s_at,0.04243198
224438_at,0.042431504
205375_at,0.042429954
242781_at,0.04242686
225620_at,0.04242614
231997_at,0.042425707
214609_at,0.042425282
243326_at,0.042424142
219489_s_at,0.04242409
239678_at,0.042423725
218798_at,0.042423114
227301_at,0.04242158
230843_at,0.042421
206744_s_at,0.04242088
218046_s_at,0.04242061
238248_at,0.04242061
232713_at,0.042418145
229925_at,0.042418137
218112_at,0.042416736
229677_at,0.04241672
212037_at,0.042416632
218599_at,0.04241623
232798_at,0.042415924
1558336_at,0.042415738
218208_at,0.042415142
233583_at,0.04241336
1563611_at,0.042412877
227206_at,0.04241225
228479_at,0.042410225
1570065_at,0.042409733
239083_at,0.042408884
217247_at,0.042404965
242615_at,0.04240389
238585_at,0.042401806
204839_at,0.042401522
218603_at,0.042400062
209128_s_at,0.042399794
203172_at,0.04239653
225230_at,0.042396337
241400_at,0.042395808
214693_x_at,0.042395055
218968_s_at,0.04239443
243941_at,0.04239288
214703_s_at,0.04239127
216387_x_at,0.04239106
1556078_at,0.04239043
214743_at,0.042390227
223337_at,0.042389452
231671_at,0.042388976
229854_at,0.042388365
229140_at,0.042388096
228328_at,0.042387664
228047_at,0.042386517
1561332_at,0.042384066
210748_at,0.042383492
234738_s_at,0.042383224
1554860_at,0.042383015
231886_at,0.04238212
228191_at,0.04238078
1566695_at,0.04238054
231243_s_at,0.042377688
242174_at,0.04237754
216673_at,0.04237476
223321_s_at,0.04237345
1557135_at,0.042373143
222216_s_at,0.042372882
202811_at,0.042371273
230998_at,0.042370945
215867_x_at,0.04237023
243495_s_at,0.04237017
233412_x_at,0.042368457
223860_at,0.042366907
201434_at,0.042366445
203043_at,0.042366177
1558787_a_at,0.04236491
228125_at,0.042364016
224442_at,0.042358324
229665_at,0.04235816
205512_s_at,0.04235503
225780_at,0.04235372
234638_at,0.042351484
204577_s_at,0.04234886
231683_at,0.042346925
1554097_a_at,0.042346857
214153_at,0.042346343
220024_s_at,0.042345896
219419_at,0.042345673
208184_s_at,0.042345583
1559226_x_at,0.04234285
238788_at,0.04234072
1554475_a_at,0.04233893
222376_at,0.042338252
203264_s_at,0.04233733
227910_at,0.042335942
244255_at,0.04233551
1556042_s_at,0.042333797
235636_at,0.04233305
225483_at,0.04233271
212795_at,0.042330503
217097_s_at,0.042330295
201781_s_at,0.04232946
238598_s_at,0.042327978
228829_at,0.042325497
1558487_a_at,0.042324618
209701_at,0.042324156
244717_x_at,0.042323314
221752_at,0.04232225
1555668_a_at,0.042321377
204387_x_at,0.0423204
211388_s_at,0.042320043
1555741_at,0.042318106
1569665_at,0.042317204
201172_x_at,0.042316437
1562391_at,0.042316347
226719_at,0.042315513
227706_at,0.04231514
204453_at,0.04231453
214751_at,0.0423138
218323_at,0.042311877
234591_at,0.04231029
218264_at,0.04231003
224879_at,0.04230994
229826_at,0.04230985
242646_at,0.042307824
1568938_at,0.042306498
225116_at,0.042305753
203851_at,0.04230553
223077_at,0.0423055
230725_at,0.042305216
238996_x_at,0.04230395
205594_at,0.042302534
239851_at,0.042301267
234046_at,0.04230067
223118_s_at,0.042299867
1555831_s_at,0.042298704
234917_at,0.04229854
222709_at,0.04229851
203965_at,0.04229839
202814_s_at,0.04229617
1294_at,0.04229617
201323_at,0.042295963
203825_at,0.042294353
228713_s_at,0.042293318
223202_s_at,0.042292804
1553686_at,0.042290315
200815_s_at,0.04228586
239064_at,0.042285264
1556128_a_at,0.042285115
228060_at,0.042284384
236881_at,0.042283736
235340_at,0.04228352
233741_at,0.042279527
1568892_at,0.042279013
234617_at,0.042277813
243846_x_at,0.042277545
211299_s_at,0.04227723
208786_s_at,0.04227653
202412_s_at,0.042276174
1561017_at,0.042275123
209116_x_at,0.042274892
201872_s_at,0.042272
211370_s_at,0.0422716
225213_at,0.042270362
232092_at,0.042269483
219724_s_at,0.042268783
202142_at,0.042268306
219691_at,0.042265296
214241_at,0.04226218
234962_at,0.04226099
32032_at,0.042259693
205776_at,0.04225886
1560630_at,0.042258598
202183_s_at,0.042257458
214337_at,0.042257115
227162_at,0.042256653
212862_at,0.04225613
221702_s_at,0.042256117
216657_at,0.042256095
234369_at,0.042254627
1557227_s_at,0.042254567
227280_s_at,0.042253435
220236_at,0.042251945
1562925_at,0.042250767
221158_at,0.042250365
243794_at,0.042249195
200712_s_at,0.042247444
222729_at,0.042247385
242149_at,0.042247064
215868_x_at,0.042246647
1554580_a_at,0.042244412
207835_at,0.04224378
228008_at,0.042243272
1563320_at,0.04224094
232028_at,0.04224056
239941_at,0.042239755
219296_at,0.042235732
221510_s_at,0.042235374
219147_s_at,0.042235136
1558600_a_at,0.042234525
212817_at,0.042230375
203528_at,0.042229593
242235_x_at,0.042228818
231681_x_at,0.042228624
1558199_at,0.042228103
209779_at,0.04222752
221421_s_at,0.042224206
235926_at,0.042223975
240586_at,0.042223226
202783_at,0.04222265
227786_at,0.042222083
243879_at,0.042221993
204281_at,0.042221002
223984_s_at,0.04221815
227912_s_at,0.042216264
242125_at,0.042215347
226706_at,0.04221514
225862_at,0.04221514
234167_at,0.04221271
1570301_at,0.042211838
221800_s_at,0.042211413
213490_s_at,0.042211056
233015_at,0.04220912
208173_at,0.04220905
211598_x_at,0.042208686
242608_x_at,0.042207047
222827_s_at,0.042206153
228480_at,0.042206064
230815_at,0.04220593
205322_s_at,0.04220587
1556387_at,0.042202577
228751_at,0.04220201
243907_at,0.04220172
236254_at,0.042200625
228727_at,0.0422
211660_at,0.042198256
207951_at,0.04219585
204927_at,0.04219334
201768_s_at,0.042189375
227402_s_at,0.04218851
243513_at,0.04218787
229212_at,0.042184472
1556084_at,0.042184323
1568713_a_at,0.042184114
223846_at,0.042182833
1555679_a_at,0.04218176
236358_at,0.04218149
219135_s_at,0.04218039
1556009_at,0.042179503
225642_at,0.042179316
215450_at,0.042177677
207163_s_at,0.04217753
224437_s_at,0.04217699
225576_at,0.042176932
221696_s_at,0.04217674
210523_at,0.04217538
230074_s_at,0.042175144
244082_at,0.042173684
203802_x_at,0.042172045
237109_at,0.042171866
234224_at,0.04216878
236090_at,0.042168677
34187_at,0.042167425
1560204_at,0.042166963
222653_at,0.0421668
218952_at,0.04216668
209648_x_at,0.042166308
242080_at,0.04216598
240496_at,0.042164657
224468_s_at,0.042164505
234604_at,0.042164296
230182_at,0.042158782
1561442_at,0.042155325
224053_s_at,0.04215347
209556_at,0.042152494
234594_at,0.04215032
242889_x_at,0.042149454
217930_s_at,0.04214835
229081_at,0.042147845
1562458_at,0.042147383
211423_s_at,0.042146534
218914_at,0.04214628
202818_s_at,0.042146027
218158_s_at,0.042145252
227264_at,0.042143404
1557518_a_at,0.042142756
241711_at,0.042142317
215728_s_at,0.042141557
237827_at,0.04214009
221467_at,0.04213375
201634_s_at,0.04213223
243047_at,0.04213202
203010_at,0.042129755
222411_s_at,0.042129755
241237_at,0.042127907
244663_at,0.042126298
222118_at,0.04212585
209575_at,0.042125106
218540_at,0.042124897
224927_at,0.042123973
1569868_s_at,0.04212308
219717_at,0.04212226
220953_s_at,0.04211931
208274_at,0.042117894
220135_s_at,0.042117447
221610_s_at,0.042116813
211880_x_at,0.042115495
1554543_at,0.042115152
205682_x_at,0.04211472
234719_at,0.042114653
209703_x_at,0.042114377
224166_at,0.04211215
238886_at,0.04211089
1558044_s_at,0.042110354
223735_at,0.042106748
230880_at,0.04210554
234159_at,0.042103574
211240_x_at,0.042103037
208441_at,0.042099163
225475_at,0.04209858
228175_at,0.042097673
217128_s_at,0.0420976
216724_at,0.042096928
244059_at,0.04209456
226513_at,0.0420945
231488_at,0.04209272
216832_at,0.042092256
218724_s_at,0.042089522
1569527_at,0.042088926
244176_at,0.04208573
240405_at,0.04208523
223160_s_at,0.042083412
242177_at,0.04208222
229270_x_at,0.042082086
214041_x_at,0.042081133
1552277_a_at,0.04208079
216855_s_at,0.042080685
217687_at,0.04207921
237242_at,0.042078853
224171_at,0.042077355
202450_s_at,0.042077243
211392_s_at,0.04207678
209919_x_at,0.042076364
233731_at,0.042075567
242561_at,0.042075545
224593_at,0.042075098
210204_s_at,0.042071655
1570631_at,0.04207115
218713_at,0.042071044
225235_at,0.042070955
213420_at,0.042069793
40665_at,0.042067323
1566475_at,0.0420658
226411_at,0.04206443
225507_at,0.042063177
214352_s_at,0.04206109
203303_at,0.042056262
210541_s_at,0.042055115
212587_s_at,0.04205492
237334_at,0.042054802
209478_at,0.042053938
1560281_a_at,0.042052284
201263_at,0.042051345
240170_at,0.042050138
227936_at,0.04205008
211760_s_at,0.042049184
213421_x_at,0.04204905
224359_s_at,0.04204662
205017_s_at,0.042046398
1556588_at,0.04204552
228635_at,0.042043276
241382_at,0.04204268
243488_at,0.042042352
235325_at,0.042042077
206695_x_at,0.04204063
237566_at,0.042038567
217484_at,0.042038344
210849_s_at,0.0420378
207665_at,0.04203683
227885_at,0.04203619
220349_s_at,0.042034745
221464_at,0.042034224
225013_at,0.042033106
242398_x_at,0.042032346
228655_at,0.042032003
227565_at,0.042030364
219705_at,0.042030007
1552797_s_at,0.042029373
222604_at,0.042028263
233296_x_at,0.042023957
214819_at,0.042021804
223744_s_at,0.042021193
212616_at,0.042020977
1560020_at,0.042019516
220608_s_at,0.04201912
207785_s_at,0.0420188
203377_s_at,0.042017862
222224_at,0.042014085
214048_at,0.04201348
204037_at,0.04201308
217973_at,0.042010933
236243_at,0.042010367
1569464_at,0.042009935
220052_s_at,0.042009488
1564439_a_at,0.042004712
231095_at,0.04200411
1556048_at,0.04200375
214368_at,0.042003706
210148_at,0.04200314
242938_s_at,0.04200159
239599_at,0.041999713
230581_at,0.04199899
238130_at,0.041996285
242053_at,0.041993886
235472_at,0.041993737
213036_x_at,0.04199353
206752_s_at,0.04199046
244046_at,0.04199004
209617_s_at,0.04198888
242606_at,0.041988745
220073_s_at,0.041988254
212084_at,0.04198703
227033_at,0.041986868
224432_at,0.041980967
238612_at,0.041980296
219138_at,0.04197848
1553511_at,0.041978396
237761_at,0.041977316
236942_at,0.04197617
234969_s_at,0.04197529
234759_at,0.04197304
207563_s_at,0.041970268
206005_s_at,0.041968867
242103_at,0.041968748
205068_s_at,0.041968465
242040_at,0.041967615
242427_at,0.041966498
206218_at,0.0419664
239688_at,0.041964322
225856_at,0.04196392
223811_s_at,0.041963145
235869_at,0.04196295
223771_at,0.041961342
224097_s_at,0.04195921
205355_at,0.04195594
218327_s_at,0.041953266
230352_at,0.04195176
202663_at,0.04194948
205607_s_at,0.04194896
51228_at,0.041946635
239380_at,0.041946493
243442_x_at,0.0419448
236830_at,0.041944712
214188_at,0.041944608
1563119_at,0.041944057
1565715_at,0.04194379
242287_at,0.041943327
239714_at,0.0419432
232422_at,0.041942686
241875_at,0.041942492
244236_at,0.04194075
214663_at,0.04194002
206411_s_at,0.04193995
215551_at,0.041939802
232322_x_at,0.041939586
1556903_at,0.04193891
227988_s_at,0.041937783
202091_at,0.041937582
222056_s_at,0.041936353
230340_s_at,0.041935883
201795_at,0.041935056
200096_s_at,0.04193449
32502_at,0.041934058
229022_at,0.041932344
217770_at,0.041931957
219718_at,0.04193124
201383_s_at,0.041931182
231962_at,0.041930944
201735_s_at,0.041929796
240793_at,0.0419285
1556484_at,0.041924767
211042_x_at,0.041921943
209853_s_at,0.041921243
233768_at,0.041920006
226873_at,0.041919395
236274_at,0.04191886
219817_at,0.041918725
234128_at,0.041917145
1552769_at,0.041916087
207131_x_at,0.041915923
1553535_a_at,0.041915536
225993_at,0.041915298
1560910_at,0.041913524
213855_s_at,0.041912884
219676_at,0.04191245
235009_at,0.04191053
242376_at,0.041907623
219266_at,0.041906774
1566831_at,0.04190603
205539_at,0.04190574
227788_at,0.04190436
242120_at,0.041904047
215431_at,0.041903384
213826_s_at,0.041903257
219427_at,0.041903183
244881_at,0.041902214
239107_at,0.04189989
214214_s_at,0.04189965
220969_s_at,0.04189861
232196_at,0.04189693
229581_at,0.041896835
231858_x_at,0.04189609
233417_at,0.041895807
223372_at,0.041895807
241793_at,0.041894898
223303_at,0.041894585
244254_at,0.041894414
213755_s_at,0.041893974
236146_at,0.041893594
219741_x_at,0.04189329
211250_s_at,0.041892663
224138_at,0.041892365
241093_at,0.041891947
236798_at,0.04189147
1559766_at,0.041888475
200990_at,0.04188806
238182_at,0.041886926
242505_at,0.041886665
233837_at,0.041884392
243430_at,0.041882753
225391_at,0.04188153
218135_at,0.0418801
224046_s_at,0.041879088
204757_s_at,0.041878715
218569_s_at,0.041876853
219198_at,0.041875973
228742_at,0.041875094
225389_at,0.04187098
215114_at,0.041868985
212361_s_at,0.04186794
228785_at,0.041866362
1555722_at,0.041865587
216989_at,0.041863658
1555811_at,0.041862085
205283_at,0.041861847
229155_at,0.041860193
206178_at,0.041860163
203055_s_at,0.04185915
228605_at,0.04185769
1556994_at,0.041853324
231653_at,0.04185213
1568907_at,0.041850477
227847_at,0.041850448
225041_at,0.041849703
220902_at,0.04184915
209250_at,0.041848063
1558215_s_at,0.041847005
228917_at,0.04184529
237017_s_at,0.041844666
240251_at,0.041844428
208758_at,0.041842848
229766_at,0.041842535
229436_x_at,0.041842386
225325_at,0.04184079
228023_x_at,0.041840002
226798_at,0.041838974
233431_x_at,0.041838855
203908_at,0.04183756
219299_at,0.041836143
218806_s_at,0.041836068
242510_at,0.041835144
217566_s_at,0.041835062
1561723_at,0.041834325
208074_s_at,0.041834205
204566_at,0.041834176
203739_at,0.04183218
223469_at,0.04183209
232157_at,0.041830882
221087_s_at,0.041830808
232347_x_at,0.041829914
207719_x_at,0.041829407
236487_at,0.041828513
206672_at,0.041827872
225771_at,0.04182601
233248_at,0.041825354
1553909_x_at,0.041822612
231530_s_at,0.04182157
221782_at,0.04181826
225420_at,0.04181625
224471_s_at,0.041815728
231342_at,0.041814037
239036_at,0.041813985
1561905_at,0.041812308
241787_at,0.041811094
1553940_a_at,0.041810095
225758_s_at,0.041807055
201847_at,0.041806728
218819_at,0.04180619
223002_s_at,0.041805446
212884_x_at,0.041804984
231024_at,0.041804627
1556249_a_at,0.04180421
237174_at,0.041802496
225580_at,0.041800812
201697_s_at,0.041798323
203970_s_at,0.04179804
217792_at,0.041796684
217790_s_at,0.041793868
218036_x_at,0.04179381
203565_s_at,0.04178989
1553155_x_at,0.0417888
236123_at,0.041785397
211475_s_at,0.04178512
1565928_at,0.041784965
241763_s_at,0.041783184
221737_at,0.041779816
1557605_a_at,0.04177943
230443_at,0.04177916
208698_s_at,0.0417791
223482_at,0.04177776
201898_s_at,0.04177758
233149_at,0.04177688
227333_at,0.041776046
244227_at,0.041775793
203317_at,0.041775674
218123_at,0.041773736
222678_s_at,0.04177192
224800_at,0.041770518
203671_at,0.041769803
236369_at,0.041768774
1553428_at,0.041768074
1557192_at,0.04176773
227560_at,0.0417673
215399_s_at,0.041766375
201855_s_at,0.041766107
1556255_a_at,0.04176289
1566507_a_at,0.041761845
238435_at,0.04176162
236895_at,0.041760877
243355_at,0.041760728
231922_at,0.041760296
238117_at,0.04175964
205879_x_at,0.04175856
202561_at,0.04175757
227978_s_at,0.041755274
225231_at,0.04175362
228207_at,0.04175304
1556413_a_at,0.041752614
213550_s_at,0.04175067
216809_at,0.041748986
212629_s_at,0.04174891
232047_at,0.041748136
209096_at,0.04174784
212118_at,0.04174775
225402_at,0.04174678
219567_s_at,0.04174675
200603_at,0.041746527
210317_s_at,0.0417462
204094_s_at,0.041743845
1555735_a_at,0.041743666
1553661_a_at,0.041742295
232300_at,0.041741297
223626_x_at,0.041739315
225728_at,0.041738994
209247_s_at,0.041738033
63009_at,0.041736513
228433_at,0.0417355
220244_at,0.041734993
202101_s_at,0.041734874
201692_at,0.041732207
215210_s_at,0.041731656
205647_at,0.041730925
217490_at,0.04173041
207135_at,0.04173003
207230_at,0.041730016
236118_at,0.041729763
228534_s_at,0.04172788
221767_x_at,0.041725934
212296_at,0.04172516
211171_s_at,0.04172486
244229_at,0.041724816
232095_at,0.0417244
1562337_at,0.04172238
242336_at,0.041721225
1555467_a_at,0.041720927
217610_at,0.04171984
223206_s_at,0.04171738
1553642_at,0.041717365
215063_x_at,0.04171571
214377_s_at,0.041715696
204478_s_at,0.04171534
229433_at,0.0417151
203690_at,0.04171464
241959_at,0.041712657
214095_at,0.041711256
203763_at,0.041705146
227740_at,0.041704834
208631_s_at,0.041704744
235966_at,0.04170467
234720_s_at,0.041703507
208653_s_at,0.04170245
219969_at,0.041700363
1570503_at,0.041699722
226495_at,0.04169941
238437_at,0.04169923
211234_x_at,0.04169908
225419_at,0.0416964
208189_s_at,0.041696135
1555212_at,0.04169041
225145_at,0.041689306
239300_at,0.041689053
244842_x_at,0.04168889
233997_at,0.041687794
1552900_a_at,0.041687787
244377_at,0.041687086
223330_s_at,0.041685656
243351_at,0.04168036
233613_x_at,0.041678146
215783_s_at,0.04167755
1565559_at,0.041677266
227891_s_at,0.041676983
221561_at,0.041676804
201504_s_at,0.041676313
219754_at,0.041675627
220934_s_at,0.041675374
217951_s_at,0.041674614
1555105_a_at,0.041674227
1556033_at,0.041672856
204157_s_at,0.0416691
56919_at,0.041668147
217972_at,0.0416677
1557804_at,0.04166688
235197_s_at,0.041665375
212818_s_at,0.041664153
226273_at,0.041663572
206227_at,0.04166197
205928_at,0.041660875
223983_s_at,0.0416601
1569872_a_at,0.041656747
201464_x_at,0.041656703
239879_at,0.041656505
221402_at,0.041650742
208727_s_at,0.041650534
1569415_at,0.041650236
209389_x_at,0.041650236
1553190_s_at,0.04164861
1553759_at,0.04164742
238496_at,0.041647255
227178_at,0.041647017
228590_at,0.041645676
228928_x_at,0.0416449
235762_at,0.041642442
225099_at,0.04164207
1557224_at,0.041637227
244049_at,0.041636616
1563687_a_at,0.04163591
211433_x_at,0.041635767
201832_s_at,0.041635513
37796_at,0.041633457
219885_at,0.04163207
1555970_at,0.041631803
211815_s_at,0.041631527
240835_at,0.041629083
212517_at,0.041626975
206536_s_at,0.041623965
225321_s_at,0.041623652
219029_at,0.041620508
58308_at,0.041618705
218291_at,0.04161775
228354_at,0.041615702
226807_at,0.041615516
1563244_at,0.041614182
235513_at,0.04161136
228730_s_at,0.04161133
239617_at,0.04161129
208284_x_at,0.041611195
226532_at,0.041610926
223401_at,0.04160866
238739_at,0.041608587
212527_at,0.041607633
207396_s_at,0.041603014
226180_at,0.041602463
219538_at,0.04160127
218181_s_at,0.041600376
225554_s_at,0.041598916
238038_at,0.041598722
205348_s_at,0.04159616
1554672_at,0.041595154
211417_x_at,0.04159151
225431_x_at,0.041590706
243268_at,0.041589573
1569172_a_at,0.041587994
228197_at,0.041586533
242528_at,0.041586146
227475_at,0.041584745
221506_s_at,0.041584313
1564637_a_at,0.041584074
225043_at,0.04158312
1553023_a_at,0.04158134
225082_at,0.041577637
243383_at,0.041577153
202792_s_at,0.041576505
228040_at,0.041576117
236664_at,0.041574612
1562434_at,0.041573405
230172_at,0.041573092
242607_at,0.04157166
240547_at,0.041566834
1556061_at,0.04156582
1552291_at,0.04156539
203465_at,0.041564822
226215_s_at,0.041564822
227288_at,0.04156427
225504_at,0.041563272
204093_at,0.041561186
1555902_at,0.041561037
1558147_a_at,0.041560903
203026_at,0.04156059
225371_at,0.041559964
225461_at,0.041559696
228579_at,0.041556373
230177_at,0.041555554
223555_at,0.04155448
235124_at,0.041553333
217168_s_at,0.041549385
1570248_at,0.0415446
224334_s_at,0.04154302
224622_at,0.041542545
214213_x_at,0.0415394
224767_at,0.041537866
244401_at,0.041537434
211096_at,0.041535936
238040_at,0.041535027
221638_s_at,0.041531414
1564211_at,0.041526437
1555634_a_at,0.041525863
218712_at,0.041523248
242864_at,0.04152102
221643_s_at,0.041521005
204080_at,0.04151635
226387_at,0.041515797
242379_at,0.041515186
220112_at,0.041514665
210350_x_at,0.04151176
1558706_a_at,0.04151161
223834_at,0.041510135
234091_at,0.041509278
234943_at,0.041508496
236361_at,0.04150705
221063_x_at,0.041506484
1563607_x_at,0.041504376
217824_at,0.041503966
228018_at,0.041503727
202575_at,0.041503727
219861_at,0.041502595
223332_x_at,0.04150252
227746_at,0.041502446
229785_at,0.04150091
226784_at,0.041500747
222393_s_at,0.041500494
207774_at,0.041497752
220439_at,0.041497096
202204_s_at,0.041496992
224543_at,0.041496553
233480_at,0.041496128
1554448_at,0.04149346
242361_at,0.04149279
226826_at,0.04149145
225467_s_at,0.04149045
1552370_at,0.0414899
217558_at,0.041488968
202546_at,0.041487575
237996_at,0.04148729
221987_s_at,0.04148729
226480_at,0.041486084
1567028_s_at,0.04148549
1552800_at,0.04148548
233197_at,0.0414854
209394_at,0.0414851
240534_at,0.041481957
215455_at,0.041481763
232953_at,0.041476555
227893_at,0.041474253
233819_s_at,0.041473955
240332_at,0.0414702
228888_at,0.041468352
209342_s_at,0.04146543
222451_s_at,0.041465238
207438_s_at,0.041464984
1554469_at,0.041464075
212720_at,0.041462958
218174_s_at,0.041461065
232495_x_at,0.04146041
241606_s_at,0.041459218
212679_at,0.041458838
229287_at,0.041458517
229248_at,0.041457772
203129_s_at,0.04145368
227732_at,0.041453406
218475_at,0.041453287
225026_at,0.04145144
218882_s_at,0.04145144
61732_r_at,0.041451238
218389_s_at,0.0414512
222424_s_at,0.04144661
238489_at,0.04144641
224835_at,0.041444898
229951_x_at,0.04144451
244340_x_at,0.04144357
237713_at,0.041443482
222583_s_at,0.04144028
223965_at,0.04143846
218570_at,0.0414384
200756_x_at,0.04143685
209917_s_at,0.041436747
235235_s_at,0.04143378
230141_at,0.041433603
213422_s_at,0.041432574
210355_at,0.0414325
1553633_s_at,0.041432418
218360_at,0.041431785
218027_at,0.041430205
204507_s_at,0.041429743
208710_s_at,0.041427195
235341_at,0.04142712
237813_at,0.041426763
1554930_a_at,0.04142666
201793_x_at,0.041423738
205474_at,0.04142344
212917_x_at,0.04142022
202490_at,0.041418977
1560486_at,0.041418374
225222_at,0.041416585
1559916_a_at,0.041414067
208246_x_at,0.041405946
215196_at,0.041405752
215888_at,0.04140547
238320_at,0.04140526
232494_at,0.04140134
204572_s_at,0.04140012
218930_s_at,0.04139884
1553239_at,0.04139781
206704_at,0.041395664
1552570_at,0.041395202
213734_at,0.041394353
1555908_at,0.04139267
230571_at,0.041392088
227016_at,0.04139185
1555886_at,0.04139179
219697_at,0.04139094
213554_s_at,0.04139039
213899_at,0.04138924
1560738_at,0.041388214
226270_at,0.04138817
239146_at,0.04138805
224587_at,0.041387677
210436_at,0.04138522
234963_s_at,0.041384324
227035_x_at,0.041383594
1553141_at,0.0413834
239870_at,0.041382484
1561293_at,0.041381933
238153_at,0.041380987
239438_at,0.041376837
232053_x_at,0.041374788
1567081_x_at,0.0413744
218527_at,0.04137352
1559436_x_at,0.041372538
1552473_at,0.041369736
1558053_s_at,0.04136862
202772_at,0.041366085
220186_s_at,0.04136338
226261_at,0.04136063
220533_at,0.041360475
1552816_at,0.04135838
218309_at,0.041357055
218658_s_at,0.04135231
213761_at,0.041351005
1556511_a_at,0.04134864
1559224_at,0.041347757
243201_at,0.041346446
235070_at,0.041345
208551_at,0.041344658
53720_at,0.04134369
241930_x_at,0.041343093
214357_at,0.04134213
1556059_s_at,0.0413398
1560968_at,0.041339114
236923_x_at,0.04133834
1563253_s_at,0.041337833
225138_at,0.041335613
230659_at,0.041335553
225449_at,0.04133503
1558588_at,0.041334108
218822_s_at,0.04133229
221483_s_at,0.04133165
212395_s_at,0.041330993
201561_s_at,0.041329414
218878_s_at,0.041328013
201931_at,0.041327924
240269_at,0.041325465
225399_at,0.041324735
242199_at,0.041321397
1560058_at,0.041321203
242956_at,0.04131946
217882_at,0.04131922
239813_at,0.04131753
201965_s_at,0.041317493
235896_s_at,0.041315794
200752_s_at,0.041315332
202114_at,0.041314483
242139_s_at,0.04131417
232488_at,0.041310713
205125_at,0.04131037
235788_at,0.04130988
221216_s_at,0.04130949
213088_s_at,0.0413087
203750_s_at,0.041308478
224775_at,0.041305467
216768_x_at,0.041304618
41387_r_at,0.041303188
1553453_at,0.041302994
238945_at,0.041301414
243015_at,0.04129996
230701_x_at,0.04129988
204732_s_at,0.0412993
227308_x_at,0.04129599
210939_s_at,0.041295916
203593_at,0.04129541
212582_at,0.04129392
1555815_a_at,0.041292697
232685_at,0.04129252
210621_s_at,0.041291744
212243_at,0.041290253
215705_at,0.041284725
218191_s_at,0.041283637
205733_at,0.041283593
223491_at,0.041281715
218110_at,0.041280836
229544_at,0.04127513
214101_s_at,0.04126931
216126_at,0.041269295
241736_at,0.041268557
235939_at,0.04126793
216940_x_at,0.041267782
201712_s_at,0.041267455
226481_at,0.04126589
242042_s_at,0.041265696
235848_x_at,0.041264117
225804_at,0.041263014
226105_at,0.041261017
242324_x_at,0.041259363
208991_at,0.04125932
235332_at,0.041258916
214260_at,0.041258745
238895_at,0.04125748
227490_at,0.041257203
210540_s_at,0.041255742
227112_at,0.041254953
206990_at,0.041254804
1560888_x_at,0.041252382
206684_s_at,0.04125105
215127_s_at,0.041249752
231599_x_at,0.041249424
225710_at,0.041249216
214739_at,0.041249216
54970_at,0.041247785
233303_at,0.04124686
232872_at,0.041246682
201121_s_at,0.041246295
211769_x_at,0.041246176
234485_at,0.04124528
203279_at,0.041244954
223879_s_at,0.041243196
205417_s_at,0.041241556
1553599_a_at,0.041239277
242798_at,0.04123371
201651_s_at,0.0412336
205062_x_at,0.04123321
229501_s_at,0.04123056
211699_x_at,0.04122919
1552587_at,0.041228972
239212_at,0.041227445
236050_at,0.0412267
219966_x_at,0.04122618
227567_at,0.04122615
1562657_a_at,0.041225776
242370_at,0.04122573
242264_at,0.041225657
216750_at,0.041223876
207287_at,0.041223362
223802_s_at,0.04122278
226073_at,0.041221112
242150_at,0.04121943
227857_at,0.04121866
226686_at,0.04121703
214716_at,0.041215017
217629_at,0.041214094
242531_at,0.041213907
213745_at,0.04121375
1557347_at,0.04121338
242267_x_at,0.041211694
221646_s_at,0.04121083
223770_x_at,0.041210055
228296_at,0.041207224
1559582_at,0.04120621
220572_at,0.04120397
221621_at,0.041203827
234206_at,0.041202933
202905_x_at,0.041202813
224137_at,0.04120113
229444_at,0.041198865
210816_s_at,0.04119864
231890_at,0.04119757
205614_x_at,0.041196555
231832_at,0.04119554
1570237_at,0.04119453
219091_s_at,0.041193485
202455_at,0.041193172
242580_at,0.041190207
239771_at,0.041188747
201501_s_at,0.04118502
208751_at,0.041181922
244504_x_at,0.041178167
221190_s_at,0.041175663
205135_s_at,0.041175306
203738_at,0.041175008
202857_at,0.041174352
228647_at,0.041171774
213409_s_at,0.041169606
201035_s_at,0.04116884
234775_at,0.041168056
239256_at,0.041166678
216187_x_at,0.04116565
218743_at,0.04116559
223339_at,0.041163415
213227_at,0.04116276
218529_at,0.04116273
203047_at,0.04116249
1557816_a_at,0.04116167
205284_at,0.04115957
235691_at,0.04115624
1562577_at,0.041155815
226392_at,0.04115531
233041_x_at,0.041154653
236958_at,0.041150257
241598_at,0.04114399
218317_x_at,0.041143745
221247_s_at,0.041142434
222752_s_at,0.041141436
223345_at,0.041138098
1561669_at,0.04113169
234381_at,0.04113163
240979_at,0.041130506
219122_s_at,0.041129097
200883_at,0.04112816
200709_at,0.041127324
225666_at,0.04112667
203344_s_at,0.04112652
242337_at,0.04112619
226630_at,0.04112485
1555325_s_at,0.041123882
203401_at,0.04112175
235208_at,0.041121453
1556017_at,0.041120693
222622_at,0.04112032
220701_at,0.041118428
215376_at,0.041116565
227228_s_at,0.04111646
229329_s_at,0.04111641
204662_at,0.04111588
1557081_at,0.04111567
214062_x_at,0.041115418
217891_at,0.04111421
217313_at,0.04111412
237882_at,0.041113906
205702_at,0.041111857
204403_x_at,0.04111129
1553805_at,0.041110665
213190_at,0.041108698
219865_at,0.041107774
224814_at,0.04110679
216514_at,0.041106507
1558208_at,0.04110512
206777_s_at,0.041103557
218395_at,0.04110095
232405_at,0.04109767
210767_at,0.04109612
213823_at,0.0410928
216449_x_at,0.041090846
239159_at,0.04108908
1556434_at,0.041088723
231945_at,0.041088715
46947_at,0.041088447
219720_s_at,0.04108789
239517_at,0.041086495
201331_s_at,0.04108411
1556322_a_at,0.0410828
203162_s_at,0.041080385
201018_at,0.041080087
1567285_at,0.041079424
222650_s_at,0.04107827
212402_at,0.041077018
232749_at,0.041074425
227858_at,0.041074425
220931_at,0.041074194
234332_at,0.04107359
220094_s_at,0.04107207
214857_at,0.041071802
1558120_at,0.04107178
224758_at,0.04107146
229413_s_at,0.041068926
235387_at,0.041068643
203501_at,0.041065335
216530_at,0.041064948
242834_at,0.04106415
1559059_s_at,0.041062698
217324_at,0.0410626
242749_at,0.04106176
1554690_a_at,0.04106137
210386_s_at,0.04105836
1559265_at,0.041056722
205875_s_at,0.04105252
1567298_at,0.041051574
218246_at,0.04105106
227993_at,0.04105103
209380_s_at,0.041050002
211742_s_at,0.04104972
205480_s_at,0.04104793
241754_at,0.041047186
203236_s_at,0.04104498
212800_at,0.04104434
238811_at,0.041042
232510_s_at,0.041040987
206323_x_at,0.041038394
1558792_x_at,0.04103005
228418_at,0.04102826
220600_at,0.041026004
213791_at,0.04102564
224446_at,0.041024595
210491_at,0.041022994
226527_at,0.041022316
242311_x_at,0.041021615
208223_s_at,0.041021332
216735_x_at,0.04102117
242843_at,0.04101962
203804_s_at,0.041018397
218515_at,0.041016817
244835_at,0.041016407
235054_at,0.041014463
1552602_at,0.041013815
200849_s_at,0.041011155
229964_at,0.041011088
1570033_at,0.041011073
215359_x_at,0.041008383
207844_at,0.041007064
229703_at,0.041007042
204665_at,0.041005783
223947_s_at,0.04100381
1560476_at,0.04100178
213278_at,0.041001007
220452_x_at,0.041000083
209202_s_at,0.0409996
200700_s_at,0.040999413
237272_at,0.04099779
239859_x_at,0.04099326
1560069_at,0.040992364
224897_at,0.04099092
208682_s_at,0.040989026
201470_at,0.040988803
1552887_at,0.040988088
200778_s_at,0.040985465
219700_at,0.040983856
202265_at,0.040982604
241699_at,0.040980756
216411_s_at,0.040980548
218118_s_at,0.040977895
201900_s_at,0.040977865
212530_at,0.040977776
205519_at,0.04097636
208902_s_at,0.04097283
216407_at,0.040972337
206037_at,0.040972114
209084_s_at,0.0409669
211038_s_at,0.04096678
215731_s_at,0.040966243
228093_at,0.040962353
229319_at,0.04096192
215190_at,0.040961295
232351_at,0.0409597
200825_s_at,0.040958196
1570133_at,0.040957555
227639_at,0.040954918
203053_at,0.04095459
221533_at,0.040953875
221528_s_at,0.04095097
206339_at,0.04095067
1558028_x_at,0.040948406
227255_at,0.040947318
204645_at,0.040946603
215273_s_at,0.040946513
222001_x_at,0.040946215
225972_at,0.04094073
214313_s_at,0.040939525
1567219_at,0.040937737
207048_at,0.040937454
227896_at,0.04093699
240171_at,0.040934414
1557196_a_at,0.040933877
1554410_a_at,0.040931568
241683_at,0.040930063
239473_x_at,0.040929705
217122_s_at,0.04092911
201199_s_at,0.04092893
215331_at,0.040928543
204675_at,0.04092735
218868_at,0.04092729
202543_s_at,0.04092489
222633_at,0.04092264
242720_at,0.040922582
206108_s_at,0.040917188
235464_at,0.04091528
201959_s_at,0.040911764
204186_s_at,0.040911242
218659_at,0.040910155
223364_s_at,0.040909693
235862_at,0.040909484
235827_at,0.040908948
204383_at,0.04090883
217759_at,0.040903628
201355_s_at,0.04090208
210635_s_at,0.04090096
214855_s_at,0.040899545
223080_at,0.04089889
1558477_at,0.040898267
242293_at,0.040897563
229867_at,0.040893197
1552660_a_at,0.04089296
217657_at,0.040890813
226211_at,0.040890776
217760_at,0.040887564
207973_x_at,0.04088667
243159_x_at,0.040886607
203610_s_at,0.040883735
217776_at,0.040882498
1559544_s_at,0.040881693
224417_at,0.040879324
1558852_at,0.04087884
1569519_at,0.04087241
203318_s_at,0.04087192
226181_at,0.040868044
233106_at,0.0408677
218667_at,0.040866584
1566999_at,0.04086554
1566134_at,0.04086511
227698_s_at,0.040864885
219530_at,0.04086481
229618_at,0.04086417
230848_s_at,0.04086031
1559735_at,0.04085955
236061_at,0.040859036
224838_at,0.04085791
235860_at,0.040856272
232460_at,0.04085564
223138_s_at,0.040854067
221953_s_at,0.04085332
1567457_at,0.04085084
218496_at,0.040847838
208906_at,0.040846124
220765_s_at,0.040844128
230879_at,0.04084389
1558924_s_at,0.040842786
1556988_s_at,0.04084122
1563507_at,0.040840417
211077_s_at,0.04083991
234287_at,0.04083872
231065_at,0.040837765
1559261_a_at,0.040837377
243076_x_at,0.040836856
1570274_at,0.040836364
219558_at,0.04083635
1552423_at,0.040835515
209404_s_at,0.04083523
224944_at,0.040833116
202056_at,0.04083036
214019_at,0.0408289
222796_at,0.040827587
206652_at,0.04082702
235120_at,0.040822953
236654_s_at,0.04082241
1562697_at,0.040819734
244164_at,0.04081794
1559232_a_at,0.040816918
244798_at,0.040813915
204718_at,0.04081233
203166_at,0.040811956
228229_at,0.04081157
203327_at,0.040810958
209516_at,0.040804923
244756_at,0.040803134
223267_at,0.04080221
204676_at,0.040800065
217957_at,0.040798485
243719_at,0.04079826
1560661_x_at,0.040793657
217814_at,0.040792167
208261_x_at,0.040790707
227680_at,0.0407905
209518_at,0.040789485
1561202_at,0.040787905
222029_x_at,0.040786207
1562918_at,0.040785275
235173_at,0.040783703
241240_at,0.040783435
1564639_at,0.040780835
217446_x_at,0.040780768
217717_s_at,0.040780008
223070_at,0.040779352
240166_x_at,0.040778667
220250_at,0.04077793
219258_at,0.04077618
236549_x_at,0.040774316
201984_s_at,0.04077352
240198_at,0.040773124
211622_s_at,0.04077296
214830_at,0.040771484
1569785_at,0.040771157
222183_x_at,0.040767685
212436_at,0.04076597
219251_s_at,0.04076484
228779_at,0.040762007
220740_s_at,0.04076147
226508_at,0.04075855
1560733_at,0.040758356
241833_at,0.04075559
202419_at,0.040755138
228556_at,0.04075402
1564052_at,0.040753707
235547_at,0.04075314
225537_at,0.04075277
213191_at,0.040751964
209532_at,0.040751323
221235_s_at,0.04075125
224259_at,0.040750176
209705_at,0.040749848
235767_x_at,0.04074669
206066_s_at,0.040744916
1558093_s_at,0.040744692
234997_x_at,0.040744513
202492_at,0.04074441
219547_at,0.040744394
65493_at,0.040744364
244192_x_at,0.04074414
215425_at,0.040743887
239565_at,0.0407425
241244_at,0.040742494
243424_at,0.040739775
209233_at,0.040739506
211987_at,0.04073605
226800_at,0.04073277
225698_at,0.04072988
236552_at,0.040727317
204358_s_at,0.040725723
238615_at,0.04072523
209874_x_at,0.040724427
238404_x_at,0.04072216
226416_at,0.040721804
1555789_s_at,0.040721044
217990_at,0.04072064
219401_at,0.040720493
240214_at,0.040719554
240430_at,0.04071808
209442_x_at,0.04071731
201848_s_at,0.040716976
1554372_at,0.04071501
227387_at,0.040714182
228283_at,0.04071319
1564429_at,0.040712155
207911_s_at,0.040710434
1568634_a_at,0.040710226
55081_at,0.040709376
1559788_at,0.040709138
242913_at,0.040700406
217432_s_at,0.040699467
231825_x_at,0.04069674
232407_at,0.040695906
218778_x_at,0.04069411
218534_s_at,0.040690124
222938_x_at,0.040689506
209088_s_at,0.04068771
231500_s_at,0.040682107
202407_s_at,0.04068154
211768_at,0.04068122
215055_at,0.040679254
217301_x_at,0.040679097
223384_s_at,0.040677845
1565000_a_at,0.040677197
208433_s_at,0.04067692
223835_x_at,0.040676557
212340_at,0.040676087
223063_at,0.040671766
220081_x_at,0.040671676
1556984_at,0.0406712
219792_at,0.040670708
236653_at,0.04066758
221772_s_at,0.04066494
235414_at,0.040664777
1555629_at,0.04066371
52940_at,0.040661335
212494_at,0.040657647
205084_at,0.04065603
207366_at,0.040655836
233361_at,0.040655524
1554441_a_at,0.04065436
1566147_a_at,0.040653303
1567286_at,0.040651992
217858_s_at,0.040651202
233188_at,0.04065068
225837_at,0.040650606
236943_at,0.040650062
202324_s_at,0.04064858
234255_at,0.0406475
222256_s_at,0.04064539
225825_at,0.04064478
222703_s_at,0.04064457
232894_at,0.04064449
217042_at,0.040640034
215395_x_at,0.040639192
204481_at,0.040638
226843_s_at,0.04063636
1554472_a_at,0.040636152
225766_s_at,0.04063496
243848_at,0.040628344
1554801_at,0.040628076
212228_s_at,0.040627375
217437_s_at,0.040623575
207919_at,0.040622585
242466_at,0.040617608
242155_x_at,0.040616736
238816_at,0.040615104
1555841_at,0.040613294
201709_s_at,0.040613115
219146_at,0.040611833
202453_s_at,0.040608823
211754_s_at,0.040607467
1570382_at,0.040604316
213724_s_at,0.040599972
201440_at,0.04059729
222853_at,0.040596314
243013_at,0.040594056
227185_at,0.040593997
205134_s_at,0.040592834
235662_at,0.040591776
241634_at,0.040591225
212350_at,0.04059106
223212_at,0.04058951
226938_at,0.04058948
1554806_a_at,0.040588766
221636_s_at,0.040587068
205404_at,0.040586993
217457_s_at,0.040586665
208806_at,0.040585622
1556126_s_at,0.04058546
228980_at,0.040580094
225152_at,0.04057944
220451_s_at,0.040578693
236492_at,0.04057823
235538_at,0.04057783
224668_at,0.040577024
209702_at,0.0405764
1561454_at,0.04057622
224954_at,0.040574983
242017_at,0.040572926
201259_s_at,0.040572405
201246_s_at,0.04057221
1565748_at,0.04056984
235179_at,0.0405695
1552935_at,0.040568046
227119_at,0.04056433
232802_at,0.040563114
219813_at,0.04056202
242875_at,0.04056111
205263_at,0.040560752
1554595_at,0.04055944
213530_at,0.040559262
235542_at,0.04055801
215997_s_at,0.040557444
243740_at,0.040557355
214718_at,0.04055704
231824_at,0.04055704
1559069_at,0.04055567
201027_s_at,0.04055527
228628_at,0.040554136
222559_s_at,0.040553153
243606_at,0.040551946
202834_at,0.04055179
1555704_at,0.04054752
1555268_a_at,0.040547095
238142_at,0.040546507
213405_at,0.040545374
236808_at,0.04054463
208787_at,0.040544122
51146_at,0.04054302
230906_at,0.040542632
236512_at,0.040542036
202584_at,0.040541187
219977_at,0.04053454
201755_at,0.040534288
201644_at,0.040532887
222753_s_at,0.04053226
221596_s_at,0.040531456
225636_at,0.040530413
224750_at,0.040530086
241684_at,0.04052878
1569013_s_at,0.040518478
1560821_at,0.04051824
242065_x_at,0.040514484
202403_s_at,0.04051447
228209_at,0.04050997
210653_s_at,0.040504202
235530_at,0.04050286
219453_at,0.04050283
229014_at,0.040502124
242251_at,0.040500864
238472_at,0.040500462
204601_at,0.040500388
238446_at,0.040498108
244258_at,0.04049807
206833_s_at,0.040497914
1552664_at,0.040496826
1564064_a_at,0.040496603
224865_at,0.04049611
244404_at,0.04049147
232873_at,0.040488966
234273_at,0.040488243
224626_at,0.040488005
221949_at,0.04048349
230828_at,0.0404824
241635_at,0.040482387
222821_s_at,0.040481925
220874_at,0.040481165
37005_at,0.04047638
203602_s_at,0.04047419
1557522_x_at,0.040473446
1566672_at,0.040471204
221430_s_at,0.040470794
1555864_s_at,0.04047045
228777_at,0.040469944
218437_s_at,0.04046984
201048_x_at,0.04046437
1553105_s_at,0.040463254
238239_at,0.040461138
202123_s_at,0.04046029
218664_at,0.040459454
229069_at,0.04045719
234005_x_at,0.04045704
228810_at,0.04045616
221892_at,0.040456086
235409_at,0.040455908
213000_at,0.04045424
1554365_a_at,0.04045421
209649_at,0.040447548
240264_at,0.04044661
231547_at,0.04044552
210296_s_at,0.040445328
213686_at,0.040444583
220871_at,0.040443458
226491_x_at,0.040440127
242501_at,0.04043831
225981_at,0.04043828
227668_at,0.04043725
240205_x_at,0.04043664
211374_x_at,0.04043539
218511_s_at,0.0404343
213145_at,0.040433437
212474_at,0.04043016
212945_s_at,0.040429875
212246_at,0.04042983
227095_at,0.04042861
222262_s_at,0.04042813
235561_at,0.040425822
207122_x_at,0.040424928
237975_at,0.04042448
205759_s_at,0.040424302
206355_at,0.04042331
223908_at,0.04041885
243802_at,0.040417016
226969_at,0.04041432
212525_s_at,0.040414214
213534_s_at,0.040413573
222875_at,0.040413335
204700_x_at,0.0404101
213732_at,0.040409625
1553957_at,0.04040897
1557091_at,0.04040864
217370_x_at,0.040408373
209747_at,0.04040756
244225_x_at,0.040407307
238494_at,0.04040514
213077_at,0.04040301
218354_at,0.040402114
222160_at,0.04040073
229797_at,0.040399745
1556734_at,0.040399693
229174_at,0.040398955
237295_at,0.040397495
208771_s_at,0.040397346
232087_at,0.04039593
226523_at,0.040395655
201884_at,0.0403955
1555487_a_at,0.040395275
216261_at,0.040393278
233218_at,0.040391184
209510_at,0.040388644
209320_at,0.04038678
223773_s_at,0.04038632
244047_at,0.04038027
1554986_a_at,0.04037956
203284_s_at,0.04037918
213202_at,0.040378585
202276_at,0.04037839
244687_at,0.04037802
218169_at,0.040377796
1561560_at,0.04037723
242808_at,0.040376753
209430_at,0.04037398
243055_at,0.040373698
220181_x_at,0.040373668
234030_at,0.040371753
202712_s_at,0.040371716
209434_s_at,0.040371045
217048_at,0.04036823
1554885_a_at,0.04036592
216153_x_at,0.040363923
204027_s_at,0.040363193
227699_at,0.04036127
205441_at,0.040359646
1554424_at,0.040359363
224040_at,0.040357925
1564002_a_at,0.04035756
219371_s_at,0.040353894
225349_at,0.040353775
223875_s_at,0.040353626
235216_at,0.04035352
238795_at,0.040351897
202367_at,0.040351853
202864_s_at,0.040351212
1559979_at,0.040349662
40255_at,0.040349424
1569417_at,0.04034871
239751_at,0.04034733
217549_at,0.040346175
1555202_a_at,0.040344924
225820_at,0.04034075
238135_at,0.040339053
221611_s_at,0.0403367
214057_at,0.040334925
218108_at,0.040334284
1552607_at,0.040333986
217193_x_at,0.04033278
239255_at,0.04033254
228830_s_at,0.040330708
1565612_at,0.04032916
65472_at,0.040325522
229146_at,0.040323153
208066_s_at,0.04032153
210982_s_at,0.040320575
207428_x_at,0.040318698
1557830_at,0.04031664
223090_x_at,0.040315628
200927_s_at,0.04031515
224261_at,0.040311545
214198_s_at,0.040310368
1555639_a_at,0.040310055
1556329_a_at,0.040306926
220957_at,0.040306024
220981_x_at,0.040304765
205353_s_at,0.040302694
227270_at,0.040296957
227801_at,0.040295243
215035_at,0.040291466
1565844_at,0.040289573
222886_at,0.040289193
230407_at,0.04028797
222768_s_at,0.04028526
228415_at,0.040284693
204087_s_at,0.040281013
242989_at,0.040280506
203415_at,0.040279567
225553_at,0.040279225
240321_at,0.04027918
201954_at,0.04027754
242185_at,0.04027465
1557312_at,0.040273346
219366_at,0.04027322
234726_s_at,0.040273175
212699_at,0.04026887
220946_s_at,0.04026504
208757_at,0.040258065
1560818_at,0.040257663
201107_s_at,0.040257383
221620_s_at,0.040256858
210415_s_at,0.040256307
225793_at,0.040256023
232386_at,0.04025489
204702_s_at,0.040254638
213313_at,0.040251106
225652_at,0.040249243
213249_at,0.040248297
235174_s_at,0.040248156
243649_at,0.040247872
229956_at,0.040246695
208985_s_at,0.040246606
1558544_at,0.040242612
217632_at,0.040242292
232366_at,0.0402416
1570447_at,0.04024011
227837_at,0.040236622
235967_at,0.04023616
238436_s_at,0.040235743
222687_s_at,0.04023236
234447_at,0.04022871
1553562_at,0.04022625
233519_at,0.040224865
227894_at,0.040224
209841_s_at,0.040222213
223288_at,0.040221453
231437_at,0.04022108
236916_at,0.040220954
203972_s_at,0.040219426
205536_at,0.04021889
224740_at,0.040218204
215024_at,0.04021819
209659_s_at,0.040218174
204969_s_at,0.04021761
203460_s_at,0.04021682
237823_at,0.04021573
201085_s_at,0.040215075
233605_x_at,0.040214986
212901_s_at,0.04021439
239640_at,0.040214166
240781_x_at,0.04021179
240199_x_at,0.040211163
236933_at,0.040210024
1560445_x_at,0.040207803
230449_x_at,0.040207
203646_at,0.040206388
217993_s_at,0.04020235
202881_x_at,0.04020217
223192_at,0.040199846
231695_at,0.04019507
229989_at,0.040194124
211137_s_at,0.040192083
240054_at,0.040189534
206776_x_at,0.040188313
230393_at,0.040187865
216607_s_at,0.040186122
1555407_s_at,0.040185645
207437_at,0.040185563
244647_at,0.0401852
205993_s_at,0.04018479
230345_at,0.04018171
1557103_a_at,0.040181085
1569159_at,0.040180877
1555501_s_at,0.040178835
228566_at,0.04017742
231813_s_at,0.04017599
208685_x_at,0.040174782
1554523_a_at,0.04017295
241268_x_at,0.04017286
221230_s_at,0.040169
209858_x_at,0.04016678
1559064_at,0.040166542
232135_at,0.040164813
238152_at,0.0401622
238069_at,0.040159404
223427_s_at,0.040159374
211599_x_at,0.040159017
1552276_a_at,0.040156364
1556829_at,0.04015594
234401_at,0.040155634
213773_x_at,0.040154636
222052_at,0.04015127
219723_x_at,0.040148824
219020_at,0.040145323
244175_at,0.040144525
218657_at,0.040143616
207509_s_at,0.040140003
209594_x_at,0.040139012
239437_at,0.040137663
213266_at,0.040137514
228356_at,0.040135562
203584_at,0.040135562
211852_s_at,0.04013513
218761_at,0.04013221
1557786_s_at,0.040131852
226856_at,0.04012972
1554077_a_at,0.0401292
228318_s_at,0.040126354
227208_at,0.040124923
234316_x_at,0.040124916
202769_at,0.040124357
218193_s_at,0.04012236
1557265_at,0.04012066
223890_at,0.040119857
1564654_at,0.04011856
219079_at,0.040114075
1555100_at,0.040110946
226133_s_at,0.040109932
39966_at,0.040108524
204934_s_at,0.04010287
203028_s_at,0.040101647
230016_at,0.040100932
222555_s_at,0.040100664
229548_at,0.04009968
236292_at,0.040098444
223210_at,0.040097862
204272_at,0.040097177
203469_s_at,0.040097073
236267_at,0.0400957
223459_s_at,0.040095568
225378_at,0.0400946
208127_s_at,0.040094405
231730_at,0.040094197
221014_s_at,0.040093705
205558_at,0.040092304
229132_at,0.040091604
212341_at,0.0400915
203124_s_at,0.040087625
244347_at,0.04008542
214688_at,0.04008524
236620_at,0.040084124
239027_at,0.040083617
209162_s_at,0.04008247
203340_s_at,0.04008116
238662_at,0.040080383
229175_at,0.040079743
215959_at,0.040079355
210867_at,0.040077552
1565939_at,0.040077224
225164_s_at,0.040076822
205667_at,0.040076226
1553872_at,0.040076166
219305_x_at,0.040074512
227356_at,0.04007396
1555895_at,0.040070742
241429_at,0.040069103
226613_at,0.04006788
203515_s_at,0.040067196
241852_at,0.04006681
1559093_at,0.040066086
228077_at,0.040066034
241354_at,0.040064424
228711_at,0.040064022
1570271_at,0.040063817
209721_s_at,0.040062904
237764_at,0.0400614
206506_s_at,0.04006131
222279_at,0.04005751
1569434_at,0.04005707
204139_x_at,0.04005663
225075_at,0.040056616
225985_at,0.04005602
230350_at,0.040055722
229986_at,0.040054947
227539_at,0.040054858
241321_at,0.040052533
219960_s_at,0.040052414
214744_s_at,0.040049717
201833_at,0.04004714
1564600_a_at,0.040044308
203109_at,0.040041894
239666_at,0.04004182
220223_at,0.040039122
1557100_s_at,0.040038675
201737_s_at,0.040036917
217120_s_at,0.040034592
226249_at,0.0400344
213018_at,0.04003279
225791_at,0.040030345
240616_at,0.04003021
1553209_at,0.04002904
201986_at,0.04002756
223148_at,0.040027365
241730_at,0.040026993
212201_at,0.04002638
243322_at,0.040024273
223462_at,0.040023923
237833_s_at,0.040022597
1562257_x_at,0.040019564
37577_at,0.040017843
240808_at,0.04001735
212200_at,0.04001698
233702_x_at,0.040015876
202831_at,0.040015236
223740_at,0.040013194
1553263_at,0.040012896
236294_at,0.04001254
202763_at,0.040011168
214150_x_at,0.04000655
226005_at,0.040005982
203105_s_at,0.040004894
205178_s_at,0.040002286
206611_at,0.040001363
207692_s_at,0.039998278
243911_at,0.039995655
222592_s_at,0.03999555
218075_at,0.03999473
210076_x_at,0.0399943
217925_s_at,0.039993003
226280_at,0.039992034
1552846_s_at,0.0399912
1557624_at,0.039990634
203154_s_at,0.03998807
239582_at,0.039987735
232070_at,0.039984673
222441_x_at,0.03998202
1555350_at,0.03998086
217441_at,0.039979786
204028_s_at,0.03997594
209607_x_at,0.039975315
1563171_at,0.039974287
234666_at,0.0399739
206958_s_at,0.039973855
202607_at,0.039972693
226440_at,0.039970934
226366_at,0.039969966
239372_at,0.039969414
211671_s_at,0.03996876
217804_s_at,0.03996697
218420_s_at,0.03996645
231132_at,0.03996627
212417_at,0.039966136
223164_at,0.039966077
233588_x_at,0.03996539
234521_at,0.03996505
34031_i_at,0.039964125
1557948_at,0.039961517
218648_at,0.039961368
235615_at,0.039960057
1559201_a_at,0.039957255
200690_at,0.039957017
1558534_at,0.039956287
207876_s_at,0.039955914
209021_x_at,0.039955273
237988_at,0.03995511
211615_s_at,0.03995377
1554844_at,0.03995265
230320_at,0.03995204
237263_at,0.039951175
229571_at,0.039948568
226729_at,0.039947003
238060_s_at,0.039946444
202526_at,0.039941683
243815_at,0.039941236
226369_at,0.039940596
234974_at,0.039936975
241388_at,0.03993562
65086_at,0.03993176
218349_s_at,0.0399307
227535_at,0.03993059
223814_at,0.039930448
231002_s_at,0.039928496
229900_at,0.039927945
1559921_at,0.03992793
218298_s_at,0.039924905
208035_at,0.039923325
239710_at,0.039923318
209653_at,0.039922073
1557064_s_at,0.03992176
225528_at,0.039920747
217100_s_at,0.03992042
1566994_at,0.039918743
226760_at,0.039918035
1568618_a_at,0.03991717
210257_x_at,0.039916053
1555384_a_at,0.03991556
1557466_at,0.039914988
207123_s_at,0.039914846
203158_s_at,0.039913014
212285_s_at,0.039912313
208884_s_at,0.039912224
212297_at,0.039910555
205687_at,0.039909184
242711_x_at,0.039907902
229587_at,0.03990659
218069_at,0.03990653
219542_at,0.039906517
1555783_x_at,0.03990467
207572_at,0.039904088
243174_at,0.039903276
229525_at,0.03990303
214011_s_at,0.03989993
240806_at,0.039895892
243796_at,0.03989543
212479_s_at,0.039895087
1558426_x_at,0.03989345
1555206_at,0.039892197
240762_at,0.039888456
227919_at,0.039887667
221688_s_at,0.03988701
229303_at,0.03988698
212184_s_at,0.03988689
215239_x_at,0.039885595
1559991_s_at,0.039884955
223215_s_at,0.039882153
224643_at,0.039880797
200722_s_at,0.0398795
225633_at,0.039878026
1555334_s_at,0.039877385
235535_x_at,0.0398771
233123_at,0.039872393
209926_at,0.039871432
229653_at,0.03987074
237917_at,0.039869018
205428_s_at,0.03986823
212615_at,0.03986615
236805_at,0.039865524
213296_at,0.039863348
235525_at,0.039861955
228139_at,0.03986168
231967_at,0.039858177
207937_x_at,0.03985466
225953_at,0.039853305
1561061_at,0.03985253
216976_s_at,0.03985159
217851_s_at,0.03984931
205012_s_at,0.039848685
236629_at,0.039848477
227558_at,0.039848
239376_at,0.039845005
239949_at,0.039841518
218364_at,0.039841503
209782_s_at,0.039837405
227181_at,0.03983599
223576_at,0.03983271
1564333_a_at,0.039831027
208104_s_at,0.039830983
213833_x_at,0.039829887
203254_s_at,0.039829344
227468_at,0.039829317
208602_x_at,0.0398283
204266_s_at,0.039826408
36612_at,0.039821282
217142_at,0.03982082
228914_at,0.03981632
224298_s_at,0.039813176
202964_s_at,0.03981252
1558369_at,0.039811864
1554029_a_at,0.03980986
240554_at,0.039807767
217414_x_at,0.039804876
1556672_a_at,0.039803654
212943_at,0.039801776
220113_x_at,0.039799944
202051_s_at,0.039798707
244872_at,0.03979796
228453_at,0.03979741
203452_at,0.039793223
204153_s_at,0.039792955
218322_s_at,0.03979239
1559350_at,0.03979016
239114_at,0.039789796
222642_s_at,0.03978902
217264_s_at,0.03978686
223071_at,0.03978613
1563012_x_at,0.03978607
213637_at,0.03978589
215798_at,0.039783858
225106_s_at,0.039782733
231153_at,0.039780945
227172_at,0.039779976
218538_s_at,0.039779335
1555977_at,0.03977877
203099_s_at,0.039775506
207004_at,0.039775327
221735_at,0.039774388
202876_s_at,0.039773196
209999_x_at,0.03977316
213364_s_at,0.039772063
1553246_a_at,0.03977084
208799_at,0.039768502
213305_s_at,0.03976661
229705_at,0.03976649
229119_s_at,0.039764926
223511_at,0.03976178
203670_at,0.03976105
212427_at,0.039757736
229829_at,0.039757177
206791_s_at,0.039756455
232063_x_at,0.03975615
1557737_s_at,0.039752647
238547_at,0.039751425
1569022_a_at,0.039751202
205246_at,0.039749175
212897_at,0.039748833
210346_s_at,0.03974873
239188_at,0.03974758
213137_s_at,0.03974718
212399_s_at,0.03974694
242937_at,0.03974601
223590_at,0.039744988
244714_at,0.039744087
234382_x_at,0.03974189
242747_at,0.03974025
220760_x_at,0.039738536
223562_at,0.039738476
234341_x_at,0.039738357
243552_at,0.03973387
1555762_s_at,0.039731473
1557818_x_at,0.039731458
228111_s_at,0.039728552
210337_s_at,0.039728522
226070_at,0.039727613
224111_x_at,0.039727435
227598_at,0.039727286
1559129_a_at,0.03972523
203839_s_at,0.039724916
201580_s_at,0.039723516
211386_at,0.039723516
218269_at,0.039722413
239170_at,0.039722115
218294_s_at,0.0397214
239940_at,0.039721355
236887_at,0.0397211
223214_s_at,0.039720163
214820_at,0.03971985
1553696_s_at,0.03971967
219893_at,0.03971742
219408_at,0.039717183
218520_at,0.03971678
210817_s_at,0.039716005
201962_s_at,0.039715216
215567_at,0.039713606
210005_at,0.039713487
218363_at,0.039713264
239056_at,0.03971325
236580_at,0.039712712
1557236_at,0.039711773
209314_s_at,0.039711624
242627_at,0.03971097
218378_s_at,0.03971067
217508_s_at,0.03970945
206229_x_at,0.039708927
231503_at,0.039708305
216043_x_at,0.039707407
219633_at,0.03970611
212019_at,0.039703608
201753_s_at,0.039702237
226946_at,0.039701566
224558_s_at,0.039696395
203545_at,0.039696246
212236_x_at,0.039691955
238313_at,0.039690435
203613_s_at,0.039688468
238556_at,0.039686173
202986_at,0.0396857
241375_at,0.039685294
203664_s_at,0.039684832
237716_at,0.039683774
213615_at,0.039682046
206141_at,0.039679512
202144_s_at,0.03967759
223950_s_at,0.039676487
232362_at,0.0396747
223308_s_at,0.0396747
243763_x_at,0.03967449
212477_at,0.039674073
231566_at,0.03967406
239842_x_at,0.039672032
226554_at,0.039670557
226866_at,0.03966993
1558277_at,0.039669737
208595_s_at,0.03966689
209338_at,0.03966655
233824_at,0.039665535
225416_at,0.039664328
232139_s_at,0.039664157
207627_s_at,0.03966272
208404_x_at,0.039661765
240495_at,0.03966129
244428_at,0.03965822
238869_at,0.03965722
1554767_s_at,0.039656177
213945_s_at,0.039656118
213743_at,0.039654627
1554667_s_at,0.039652973
1569188_s_at,0.03965278
226557_at,0.039652452
223264_at,0.039650977
215357_s_at,0.039650157
213923_at,0.039644867
235248_at,0.039640993
206509_at,0.039640263
214323_s_at,0.03963989
234949_at,0.039639577
244032_at,0.039638832
227790_at,0.039638296
217933_s_at,0.03963816
207136_at,0.039636254
205540_s_at,0.039636135
201723_s_at,0.039634705
226221_at,0.039634377
231023_at,0.03963083
204294_at,0.03963062
226452_at,0.03963019
234654_at,0.039627954
1556675_s_at,0.03962718
216138_at,0.039627038
213124_at,0.039626777
226881_at,0.039626047
208118_x_at,0.03962475
219495_s_at,0.03962475
200913_at,0.039624363
203583_at,0.039622128
209619_at,0.039620817
205748_s_at,0.039619565
230752_at,0.03961745
1552873_s_at,0.03961741
1556754_at,0.03961712
221660_at,0.03961627
232814_x_at,0.0396156
236755_at,0.03961505
222432_s_at,0.03961286
221164_x_at,0.03961277
220063_at,0.039611578
238207_at,0.03960973
209110_s_at,0.03960824
213380_x_at,0.03960578
201460_at,0.03960508
205531_s_at,0.039604962
211081_s_at,0.039604887
212189_s_at,0.039603993
212467_at,0.039603174
208872_s_at,0.039602995
1557589_a_at,0.03960277
1558719_s_at,0.039599225
229086_at,0.039598405
203013_at,0.039596885
203266_s_at,0.039594516
212428_at,0.039594084
1566476_at,0.039593056
1568864_at,0.03959173
56197_at,0.0395903
1569057_s_at,0.039588794
211064_at,0.039587393
205070_at,0.03958541
238519_at,0.039582327
226543_at,0.039580002
228172_at,0.039578177
238470_at,0.03957726
209903_s_at,0.03957683
230024_at,0.039574355
238829_at,0.03957334
200824_at,0.039572805
225711_at,0.03957069
226314_at,0.03957054
201918_at,0.039568603
211719_x_at,0.039565086
244210_at,0.039565057
226782_at,0.039563194
213442_x_at,0.03956072
205063_at,0.039560065
241770_x_at,0.03955724
224123_at,0.0395547
235259_at,0.039554045
1564257_at,0.03955306
236235_at,0.039551884
203228_at,0.03954768
210985_s_at,0.039547637
225002_s_at,0.039547354
217825_s_at,0.03954667
236763_at,0.039546102
208845_at,0.03954506
1566761_a_at,0.039544053
213333_at,0.039542273
243702_at,0.03954167
227778_at,0.03953965
226426_at,0.039538592
210474_s_at,0.039537773
222413_s_at,0.039537013
204872_at,0.039536893
207391_s_at,0.039536566
208662_s_at,0.039536
229296_at,0.039533973
212799_at,0.039533705
1556148_s_at,0.039532855
203468_at,0.039532572
232789_at,0.03953089
232076_at,0.039528847
219600_s_at,0.03952755
216129_at,0.039526008
229091_s_at,0.039525628
223007_s_at,0.039524972
219437_s_at,0.039524764
244335_at,0.039523974
221883_at,0.039523467
236347_at,0.039521694
226472_at,0.03952129
201269_s_at,0.03951619
221992_at,0.03951092
206880_at,0.039510697
225797_at,0.03951043
1555500_s_at,0.039509192
222837_s_at,0.0395087
209650_s_at,0.03950849
1561726_s_at,0.039505944
203590_at,0.03950444
1560982_at,0.03950399
229949_at,0.039500922
1558167_a_at,0.03949955
228505_s_at,0.03949903
210104_at,0.03949891
219325_s_at,0.039495878
1570007_at,0.039494276
223281_s_at,0.03949359
228852_at,0.039493337
242367_at,0.03949268
214849_at,0.03949207
236851_x_at,0.03949167
1559127_x_at,0.03949058
1561430_s_at,0.03948942
205276_s_at,0.039489
215881_x_at,0.039488435
224634_at,0.039484844
1554208_at,0.039484173
1561847_at,0.039481312
1562144_at,0.03947849
226506_at,0.039476424
212748_at,0.03947428
218362_s_at,0.039472967
1557232_at,0.039471447
232913_at,0.03946968
221308_at,0.039468333
233358_at,0.03946753
222280_at,0.039467275
203117_s_at,0.039466158
219999_at,0.039465815
235653_s_at,0.039465502
222734_at,0.039463043
212032_s_at,0.039462566
200677_at,0.03946227
208939_at,0.039462253
230888_at,0.039460033
201559_s_at,0.03945923
1553997_a_at,0.03945522
230893_at,0.039454937
203247_s_at,0.039453715
215493_x_at,0.039449573
1569106_s_at,0.039445996
201602_s_at,0.039445534
242472_x_at,0.039442852
230046_at,0.039438874
218929_at,0.039438397
1561423_at,0.039436728
237914_s_at,0.039436042
219357_at,0.03943187
217811_at,0.039430052
202589_at,0.039430022
1554059_at,0.039426535
210155_at,0.039425045
231531_at,0.03942264
205236_x_at,0.03942132
219963_at,0.03942032
216374_at,0.03942004
237085_x_at,0.039417274
226820_at,0.03941664
218356_at,0.039414823
1562130_at,0.03941351
209953_s_at,0.03941247
208654_s_at,0.039411724
227353_at,0.03940952
217539_at,0.039409503
216908_x_at,0.03940837
221479_s_at,0.039407253
78330_at,0.039402843
223819_x_at,0.039402768
210098_s_at,0.039402246
238090_at,0.03940195
244862_at,0.03940013
229926_at,0.03940001
225100_at,0.03939885
217970_s_at,0.03939648
1559691_at,0.039394774
219185_at,0.039393738
1558570_at,0.039393455
244475_at,0.039393127
1560250_s_at,0.03939093
216221_s_at,0.039390564
229572_at,0.039390102
216308_x_at,0.0393883
218155_x_at,0.039387733
218633_x_at,0.039386883
36129_at,0.039380968
230546_at,0.039380297
1562263_at,0.039380133
212902_at,0.039379492
218083_at,0.039379403
239137_x_at,0.03937909
202706_s_at,0.03937885
226529_at,0.039375603
230556_at,0.03937453
211715_s_at,0.03937334
215421_at,0.03937292
214225_at,0.039372787
210223_s_at,0.039372668
218870_at,0.039372206
242160_at,0.039371803
214106_s_at,0.039371803
1556082_a_at,0.039371416
212107_s_at,0.039371148
242663_at,0.03937012
1565661_x_at,0.039370082
211076_x_at,0.039367333
230243_at,0.03936717
238562_at,0.039366484
213298_at,0.039365634
1554192_s_at,0.039365515
216473_x_at,0.03936413
221945_at,0.039363533
214139_at,0.03936097
1560290_at,0.039360806
220072_at,0.039356887
205596_s_at,0.039356768
214649_s_at,0.03935632
210502_s_at,0.03935364
201706_s_at,0.03935224
201126_s_at,0.03935182
1570529_at,0.039350994
200790_at,0.039349914
222245_s_at,0.039348215
212549_at,0.039346874
225495_x_at,0.039344765
241372_at,0.039341517
208336_s_at,0.039341003
209083_at,0.03933865
213690_s_at,0.039337218
201404_x_at,0.03933543
223078_s_at,0.039335325
211028_s_at,0.039335176
236554_x_at,0.039335087
1558711_at,0.039334714
224512_s_at,0.039334536
1554934_at,0.0393344
1557279_at,0.03933149
200708_at,0.0393306
225049_at,0.039328516
239106_at,0.03932765
229798_s_at,0.039326742
207755_at,0.03932599
203023_at,0.039325744
203869_at,0.039323866
1555632_at,0.03932333
240801_at,0.03932222
223424_s_at,0.039316088
223577_x_at,0.03931591
204901_at,0.039315864
208629_s_at,0.03931561
230154_at,0.03931527
228091_at,0.03931254
203647_s_at,0.03930977
217704_x_at,0.03930959
223263_s_at,0.03930877
228050_at,0.039308757
223425_at,0.03930843
218403_at,0.03930679
50277_at,0.0393067
206848_at,0.03930661
214888_at,0.039306
207641_at,0.03930442
1552953_a_at,0.03930433
209688_s_at,0.039302886
226235_at,0.039301664
225115_at,0.03929797
201932_at,0.03929767
226021_at,0.039297044
202547_s_at,0.039292842
235685_at,0.039292634
203261_at,0.039289534
1565882_at,0.039287865
212522_at,0.03928733
242888_at,0.03928493
223024_at,0.0392842
207701_at,0.039282694
48030_i_at,0.03928244
217902_s_at,0.039281905
1554360_at,0.0392811
212470_at,0.03928095
217861_s_at,0.039280444
220580_at,0.03927864
222951_s_at,0.039275512
206316_s_at,0.039273918
222472_at,0.03927356
201447_at,0.039272964
225297_at,0.039271623
237696_at,0.039271504
235541_at,0.0392707
235678_at,0.039266884
227516_at,0.039265916
227930_at,0.039265454
238119_at,0.039264426
202184_s_at,0.03926249
231161_x_at,0.039262265
218390_s_at,0.03926187
201446_s_at,0.03926155
207389_at,0.039261356
202365_at,0.03925872
226160_at,0.03925827
1558504_at,0.039256766
1553234_at,0.03925331
213546_at,0.03925079
227917_at,0.03924951
1558785_a_at,0.03924887
208369_s_at,0.039248154
213340_s_at,0.039247334
211439_at,0.039244488
202702_at,0.03924349
1570200_at,0.03924021
208289_s_at,0.039239943
227132_at,0.03923948
205622_at,0.039237335
214259_s_at,0.03923726
244763_at,0.039235815
228187_at,0.039233774
218521_s_at,0.039233312
217185_s_at,0.039233208
214093_s_at,0.0392327
1565852_at,0.039232686
201357_s_at,0.03923139
223675_s_at,0.039230317
224280_s_at,0.039230123
1552375_at,0.039229035
218049_s_at,0.03922829
224859_at,0.039228275
1553677_a_at,0.039227903
228535_at,0.03922701
212069_s_at,0.039226323
229751_s_at,0.039225936
217145_at,0.039225698
228286_at,0.039225593
242655_at,0.03922519
222243_s_at,0.039224982
1564067_x_at,0.039223194
209143_s_at,0.039221168
1560327_at,0.03922017
225411_at,0.039220065
239414_at,0.03921774
223238_s_at,0.039217085
240204_at,0.039216414
231611_at,0.03921552
219722_s_at,0.03921272
1562524_at,0.039210886
217653_x_at,0.03921081
217724_at,0.039208084
229666_s_at,0.039206818
202840_at,0.039202332
1558590_at,0.039202146
212760_at,0.039201915
221878_at,0.039201573
239481_at,0.039200313
205042_at,0.03919995
225904_at,0.039198786
238121_at,0.03919807
220097_s_at,0.03919606
227304_at,0.03919579
222540_s_at,0.039195538
211996_s_at,0.03919339
238596_at,0.039193243
212735_at,0.039193228
212743_at,0.039192006
239540_at,0.039190844
1555973_at,0.039190352
234534_at,0.03918852
205976_at,0.039185733
222241_at,0.03918498
33132_at,0.03918436
244145_at,0.039184272
1555495_a_at,0.03918171
1554616_at,0.03917925
219664_s_at,0.039178237
225839_at,0.039176583
224725_at,0.039174676
206507_at,0.039174423
227953_at,0.039172918
222906_at,0.039171368
232004_at,0.039169833
205975_s_at,0.039168656
1561526_at,0.03916847
205710_at,0.0391683
209471_s_at,0.039166808
213186_at,0.039164186
1560449_at,0.03916347
201569_s_at,0.03916329
1559061_at,0.03916222
238064_at,0.039161325
209310_s_at,0.03916064
213127_s_at,0.039158806
212873_at,0.039158344
243966_at,0.039154366
239917_at,0.039154083
239306_at,0.039153308
210457_x_at,0.039151534
215576_at,0.03915146
219951_s_at,0.0391514
243308_at,0.039148897
212218_s_at,0.039148837
201017_at,0.039147556
232537_x_at,0.039145485
1569791_at,0.039141685
243664_at,0.039140612
238575_at,0.039140593
232703_at,0.03913901
1554866_at,0.03913801
216730_at,0.039137535
216902_s_at,0.03913711
226512_at,0.039136693
209704_at,0.039135963
1553304_at,0.03913439
222502_s_at,0.039129615
213046_at,0.039127618
1555243_x_at,0.03912738
222269_at,0.03912683
225332_at,0.039126605
213372_at,0.039121956
205146_x_at,0.039120838
205970_at,0.03911923
201424_s_at,0.039114684
241541_at,0.039114326
1555360_a_at,0.03911397
213481_at,0.039112665
209753_s_at,0.03911099
207877_s_at,0.039110422
221808_at,0.03910947
224581_s_at,0.039108664
222630_at,0.0391047
204868_at,0.039104402
209808_x_at,0.039101213
215615_x_at,0.03910114
223186_at,0.039100677
208706_s_at,0.03909999
240148_at,0.03909865
211855_s_at,0.03909804
244701_at,0.039096847
203302_at,0.03909573
1569107_s_at,0.039093897
218102_at,0.039093345
225836_s_at,0.039093032
215584_at,0.039091147
202139_at,0.03909026
1553204_at,0.03908974
223371_s_at,0.03908971
204873_at,0.039089173
219433_at,0.039087802
221522_at,0.039086446
200760_s_at,0.039085954
224906_at,0.03908378
223564_s_at,0.039081573
206351_s_at,0.039080918
230129_at,0.03907861
202353_s_at,0.039075732
212511_at,0.039074525
240241_at,0.039074004
1555188_at,0.039073557
237666_at,0.039073557
225890_at,0.03907305
226762_at,0.039072648
226298_at,0.039070666
242302_at,0.039070264
225444_at,0.03907019
234590_x_at,0.0390694
233091_at,0.039065056
218732_at,0.039064825
214354_x_at,0.039064452
206540_at,0.039064422
240125_at,0.0390644
202651_at,0.03906402
217481_x_at,0.03906115
229251_s_at,0.03905864
212441_at,0.039058477
202349_at,0.039056823
227262_at,0.03905654
228244_at,0.039056107
210792_x_at,0.039056003
214185_at,0.03905551
217919_s_at,0.039055377
222595_s_at,0.03905472
219110_at,0.03905338
225031_at,0.03905326
201412_at,0.03905019
209833_at,0.039049402
1564010_at,0.03904915
204276_at,0.03904839
214764_at,0.03904642
239703_at,0.03904511
228061_at,0.03904417
216540_at,0.039043285
236488_s_at,0.03904289
230671_at,0.039041787
214908_s_at,0.0390407
215810_x_at,0.039039873
202642_s_at,0.03903815
224100_s_at,0.039035268
205230_at,0.03903219
218446_s_at,0.039031595
238980_x_at,0.039029874
228697_at,0.039029628
235043_at,0.039028198
217286_s_at,0.039025933
217408_at,0.039025396
225477_s_at,0.039024442
226802_s_at,0.039023757
225675_at,0.039023146
205443_at,0.039022684
208301_at,0.03902252
210807_s_at,0.03902249
201924_at,0.039022326
201805_at,0.039020315
210276_s_at,0.039017856
203801_at,0.039017797
223793_at,0.0390172
224425_x_at,0.039013
236381_s_at,0.03901227
230786_at,0.039011985
240172_at,0.0390103
242750_at,0.039006352
1559755_at,0.03900581
219290_x_at,0.039005697
213529_at,0.039005563
218421_at,0.03900537
244132_x_at,0.03900434
205018_s_at,0.03900051
218358_at,0.038997978
203959_s_at,0.03899768
232353_s_at,0.038996816
242470_at,0.038996577
236036_at,0.038996242
206718_at,0.038993835
231312_at,0.038993046
233777_at,0.038988575
209973_at,0.0389885
231903_x_at,0.038988106
213704_at,0.03898576
201396_s_at,0.038984716
214109_at,0.038984075
229788_s_at,0.03898362
237478_at,0.03898319
212872_s_at,0.038983017
226012_at,0.0389812
238265_x_at,0.0389809
203119_at,0.03897977
215011_at,0.038977206
1553491_at,0.03897679
222667_s_at,0.03897649
217644_s_at,0.03897588
228217_s_at,0.038974762
223711_s_at,0.038974762
227728_at,0.038974673
212622_at,0.038974434
217049_x_at,0.038974285
229449_at,0.038974166
214148_at,0.03897178
234667_at,0.038967587
234984_at,0.038962856
214679_x_at,0.03896153
220589_s_at,0.038960427
209572_s_at,0.038960308
238041_at,0.03896013
201167_x_at,0.038959563
1557369_a_at,0.038958803
1554268_at,0.038957402
218157_x_at,0.03895712
221786_at,0.03895597
235579_at,0.03895566
221509_at,0.03895375
222657_s_at,0.03895256
207505_at,0.03895086
209254_at,0.03895071
234047_at,0.038948715
242550_at,0.038947076
225025_at,0.038945377
225130_at,0.038944185
226046_at,0.03894347
219679_s_at,0.038942397
226793_at,0.038941726
223331_s_at,0.038941264
217654_at,0.038938366
219571_s_at,0.03893611
235883_at,0.038936004
209378_s_at,0.03893113
1556891_at,0.038928054
212685_s_at,0.038927525
210195_s_at,0.038923927
241922_at,0.038922712
229885_at,0.038920835
238903_at,0.038920715
241100_at,0.038917758
214440_at,0.038916707
211980_at,0.038915537
213727_x_at,0.038911134
216088_s_at,0.03891024
205301_s_at,0.03891015
238001_at,0.038909733
236953_s_at,0.038906693
226353_at,0.03890592
212704_at,0.0389027
228571_at,0.038902447
242392_at,0.038902
219214_s_at,0.038898706
207071_s_at,0.03889692
218429_s_at,0.03889528
1566509_s_at,0.038892686
232126_at,0.038890146
226323_at,0.038886398
214638_s_at,0.03888607
211460_at,0.038885936
228662_at,0.038884833
224331_s_at,0.038883567
231188_at,0.038883477
225201_s_at,0.0388816
210250_x_at,0.038879097
205832_at,0.03887797
243077_at,0.038877442
218411_s_at,0.038877085
201478_s_at,0.038876563
225266_at,0.03887567
232988_at,0.03887555
233014_at,0.038875476
228291_s_at,0.038873434
231992_x_at,0.038870454
239400_at,0.038867638
1554545_at,0.0388648
232387_at,0.03886067
1557000_at,0.038860664
231718_at,0.038858324
226159_at,0.03885761
206792_x_at,0.03885612
228189_at,0.03885591
221196_x_at,0.038853854
215595_x_at,0.038852632
209689_at,0.038851425
228867_at,0.038850963
230168_at,0.038850248
219216_at,0.03884673
206019_at,0.03884597
223181_at,0.038844526
243026_x_at,0.03884414
239794_at,0.038843453
203826_s_at,0.038842723
243100_at,0.038840503
234671_at,0.03883917
229488_at,0.038838603
210514_x_at,0.038838297
205994_at,0.038835607
1566268_at,0.038834818
1568957_x_at,0.038834557
1563641_a_at,0.03882867
213235_at,0.038828596
200994_at,0.038826406
224882_at,0.038826287
234111_at,0.03882447
215250_at,0.03882347
221473_x_at,0.03882292
203425_s_at,0.038821846
205171_at,0.0388218
242717_at,0.038819365
241197_at,0.038818985
1558775_s_at,0.03881888
1570210_x_at,0.038817972
213024_at,0.038816094
228639_at,0.038815722
209449_at,0.038814723
229003_x_at,0.03881187
218759_at,0.038811564
210691_s_at,0.038809717
1554119_at,0.038809344
237410_x_at,0.038808495
216279_at,0.038807213
202048_s_at,0.038806736
1554627_a_at,0.038805813
216114_at,0.038805507
201938_at,0.038805246
208860_s_at,0.03880407
215887_at,0.03880337
235449_at,0.03880155
228279_s_at,0.038800657
212222_at,0.03880027
242681_at,0.038799852
1558586_at,0.038799122
223119_s_at,0.038798288
219254_at,0.03879714
218722_s_at,0.038795173
226097_at,0.038794443
225545_at,0.03879045
225452_at,0.03879015
218466_at,0.038789958
223517_at,0.03878957
236692_at,0.038789228
205585_at,0.038788363
202169_s_at,0.038786232
208270_s_at,0.038781404
227815_at,0.038780406
243295_at,0.038778245
214226_at,0.038775533
33323_r_at,0.038774773
210734_x_at,0.038774073
1556613_s_at,0.038774014
225861_at,0.038772225
203950_s_at,0.038771898
205917_at,0.03877148
218668_s_at,0.03877145
230762_at,0.038770676
223585_x_at,0.038768783
209336_at,0.038767636
227862_at,0.038765565
228832_at,0.038764164
223662_x_at,0.038761944
235033_at,0.038760126
235581_at,0.038759932
1559444_at,0.03875698
216977_x_at,0.038755894
217293_at,0.038755484
233721_x_at,0.0387536
237639_at,0.038751453
208472_at,0.038750894
223578_x_at,0.03874868
241408_at,0.038747936
214779_s_at,0.03874594
222580_at,0.038744748
1557744_at,0.038743854
241827_at,0.03874232
223289_s_at,0.038739905
227833_s_at,0.03873843
220949_s_at,0.038737178
200646_s_at,0.03873661
208802_at,0.038736463
219361_s_at,0.03873557
218028_at,0.038734913
210023_s_at,0.038733736
226399_at,0.03873357
1557433_at,0.038733095
224582_s_at,0.038732976
218154_at,0.0387325
203248_at,0.03873208
1555088_x_at,0.038731918
1557352_at,0.038731404
212979_s_at,0.03873001
1562928_at,0.03872952
215670_s_at,0.038727015
242241_x_at,0.038725927
239531_at,0.0387249
243773_at,0.038722545
212271_at,0.038722366
221825_at,0.03872229
210842_at,0.03872137
203409_at,0.038720727
217367_s_at,0.03871855
223607_x_at,0.038718432
224124_at,0.038717613
212898_at,0.03871572
222547_at,0.038714945
203653_s_at,0.038713694
1556373_a_at,0.038713142
202773_s_at,0.038712546
232248_at,0.038712114
228633_s_at,0.038711563
225621_at,0.03870952
227259_at,0.038708627
242408_at,0.03870798
222360_at,0.038706616
216071_x_at,0.038706377
242083_at,0.03870544
213981_at,0.038702726
203742_s_at,0.038699016
230027_s_at,0.038699
1557059_at,0.03869891
202022_at,0.038693294
213225_at,0.03868985
222193_at,0.038689643
209293_x_at,0.038689613
215640_at,0.038689464
217033_x_at,0.03868784
224002_s_at,0.03868033
217197_x_at,0.038680166
212710_at,0.038679883
210966_x_at,0.03867875
214345_at,0.03867829
242842_at,0.038677573
235410_at,0.038676843
221851_at,0.03867671
228212_at,0.038671337
212447_at,0.03867039
200613_at,0.03866738
238216_at,0.038667247
1553821_at,0.03866633
242312_x_at,0.0386647
1566111_at,0.03866464
224319_s_at,0.03866455
209718_at,0.03866431
217573_at,0.038663104
221503_s_at,0.03865938
224769_at,0.038659066
213196_at,0.0386582
224042_at,0.0386554
217548_at,0.038654894
223637_s_at,0.03865376
210010_s_at,0.038652673
1553530_a_at,0.038651973
202654_x_at,0.038651228
205616_at,0.0386509
212018_s_at,0.038650513
228786_at,0.038650364
1554271_a_at,0.038649157
221499_s_at,0.038646817
233156_at,0.038646765
219673_at,0.03864664
209845_at,0.038645595
235020_at,0.038643956
201011_at,0.038642436
235207_at,0.038640887
228526_at,0.038639143
212947_at,0.038636148
224706_at,0.03863597
216580_at,0.03863345
1553684_at,0.03862966
218085_at,0.038628608
1559052_s_at,0.038627714
231821_x_at,0.038627267
220140_s_at,0.03862466
212605_s_at,0.038624644
234733_s_at,0.03862427
200899_s_at,0.038622707
233652_at,0.03862209
229301_at,0.038622007
243121_x_at,0.038621455
217785_s_at,0.038620606
204108_at,0.03861977
229841_at,0.03861876
218539_at,0.038616627
206452_x_at,0.038615867
242333_at,0.03861562
220147_s_at,0.038614154
206520_x_at,0.038610943
218458_at,0.03860876
1569714_at,0.038607135
219576_at,0.0386063
235890_at,0.038606033
232580_x_at,0.03860575
57739_at,0.03860207
237274_at,0.038601294
227029_at,0.03860107
208977_x_at,0.038600862
204998_s_at,0.038599595
219491_at,0.03859812
231952_at,0.038597777
235451_at,0.0385952
203822_s_at,0.03859514
219675_s_at,0.0385931
212493_s_at,0.038592964
236624_at,0.03859275
45572_s_at,0.03859192
224070_at,0.03859181
202784_s_at,0.038591698
223443_s_at,0.03858924
241546_at,0.03858842
229365_at,0.038587593
217707_x_at,0.038586855
205716_at,0.03858584
225638_at,0.038582236
204772_s_at,0.03858176
214306_at,0.038579643
212987_at,0.03857696
220610_s_at,0.038573846
244811_at,0.038573638
209363_s_at,0.038573176
1555730_a_at,0.03857273
208972_s_at,0.038570583
230616_at,0.03857054
243708_at,0.03857048
242380_at,0.038568407
242395_at,0.038567647
205628_at,0.03856632
240565_at,0.038565814
207176_s_at,0.038565107
229027_at,0.03856413
227508_at,0.038563713
216938_x_at,0.038563363
219192_at,0.03856203
203189_s_at,0.038560495
1568814_at,0.038560018
204441_s_at,0.03855966
214005_at,0.038558483
243476_at,0.03855761
202024_at,0.038557604
241686_x_at,0.038554937
211960_s_at,0.03855437
235057_at,0.03855245
213263_s_at,0.038552046
223472_at,0.038551733
203644_s_at,0.038550466
228200_at,0.038549557
229036_at,0.038549453
236626_at,0.038549416
203944_x_at,0.0385492
224078_at,0.038548276
228045_at,0.038546115
1567440_at,0.038544208
240783_at,0.038542375
1558942_at,0.038541347
223945_x_at,0.038540512
212749_s_at,0.038540512
203964_at,0.03853929
211994_at,0.038538873
228092_at,0.03853871
213702_x_at,0.038538247
221652_s_at,0.038535774
237014_at,0.038535498
238579_at,0.03853546
214801_at,0.038535446
1562689_at,0.03853205
228851_s_at,0.03852792
232101_s_at,0.038526744
216499_at,0.038525775
201300_s_at,0.03852439
229366_at,0.038522616
205822_s_at,0.038521677
216801_at,0.03852085
223180_s_at,0.038520545
216288_at,0.038519725
1569335_a_at,0.03851874
219504_s_at,0.03851816
217604_at,0.03851725
229220_x_at,0.0385167
206297_at,0.038515396
218962_s_at,0.03851518
204120_s_at,0.038512334
210561_s_at,0.038511395
244086_at,0.038506955
223072_s_at,0.03850597
237419_at,0.038505837
232091_s_at,0.03850545
202034_x_at,0.038505435
212880_at,0.03850442
223088_x_at,0.03850314
222444_at,0.03850174
207628_s_at,0.038500935
214844_s_at,0.03849843
218185_s_at,0.038497865
211998_at,0.038496315
200842_s_at,0.038495958
227777_at,0.038494542
1560177_at,0.03849423
200811_at,0.0384894
221519_at,0.038489193
213710_s_at,0.0384883
222252_x_at,0.038482472
228112_at,0.038481265
55065_at,0.038478762
1554852_a_at,0.038476333
230030_at,0.0384748
211930_at,0.038473755
226945_at,0.038473487
204978_at,0.03847277
202172_at,0.038470805
40560_at,0.038469262
219344_at,0.03846848
227292_at,0.038465887
222368_at,0.038465112
1563111_a_at,0.03846328
234585_at,0.038462684
226541_at,0.03846185
224961_at,0.038460106
225014_at,0.038457245
1562055_at,0.03845475
235909_at,0.03845048
242803_at,0.038447663
228870_at,0.038445592
243661_at,0.038445316
226680_at,0.03844446
1560219_at,0.03844428
234359_at,0.03844221
1552323_s_at,0.038438007
237176_at,0.038434833
212453_at,0.038434565
214962_s_at,0.0384344
1553101_a_at,0.038432598
1559629_at,0.03843163
229422_at,0.038431183
210955_at,0.03843066
216440_at,0.038429245
206649_s_at,0.038429096
243673_at,0.0384285
242573_at,0.03842677
1566207_at,0.038425967
202104_s_at,0.038425893
1566927_at,0.038425677
238560_at,0.038425237
218279_s_at,0.038424894
225445_at,0.03842321
226703_at,0.038422704
229987_at,0.03841906
201320_at,0.038418964
200070_at,0.038418055
200747_s_at,0.038416833
1555411_a_at,0.038416266
212303_x_at,0.038416088
229120_s_at,0.038413644
214441_at,0.038411573
209255_at,0.03841147
238353_at,0.038409278
224727_at,0.03840874
201535_at,0.03840688
232048_at,0.03840342
219674_s_at,0.03840317
236268_at,0.03840241
225216_at,0.03840199
221480_at,0.038399816
214272_at,0.038399115
1554894_a_at,0.03839831
225051_at,0.038397253
228319_at,0.038396865
235159_at,0.038392976
238773_at,0.03839244
235554_x_at,0.03839092
213551_x_at,0.038390726
232016_at,0.038387716
237506_at,0.03838654
238691_at,0.038383067
235432_at,0.03838271
205036_at,0.038381875
214096_s_at,0.038381666
204107_at,0.038381487
232742_at,0.038381428
234127_at,0.03838086
206425_s_at,0.038380608
233101_at,0.03838058
212946_at,0.038379833
1555474_at,0.038377553
1566646_at,0.03837727
218144_s_at,0.03837514
233185_at,0.03837347
223293_at,0.03836888
219446_at,0.03836748
219169_s_at,0.038366318
225958_at,0.03836617
202185_at,0.03836584
203833_s_at,0.03836429
226857_at,0.038362995
206056_x_at,0.038360298
1561942_x_at,0.038360223
1561467_at,0.03835944
220176_at,0.038358822
203758_at,0.03835754
238191_at,0.03835623
225064_at,0.038355082
233495_at,0.03835117
1570342_at,0.03834918
1563318_s_at,0.038348034
202592_at,0.03834799
219154_at,0.038347065
230164_at,0.038345695
200727_s_at,0.03834498
212678_at,0.038344473
224377_s_at,0.03834194
1556024_at,0.038341194
212173_at,0.038336962
220865_s_at,0.038335204
209206_at,0.03833404
221746_at,0.038333103
219117_s_at,0.038332373
220221_at,0.03833197
229575_at,0.03833148
234277_at,0.03833145
209941_at,0.0383313
222805_at,0.038330182
222204_s_at,0.03832838
219282_s_at,0.038323373
227124_at,0.038320214
212875_s_at,0.038319424
230572_at,0.038318217
1555784_s_at,0.038316935
211703_s_at,0.038316667
242182_x_at,0.038315758
226361_at,0.038315624
207525_s_at,0.038313866
201562_s_at,0.03831081
241226_at,0.03830357
240941_at,0.03830345
205423_at,0.038303077
230294_at,0.038302958
213242_x_at,0.03830269
224876_at,0.038301796
229609_at,0.038300082
221915_s_at,0.038299754
235782_at,0.03829865
223933_at,0.038297676
231475_at,0.03829679
209455_at,0.038296342
32259_at,0.03829512
1563273_at,0.038293466
234697_x_at,0.03829311
200695_at,0.038292885
235302_at,0.038290188
203050_at,0.03828852
232708_at,0.038283527
203487_s_at,0.038282454
217959_s_at,0.03828135
225657_at,0.038280368
223471_at,0.038279295
242212_at,0.03827624
222367_at,0.038272753
1568745_at,0.038270444
203746_s_at,0.03826879
201817_at,0.038268194
219766_at,0.03826815
239848_at,0.038265914
214867_at,0.03826043
39854_r_at,0.038259
215855_s_at,0.03825818
204980_at,0.038257703
202495_at,0.03825748
233065_at,0.038256884
219644_at,0.038254917
210892_s_at,0.03825429
203391_at,0.038254127
213215_at,0.038254112
242425_at,0.03825161
201003_x_at,0.038250715
202033_s_at,0.038250476
226196_s_at,0.038248956
226037_s_at,0.038248718
242247_at,0.03824848
226689_at,0.03824827
235598_at,0.038246408
1553122_s_at,0.03824486
217952_x_at,0.03824383
234315_at,0.03824295
240900_at,0.038240224
225363_at,0.038238525
1563014_at,0.03823693
233543_s_at,0.038234577
215193_x_at,0.03823328
203454_s_at,0.038231134
215283_at,0.03822948
236204_at,0.038229063
226750_at,0.03822808
242449_at,0.038225546
214972_at,0.03822486
235772_at,0.038224116
235134_at,0.038220868
1554800_at,0.038218997
209625_at,0.03821732
200854_at,0.03821668
217397_at,0.038214527
218398_at,0.038214415
1566426_at,0.03821381
241780_at,0.038213387
242981_at,0.038211644
225384_at,0.03821057
230421_at,0.038210332
229863_s_at,0.038209304
209798_at,0.03820917
239381_at,0.038208082
223876_at,0.038206503
217848_s_at,0.03820616
203678_at,0.038204387
219426_at,0.038201988
205333_s_at,0.038199306
228569_at,0.038196474
217761_at,0.03819284
233651_s_at,0.038192764
222406_s_at,0.038191587
236493_at,0.038191423
210923_at,0.03818971
233334_x_at,0.038189247
206587_at,0.038186908
223971_at,0.038185373
235505_s_at,0.03818354
216650_at,0.038182452
218747_s_at,0.03818208
222594_s_at,0.03818117
201687_s_at,0.03818035
227466_at,0.038176745
1560070_at,0.038173735
209961_s_at,0.038170442
235292_at,0.038168743
228747_at,0.038168594
44673_at,0.038166918
203719_at,0.038164884
203864_s_at,0.038164422
1564373_a_at,0.03816396
1562731_s_at,0.03816375
203177_x_at,0.038163632
213468_at,0.038162142
236057_at,0.038161412
223881_at,0.038157836
229058_at,0.038156927
227724_at,0.03814912
235520_at,0.03814882
242923_at,0.038148552
201953_at,0.038148344
218465_at,0.038146913
216933_x_at,0.03814499
202415_s_at,0.03814426
238172_at,0.03814374
233750_s_at,0.03813979
211731_x_at,0.038139604
238610_s_at,0.03813775
227594_at,0.038137376
218568_at,0.038136825
1558685_a_at,0.03813663
213594_x_at,0.038134336
212529_at,0.038134113
228768_at,0.038130462
226816_s_at,0.038129956
214960_at,0.038128108
240385_at,0.038127884
238877_at,0.03812611
244234_at,0.038125545
231038_s_at,0.03812477
206565_x_at,0.03812459
200852_x_at,0.038122475
210975_x_at,0.038121924
232075_at,0.038121164
223701_s_at,0.03812006
208315_x_at,0.038118616
208478_s_at,0.03811851
227299_at,0.03811708
218730_s_at,0.038116638
34689_at,0.03811565
1555181_a_at,0.03811328
221896_s_at,0.038113028
201101_s_at,0.03810817
227772_at,0.03810659
206921_at,0.03810306
217909_s_at,0.038101688
205762_s_at,0.038101107
204332_s_at,0.038099498
1557116_at,0.03809935
226130_at,0.038098693
222169_x_at,0.038091063
240813_at,0.03808984
221951_at,0.038089395
227164_at,0.03808491
235886_at,0.038084105
202679_at,0.038083762
201903_at,0.038083196
201361_at,0.038082287
218214_at,0.038082242
226511_at,0.038080603
222408_s_at,0.0380798
223910_at,0.03807883
230150_at,0.038075447
214934_at,0.03807442
239720_at,0.03807175
209580_s_at,0.038070053
242273_at,0.038070053
235473_at,0.038068518
203114_at,0.038066924
209002_s_at,0.038066417
223001_at,0.038065195
236989_at,0.03806281
244453_at,0.03806202
201806_s_at,0.03805448
242234_at,0.038053013
227085_at,0.038052917
57082_at,0.03805247
202013_s_at,0.038050577
226748_at,0.03804922
213540_at,0.03804843
1553959_a_at,0.038046256
202907_s_at,0.038044363
200011_s_at,0.038044184
213271_s_at,0.038043022
1552286_at,0.038042158
218365_s_at,0.03804186
206537_at,0.03804177
214126_at,0.03803307
216600_x_at,0.038031146
204397_at,0.038030803
212352_s_at,0.03802991
206823_at,0.038028948
202617_s_at,0.03802815
244478_at,0.038027585
202639_s_at,0.038026705
218396_at,0.038026273
225183_at,0.038024873
218941_at,0.03802438
208684_at,0.03802347
210797_s_at,0.03802237
226849_at,0.038022265
221799_at,0.038021922
216497_at,0.038020864
219149_x_at,0.038019717
225139_at,0.038018882
222623_s_at,0.038018793
229474_at,0.038014643
233532_x_at,0.038014486
223247_at,0.038013756
219240_s_at,0.038012624
228931_at,0.038012147
222625_s_at,0.03800951
238102_s_at,0.038007393
203885_at,0.038006514
213203_at,0.03800443
222861_x_at,0.038000897
1555092_at,0.037997678
206542_s_at,0.037997335
1566513_a_at,0.03799618
242229_at,0.037994638
222466_s_at,0.037994325
242751_at,0.037994087
226600_at,0.037993193
232190_x_at,0.03799285
227796_at,0.037992805
224978_s_at,0.03798738
231193_s_at,0.03798619
214930_at,0.037984498
210077_s_at,0.037983075
226096_at,0.037979197
221407_at,0.037974164
239034_at,0.037973158
1552555_at,0.037971184
224735_at,0.03796962
209579_s_at,0.037969142
201415_at,0.037968546
218528_s_at,0.037968427
222032_s_at,0.03796728
226429_at,0.037967265
240372_at,0.037967205
219077_s_at,0.037966713
221683_s_at,0.037965298
235796_at,0.03796518
227637_at,0.037965
1561627_at,0.037964657
223008_s_at,0.037961602
210191_s_at,0.037961602
236716_at,0.037961416
232033_at,0.037960306
222165_x_at,0.037957594
220397_at,0.03795728
216612_x_at,0.03795541
225737_s_at,0.037953854
35617_at,0.037951812
240528_s_at,0.03795068
208866_at,0.03794971
226895_at,0.03794858
213004_at,0.037947364
208676_s_at,0.037946522
213132_s_at,0.037943065
1565617_at,0.037943006
1558784_at,0.0379429
236560_at,0.037942335
234208_at,0.037941992
227369_at,0.037939116
241345_at,0.037937388
203450_at,0.037936196
35436_at,0.037935764
234464_s_at,0.03793356
243553_x_at,0.03793028
218517_at,0.037929535
203202_at,0.03792706
215182_x_at,0.037926152
212840_at,0.03792423
1569668_at,0.037924156
233936_s_at,0.037923425
220511_s_at,0.03791955
241688_at,0.037916854
223903_at,0.03791617
226274_at,0.0379152
212514_x_at,0.03791511
206517_at,0.037913762
205359_at,0.037910834
214431_at,0.03790894
226639_at,0.037908643
1554493_s_at,0.03790766
200972_at,0.037906706
221935_s_at,0.037905157
228603_at,0.0379045
218255_s_at,0.03790389
1563250_at,0.03790389
204001_at,0.037903592
212649_at,0.03790307
209018_s_at,0.03790173
227649_s_at,0.037899658
218453_s_at,0.03789912
219653_at,0.0378955
225492_at,0.03789428
235829_at,0.03789407
235419_at,0.037892938
213208_at,0.037892595
215170_s_at,0.037892014
215128_at,0.037891537
219161_s_at,0.037890762
225471_s_at,0.037890583
209805_at,0.03789054
229721_x_at,0.037890434
1559646_a_at,0.03788823
1554780_a_at,0.03788711
225298_at,0.037884295
239677_at,0.03788282
202605_at,0.03788179
211061_s_at,0.037880704
236784_s_at,0.037879974
229043_at,0.037879586
212653_s_at,0.037879422
209482_at,0.037873253
230992_at,0.037872925
215328_at,0.03787221
201074_at,0.037870288
213700_s_at,0.037870064
205087_at,0.03786975
243305_at,0.037868842
227179_at,0.03786832
238767_at,0.037866518
232919_at,0.037865624
244783_at,0.03786525
1557595_at,0.037864715
227675_at,0.037864
229946_at,0.03786312
223000_s_at,0.037862897
238806_at,0.03786266
225593_at,0.03786233
244202_at,0.037861302
243106_at,0.037861027
219006_at,0.03785941
1558275_at,0.037855998
229846_s_at,0.03785537
224744_at,0.037855357
203239_s_at,0.037855178
227229_at,0.037850842
1555545_at,0.03785026
218601_at,0.037849903
218021_at,0.037849814
227268_at,0.037849724
204178_s_at,0.037848055
218652_s_at,0.03784637
230234_at,0.037845656
220941_s_at,0.03784302
232145_at,0.03784284
207375_s_at,0.037842393
1560439_at,0.03783962
1563210_at,0.037838623
225970_at,0.03783837
238588_at,0.037835114
219356_s_at,0.03783238
214179_s_at,0.037831098
1569730_at,0.037830546
240169_at,0.03783013
225336_at,0.037829936
1569807_at,0.037828147
235300_x_at,0.037827283
208604_s_at,0.03782665
225101_s_at,0.03782597
237094_at,0.03782435
241517_at,0.037824094
216105_x_at,0.037823737
202854_at,0.03782329
215856_at,0.03782308
229112_at,0.037822545
205251_at,0.03782168
204840_s_at,0.037820995
1565696_at,0.037820756
226045_at,0.037819967
225160_x_at,0.037819773
222551_s_at,0.03781873
210740_s_at,0.03781849
202832_at,0.037817985
210633_x_at,0.037816703
203215_s_at,0.03781557
234990_at,0.037814498
209907_s_at,0.037813306
241695_s_at,0.037812427
226516_at,0.03780946
217543_s_at,0.037807226
213431_x_at,0.037806034
215848_at,0.03780578
219307_at,0.037805706
64432_at,0.037803084
205052_at,0.03780295
230149_at,0.037800938
224197_s_at,0.037800223
212106_at,0.03779702
229184_at,0.037796587
210864_x_at,0.037795544
239161_at,0.03779477
218344_s_at,0.037793174
1555742_at,0.037793145
231835_at,0.037793085
233391_at,0.037787944
200621_at,0.037787348
33307_at,0.037786603
209935_at,0.037786424
212471_at,0.037786305
232149_s_at,0.037785485
202697_at,0.03778225
221135_s_at,0.03778182
236529_at,0.037781134
224913_s_at,0.037779704
242422_at,0.037778705
211681_s_at,0.03777787
1569555_at,0.03777603
215587_x_at,0.037774593
210803_at,0.03777413
227741_at,0.03777148
214076_at,0.03776969
213596_at,0.03776899
223465_at,0.037768543
238640_at,0.03776834
239390_at,0.037768334
215560_x_at,0.037766933
205235_s_at,0.037766427
1555486_a_at,0.037765354
235003_at,0.0377627
241818_at,0.037762105
208740_at,0.037761033
227716_at,0.037757143
1555427_s_at,0.03775224
223173_at,0.037750185
223347_at,0.037749976
203893_at,0.03774923
236424_at,0.037748516
201285_at,0.037747324
222988_s_at,0.03774698
229553_at,0.037745893
228341_at,0.03774573
235491_at,0.03773959
1569962_at,0.03773898
222927_s_at,0.03773395
205014_at,0.03773363
216320_x_at,0.03773293
1562831_a_at,0.037731454
242610_x_at,0.037730947
222147_s_at,0.037730515
206061_s_at,0.03772676
221871_s_at,0.03772627
40612_at,0.03772545
209519_at,0.0377253
205231_s_at,0.03772092
222425_s_at,0.03772053
207498_s_at,0.037719414
1556928_at,0.03771904
217559_at,0.037716806
215479_at,0.037716374
203347_s_at,0.03771621
240031_at,0.037716076
202339_at,0.037715703
226004_at,0.037714943
236845_at,0.037713364
212484_at,0.03771144
213243_at,0.037710845
205058_at,0.03771077
227682_at,0.037710443
226634_at,0.03770931
222613_at,0.03770852
229832_x_at,0.03770405
203103_s_at,0.037703782
218911_at,0.037703082
225519_at,0.0377025
227859_at,0.037698224
218616_at,0.03769523
222775_s_at,0.03769487
1562869_at,0.037692897
203374_s_at,0.037690356
215820_x_at,0.03768964
228677_s_at,0.03768933
223184_s_at,0.037688628
212839_s_at,0.037687838
1569629_x_at,0.037687704
225740_x_at,0.03768447
212257_s_at,0.03768444
206636_at,0.037684232
208732_at,0.037681326
212899_at,0.03768003
221155_x_at,0.03767982
1560131_at,0.03767936
222873_s_at,0.037677497
214544_s_at,0.03767708
202740_at,0.03767541
220618_s_at,0.037672773
244765_at,0.03767191
218982_s_at,0.037666544
202373_s_at,0.037663877
1566190_at,0.03766332
227459_at,0.037656426
243011_at,0.037655443
1558802_at,0.037655324
214066_x_at,0.037653044
221550_at,0.037652403
38892_at,0.037651107
1555751_a_at,0.03765081
212112_s_at,0.037649885
202348_s_at,0.037648663
242297_at,0.03764777
1569516_at,0.037644595
209024_s_at,0.03764218
227505_at,0.037642032
237291_at,0.037641793
208689_s_at,0.037641644
203729_at,0.037641466
212908_at,0.037641257
209205_s_at,0.037640184
209337_at,0.037640065
219223_at,0.037638783
203977_at,0.037638575
1552490_at,0.03763838
205963_s_at,0.037638158
215358_x_at,0.037636787
226753_at,0.037635833
239586_at,0.037635714
231061_at,0.037632644
223174_at,0.037632644
206524_at,0.037630796
241087_at,0.03762944
228239_at,0.037627116
215189_at,0.03762672
220044_x_at,0.037626505
1552676_at,0.037625626
219439_at,0.037625253
226335_at,0.037624836
202578_s_at,0.037620112
219338_s_at,0.037619635
242730_at,0.037618786
204871_at,0.03761825
229189_s_at,0.037616894
1556787_s_at,0.037614197
202529_at,0.03761348
1555947_at,0.03761348
200675_at,0.037613273
1558702_at,0.037612826
202210_x_at,0.03761062
201782_s_at,0.03760943
208643_s_at,0.037608594
203332_s_at,0.037606448
212596_s_at,0.03760487
221205_at,0.037601456
208959_s_at,0.037600458
202266_at,0.03760013
205610_at,0.037599675
1552347_at,0.037599593
223318_s_at,0.037597477
1555461_at,0.037597016
213976_at,0.03759674
224105_x_at,0.037596688
241899_at,0.037596643
212300_at,0.03759657
1553080_at,0.037591316
243256_at,0.0375887
217837_s_at,0.037587464
209531_at,0.037586465
206347_at,0.03758589
217253_at,0.037585422
229420_at,0.037582755
206929_s_at,0.037582427
203229_s_at,0.03758201
32069_at,0.037580818
232592_at,0.0375804
235773_at,0.03757967
36030_at,0.03757949
226951_at,0.037579283
1558331_at,0.037579224
223457_at,0.037577987
206247_at,0.037576884
51200_at,0.037576526
239748_x_at,0.03757596
237856_at,0.03757572
220890_s_at,0.037572473
1554079_at,0.037570477
210735_s_at,0.037569165
242614_at,0.037569106
1552536_at,0.037565038
208953_at,0.037561357
209068_at,0.037561
211065_x_at,0.03756094
222127_s_at,0.037557513
233655_s_at,0.037555918
202137_s_at,0.037555605
208920_at,0.037554592
1557123_a_at,0.03755346
214257_s_at,0.037553027
207722_s_at,0.037552252
220566_at,0.037551776
204340_at,0.037551343
227547_at,0.03755024
203511_s_at,0.037550136
235181_at,0.03754954
202161_at,0.037549123
212847_at,0.037548184
222850_s_at,0.03754574
211440_x_at,0.03754554
206852_at,0.03754553
203142_s_at,0.037545413
224376_s_at,0.037544787
220593_s_at,0.037542246
243264_s_at,0.037540525
32699_s_at,0.037535645
220323_at,0.037532747
220172_at,0.037531354
225866_at,0.037531167
230837_at,0.03753011
227689_at,0.03752801
237040_at,0.037527114
234760_at,0.037525505
232964_at,0.037524253
211113_s_at,0.03752266
218227_at,0.03752236
223297_at,0.03752002
202152_x_at,0.037519902
225071_at,0.03751856
34406_at,0.0375171
218056_at,0.037516713
241813_at,0.037514597
236468_at,0.037514463
212855_at,0.037512004
210758_at,0.037511557
179_at,0.037511364
223167_s_at,0.03751041
202248_at,0.037508845
224478_s_at,0.037508786
206544_x_at,0.037507728
221598_s_at,0.037507504
237167_at,0.037502557
207061_at,0.037500516
212692_s_at,0.0375005
227096_at,0.037499905
210374_x_at,0.037499674
202271_at,0.037499517
214086_s_at,0.037498385
242195_x_at,0.03749591
1553395_a_at,0.03749582
233788_at,0.03749559
223171_at,0.037495017
203728_at,0.037493303
214395_x_at,0.037492648
222111_at,0.037490666
213293_s_at,0.037490666
223290_at,0.037488043
239035_at,0.037486136
232172_at,0.037485793
232909_s_at,0.037484914
1552724_at,0.037484616
202225_at,0.03748402
202487_s_at,0.03747961
1562908_at,0.037479565
226897_s_at,0.037476957
238324_at,0.037475675
232690_at,0.037474453
230092_at,0.0374742
1564148_at,0.037472457
1554021_a_at,0.03747219
223436_s_at,0.037471473
242701_at,0.037471145
238098_at,0.03746867
227965_at,0.037464082
239211_at,0.037463836
203550_s_at,0.0374635
237494_at,0.037460797
218148_at,0.037459746
1563961_at,0.037458263
1554183_s_at,0.0374555
228452_at,0.037455156
1559876_at,0.037454367
217603_at,0.03745395
238056_at,0.037453383
203489_at,0.03745188
239992_at,0.037451833
212767_at,0.037451714
1556314_a_at,0.03744928
219212_at,0.03744775
224755_at,0.037445784
228897_at,0.037445202
210719_s_at,0.03744483
207856_s_at,0.03744465
209477_at,0.037443787
216755_at,0.03744355
211778_s_at,0.03744266
212234_at,0.037442625
202463_s_at,0.037442088
226124_at,0.03744048
218905_at,0.037434906
226290_at,0.037433684
236672_at,0.037432864
1566709_at,0.037431896
234711_s_at,0.037430927
36554_at,0.037429184
229983_at,0.03742878
240158_at,0.03742723
238424_at,0.03742493
227754_at,0.037424743
225291_at,0.037421733
215987_at,0.037421346
243629_x_at,0.037420988
242113_at,0.037418976
209586_s_at,0.037418455
204185_x_at,0.037417054
234829_at,0.037412703
212500_at,0.03741157
227579_at,0.037410885
229892_at,0.037410572
238785_at,0.037408173
233943_x_at,0.03740555
208988_at,0.037405133
1563863_x_at,0.037405036
203689_s_at,0.037403688
222022_at,0.03740041
212682_s_at,0.037399814
1558254_s_at,0.03739834
224190_x_at,0.037398323
221750_at,0.03739591
212208_at,0.037394345
221540_x_at,0.03739363
242748_at,0.03739111
222387_s_at,0.037390962
219171_s_at,0.037389696
209943_at,0.037389487
205478_at,0.037389345
204009_s_at,0.0373891
202045_s_at,0.03738855
228326_at,0.037388325
200941_at,0.03738749
226776_at,0.037387237
203848_at,0.03738448
203782_s_at,0.037383452
207687_at,0.037380643
230427_s_at,0.037380174
217971_at,0.037379324
220251_at,0.037377805
242315_at,0.037377782
231412_at,0.037377298
224029_x_at,0.037376627
212485_at,0.03737524
216711_s_at,0.037374288
200614_at,0.037373066
228765_at,0.03737083
218848_at,0.03737013
1559228_at,0.037366197
214762_at,0.03736595
244547_at,0.03736542
216692_at,0.037363663
212002_at,0.037363112
1558847_at,0.037362702
219363_s_at,0.037362665
227665_at,0.037361905
202247_s_at,0.03735891
1563646_a_at,0.037358336
212781_at,0.037355572
205176_s_at,0.03735262
215031_x_at,0.03734897
239803_at,0.037348956
217125_at,0.037345737
1554167_a_at,0.037344053
240473_at,0.0373414
202256_at,0.03733951
208624_s_at,0.037338227
240319_at,0.037338167
223538_at,0.03733225
219380_x_at,0.037330434
213604_at,0.037330046
204234_s_at,0.037329912
1561279_at,0.0373286
200612_s_at,0.037328392
235066_at,0.03732746
201277_s_at,0.03732711
241731_x_at,0.037325993
241910_x_at,0.037322357
229232_at,0.037321925
222538_s_at,0.037321508
212388_at,0.03732109
225591_at,0.037317783
219352_at,0.037316784
223685_s_at,0.03731443
234266_at,0.03731352
231836_at,0.03731282
213907_at,0.03731115
224984_at,0.03731072
218427_at,0.037309468
243786_at,0.037309334
235000_at,0.0373071
212963_at,0.037306145
213879_at,0.03730461
219203_at,0.037303448
202563_at,0.03730263
204330_s_at,0.037302315
217039_x_at,0.037300885
205521_at,0.037298545
216871_at,0.037298113
228847_at,0.037297547
225088_at,0.03729552
208928_at,0.0372933
205795_at,0.03729171
220257_x_at,0.037291422
213750_at,0.03729099
226898_s_at,0.037290633
242490_at,0.037290066
1554637_a_at,0.03728804
1560924_at,0.037285745
230355_at,0.037283584
214052_x_at,0.037283123
235865_at,0.037282735
218762_at,0.037282452
222104_x_at,0.037281394
218903_s_at,0.03727977
236382_at,0.03727968
203945_at,0.037278667
200666_s_at,0.03727722
241174_at,0.0372769
201567_s_at,0.037274867
211337_s_at,0.03727469
233977_at,0.037274286
223661_at,0.0372736
201624_at,0.03727296
205416_s_at,0.037272796
218908_at,0.037272528
225232_at,0.037269056
230621_at,0.03726639
211992_at,0.037265867
225236_at,0.037264407
226503_at,0.037262082
240971_x_at,0.037260607
226742_at,0.037256896
244704_at,0.037256412
242421_at,0.03725639
1555897_at,0.037255004
234405_s_at,0.037252992
228583_at,0.037250713
202060_at,0.037250042
216315_x_at,0.037249386
209486_at,0.037247956
206010_at,0.037247553
218474_s_at,0.037246957
225279_s_at,0.037244402
214231_s_at,0.037243724
200659_s_at,0.037243307
1562353_x_at,0.03724298
1561624_at,0.03723958
1558699_a_at,0.03723839
211342_x_at,0.037238374
226652_at,0.037237898
217735_s_at,0.03723359
220195_at,0.037233025
243807_at,0.037231967
239346_at,0.037229836
201713_s_at,0.037229
234278_at,0.037228823
1552628_a_at,0.03722796
241779_at,0.03722775
208925_at,0.03722392
208415_x_at,0.03722182
203092_at,0.037221223
201016_at,0.037216246
225479_at,0.037216008
243906_at,0.037215896
238548_at,0.037215024
226413_at,0.037214607
203419_at,0.037214264
216745_x_at,0.037213176
204957_at,0.037212133
1553172_at,0.037211835
217728_at,0.037211537
1556277_a_at,0.0372103
203788_s_at,0.037208863
208452_x_at,0.037207536
1557118_a_at,0.037206694
240878_at,0.03720592
235114_x_at,0.037205115
203669_s_at,0.037196234
229010_at,0.03719443
1552362_a_at,0.037193254
232843_s_at,0.037190646
222556_at,0.03718877
204354_at,0.03718643
222685_at,0.037186086
241724_x_at,0.03718601
209957_s_at,0.03718409
213289_at,0.03718263
224281_s_at,0.037182614
208675_s_at,0.037181586
227520_at,0.03718111
1566739_at,0.0371809
230479_at,0.0371805
209180_at,0.03717962
200793_s_at,0.0371792
210739_x_at,0.037178755
208410_x_at,0.037178338
1555247_a_at,0.037175357
231815_at,0.037174642
203219_s_at,0.03717354
221680_s_at,0.037173063
225910_at,0.03717044
1561638_at,0.03716953
200992_at,0.03716904
227946_at,0.037168205
218581_at,0.037165195
1557400_at,0.037161157
208347_at,0.037158117
205527_s_at,0.03715752
235559_at,0.03715588
208883_at,0.037155166
1569974_x_at,0.03715296
228373_at,0.0371508
1559806_at,0.037149735
213787_s_at,0.037149563
200948_at,0.03714916
218578_at,0.037148803
223566_s_at,0.037145376
1569590_at,0.037145257
227424_x_at,0.037143692
211752_s_at,0.037141263
218902_at,0.03713858
224669_at,0.03713657
228487_s_at,0.037132353
209388_at,0.037131876
217789_at,0.037129223
218587_s_at,0.03712888
226115_at,0.037127107
242327_x_at,0.037126765
224413_s_at,0.037126154
202656_s_at,0.037125885
215416_s_at,0.037122518
228122_at,0.03712246
232331_at,0.037121497
232959_at,0.037118405
241727_x_at,0.037117437
206555_s_at,0.037117124
230084_at,0.037116706
238931_at,0.037115797
232021_at,0.037113726
205026_at,0.0371134
209758_s_at,0.03711316
235837_at,0.037111804
1567375_at,0.037110835
237638_at,0.03711018
239651_at,0.03710723
1564231_at,0.0371034
1554665_at,0.03710296
214626_s_at,0.037100315
221593_s_at,0.037099212
204025_s_at,0.037096635
226732_at,0.037096202
1555893_at,0.037095167
213398_s_at,0.03709358
1553167_a_at,0.037093505
227748_at,0.037092105
214124_x_at,0.037090003
226867_at,0.03708622
49679_s_at,0.03708388
1560792_at,0.037083685
210808_s_at,0.037083328
208588_at,0.03708154
219715_s_at,0.037081003
229835_s_at,0.03708096
1555944_at,0.037080437
207969_x_at,0.037078537
205586_x_at,0.03707415
227836_at,0.037072867
226001_at,0.037072822
1562572_at,0.037072457
228799_at,0.03707184
1560296_at,0.037071273
222399_s_at,0.0370712
216409_at,0.037070163
226262_at,0.037067875
244291_x_at,0.037064597
201436_at,0.03706394
224320_s_at,0.037061945
1557965_at,0.037061155
230435_at,0.037059814
214398_s_at,0.037059546
203352_at,0.03705895
218238_at,0.03705868
224565_at,0.037058055
218823_s_at,0.03705798
225730_s_at,0.037056774
1554569_a_at,0.037056312
241815_at,0.03705561
202906_s_at,0.037055194
221131_at,0.037054807
219100_at,0.03705415
229453_at,0.037054002
234701_at,0.03705123
226015_at,0.037050366
225677_at,0.037049204
230739_at,0.037048414
208708_x_at,0.037047863
229351_at,0.03704764
224232_s_at,0.037045017
204265_s_at,0.03704366
221632_s_at,0.037041396
241992_at,0.03704053
221449_s_at,0.037039697
203808_at,0.03703931
228216_at,0.037038937
219351_at,0.037038922
225631_at,0.03703791
1557038_s_at,0.03703758
220287_at,0.03703537
216229_x_at,0.03703454
202043_s_at,0.037027627
218809_at,0.037027597
212556_at,0.037023306
210596_at,0.037023008
37462_i_at,0.037021816
227878_s_at,0.037021488
219625_s_at,0.037020773
1558015_s_at,0.037020504
201815_s_at,0.037019134
201571_s_at,0.037017748
212030_at,0.037016988
210048_at,0.037014052
241346_at,0.037007377
238414_at,0.037005424
219156_at,0.037005305
231976_at,0.037005186
242428_at,0.037005126
1552711_a_at,0.03700249
217310_s_at,0.036999926
212401_s_at,0.036999047
212834_at,0.03699881
209433_s_at,0.036998093
202891_at,0.03699796
1555866_a_at,0.036997497
235223_at,0.036996618
202939_at,0.036996365
1553719_s_at,0.036992773
217541_x_at,0.036992386
202088_at,0.03699237
202466_at,0.03699088
201708_s_at,0.03698334
217054_at,0.036983028
232013_at,0.036982432
218038_at,0.036980003
223546_x_at,0.036979213
227712_at,0.036978215
207223_s_at,0.036975354
204458_at,0.03696896
212896_at,0.036967933
235330_at,0.036966175
202061_s_at,0.036966115
227768_at,0.036965787
229037_at,0.036964193
224908_s_at,0.03696397
218735_s_at,0.036962047
226377_at,0.03696102
238724_at,0.036956936
202645_s_at,0.036955565
201854_s_at,0.036954165
238794_at,0.036949128
242515_x_at,0.036947936
211059_s_at,0.036945716
1569905_at,0.03694439
225146_at,0.03694214
219470_x_at,0.036941916
1560275_at,0.036941856
1561880_a_at,0.036941357
200958_s_at,0.036940098
235154_at,0.036936566
1569786_at,0.036935046
210681_s_at,0.036934853
208469_s_at,0.03693424
227549_x_at,0.03693372
237071_at,0.03692922
222978_at,0.036928922
239896_at,0.036928266
216883_x_at,0.03692749
206922_at,0.03692536
1553015_a_at,0.03692375
226921_at,0.036923364
215845_x_at,0.03692217
242970_at,0.03692154
222663_at,0.036920935
237333_at,0.036920622
237884_x_at,0.03691879
226310_at,0.036918342
231258_at,0.036917865
243059_at,0.03691703
236499_at,0.03691701
1561503_at,0.036916167
238395_at,0.036915466
200049_at,0.036914766
222426_at,0.036914304
216652_s_at,0.036913365
239084_at,0.03691162
225729_at,0.036910906
212644_s_at,0.03690836
203890_s_at,0.03690815
1553881_at,0.036907963
1567319_at,0.03690674
235078_at,0.03690669
228991_at,0.036905736
222866_s_at,0.036900915
226768_at,0.03690043
207568_at,0.03689993
220853_at,0.036898457
218168_s_at,0.036897153
242813_at,0.036895722
212553_at,0.036895126
218558_s_at,0.03689462
208290_s_at,0.03689365
32062_at,0.036893502
217775_s_at,0.03688918
223109_at,0.036888137
1559870_at,0.036886096
209561_at,0.036886036
1553954_at,0.036885872
212894_at,0.036884382
209647_s_at,0.036883444
207303_at,0.03688281
221686_s_at,0.03687945
224433_s_at,0.036876976
211503_s_at,0.036876112
216516_at,0.036875427
215019_x_at,0.036874995
232661_s_at,0.036874846
200929_at,0.036873788
201674_s_at,0.036872834
202847_at,0.036870927
212557_at,0.0368675
201935_s_at,0.036866203
226601_at,0.036865562
222831_at,0.036863968
201704_at,0.03686194
218325_s_at,0.03686054
213861_s_at,0.036860228
215232_at,0.036858678
203049_s_at,0.0368571
203211_s_at,0.036852583
228543_at,0.036851153
226583_at,0.036849767
235297_at,0.036848113
242596_at,0.036848024
202775_s_at,0.036845833
205752_s_at,0.036844313
237003_at,0.036843464
1554577_a_at,0.0368419
204290_s_at,0.036841348
235872_at,0.03684087
207196_s_at,0.036839843
227065_at,0.036839545
224700_at,0.036839485
234995_at,0.036838442
234660_s_at,0.03683825
222094_at,0.03683743
218536_at,0.036836937
222679_s_at,0.036836535
211040_x_at,0.036834717
235258_at,0.036832243
209640_at,0.03683056
215245_x_at,0.036826223
218229_s_at,0.036825687
212861_at,0.036822423
219635_at,0.03682193
231625_at,0.036819696
235673_at,0.03681846
211587_x_at,0.036817934
43544_at,0.036815807
1553644_at,0.03681326
200046_at,0.03681308
228738_at,0.036812633
240677_at,0.036810152
222487_s_at,0.036809936
217232_x_at,0.036809564
1554747_a_at,0.03680457
225081_s_at,0.03680265
221692_s_at,0.036802024
217363_x_at,0.036799207
229913_at,0.036799103
210996_s_at,0.036796868
218836_at,0.036792427
201756_at,0.03679183
1552307_a_at,0.03679025
204711_at,0.036789685
210234_at,0.036789536
1562827_at,0.03678833
1557966_x_at,0.03678751
225120_at,0.036787063
216159_s_at,0.036786795
225217_s_at,0.036786497
218936_s_at,0.036783934
222726_s_at,0.036781088
225480_at,0.036781073
206438_x_at,0.03677997
227131_at,0.03677517
203456_at,0.036774904
234875_at,0.036771476
209509_s_at,0.036770865
212721_at,0.036766946
208722_s_at,0.036765516
204477_at,0.03676483
1568951_at,0.036764488
218531_at,0.03676276
226289_at,0.03676261
225984_at,0.03676021
220725_x_at,0.036757603
1560006_a_at,0.03675665
219826_at,0.03675504
239259_at,0.03675458
219069_at,0.036752194
229368_s_at,0.03674958
202263_at,0.03674823
201574_at,0.036747456
203880_at,0.03674552
1554945_x_at,0.036745265
201778_s_at,0.036741734
1557203_at,0.036740825
212027_at,0.036739826
226082_s_at,0.036739275
219398_at,0.0367392
206918_s_at,0.036737084
226127_at,0.03673409
220885_s_at,0.036734045
218998_at,0.03672889
202648_at,0.036726832
204308_s_at,0.036725953
234734_s_at,0.03672509
215747_s_at,0.036724806
202040_s_at,0.036724687
239522_at,0.036720872
201233_at,0.036720112
238848_at,0.036719725
222607_s_at,0.036719218
241877_at,0.036718488
237370_at,0.03671716
217416_x_at,0.036716238
218727_at,0.03671606
220797_at,0.03671585
231917_at,0.03671468
222233_s_at,0.03671202
225429_at,0.036706805
231808_at,0.03670627
209362_at,0.036704764
203285_s_at,0.03670129
234156_at,0.0366998
229129_at,0.036699608
231540_at,0.03669759
209452_s_at,0.03669682
223421_at,0.03669569
1558438_a_at,0.036695346
235729_at,0.036695242
226711_at,0.036692113
240689_at,0.036690116
1558253_x_at,0.03668815
1553218_a_at,0.03668794
223176_at,0.036686793
221806_s_at,0.036685407
1561640_at,0.036679924
1565935_at,0.036678612
203014_x_at,0.036678016
205250_s_at,0.036675334
202120_x_at,0.03667265
1563484_at,0.03667192
243_g_at,0.036671057
201168_x_at,0.036667764
236072_at,0.03666699
202737_s_at,0.036665678
242364_x_at,0.036664337
209390_at,0.036664233
212211_at,0.036663607
1555913_at,0.03666234
238800_s_at,0.036662072
1562505_at,0.036661953
1553690_at,0.036659926
1564521_x_at,0.03665772
221543_s_at,0.03665632
205395_s_at,0.03665565
235482_at,0.03665483
233193_x_at,0.036653727
234565_x_at,0.03665124
1559307_s_at,0.036650725
211022_s_at,0.03664978
1563489_at,0.03664907
201528_at,0.03664863
218769_s_at,0.03664714
223991_s_at,0.03664677
233124_s_at,0.036646396
226042_at,0.036645412
201570_at,0.036645263
225598_at,0.03664483
230580_at,0.03664355
224846_at,0.03663993
213691_at,0.03663726
224991_at,0.03663464
219237_s_at,0.036634117
201472_at,0.036630154
220988_s_at,0.0366292
205133_s_at,0.036628604
205991_s_at,0.036627904
217667_at,0.036625683
1556919_at,0.03662371
234698_at,0.03662169
228395_at,0.036620855
207485_x_at,0.03662014
212753_at,0.036617488
202215_s_at,0.036616206
235507_at,0.036615998
1553647_at,0.03661509
213753_x_at,0.036613733
211530_x_at,0.036611557
241520_x_at,0.036611497
1554977_at,0.03661096
202459_s_at,0.036610723
222748_s_at,0.03661062
236363_at,0.03660935
209831_x_at,0.036609277
203110_at,0.036606163
208686_s_at,0.036604196
1559159_at,0.03660053
237331_s_at,0.036597997
226606_s_at,0.03659746
244296_at,0.036597177
243176_at,0.036597148
37549_g_at,0.036596075
226285_at,0.036594808
225610_at,0.03659451
205320_at,0.036594152
211454_x_at,0.036593497
202030_at,0.036592975
213613_s_at,0.03659144
1556121_at,0.036591038
205601_s_at,0.036590874
223115_at,0.036586553
225435_at,0.036585033
217989_at,0.03658107
214543_x_at,0.03658016
202148_s_at,0.036578447
219158_s_at,0.036575288
238464_at,0.03657317
1561144_at,0.036569335
233481_at,0.03656654
218549_s_at,0.036563754
209042_s_at,0.03656137
235901_at,0.03655991
1553749_at,0.0365562
210034_s_at,0.03655313
202883_s_at,0.03655237
1562033_at,0.036551416
212140_at,0.036550462
1554482_a_at,0.036548883
214532_x_at,0.03654632
225359_at,0.0365462
1561896_at,0.036544368
232781_at,0.03654389
221882_s_at,0.036543757
236027_at,0.0365431
1554649_at,0.03654261
222017_x_at,0.036542505
211015_s_at,0.036542192
200681_at,0.036540747
235692_at,0.03653872
215541_s_at,0.036537617
1554483_at,0.036537394
226477_at,0.03653653
236927_at,0.03653641
1569194_at,0.0365334
239603_x_at,0.036533043
225428_s_at,0.03653294
200896_x_at,0.036530912
207098_s_at,0.036530733
227204_at,0.03653021
200805_at,0.036528602
1557875_at,0.036525793
214785_at,0.036522523
222136_x_at,0.036522016
208750_s_at,0.03652075
224603_at,0.03651893
200670_at,0.03651786
216092_s_at,0.03651783
238505_at,0.036516964
231921_at,0.036515594
222407_s_at,0.03651513
218140_x_at,0.036513627
38691_s_at,0.03651245
210443_x_at,0.036511526
243067_at,0.036511198
224947_at,0.036509946
235037_at,0.036509514
213883_s_at,0.036507607
237190_at,0.036506996
227098_at,0.036504537
1561682_at,0.036503613
230208_at,0.0365023
1552967_at,0.036498673
239038_at,0.036497965
1555468_at,0.036497787
215807_s_at,0.036495406
223252_at,0.036495358
223981_at,0.03649488
221115_s_at,0.036494374
201894_s_at,0.036493063
203506_s_at,0.036492586
214700_x_at,0.036492124
235566_at,0.036489144
225563_at,0.036488295
220150_s_at,0.03648798
204413_at,0.036486924
210410_s_at,0.03648618
239313_at,0.036484137
210278_s_at,0.036483973
226058_at,0.03648311
235934_at,0.036482826
221997_s_at,0.036481336
209638_x_at,0.0364812
217430_x_at,0.036481097
214665_s_at,0.036478817
211630_s_at,0.036477312
1554692_at,0.036473945
224060_s_at,0.036473647
223554_s_at,0.03647186
225454_at,0.036471635
1559369_at,0.036470495
232350_x_at,0.036469758
225754_at,0.036468923
223671_x_at,0.03646767
211505_s_at,0.0364666
38157_at,0.036466196
226504_at,0.036464304
225121_at,0.036463916
225760_at,0.03646335
1558648_at,0.036462188
238322_s_at,0.036459923
213025_at,0.03645909
224455_s_at,0.0364583
206989_s_at,0.03645435
223512_at,0.03645158
231152_at,0.03645155
213261_at,0.036449865
226173_at,0.036447436
225055_at,0.03644687
226102_at,0.036446333
212860_at,0.03644544
1559589_a_at,0.03644502
206152_at,0.03644164
209370_s_at,0.036439955
235402_at,0.036439657
202884_s_at,0.03643766
205500_at,0.036436573
213794_s_at,0.036434352
212155_at,0.036434293
227303_at,0.036431313
239648_at,0.03642954
239198_at,0.036429197
223006_s_at,0.03642702
214136_at,0.03642544
211259_s_at,0.036425374
1555289_at,0.03642261
203713_s_at,0.036421776
203745_at,0.036421075
222531_s_at,0.03642018
240490_at,0.036418885
215372_x_at,0.036414355
239314_at,0.036413975
1560883_s_at,0.03641379
222471_s_at,0.036413416
1562797_at,0.03641221
221256_s_at,0.036411643
204746_s_at,0.036405623
232899_at,0.036404252
1553292_s_at,0.03640294
204906_at,0.036402017
203186_s_at,0.03640145
228149_at,0.03639798
244186_at,0.036397308
225393_at,0.036395833
244587_at,0.03639494
214549_x_at,0.036394432
217955_at,0.03639409
212536_at,0.03639394
214264_s_at,0.036391437
222272_x_at,0.036389947
228835_at,0.036389798
210371_s_at,0.03638673
210771_at,0.03638652
223542_at,0.03638333
221600_s_at,0.036382288
226348_at,0.03638211
218243_at,0.03638169
215057_at,0.03637977
237158_s_at,0.036378607
213019_at,0.036376476
235508_at,0.036375165
219037_at,0.03637241
1570315_at,0.036370814
243485_at,0.036370806
231713_s_at,0.036370218
203255_at,0.03636998
1566785_x_at,0.03636782
202657_s_at,0.036367536
213349_at,0.03636737
219238_at,0.036366954
200739_s_at,0.03636369
223368_s_at,0.036360323
222999_s_at,0.03635961
231861_at,0.036358804
203197_s_at,0.036356807
225902_at,0.03635581
1555373_at,0.036352083
210255_at,0.036349952
210236_at,0.036348462
240020_at,0.03634718
202925_s_at,0.03634475
213065_at,0.036344618
1559293_x_at,0.03634256
217487_x_at,0.036342226
234295_at,0.036342055
231830_x_at,0.03634192
204373_s_at,0.036338806
221428_s_at,0.036338493
225132_at,0.036332577
202027_at,0.036332533
210300_at,0.036331072
1569392_at,0.03633076
208420_x_at,0.03632891
223375_at,0.03632602
203937_s_at,0.036323115
214754_at,0.03632231
212420_at,0.036321998
203643_at,0.03632188
201376_s_at,0.036321312
231573_at,0.036318906
1563103_at,0.036318436
211424_x_at,0.036317512
219482_at,0.03631735
226581_at,0.03631693
233544_at,0.036316067
238791_at,0.036316022
231306_at,0.036315665
223311_s_at,0.036312133
238967_at,0.036310792
214879_x_at,0.036310196
222155_s_at,0.036309168
201075_s_at,0.0363089
227076_at,0.036307603
1554804_a_at,0.036306113
216835_s_at,0.036305726
222149_x_at,0.036304414
244189_at,0.036303848
210638_s_at,0.036303192
228746_s_at,0.036301196
233809_at,0.036298573
222826_at,0.036297664
212593_s_at,0.036295652
225849_s_at,0.036295563
60815_at,0.036294878
228741_s_at,0.036294594
240540_at,0.036291875
229736_at,0.036290184
230532_at,0.036287606
220962_s_at,0.03628713
207551_s_at,0.03628707
1552839_at,0.036287047
202841_x_at,0.036286563
1559881_s_at,0.03628519
203319_s_at,0.03628491
233787_at,0.036283508
212163_at,0.036281765
214674_at,0.03628066
208591_s_at,0.036280274
223674_s_at,0.0362795
241074_at,0.036277324
210628_x_at,0.03627658
228075_x_at,0.036274284
211407_at,0.036271118
1562741_at,0.03627038
203935_at,0.036269143
1598_g_at,0.03626892
1569448_at,0.036268085
215645_at,0.036267176
209019_s_at,0.036265865
1569963_at,0.036262795
237327_at,0.036262415
229353_s_at,0.036262214
205212_s_at,0.036260173
1562256_at,0.03625559
209279_s_at,0.03625551
203630_s_at,0.036255196
229426_at,0.03624949
214658_at,0.03624764
223493_at,0.036247447
205025_at,0.036247313
1554038_at,0.036246583
222552_at,0.036245227
225047_at,0.036244527
208120_x_at,0.036241144
203532_x_at,0.03624019
239020_at,0.03623815
214116_at,0.03623806
223156_at,0.03623739
225430_at,0.036235675
217939_s_at,0.036233902
209938_at,0.036233857
226178_at,0.036232054
218746_at,0.03623098
208813_at,0.036230147
223218_s_at,0.03622383
237777_at,0.036223337
226151_x_at,0.03622304
230936_at,0.036217272
201468_s_at,0.03621638
228363_at,0.036215365
201762_s_at,0.036215097
221663_x_at,0.03621486
227027_at,0.036211252
238670_at,0.036210403
213922_at,0.036206827
222464_s_at,0.036203086
207490_at,0.03620127
1562546_at,0.036201008
208360_s_at,0.036200725
201639_s_at,0.036199927
235970_at,0.03619802
213149_at,0.03619784
209349_at,0.036196485
243005_at,0.03619507
243852_at,0.036192685
203715_at,0.03619224
208255_s_at,0.03619191
213708_s_at,0.036191523
213327_s_at,0.0361875
210241_s_at,0.03618644
235608_at,0.03618568
221809_at,0.036184877
203157_s_at,0.036181614
212394_at,0.036180496
226717_at,0.03617332
227569_at,0.036171302
220453_at,0.03617032
1555193_a_at,0.036168158
1566955_at,0.036166266
201299_s_at,0.03616503
234346_x_at,0.036163285
217149_x_at,0.036158204
232502_at,0.036158085
241945_at,0.036156043
231252_at,0.036152676
218310_at,0.036152214
1556162_at,0.03615138
216177_at,0.0361498
209624_s_at,0.036148608
207186_s_at,0.036147356
208610_s_at,0.036144674
227420_at,0.036143184
201821_s_at,0.036143154
233850_s_at,0.03614226
224904_at,0.03614214
233736_at,0.036141984
230442_at,0.036141917
214045_at,0.036140665
204808_s_at,0.03613715
223154_at,0.03613627
1558581_at,0.036135107
224806_at,0.03613317
243656_at,0.03613317
206573_at,0.036130942
208050_s_at,0.03613074
209316_s_at,0.03613037
234931_at,0.036129035
238148_s_at,0.036125496
1559397_s_at,0.03612405
235324_at,0.03612061
235240_at,0.036120236
222616_s_at,0.03611949
220411_x_at,0.036118522
218669_at,0.03611821
201727_s_at,0.03611517
235164_at,0.036115125
207688_s_at,0.036114395
204459_at,0.036114067
229505_at,0.036114022
240044_x_at,0.036113665
231777_at,0.036113217
227982_at,0.03610775
1563781_at,0.036106825
216791_at,0.036106035
223146_at,0.036105722
224424_x_at,0.03610401
226500_at,0.036103204
228225_at,0.036102504
242366_at,0.036102474
214794_at,0.036101773
203718_at,0.036100388
208749_x_at,0.03609982
211686_s_at,0.03609982
225063_at,0.036097527
202844_s_at,0.03609699
238856_s_at,0.036090493
226518_at,0.03608857
1565880_at,0.0360879
1558761_a_at,0.03608708
241633_x_at,0.036086887
204807_at,0.03608434
230513_at,0.036081396
1563521_at,0.036079854
1562723_at,0.03607691
243338_at,0.03607671
1558841_at,0.036076657
235833_at,0.036075845
208907_s_at,0.03607425
215178_x_at,0.036073714
227286_at,0.03607361
221816_s_at,0.03607118
1553689_s_at,0.036070913
227730_at,0.036068976
209475_at,0.036068946
228304_at,0.03606814
200968_s_at,0.036067873
204916_at,0.036067277
223283_s_at,0.036067113
1556339_a_at,0.036067054
211775_x_at,0.036066815
226060_at,0.03606662
235096_at,0.03606622
227413_at,0.03606558
237052_x_at,0.036064655
236291_at,0.036063924
213105_s_at,0.036063775
214747_at,0.036063306
213570_at,0.036062703
1552310_at,0.036061436
202958_at,0.036059424
1559467_at,0.03605905
220357_s_at,0.03605798
1559220_at,0.03605792
221078_s_at,0.036053717
222656_at,0.036046863
213159_at,0.036046624
1562794_at,0.036043666
231906_at,0.036043227
1566700_at,0.036042422
242996_at,0.03604053
224618_at,0.036039367
205657_at,0.036039233
217377_x_at,0.036037818
241498_at,0.036034465
244730_x_at,0.0360343
1556540_a_at,0.036032826
231584_s_at,0.036030933
226692_at,0.036028773
220305_at,0.036026597
218837_s_at,0.036025837
213789_at,0.036023274
206096_at,0.036022022
235514_at,0.036021754
204532_x_at,0.036017314
1554016_a_at,0.03601727
225584_at,0.0360166
204327_s_at,0.03601587
1554318_at,0.036014326
227745_at,0.036013022
221478_at,0.036011755
219018_s_at,0.036011636
209030_s_at,0.036009416
234681_s_at,0.03600751
210519_s_at,0.03600605
227810_at,0.03600487
212134_at,0.036004245
233387_s_at,0.036003828
201039_s_at,0.03600368
225472_at,0.036001533
212181_s_at,0.036001474
223298_s_at,0.035998613
217365_at,0.035998374
210053_at,0.035997406
230619_at,0.035997093
1557878_at,0.03599468
207990_x_at,0.035994194
225568_at,0.035991445
225625_at,0.03599122
219822_at,0.03598948
219713_at,0.035989285
243569_at,0.035989136
225090_at,0.03598672
218583_s_at,0.035985798
210796_x_at,0.035984002
208861_s_at,0.03598389
235727_at,0.03598295
204640_s_at,0.035982847
209041_s_at,0.03597963
239841_at,0.035979584
238072_at,0.035977483
212521_s_at,0.03597741
222597_at,0.035976842
215529_x_at,0.035976455
233992_x_at,0.035975084
1554726_at,0.03597325
91920_at,0.035967037
1552496_a_at,0.03596694
1554510_s_at,0.035966665
201347_x_at,0.035964787
206783_at,0.03596232
218921_at,0.035961792
209796_s_at,0.035960972
232775_at,0.035960495
222403_at,0.03595972
211952_at,0.03595771
232486_at,0.035957187
216689_x_at,0.035956904
40420_at,0.0359554
214494_s_at,0.03595534
1564157_at,0.035955265
209964_s_at,0.03595306
217808_s_at,0.035952017
227575_s_at,0.03595151
226324_s_at,0.03595136
240110_at,0.03595107
202562_s_at,0.035943955
213378_s_at,0.03594269
221653_x_at,0.035941914
218065_s_at,0.03594172
213849_s_at,0.035941675
227679_at,0.035939723
202433_at,0.035935163
218602_s_at,0.03593275
225814_at,0.03593129
226797_at,0.03592944
225215_s_at,0.035928845
217903_at,0.035927072
202098_s_at,0.035926998
210277_at,0.035922706
239489_at,0.035921812
232342_at,0.035921767
232822_x_at,0.035921365
226023_at,0.035920516
221189_s_at,0.035918564
223198_x_at,0.035918415
1564063_a_at,0.03591773
203517_at,0.03591478
204208_at,0.035913616
206845_s_at,0.035912186
210020_x_at,0.03591214
207645_s_at,0.03591077
226395_at,0.03591028
241143_at,0.035908967
1566541_at,0.035908103
1566097_at,0.035907738
214232_at,0.03590703
213303_x_at,0.03590314
227518_at,0.035901845
1556183_at,0.035900116
227325_at,0.03589952
223868_s_at,0.035899296
224601_at,0.035897136
233557_s_at,0.035896063
218993_at,0.035895035
209178_at,0.035894543
223041_at,0.0358928
237817_at,0.035891242
216556_x_at,0.035889566
203564_at,0.03588879
222418_s_at,0.035888508
218605_at,0.035887957
229644_at,0.035887554
202623_at,0.03588724
202658_at,0.035886183
210129_s_at,0.03588611
242725_at,0.035885617
226320_at,0.03588435
1559822_s_at,0.03588301
232335_at,0.035881907
202245_at,0.035880744
200916_at,0.035880685
209275_s_at,0.035880268
209947_at,0.0358797
225497_at,0.035879523
221487_s_at,0.03587906
202359_s_at,0.035879
209331_s_at,0.03587833
200039_s_at,0.035878003
203007_x_at,0.03587678
235604_x_at,0.03587368
238637_at,0.035873026
243529_at,0.03587082
1569973_at,0.03586538
203581_at,0.035864457
244271_at,0.035863653
212515_s_at,0.03586337
238518_x_at,0.035861924
233020_at,0.035859093
235918_x_at,0.03585854
205674_x_at,0.035854697
204599_s_at,0.03585282
209271_at,0.035852283
212333_at,0.03585145
212778_at,0.03585118
229318_at,0.035850838
228446_at,0.03584975
219623_at,0.03584738
223466_x_at,0.035845295
212468_at,0.035841033
217900_at,0.035839558
221090_s_at,0.035837114
218064_s_at,0.035836905
320_at,0.035835057
209950_s_at,0.035832733
202049_s_at,0.035832614
229491_at,0.03583154
219862_s_at,0.0358299
219291_at,0.035829216
217815_at,0.03582862
1558289_at,0.035825506
209420_s_at,0.035823897
218710_at,0.035823524
228035_at,0.03582056
213786_at,0.035819963
206729_at,0.035819888
211874_s_at,0.0358171
202778_s_at,0.035817087
202156_s_at,0.03581524
1568889_at,0.035814278
221818_at,0.03581406
224304_x_at,0.03581308
202423_at,0.035812914
206738_at,0.03581249
219343_at,0.035812244
215438_x_at,0.035811603
1560590_s_at,0.03581053
215684_s_at,0.035810113
223117_s_at,0.035807014
228024_at,0.03580618
230656_s_at,0.035805732
212255_s_at,0.035803244
53968_at,0.035801932
1565906_at,0.03580174
201261_x_at,0.0358015
225340_s_at,0.035800457
224872_at,0.035796672
213097_s_at,0.035794348
210715_s_at,0.03579417
217544_at,0.035793543
206635_at,0.035792723
218522_s_at,0.0357925
227364_at,0.03579077
1562408_at,0.03578742
225390_s_at,0.035786897
1555408_at,0.035784766
226277_at,0.035782695
202140_s_at,0.035782307
1563283_at,0.035780102
203952_at,0.035777256
231375_at,0.035775885
224196_x_at,0.035774738
224467_s_at,0.03577432
1554557_at,0.035772383
212700_x_at,0.03577052
210028_s_at,0.035769463
219886_at,0.03576936
205217_at,0.035768464
224600_at,0.035767287
202699_s_at,0.035765648
238431_at,0.035764262
212483_at,0.035761848
226172_at,0.0357617
225346_at,0.0357576
241091_at,0.03575574
242900_at,0.035754845
225643_at,0.03575167
209029_at,0.035750315
235035_at,0.03574945
210178_x_at,0.035746187
214711_at,0.035746142
202128_at,0.035743892
212244_at,0.035741925
226520_at,0.03574142
213658_at,0.035740525
207614_s_at,0.035740048
211260_at,0.03573917
214435_x_at,0.0357382
205357_s_at,0.035734534
37652_at,0.035733998
217862_at,0.035731614
201572_x_at,0.035725832
202572_s_at,0.035724252
1555446_s_at,0.035724178
243411_at,0.035722494
234488_s_at,0.03571634
1552481_s_at,0.03571613
212802_s_at,0.035716057
224860_at,0.035715982
203437_at,0.035715222
223943_s_at,0.035715178
220775_s_at,0.035714686
213144_at,0.035712495
221695_s_at,0.03571084
224627_at,0.03570938
219184_x_at,0.035708636
1558183_at,0.035705745
225838_at,0.03570141
214081_at,0.035701126
222436_s_at,0.035700798
214583_at,0.03570077
241841_at,0.03570009
237819_at,0.035699964
224974_at,0.035696715
208140_s_at,0.03569509
239124_at,0.035694316
204045_at,0.03569384
202425_x_at,0.035693616
201773_at,0.035693318
204434_at,0.035692543
201909_at,0.03569019
243635_at,0.035689503
222720_x_at,0.03568718
226291_at,0.035678998
210142_x_at,0.035678923
218301_at,0.03567867
222549_at,0.035678394
221954_at,0.035677522
215660_s_at,0.03567525
221960_s_at,0.035674617
214906_x_at,0.03567311
205144_at,0.03567083
1556281_at,0.035670042
218235_s_at,0.035669953
229388_at,0.03566873
1562984_at,0.035666496
205126_at,0.035664886
232807_at,0.035664514
224015_s_at,0.03566107
228588_s_at,0.035659462
1554154_at,0.035658255
238963_at,0.035658047
219897_at,0.035656333
203259_s_at,0.035656005
202460_s_at,0.035655543
202346_at,0.035654664
217881_s_at,0.035651147
207788_s_at,0.03565103
225320_at,0.035650402
204283_at,0.035649776
242508_at,0.035649538
217964_at,0.035648048
218307_at,0.035646245
1561190_at,0.03564413
240037_at,0.035643786
220261_s_at,0.035642356
212054_x_at,0.035641804
212324_s_at,0.035641447
226730_s_at,0.035637826
219129_s_at,0.03563489
218179_s_at,0.035634637
224308_s_at,0.035634413
225272_at,0.03563279
53202_at,0.03563042
224801_at,0.035629436
202173_s_at,0.03562832
204054_at,0.03562373
211916_s_at,0.035623558
219318_x_at,0.035623275
239550_at,0.03562159
1553221_at,0.035619706
202751_at,0.035619333
234926_s_at,0.035615295
212508_at,0.035614073
1559132_at,0.03561026
224980_at,0.03560941
226572_at,0.035607487
238646_at,0.035605937
220015_at,0.035601944
224415_s_at,0.035601467
200749_at,0.035599858
242760_x_at,0.035598278
224921_at,0.035595894
232455_x_at,0.035594493
204524_at,0.035593927
238190_at,0.03559345
202392_s_at,0.0355905
1561389_at,0.03559018
202680_at,0.035589322
217156_at,0.035588786
217721_at,0.03558746
218737_at,0.03558609
231249_at,0.035584524
211383_s_at,0.035583243
228495_at,0.035582706
242157_at,0.035581782
229468_at,0.035580784
217662_x_at,0.035577506
1564207_at,0.035573825
217968_at,0.035569876
203054_s_at,0.03556916
206016_at,0.035566866
212849_at,0.03556584
222212_s_at,0.035565555
47105_at,0.03556484
203884_s_at,0.03556356
202942_at,0.03555447
212121_at,0.035552323
236777_at,0.035551175
203990_s_at,0.03554967
201133_s_at,0.035549313
1566809_a_at,0.035548553
218612_s_at,0.03554693
214144_at,0.0355445
229557_at,0.03554426
200875_s_at,0.035543323
203138_at,0.035543203
1569594_a_at,0.035542846
238616_at,0.0355424
209584_x_at,0.03554231
221641_s_at,0.035541877
214176_s_at,0.03554131
237175_at,0.035541266
203024_s_at,0.035540342
223481_s_at,0.035540268
229684_s_at,0.035528436
202360_at,0.03552836
205516_x_at,0.035527408
231122_x_at,0.03552528
1552334_at,0.03552471
201151_s_at,0.035523713
229606_at,0.035522997
201391_at,0.0355227
225889_at,0.0355224
213873_at,0.03551948
1552377_s_at,0.035516903
1552663_a_at,0.035513327
203707_at,0.035509437
226644_at,0.035509437
217680_x_at,0.035507813
233565_s_at,0.03550729
1556907_at,0.035506696
239115_at,0.03550479
242141_at,0.0355037
213123_at,0.03550011
1561221_x_at,0.035499714
226574_at,0.03549832
1564709_at,0.035497792
228987_at,0.035495326
201797_s_at,0.03549403
1552625_a_at,0.035493746
224057_s_at,0.035490304
214172_x_at,0.03548938
212882_at,0.03548892
223619_x_at,0.035487235
222395_s_at,0.035485163
221344_at,0.035484396
211783_s_at,0.035482705
210760_x_at,0.035481855
226449_at,0.03548175
209643_s_at,0.035481557
235093_at,0.035480753
226758_at,0.035480052
1556905_at,0.035479948
225644_at,0.035478592
232052_at,0.035478592
228536_at,0.03547792
224658_x_at,0.035477877
224682_at,0.03547734
209778_at,0.035475194
229582_at,0.035475016
220661_s_at,0.035474703
212513_s_at,0.03547448
202397_at,0.035473973
218479_s_at,0.03547281
217557_s_at,0.035469294
227504_s_at,0.035464615
227638_at,0.035464555
218770_s_at,0.03546399
226990_at,0.035462573
227684_at,0.035460323
238683_at,0.03546019
225319_s_at,0.03545931
200864_s_at,0.03545773
209802_at,0.03545691
241626_at,0.035456657
239149_at,0.0354563
229038_at,0.035453483
1558959_at,0.035452515
234048_s_at,0.035452127
224517_at,0.035451084
227968_at,0.03545077
225029_at,0.0354504
220800_s_at,0.03544715
215088_s_at,0.03544128
229932_at,0.03544113
202214_s_at,0.035439074
210224_at,0.035436332
211762_s_at,0.035435677
228351_at,0.035434484
222517_at,0.035434335
230454_at,0.03543286
200744_s_at,0.035432786
223547_at,0.035432056
225628_s_at,0.035431027
218639_s_at,0.03543061
221957_at,0.035428286
65133_i_at,0.03542757
212237_at,0.035425812
202059_s_at,0.035424978
202865_at,0.035424203
203551_s_at,0.035424083
213461_at,0.035422876
213757_at,0.0354217
227877_at,0.035421014
218408_at,0.035420775
219354_at,0.03542024
242961_x_at,0.035420224
221248_s_at,0.035420015
218117_at,0.035419226
219680_at,0.035418943
201095_at,0.035418242
238538_at,0.035417467
234084_x_at,0.035410047
218740_s_at,0.03540972
227394_at,0.035408348
233776_at,0.035404928
224464_s_at,0.035403162
213154_s_at,0.035401195
242117_at,0.035397068
205309_at,0.035397008
202427_s_at,0.035393715
227585_at,0.03539318
214911_s_at,0.0353927
233005_at,0.03539242
1554106_at,0.035391286
214959_s_at,0.035390854
219378_at,0.035390496
244378_at,0.035387278
1555248_a_at,0.035386078
236200_at,0.035386026
208024_s_at,0.03538516
219801_at,0.035383463
1562036_at,0.035382956
230530_at,0.03538251
228972_at,0.03537877
1555201_a_at,0.035376847
203829_at,0.035375655
242692_at,0.035372354
224760_at,0.0353702
217144_at,0.03537008
229549_at,0.035369217
238052_at,0.03536865
206274_s_at,0.035368502
207758_at,0.035367668
215620_at,0.035366893
208625_s_at,0.03536558
202250_s_at,0.03536193
205458_at,0.03535986
225103_at,0.035357162
77508_r_at,0.03535609
202837_at,0.035355806
222550_at,0.035353065
1557719_at,0.035350055
1557590_at,0.035345733
224751_at,0.035343558
206263_at,0.035342917
244618_at,0.035341144
224135_at,0.035340942
204376_at,0.035340473
208924_at,0.03533879
218177_at,0.035337836
203006_at,0.035333633
202387_at,0.035330117
220258_s_at,0.03532873
223261_at,0.035327688
212580_at,0.035327613
213393_at,0.035325482
203991_s_at,0.03532532
216025_x_at,0.035323717
221590_s_at,0.03532161
210361_s_at,0.0353176
241380_at,0.035316557
226684_at,0.03531626
1552812_a_at,0.035316207
225486_at,0.035315514
243449_at,0.035314918
235686_at,0.035312295
1552472_a_at,0.035310447
212108_at,0.03530982
1554873_at,0.035309553
226194_at,0.035309106
223461_at,0.035306036
222579_at,0.035305843
1559977_a_at,0.035305664
243738_at,0.03530313
202447_at,0.035301775
203816_at,0.035301447
233378_at,0.035299018
207713_s_at,0.03529775
242640_at,0.035296574
225248_at,0.035296485
1560489_at,0.03529638
228287_at,0.035292223
216302_at,0.03528902
210212_x_at,0.035286903
215130_s_at,0.035286814
229356_x_at,0.035283983
238096_at,0.035281226
212548_s_at,0.035280645
228478_at,0.0352799
202767_at,0.03527984
228477_at,0.035279393
212676_at,0.035278156
238507_at,0.035276785
203368_at,0.035274565
205037_at,0.035273507
218097_s_at,0.035268128
225702_at,0.03526713
235577_at,0.035262644
212502_at,0.035261825
212910_at,0.03525968
231710_at,0.035257086
232569_at,0.035256863
1555062_s_at,0.03525628
238955_at,0.035252213
1555853_at,0.035251588
1568720_at,0.03525114
205641_s_at,0.03524874
1554151_at,0.035247758
215816_at,0.035247013
218218_at,0.035245553
224813_at,0.035244733
235055_x_at,0.035244435
227109_at,0.03524384
213072_at,0.035242528
221649_s_at,0.035242036
203312_x_at,0.035241902
210782_x_at,0.035238013
219321_at,0.035236806
223781_x_at,0.03523448
236749_at,0.035234295
222849_s_at,0.03523417
218859_s_at,0.035232157
213168_at,0.035229355
222745_s_at,0.035227537
231865_at,0.035226956
207855_s_at,0.03522566
221873_at,0.03522481
212564_at,0.035224423
238540_at,0.035223767
221850_x_at,0.03522083
233472_at,0.035220653
218163_at,0.035220414
227922_x_at,0.03522016
226747_at,0.035215735
215725_at,0.035215214
219128_at,0.035214618
219336_s_at,0.035214216
224718_at,0.035213202
203269_at,0.035212964
203193_at,0.03521031
216354_at,0.035208523
218257_s_at,0.035207808
1558450_at,0.035204172
207845_s_at,0.035203025
1560639_at,0.035202384
205854_at,0.035201862
221717_at,0.035201445
212597_s_at,0.035201073
205998_x_at,0.035200387
1561883_at,0.03519778
216123_x_at,0.03519766
208864_s_at,0.035197526
208666_s_at,0.035193115
244668_at,0.035189442
224151_s_at,0.035188287
212480_at,0.035187393
231756_at,0.03518644
1562960_at,0.035186276
227583_at,0.03518489
228842_at,0.03518471
232811_x_at,0.035182804
236613_at,0.035182208
227328_at,0.03518164
235211_at,0.03518161
222732_at,0.035180718
228612_at,0.03517987
218116_at,0.035178065
205145_s_at,0.035176367
204756_at,0.035175472
221983_at,0.03517452
63305_at,0.035170883
232663_s_at,0.0351651
209105_at,0.035164565
225089_at,0.035160884
211256_x_at,0.0351606
229735_s_at,0.03515677
212709_at,0.035156757
224949_at,0.035156682
211297_s_at,0.035155073
239042_at,0.035152897
217842_at,0.03515017
242576_x_at,0.035149977
1554023_s_at,0.035149515
201192_s_at,0.035148934
221311_x_at,0.03514774
1561286_a_at,0.035143986
230297_x_at,0.035143033
235130_at,0.03514266
207740_s_at,0.03514141
209203_s_at,0.035140634
217468_at,0.0351398
210645_s_at,0.03513968
1556414_at,0.03513968
204109_s_at,0.03513913
206190_at,0.035139114
214736_s_at,0.03513831
223682_s_at,0.03513804
33778_at,0.03513649
218141_at,0.035136104
1558458_at,0.03513524
238960_s_at,0.03513415
226219_at,0.035132527
32402_s_at,0.035131723
36936_at,0.035129547
223652_at,0.035129026
231974_at,0.03512691
1556824_at,0.035126716
215397_x_at,0.035126448
240576_at,0.03512551
212892_at,0.035125047
202670_at,0.035123676
210743_s_at,0.035122514
229123_at,0.035121724
205022_s_at,0.03512019
1559140_at,0.035119273
1553507_a_at,0.03511688
241350_at,0.035115797
1556727_at,0.03511489
222209_s_at,0.03511481
200995_at,0.035113275
222203_s_at,0.035113156
212707_s_at,0.035109013
220526_s_at,0.035106957
218576_s_at,0.03510636
1555790_a_at,0.03510432
215038_s_at,0.035100356
218909_at,0.035100296
221452_s_at,0.035099626
215899_at,0.03509654
216508_x_at,0.03509617
217810_x_at,0.03509289
216081_at,0.035092145
1554442_at,0.03509207
204155_s_at,0.035091758
237051_at,0.035089597
1554084_a_at,0.0350869
223852_s_at,0.03508462
203622_s_at,0.035084426
226744_at,0.035084248
229679_at,0.035084054
202512_s_at,0.035082713
203522_at,0.035082325
204715_at,0.035080716
219112_at,0.035079896
231026_at,0.03507769
218535_s_at,0.03507209
226283_at,0.03506753
213628_at,0.035067335
1565920_at,0.035066232
203357_s_at,0.03506598
225205_at,0.035065725
1560001_at,0.035062388
1554039_at,0.03506176
206861_s_at,0.03506112
205855_at,0.03506103
216806_at,0.03506024
222175_s_at,0.03505829
225408_at,0.035058185
213021_at,0.03505449
213272_s_at,0.03505358
226349_at,0.03505306
225617_at,0.0350523
244834_at,0.035047337
219793_at,0.03504592
219784_at,0.03504415
206853_s_at,0.035043836
221631_at,0.035042718
230812_at,0.03504236
228548_at,0.035039946
240290_at,0.035039306
223197_s_at,0.0350371
1555814_a_at,0.0350357
1557945_at,0.035035014
223225_s_at,0.03503366
230620_at,0.03503318
227151_at,0.035032883
224477_s_at,0.035032555
212220_at,0.03503132
216903_s_at,0.035031125
214949_at,0.035030365
209112_at,0.03502977
239308_at,0.035028562
1557415_s_at,0.035028547
231212_x_at,0.035025656
217876_at,0.03502445
231561_s_at,0.035022333
230353_at,0.03502083
221762_s_at,0.03501895
204050_s_at,0.035017133
235203_at,0.035016373
1556338_at,0.035016358
212061_at,0.035015166
229940_at,0.03501445
219565_at,0.035013527
244150_at,0.035011537
232324_x_at,0.035008475
239734_at,0.03500776
202422_s_at,0.035007328
1552314_a_at,0.035007045
200860_s_at,0.035004675
234988_at,0.03500238
228700_at,0.03500089
216751_at,0.034999475
222119_s_at,0.034996033
204506_at,0.034994587
241976_at,0.034993917
208119_s_at,0.034993276
208882_s_at,0.034992695
222812_s_at,0.034989133
212003_at,0.034988314
205420_at,0.034987703
204549_at,0.034986854
226984_at,0.0349864
225276_at,0.034985274
210463_x_at,0.03498526
224276_at,0.034984097
213070_at,0.03498304
238990_x_at,0.034982637
201640_x_at,0.034981385
229650_s_at,0.03497976
224902_at,0.03497863
202801_at,0.034977928
233984_at,0.03497599
1553928_at,0.03497541
220735_s_at,0.034974128
41657_at,0.034973368
209535_s_at,0.034973025
201034_at,0.034971297
43977_at,0.03497012
234710_s_at,0.034969836
230600_at,0.034968227
205282_at,0.034966826
242657_at,0.0349655
235826_at,0.034962684
239699_s_at,0.03496039
244481_at,0.03496015
1567213_at,0.03495936
203087_s_at,0.034959033
227031_at,0.03495796
212690_at,0.034956053
231953_at,0.034954473
221963_x_at,0.034952074
220058_at,0.034951746
206747_at,0.03494847
1555106_a_at,0.034947127
1552311_a_at,0.034946993
211673_s_at,0.03494306
225936_at,0.034940302
1555004_a_at,0.03494005
243258_at,0.034938797
226741_at,0.034936726
208216_at,0.034935117
222586_s_at,0.034933716
223803_s_at,0.03493324
212288_at,0.034926027
220764_at,0.034925878
203212_s_at,0.034924045
226268_at,0.034923628
218178_s_at,0.03492272
1557873_at,0.034922227
235533_at,0.03492078
233734_s_at,0.034918547
206846_s_at,0.03491831
224734_at,0.034916967
219392_x_at,0.034916073
230265_at,0.034916
213936_x_at,0.034915894
242807_at,0.034914
209393_s_at,0.03491348
214210_at,0.034906983
242602_x_at,0.034903795
232940_s_at,0.034897774
214955_at,0.034896567
218846_at,0.034893304
228992_at,0.03489113
200789_at,0.034889758
230091_at,0.03488858
212109_at,0.034888208
218973_at,0.03488697
201701_s_at,0.034884825
222046_at,0.03488332
228775_at,0.03488289
238711_s_at,0.034878984
213279_at,0.034878165
235761_at,0.03487654
239329_at,0.034875825
220355_s_at,0.03487581
217614_at,0.034873605
223052_x_at,0.034873366
236125_at,0.034868836
214281_s_at,0.03486833
229200_at,0.03486824
205656_at,0.034867212
201618_x_at,0.034864247
233191_at,0.034863427
226205_at,0.03486322
244808_at,0.034862652
226738_at,0.03485909
201521_s_at,0.034856677
234956_at,0.034856446
218331_s_at,0.034851342
229786_at,0.034851305
209040_s_at,0.03485042
1562259_at,0.034849867
1564802_at,0.034849785
238678_at,0.034848884
1552656_s_at,0.03484741
57532_at,0.034843802
201915_at,0.034843624
229375_at,0.034842476
219052_at,0.03484015
227476_at,0.034840077
233761_at,0.034839876
240620_at,0.034838878
224578_at,0.034838617
1556228_a_at,0.03483464
203078_at,0.03483452
212539_at,0.03483215
242386_x_at,0.034828834
207716_at,0.034828827
217347_at,0.034828365
204544_at,0.034823716
236568_at,0.034822613
235450_at,0.03482178
221947_at,0.034820676
215605_at,0.034820214
232320_at,0.034820102
212439_at,0.034819216
230629_s_at,0.034818828
216503_s_at,0.034809813
203067_at,0.034808904
202127_at,0.0348081
203743_s_at,0.03480673
228798_x_at,0.03480573
40273_at,0.03480503
223172_s_at,0.03480476
218544_s_at,0.034804553
201381_x_at,0.03480199
32723_at,0.034801632
226443_at,0.034799203
210622_x_at,0.034798488
218031_s_at,0.03479831
236679_x_at,0.03479685
224877_s_at,0.034793183
224939_at,0.03479132
204291_at,0.034790546
202020_s_at,0.03479007
219071_x_at,0.034789205
217300_at,0.03478767
209741_x_at,0.034787297
209025_s_at,0.034781963
1557372_at,0.034781612
218588_s_at,0.034781575
1557954_at,0.034780204
1555702_a_at,0.034779876
1553153_at,0.034777865
1562830_at,0.034777813
226148_at,0.03477657
1553466_at,0.03477648
226007_at,0.034775406
203410_at,0.03477493
201321_s_at,0.034772456
230185_at,0.03477083
202259_s_at,0.034769207
228454_at,0.03476873
201513_at,0.034766853
220753_s_at,0.03476602
233558_s_at,0.034765735
225845_at,0.034763277
207654_x_at,0.034761697
202641_at,0.03476146
218514_at,0.034760296
209927_s_at,0.034758776
213020_at,0.034758672
212713_at,0.034758516
213916_at,0.034756422
243052_at,0.034756325
222806_s_at,0.034755915
1558256_at,0.0347552
238259_at,0.03475502
230029_x_at,0.034754947
53071_s_at,0.034754813
223005_s_at,0.03475292
202725_at,0.03475231
222744_s_at,0.034751654
223622_s_at,0.03474666
224747_at,0.034743488
203447_at,0.034737512
240190_at,0.034736432
1557613_at,0.03473626
244462_at,0.034735844
203960_s_at,0.03473331
216862_s_at,0.03473276
226954_at,0.034732744
232403_at,0.034728616
203830_at,0.034726515
201377_at,0.03472513
226874_at,0.034724712
201545_s_at,0.034721762
225174_at,0.034721524
202418_at,0.034721434
221642_at,0.0347187
207831_x_at,0.034718573
242763_at,0.03471686
214948_s_at,0.03471662
226220_at,0.034714267
203334_at,0.034712106
215109_at,0.03471072
206770_s_at,0.034709856
212754_s_at,0.03470713
233871_at,0.034703113
215778_x_at,0.034703
1552921_a_at,0.034702867
202078_at,0.0347026
202188_at,0.03469819
201507_at,0.034697384
243676_at,0.034695655
224887_at,0.034695566
215160_x_at,0.034694135
32836_at,0.034692407
209311_at,0.034692198
1554429_a_at,0.03469217
219393_s_at,0.03469202
200928_s_at,0.034690768
239044_at,0.034689724
225323_at,0.034688592
221437_s_at,0.034688413
203260_at,0.03468655
1558675_s_at,0.03468579
201722_s_at,0.0346846
242780_at,0.034683064
202175_at,0.034682453
219164_s_at,0.034680665
212331_at,0.034680486
228958_at,0.034679405
221893_s_at,0.034674793
220696_at,0.034674257
1555437_at,0.034671262
1553112_s_at,0.034671023
236059_at,0.034670457
216008_s_at,0.034669235
223930_at,0.034666404
234975_at,0.034665257
238948_at,0.034664556
226643_s_at,0.034663275
219860_at,0.03466116
210802_s_at,0.03466028
224717_s_at,0.034659773
223203_at,0.034659028
235856_at,0.034655266
239484_at,0.034653306
242263_at,0.03465247
230256_at,0.03465195
218281_at,0.034650624
1564224_x_at,0.03465058
228582_x_at,0.034650147
201247_at,0.034649715
221559_s_at,0.03464943
222789_at,0.034645468
228544_s_at,0.03464541
230528_s_at,0.034645095
229664_at,0.034644544
1569366_a_at,0.03464231
233757_x_at,0.034642234
209158_s_at,0.03464222
215662_at,0.0346404
219244_s_at,0.034640074
205035_at,0.03463851
201136_at,0.034638405
228960_at,0.034637034
213023_at,0.03463696
78383_at,0.03463489
227305_s_at,0.0346348
209456_s_at,0.03463386
231043_at,0.034632884
226555_at,0.034631103
203466_at,0.034629688
1563009_at,0.03462848
221355_at,0.03462647
200957_s_at,0.034626305
233339_s_at,0.03462152
212322_at,0.03462036
217499_x_at,0.034619972
1555910_at,0.034619346
1554249_a_at,0.034619138
221961_at,0.034617603
220688_s_at,0.0346172
205305_at,0.03461492
201921_at,0.03461483
1568954_s_at,0.03461428
222574_s_at,0.03461203
226146_at,0.03461176
222231_s_at,0.03461051
204065_at,0.034606934
206949_s_at,0.034605935
217781_s_at,0.034605563
225104_at,0.03460294
204968_at,0.034602225
217340_at,0.034599915
218464_s_at,0.03459987
218329_at,0.034599826
224665_at,0.034597576
235617_x_at,0.034597382
229219_s_at,0.034595758
227246_at,0.03459373
205690_s_at,0.034593046
225376_at,0.034592867
219418_at,0.03459178
220905_at,0.034591317
1561909_at,0.034590304
236346_at,0.03458838
209078_s_at,0.03458835
221293_s_at,0.034586847
203451_at,0.034586534
219070_s_at,0.03458573
211698_at,0.034585655
218688_at,0.034584314
228355_s_at,0.034582973
200698_at,0.03458093
210671_x_at,0.03457953
216859_x_at,0.034579247
227313_at,0.034576476
222631_at,0.034575522
204516_at,0.034575045
1554517_x_at,0.034573987
1565772_at,0.03457348
223370_at,0.03457178
237861_at,0.034570843
205507_at,0.034570694
201421_s_at,0.034570247
218107_at,0.034569472
204425_at,0.034566283
203578_s_at,0.03456515
234347_s_at,0.034564704
218122_s_at,0.034560993
1570450_at,0.0345603
228013_at,0.034557164
236886_at,0.034551352
235264_at,0.03455028
226259_at,0.03454946
204535_s_at,0.03454919
224766_at,0.034548104
205132_at,0.03454779
224938_at,0.03454718
234958_at,0.03454554
231106_at,0.034545377
222129_at,0.034544215
213584_s_at,0.03454399
212001_at,0.034543455
234615_at,0.034543246
209095_at,0.034540683
202304_at,0.03453502
211563_s_at,0.03453338
1559922_at,0.034531295
216062_at,0.034529805
213682_at,0.03452912
225748_at,0.034528673
1570108_at,0.034526654
1553993_s_at,0.03452581
217822_at,0.03452292
205142_x_at,0.03452079
209932_s_at,0.034519017
222122_s_at,0.034518957
200723_s_at,0.034517854
1554390_s_at,0.034516215
228001_at,0.034516156
224689_at,0.03451571
212063_at,0.034514785
202624_s_at,0.03451477
221536_s_at,0.034513593
202665_s_at,0.03451225
240795_at,0.034511983
208403_x_at,0.03451121
222839_s_at,0.034510538
224605_at,0.03450945
217019_at,0.03450817
239004_at,0.03450702
31637_s_at,0.034505367
217954_s_at,0.03450519
1566029_at,0.034504116
217493_x_at,0.034502238
227595_at,0.034502238
206816_s_at,0.034500122
223526_at,0.034499377
1570061_at,0.034498513
243612_at,0.034495562
44065_at,0.03449127
236589_at,0.034490317
203301_s_at,0.03448844
215530_at,0.03448744
227737_at,0.03448686
220315_at,0.034484968
212518_at,0.0344833
227546_x_at,0.034482628
227787_s_at,0.034481376
217722_s_at,0.034478277
217736_s_at,0.0344764
202903_at,0.03447582
202164_s_at,0.034469068
1561056_a_at,0.03446886
227869_at,0.034468442
216305_s_at,0.03446704
242332_at,0.034465663
33736_at,0.034464642
208671_at,0.034463465
239687_at,0.034461863
222638_s_at,0.0344615
241348_at,0.034460932
239683_at,0.03446029
208073_x_at,0.034460068
226144_at,0.034458295
212147_at,0.03445591
219917_at,0.034451723
231714_s_at,0.03444493
226347_at,0.03444326
219284_at,0.034440845
1569349_at,0.03443642
202632_at,0.03443624
209312_x_at,0.03443572
1556393_at,0.034435034
233274_at,0.034433484
213930_at,0.034432754
230411_at,0.03443259
223056_s_at,0.03443186
218220_at,0.03443113
208039_at,0.034428403
229143_at,0.03442733
208205_at,0.034423627
224854_s_at,0.034422755
216366_x_at,0.0344221
226379_s_at,0.034417897
201128_s_at,0.03441757
201585_s_at,0.034417093
1564386_at,0.03441684
212264_s_at,0.034413934
225521_at,0.034412548
230721_at,0.034412265
227510_x_at,0.03440994
207114_at,0.034409776
210846_x_at,0.034408614
202108_at,0.034408465
216301_at,0.034408316
234923_at,0.034408227
209391_at,0.034405842
203679_at,0.034404233
201542_at,0.03440082
233844_at,0.034400374
1553088_a_at,0.034398705
219186_at,0.034395337
206782_s_at,0.03439462
226300_at,0.03439416
203843_at,0.03439358
211761_s_at,0.034392595
228932_at,0.034390897
201135_at,0.03438753
229906_at,0.03438689
216232_s_at,0.034386322
207309_at,0.034386232
1568594_s_at,0.034385845
218947_s_at,0.03438346
228990_at,0.034383073
220366_at,0.034381025
201662_s_at,0.03437707
234982_at,0.034376204
226153_s_at,0.03437516
52159_at,0.034374952
236202_at,0.034374744
208831_x_at,0.034372345
207565_s_at,0.034371704
224874_at,0.034371436
229384_at,0.03437066
213270_at,0.034370273
228641_at,0.034369558
210169_at,0.034368113
211376_s_at,0.034365326
202257_s_at,0.034364223
230426_at,0.034363806
223286_at,0.034359112
219595_at,0.034356847
201463_s_at,0.034356117
227593_at,0.034355953
215521_at,0.034355804
230196_x_at,0.03435576
1570362_at,0.034354478
241344_at,0.034351557
212772_s_at,0.0343495
211716_x_at,0.034348518
1557630_s_at,0.034344867
224451_x_at,0.034344554
225709_at,0.034342647
220671_at,0.034342557
32042_at,0.03433509
203250_at,0.034334958
218767_at,0.03433469
213254_at,0.03433281
203500_at,0.034331262
228228_at,0.03433025
225424_at,0.034329265
218278_at,0.034328252
201772_at,0.03432423
208670_s_at,0.034323215
241795_at,0.034321584
224328_s_at,0.034316815
1553793_a_at,0.03431678
35846_at,0.03431666
225653_at,0.034315884
228164_at,0.0343149
207805_s_at,0.034314632
230209_at,0.034314126
241430_at,0.034308
224473_x_at,0.034304515
224957_at,0.034303725
224632_at,0.03430237
205562_at,0.03430192
200732_s_at,0.034300268
1554433_a_at,0.034299657
242862_x_at,0.034299046
217946_s_at,0.034298807
220659_s_at,0.034298524
222490_at,0.034298003
222985_at,0.034297705
64942_at,0.03429708
232844_at,0.034295738
1569325_at,0.03429114
223716_s_at,0.034288704
202785_at,0.034288496
212919_at,0.034282178
228500_at,0.034280032
49485_at,0.03427908
1555761_x_at,0.034278825
231960_at,0.03427878
208669_s_at,0.034276336
220041_at,0.0342751
243336_at,0.034274988
231272_at,0.034273207
218505_at,0.03427279
1569986_x_at,0.03427218
211172_x_at,0.034271598
214009_at,0.034267917
209876_at,0.034262076
227066_at,0.03426197
1569293_x_at,0.034261942
224875_at,0.034255117
203283_s_at,0.03425479
223769_x_at,0.034254283
219335_at,0.034254164
222302_at,0.034252748
203309_s_at,0.034251496
1554385_a_at,0.034249917
212702_s_at,0.034247562
209463_s_at,0.034246996
226202_at,0.034246027
203118_at,0.034245253
227605_at,0.034241572
236367_at,0.034240156
223254_s_at,0.03423643
223851_s_at,0.0342364
209328_x_at,0.03423637
219448_at,0.034236133
236022_at,0.034235924
241385_at,0.034229547
1555434_a_at,0.034228586
201865_x_at,0.03422773
226787_at,0.03422627
222469_s_at,0.034223646
221012_s_at,0.03422126
204275_at,0.034220383
212103_at,0.03421849
203086_at,0.034217566
203912_s_at,0.03421685
220127_s_at,0.034214914
209080_x_at,0.034211993
213804_at,0.034210116
218579_s_at,0.03420724
209865_at,0.034204707
208648_at,0.03420317
209091_s_at,0.034201473
236665_at,0.034196258
223418_x_at,0.03419529
217364_x_at,0.034195095
1558401_at,0.03419508
225200_at,0.034194827
212040_at,0.034194738
225412_at,0.034193486
221783_at,0.034193367
204617_s_at,0.03419316
1552752_a_at,0.03419313
213889_at,0.034192726
208398_s_at,0.03419122
218121_at,0.03419079
214118_x_at,0.034189224
227331_at,0.03418833
243515_at,0.034187876
210886_x_at,0.034186825
232293_at,0.034186497
221588_x_at,0.03418146
1555781_at,0.03418061
1558076_at,0.034179896
212523_s_at,0.034178555
214726_x_at,0.03417778
201997_s_at,0.03417653
235005_at,0.03417608
201330_at,0.034175232
215873_x_at,0.034172297
36566_at,0.0341717
203336_s_at,0.03417006
224968_at,0.03416826
214055_x_at,0.0341655
207234_at,0.034164503
1562271_x_at,0.03416337
222447_at,0.034161776
202904_s_at,0.034161538
235390_at,0.034160197
236332_at,0.034159012
216077_s_at,0.034157068
205953_at,0.034156144
217331_at,0.034155995
212437_at,0.034155205
211929_at,0.03415042
225263_at,0.03414774
202026_at,0.03414455
226623_at,0.03414443
201862_s_at,0.0341444
1563077_at,0.034140646
217107_at,0.034139484
212293_at,0.034139186
228733_at,0.034138575
239046_at,0.034137934
1556154_a_at,0.034134537
232972_at,0.034133583
38069_at,0.034133077
205723_at,0.034132436
226094_at,0.034126222
215557_at,0.03412433
208839_s_at,0.03412427
241944_x_at,0.03412284
243801_x_at,0.03412281
1555945_s_at,0.03412044
222731_at,0.034119993
225271_at,0.03411983
227597_at,0.034113854
232221_x_at,0.034107804
1554476_x_at,0.034106433
213882_at,0.034105793
211391_s_at,0.034105733
203844_at,0.03410396
218473_s_at,0.034099758
240111_at,0.034099504
227990_at,0.03409943
231696_x_at,0.034098536
215156_at,0.03409736
213406_at,0.034096703
1560049_at,0.034096017
219923_at,0.034095436
228944_at,0.034095287
205103_at,0.034094155
215825_at,0.034093224
213726_x_at,0.034092993
212628_at,0.03409022
226260_x_at,0.03408903
224992_s_at,0.034087807
227171_at,0.034086823
218776_s_at,0.03408423
236165_at,0.034078956
1562474_at,0.03407578
208973_at,0.034073025
223020_at,0.034071922
227895_at,0.034071013
217550_at,0.034069955
229371_at,0.034068048
1555522_s_at,0.034067765
200692_s_at,0.03406763
230078_at,0.034067243
218545_at,0.034066886
229415_at,0.034064665
226775_at,0.03405626
232706_s_at,0.034054667
218187_s_at,0.034053266
41160_at,0.034053087
203958_s_at,0.034052715
221637_s_at,0.03405136
222415_at,0.034050703
208149_x_at,0.034049124
207041_at,0.03404866
208880_s_at,0.034048393
219798_s_at,0.034046948
1553979_at,0.034046113
1562034_at,0.034045324
229078_s_at,0.034045145
201228_s_at,0.034042776
204666_s_at,0.034040637
232198_at,0.03404002
1554086_at,0.034038484
215412_x_at,0.034038186
213971_s_at,0.034037262
1559716_at,0.034036696
213195_at,0.034036353
238650_x_at,0.034034967
201241_at,0.034033388
220642_x_at,0.034033284
227813_at,0.034032673
1554606_at,0.034032494
229408_at,0.03403096
201851_at,0.034030944
234906_at,0.034030885
220019_s_at,0.03402911
210111_s_at,0.034028232
211951_at,0.034027517
1552383_at,0.034027293
227994_x_at,0.034025013
203165_s_at,0.034022734
1561310_at,0.034021005
220882_at,0.034019753
228106_at,0.03401962
211060_x_at,0.034018427
234339_s_at,0.034017235
226668_at,0.03401667
213440_at,0.03401625
244559_at,0.034015834
202015_x_at,0.034013107
217703_x_at,0.03401299
209171_at,0.034011334
1556581_at,0.034011126
226163_at,0.034011066
239197_s_at,0.03400643
235603_at,0.034000546
206219_s_at,0.033998728
215336_at,0.033998147
210811_s_at,0.033997923
241458_at,0.03399749
1555967_at,0.033995956
218104_at,0.033995897
230169_at,0.033993825
202689_at,0.033993423
201198_s_at,0.033993304
223455_at,0.033990502
1555785_a_at,0.033990502
235756_at,0.03398913
228752_at,0.033985645
221139_s_at,0.03398484
241846_at,0.033984736
1554115_at,0.03398274
202528_at,0.033981636
232493_at,0.033981606
213531_s_at,0.03397873
212310_at,0.033974007
202802_at,0.03397371
1556527_a_at,0.03397143
224896_s_at,0.03396973
224316_at,0.033969045
1558943_x_at,0.0339614
224474_x_at,0.033959955
218393_s_at,0.033959627
205408_at,0.033959553
1569961_at,0.033957943
232147_at,0.0339562
229982_at,0.03395407
212017_at,0.033953726
218407_x_at,0.03395319
202714_s_at,0.033951208
223084_s_at,0.033951044
219662_at,0.033949405
222661_at,0.033949316
227592_at,0.033947065
201999_s_at,0.033946157
218159_at,0.033946082
235459_at,0.033944055
234471_s_at,0.03394319
1555063_at,0.033942178
212780_at,0.03393963
57163_at,0.033937514
242077_x_at,0.03393714
212105_s_at,0.03393437
214245_at,0.03393404
202062_s_at,0.033930093
225158_at,0.03392856
1557697_at,0.033927485
227451_s_at,0.03392677
231999_at,0.033918858
219961_s_at,0.033917308
203089_s_at,0.033916384
229855_at,0.03391564
230618_s_at,0.033913076
201327_s_at,0.03391242
228721_at,0.033909097
214741_at,0.033908397
205621_at,0.033907413
210137_s_at,0.03390515
224649_x_at,0.03390406
212347_x_at,0.033903837
201082_s_at,0.033899993
226204_at,0.03389965
209201_x_at,0.033899248
226113_at,0.033898264
241887_at,0.03389807
204739_at,0.033896297
235244_at,0.03389515
225135_at,0.033894792
218434_s_at,0.033892736
213304_at,0.03388819
219317_at,0.033887178
235815_at,0.03388688
1553136_at,0.033881456
1558938_at,0.03387803
213337_s_at,0.033877656
235441_at,0.03387651
222654_at,0.033873767
201364_s_at,0.033873513
232340_at,0.0338732
1553438_at,0.033871606
1558292_s_at,0.03387119
240391_at,0.033871144
227973_at,0.03387037
235222_x_at,0.033868536
233321_x_at,0.033867776
213294_at,0.033866405
221453_at,0.03386259
218572_at,0.03385918
225821_s_at,0.033854663
223065_s_at,0.033854455
208445_s_at,0.033853948
204355_at,0.033853665
200714_x_at,0.03385359
212567_s_at,0.03384833
1555948_s_at,0.033848256
242316_at,0.03384815
200955_at,0.03384757
218485_s_at,0.03384751
244627_at,0.033847474
235415_at,0.033846885
236708_at,0.033845097
226089_at,0.0338445
205799_s_at,0.033843867
226422_at,0.033841193
226294_x_at,0.033837676
219089_s_at,0.03383757
220288_at,0.0338355
46323_at,0.033829942
1556831_at,0.033829868
1570567_at,0.03382919
221995_s_at,0.033827916
202817_s_at,0.033827618
1556636_at,0.033826843
210009_s_at,0.033825308
243329_at,0.03382416
203805_s_at,0.03382364
215982_s_at,0.033822775
209578_s_at,0.033822685
204985_s_at,0.033821806
205672_at,0.033818692
219125_s_at,0.033817887
209007_s_at,0.03381747
208734_x_at,0.03381723
210417_s_at,0.033815444
208037_s_at,0.033812925
226521_s_at,0.033811226
240778_at,0.03381069
242323_at,0.033810094
212640_at,0.03381008
201237_at,0.03381002
61874_at,0.033809364
225422_at,0.033809304
226910_at,0.033808038
203495_at,0.033805236
218896_s_at,0.03380385
214180_at,0.033802435
202258_s_at,0.033799887
202374_s_at,0.033799335
223265_at,0.03379838
230722_at,0.033796422
221617_at,0.033795938
213117_at,0.033793792
209759_s_at,0.033792853
202703_at,0.033791512
212954_at,0.033791468
32811_at,0.033791423
218920_at,0.033789843
228145_s_at,0.033787936
228537_at,0.03378637
235012_at,0.03378631
214221_at,0.03378591
215148_s_at,0.033784896
233093_s_at,0.033784747
212052_s_at,0.03378442
208877_at,0.03378427
210527_x_at,0.033783823
226024_at,0.033782244
37012_at,0.033780813
208842_s_at,0.0337798
210859_x_at,0.033779472
220446_s_at,0.033778645
203201_at,0.03377822
1561908_a_at,0.033774823
227215_at,0.033774793
213282_at,0.033773184
227808_at,0.033772916
1554474_a_at,0.033771843
225462_at,0.03377162
219231_at,0.033769935
230535_s_at,0.033767283
211558_s_at,0.033766985
207239_s_at,0.033764943
224288_x_at,0.03376423
222239_s_at,0.033763975
201142_at,0.033762842
217854_s_at,0.033762515
201270_x_at,0.03376022
217910_x_at,0.033759296
1570243_at,0.033758834
37022_at,0.0337577
201647_s_at,0.03375727
219731_at,0.03375645
201517_at,0.033755124
225403_at,0.03375438
1555729_a_at,0.033754066
230038_at,0.033753768
205288_at,0.033752978
1555368_x_at,0.03375292
232018_at,0.033751547
203682_s_at,0.033751413
241552_at,0.03374941
202366_at,0.033748
211595_s_at,0.033747464
230500_at,0.033747427
212233_at,0.033744343
240363_at,0.033741936
204564_at,0.033737734
226995_at,0.033736423
212456_at,0.03373179
219462_at,0.03372942
239478_x_at,0.033727437
221723_s_at,0.033725828
243074_at,0.033724055
1566581_at,0.03372404
211584_s_at,0.033721596
235812_at,0.033718377
218620_s_at,0.033715203
239225_at,0.03371297
227106_at,0.03370905
214730_s_at,0.03370759
230604_at,0.03370744
1553034_at,0.033706814
207153_s_at,0.033699363
224815_at,0.033697218
231834_at,0.03369601
1568695_s_at,0.033695996
241490_s_at,0.033695877
214050_at,0.033693016
1565577_s_at,0.033690616
205452_at,0.033690184
216175_at,0.03368935
219067_s_at,0.03368798
229469_at,0.033687264
218167_at,0.03368619
213102_at,0.033685744
226309_at,0.033685625
207618_s_at,0.03368534
231895_at,0.03368354
204919_at,0.033682704
201920_at,0.033682585
209317_at,0.03368102
204522_at,0.033680767
202012_s_at,0.033678845
225945_at,0.03367722
205061_s_at,0.033676
229696_at,0.03367494
202399_s_at,0.033674777
200914_x_at,0.03367412
232420_x_at,0.03367132
218442_at,0.033670604
219349_s_at,0.03366953
242416_at,0.033669055
227455_at,0.03366652
225023_at,0.033665717
233638_s_at,0.033664376
220175_s_at,0.033661455
1563222_at,0.03365998
238801_at,0.033658624
204449_at,0.033655167
224993_at,0.033654332
222998_at,0.033653587
221971_x_at,0.03365314
238506_at,0.033653036
201777_s_at,0.03364885
218120_s_at,0.03364846
241515_at,0.033647776
212396_s_at,0.033646703
209308_s_at,0.033646107
201606_s_at,0.03364575
210428_s_at,0.03364539
207939_x_at,0.033643275
211772_x_at,0.03364309
240803_at,0.033640325
232338_at,0.033639416
243643_x_at,0.033638597
236667_at,0.033638254
205247_at,0.03363785
53912_at,0.033637643
226525_at,0.033635497
217826_s_at,0.03363359
218333_at,0.033632338
225676_s_at,0.03363204
1554170_a_at,0.033631787
234670_at,0.033631325
230151_at,0.033630043
240114_s_at,0.03362961
223200_s_at,0.033628672
225341_at,0.03362736
212996_s_at,0.033626854
217221_x_at,0.033624098
234011_at,0.033623494
235041_at,0.033622682
222349_x_at,0.033622265
201099_at,0.033617914
217885_at,0.033617467
217665_at,0.033616602
1557480_a_at,0.03361644
225722_at,0.033612654
204949_at,0.033610344
233946_at,0.033608884
210290_at,0.03360772
212870_at,0.033607602
218628_at,0.033607244
218607_s_at,0.033606917
202675_at,0.033600688
224535_s_at,0.033599675
201315_x_at,0.033595383
225067_at,0.03359537
1560827_at,0.03359118
233168_s_at,0.033591002
234972_at,0.033590704
52731_at,0.033588782
224907_s_at,0.03358859
1316_at,0.033585846
54051_at,0.03358507
35160_at,0.03358373
229138_at,0.033583254
202130_at,0.033581197
33322_i_at,0.033580154
238974_at,0.03357941
211280_s_at,0.03357798
219413_at,0.033576697
219030_at,0.033576667
202967_at,0.033576638
225741_at,0.033575222
225963_at,0.033574805
218594_at,0.033574253
226851_at,0.033571064
223580_at,0.03356996
217336_at,0.033568382
224233_s_at,0.033568263
228822_s_at,0.033568084
223322_at,0.03356242
223677_at,0.03355843
209225_x_at,0.033557385
215287_at,0.033554792
201112_s_at,0.033554614
200947_s_at,0.033554226
202738_s_at,0.033553988
242810_x_at,0.033551082
203629_s_at,0.033549875
202115_s_at,0.03354968
1569816_at,0.033547968
202322_s_at,0.033545405
218670_at,0.033541694
238104_at,0.033541396
1556597_a_at,0.03354132
225616_at,0.033539236
215606_s_at,0.03353858
214047_s_at,0.033537984
218989_x_at,0.033536613
228773_at,0.033534944
211704_s_at,0.033531845
225905_s_at,0.033529997
223208_at,0.033529356
225765_at,0.033529237
225470_at,0.03352849
230811_at,0.033528477
213483_at,0.033528402
213579_s_at,0.033528
223277_at,0.03352745
208935_s_at,0.0335263
223021_x_at,0.033525914
204658_at,0.033525735
1559674_at,0.033525363
219287_at,0.033525184
231878_at,0.033525005
236611_at,0.033520937
200694_s_at,0.03352076
1552930_at,0.03351955
227428_at,0.033519328
225334_at,0.033518165
210733_at,0.03351584
214001_x_at,0.033514947
223639_s_at,0.03351465
217299_s_at,0.033510163
212495_at,0.03351009
225623_at,0.033505216
202722_s_at,0.03350401
221562_s_at,0.03350374
226734_at,0.033502042
202072_at,0.033501506
222148_s_at,0.033498883
215854_at,0.033498228
1566989_at,0.033497974
201937_s_at,0.03349781
201456_s_at,0.033495963
201604_s_at,0.033493638
209055_s_at,0.033491164
1568986_x_at,0.03349109
239627_at,0.0334872
1555205_at,0.03348528
213051_at,0.033482164
1560514_at,0.03348072
225011_at,0.033480376
218619_s_at,0.033478126
239789_at,0.03347455
218386_x_at,0.033474
208249_s_at,0.033473402
220500_s_at,0.03347291
1560446_at,0.033472225
226832_at,0.03347051
243388_at,0.03347045
215722_s_at,0.033469334
211919_s_at,0.03346896
212081_x_at,0.033468306
214943_s_at,0.033467546
205370_x_at,0.033467412
220201_at,0.03346707
214678_x_at,0.03346643
221512_at,0.033465654
230062_at,0.033463866
228185_at,0.033459887
226083_at,0.033457577
233186_s_at,0.033457533
220352_x_at,0.033456206
209190_s_at,0.0334557
1554943_at,0.033451527
207801_s_at,0.033450663
209422_at,0.033450037
242377_x_at,0.033447653
242399_at,0.033446044
218996_at,0.03344579
244487_at,0.033443972
238644_at,0.03344333
201386_s_at,0.033441097
229663_at,0.033439472
203430_at,0.033436418
217643_x_at,0.033436313
1569713_at,0.03343518
228039_at,0.033434927
209124_at,0.03343442
206087_x_at,0.033433974
237262_at,0.033433393
206962_x_at,0.03342782
208541_x_at,0.033427283
221998_s_at,0.03342679
226687_at,0.033424824
1555021_a_at,0.03342408
226660_at,0.033423364
235363_at,0.033422917
223300_s_at,0.033422172
212000_at,0.033421993
200843_s_at,0.03342071
202527_s_at,0.03341393
205169_at,0.03341274
209188_x_at,0.0334121
205781_at,0.033411697
1556982_at,0.03340651
219590_x_at,0.033406317
201581_at,0.033405125
66053_at,0.033402115
203123_s_at,0.033399373
217852_s_at,0.033399254
227249_at,0.033398986
239538_at,0.033398688
227456_s_at,0.03339854
1561499_at,0.03339833
208721_s_at,0.03339772
55692_at,0.033397555
228801_at,0.033392325
221224_s_at,0.033391833
225329_at,0.03338833
238781_at,0.033388242
1560753_at,0.03338754
1553637_s_at,0.0333865
221829_s_at,0.03338623
1567458_s_at,0.03338161
213897_s_at,0.033379853
212337_at,0.03337729
225469_at,0.033375442
201344_at,0.03337449
223367_at,0.03337434
211034_s_at,0.03337346
221187_s_at,0.03337021
206238_s_at,0.03336923
226947_at,0.033368304
225192_at,0.033366054
215883_at,0.03336431
212994_at,0.033364132
226993_at,0.033363044
241785_at,0.033362634
227470_at,0.03336063
1552295_a_at,0.03335984
229828_at,0.033359677
1553990_at,0.033358037
229182_at,0.033357754
201635_s_at,0.033356875
1553668_at,0.03335593
218341_at,0.033355623
204699_s_at,0.033354923
230598_at,0.03335333
231943_at,0.033353
218645_at,0.033352554
226642_s_at,0.033352286
213078_x_at,0.03335221
1562979_at,0.033347636
201197_at,0.033344686
211691_x_at,0.033343375
1552893_at,0.0333419
235231_at,0.03334123
209724_s_at,0.033337757
223132_s_at,0.033337682
212418_at,0.033334702
217166_at,0.033334404
1563321_s_at,0.0333312
206653_at,0.03332618
219001_s_at,0.033326045
200946_x_at,0.03332448
242123_at,0.03331764
205745_x_at,0.03331475
214028_x_at,0.033313528
224203_at,0.033312723
217931_at,0.033310622
211784_s_at,0.03330934
225887_at,0.03330846
204176_at,0.03330803
212198_s_at,0.033308014
242779_at,0.03330624
231271_x_at,0.033305734
204552_at,0.03330387
231818_x_at,0.03330283
229903_x_at,0.033302456
219526_at,0.03330189
222499_at,0.033299908
244732_at,0.033295885
1554589_at,0.03329517
219846_at,0.033293948
202221_s_at,0.03329259
226886_at,0.033291593
232337_at,0.033291288
218919_at,0.0332911
203586_s_at,0.033289343
220731_s_at,0.033287793
212269_s_at,0.03328672
226515_at,0.033286348
234312_s_at,0.0332862
219043_s_at,0.033281982
203375_s_at,0.033281147
238693_at,0.033281088
202457_s_at,0.033277452
208264_s_at,0.03327602
215220_s_at,0.033272654
232373_at,0.033268854
224645_at,0.0332672
218928_s_at,0.033266366
221913_at,0.03326215
205482_x_at,0.033258706
221713_s_at,0.033255607
234360_at,0.033254072
223824_at,0.033253387
1553113_s_at,0.033250377
204742_s_at,0.033250123
223727_at,0.033249557
221141_x_at,0.033248037
226044_at,0.03324759
209751_s_at,0.03324756
219603_s_at,0.033247083
225058_at,0.033246845
229792_at,0.03324622
217879_at,0.03324479
211733_x_at,0.033243984
209439_s_at,0.033239603
235047_x_at,0.033236876
226815_at,0.033234045
202514_at,0.033234
218422_s_at,0.033233285
207439_s_at,0.033232227
203731_s_at,0.033231407
226957_x_at,0.033231273
218957_s_at,0.033230886
232768_at,0.03323008
214293_at,0.033229485
218001_at,0.03322892
218153_at,0.033227414
232209_x_at,0.033222347
202781_s_at,0.033221394
221822_at,0.03322053
224977_at,0.033220038
238539_at,0.033219367
225500_x_at,0.033219352
205904_at,0.033218697
226615_at,0.033217847
211976_at,0.03321752
227686_at,0.033214778
236566_at,0.03321463
1557667_at,0.03321439
1566577_at,0.033214383
210243_s_at,0.033214033
218073_s_at,0.03321378
204725_s_at,0.033209413
223227_at,0.03320901
1570531_at,0.033205822
229630_s_at,0.033205032
226667_x_at,0.033204287
211130_x_at,0.033202916
223651_x_at,0.033201933
236531_at,0.03320098
202805_s_at,0.033200517
243772_at,0.03319797
214941_s_at,0.03319764
201178_at,0.033197403
223257_at,0.033196077
202390_s_at,0.03319606
205571_at,0.033196017
238525_at,0.03319551
213061_s_at,0.033195198
217436_x_at,0.033195138
219177_at,0.03319201
242092_at,0.033191428
224692_at,0.033190876
217205_at,0.03319058
91952_at,0.03319043
209467_s_at,0.033189505
224878_at,0.03318894
217052_x_at,0.03318876
212305_s_at,0.03318636
206431_x_at,0.03318429
211033_s_at,0.033183217
209748_at,0.033182323
244354_at,0.033181936
215718_s_at,0.0331807
229673_at,0.03317924
1554171_at,0.03317681
1554915_a_at,0.033176348
213995_at,0.033174783
241262_at,0.033174008
244024_at,0.033173844
225396_at,0.0331721
220761_s_at,0.033171505
216554_s_at,0.033171162
226243_at,0.033166885
227951_s_at,0.033166587
208788_at,0.03316644
207159_x_at,0.033166036
204171_at,0.033164278
226672_s_at,0.033163875
241596_at,0.033162862
219074_at,0.03316267
238768_at,0.03316067
202143_s_at,0.03315805
219280_at,0.03315726
208674_x_at,0.03315687
201025_at,0.033156663
225087_at,0.033156425
235435_at,0.03315611
217750_s_at,0.033155918
212482_at,0.033155084
212673_at,0.033145845
209520_s_at,0.033145815
201950_x_at,0.033145607
233807_at,0.033145398
208996_s_at,0.033144385
225848_at,0.033143908
207727_s_at,0.033142656
222163_s_at,0.03314133
239047_at,0.03314106
219880_at,0.033140987
200598_s_at,0.033140182
223884_at,0.033140182
213598_at,0.03313899
214697_s_at,0.033134192
211387_x_at,0.0331309
212435_at,0.033126354
225721_at,0.033122256
219207_at,0.033121154
236275_at,0.033112496
207642_at,0.03311211
216589_at,0.033109263
204230_s_at,0.033109143
209533_s_at,0.03310691
225881_at,0.033106267
224431_s_at,0.033105105
216226_at,0.033100903
223012_at,0.03309983
201500_s_at,0.03309825
204847_at,0.03309816
213748_at,0.033095226
1555870_at,0.033093303
221535_at,0.03309226
235125_x_at,0.03309205
202187_s_at,0.033088505
225903_at,0.033083186
244389_at,0.033082798
232962_x_at,0.033081144
233746_x_at,0.033081055
209399_at,0.033079743
212050_at,0.033078834
212777_at,0.033078074
224217_s_at,0.03307733
210081_at,0.03307578
217884_at,0.0330732
215780_s_at,0.03307137
219095_at,0.033070683
235702_at,0.03306918
1564344_at,0.033066362
202640_s_at,0.033062935
224641_at,0.03306228
227591_at,0.033061564
207413_s_at,0.0330538
235327_x_at,0.033052832
226544_x_at,0.033050984
202860_at,0.03305012
203519_s_at,0.03304884
203984_s_at,0.033045262
212398_at,0.033044815
203164_at,0.03303957
227445_at,0.033039063
200851_s_at,0.033037663
235346_at,0.033036947
208250_s_at,0.0330341
217094_s_at,0.033033907
234915_s_at,0.03303367
210024_s_at,0.03303227
1560812_at,0.033029467
201880_at,0.033028185
227615_at,0.033025578
227907_at,0.033024773
201949_x_at,0.033022553
224160_s_at,0.03302127
236485_at,0.03301929
223040_at,0.033018082
209057_x_at,0.03301707
1565641_at,0.033013523
1562915_at,0.033012718
1555565_s_at,0.03301239
202875_s_at,0.0330102
225362_at,0.033009812
212164_at,0.033006802
244580_at,0.033006296
203076_s_at,0.033002645
214107_x_at,0.033001512
243093_at,0.033000275
224345_x_at,0.032999992
210686_x_at,0.032999337
215548_s_at,0.03299871
212342_at,0.032998458
209174_s_at,0.032998085
212452_x_at,0.03299749
230884_s_at,0.03299348
1561868_at,0.032992333
242305_at,0.03299111
205256_at,0.03299068
202909_at,0.032989502
1569368_at,0.03298504
225184_at,0.032981023
211070_x_at,0.03298059
214384_s_at,0.032977045
203314_at,0.032976925
243916_x_at,0.032976687
222207_x_at,0.032975793
219405_at,0.032974213
210470_x_at,0.03297302
207096_at,0.032971054
1569915_at,0.032971025
234753_x_at,0.032970548
244320_at,0.032970347
224987_at,0.03296633
202825_at,0.032965973
202190_at,0.03296587
231927_at,0.03296514
215095_at,0.03296496
205763_s_at,0.0329628
238822_at,0.03296165
212997_s_at,0.03296116
235809_at,0.032961026
225111_s_at,0.032960355
211954_s_at,0.032960236
226200_at,0.032958746
216112_at,0.032958493
213514_s_at,0.03295821
211358_s_at,0.03295596
233679_at,0.032953084
225311_at,0.032952577
212162_at,0.032951176
217833_at,0.03294909
219261_at,0.032948807
202696_at,0.032948762
201102_s_at,0.03294596
211950_at,0.032945186
234216_at,0.032944024
242741_x_at,0.032942683
228970_at,0.03294131
219348_at,0.0329386
212165_at,0.0329386
227213_at,0.03293778
212876_at,0.03293769
215760_s_at,0.032937184
207152_at,0.032934904
228268_at,0.03293167
232610_at,0.032929942
1560434_x_at,0.0329258
212804_s_at,0.032924443
210242_x_at,0.032923907
231831_at,0.032922834
220202_s_at,0.032918796
227141_at,0.032914847
244153_at,0.032914132
231090_s_at,0.032908887
218128_at,0.03290814
225426_at,0.032907054
225863_s_at,0.032904267
1554444_s_at,0.03290312
223818_s_at,0.032901883
202892_at,0.03289582
1569998_at,0.032894954
233245_at,0.032894403
208615_s_at,0.032892883
202356_s_at,0.03288506
211932_at,0.03287956
1558705_at,0.03287834
202700_s_at,0.032877833
1563483_at,0.032876596
1560625_s_at,0.032873824
218127_at,0.032873437
48117_at,0.03287281
217874_at,0.032872677
225870_s_at,0.03287196
223133_at,0.032869756
203810_at,0.032869384
227386_s_at,0.0328691
232681_at,0.032868832
225810_at,0.03286603
204331_s_at,0.032865822
201073_s_at,0.032865345
243196_s_at,0.03286174
218433_at,0.032859907
207436_x_at,0.03285721
230136_at,0.032856196
226580_at,0.032855406
210766_s_at,0.032854468
221708_s_at,0.03285414
218526_s_at,0.0328539
201370_s_at,0.032853752
232902_s_at,0.03284906
213480_at,0.03284836
225811_at,0.03284788
203668_at,0.032847077
215909_x_at,0.032846957
216863_s_at,0.032845065
219698_s_at,0.032841668
202361_at,0.032840908
227967_at,0.032839492
1554809_at,0.03283839
229031_at,0.032837287
222518_at,0.032837123
235217_at,0.032837033
213136_at,0.032836795
201794_s_at,0.032833427
217207_s_at,0.032831922
202635_s_at,0.032829285
228924_s_at,0.032828823
219575_s_at,0.032827213
224522_s_at,0.032825932
209364_at,0.032824755
238475_at,0.03282228
231240_at,0.032820903
213022_s_at,0.032820523
221466_at,0.03281182
214258_x_at,0.032809854
209076_s_at,0.032805085
227616_at,0.03280498
222700_at,0.032803923
1556296_at,0.032803416
225577_at,0.032803312
216583_x_at,0.032802954
227854_at,0.032800615
218593_at,0.032793745
218241_at,0.032789707
238959_at,0.032789603
217486_s_at,0.032788396
1555559_s_at,0.032786563
1559426_at,0.032782435
225210_s_at,0.03278035
203701_s_at,0.032779306
212362_at,0.032778144
221725_at,0.03277749
238656_at,0.032777354
223352_s_at,0.032775253
229905_at,0.03277281
221934_s_at,0.032772273
200743_s_at,0.03277099
203445_s_at,0.032770544
217844_at,0.03276995
215735_s_at,0.032769486
57516_at,0.03276877
228710_at,0.03276515
1558948_a_at,0.032765098
224931_at,0.032763973
218414_s_at,0.03276372
218518_at,0.032762647
215445_x_at,0.032762617
212763_at,0.032761626
206807_s_at,0.032761246
228709_at,0.032761067
203852_s_at,0.032760352
229396_at,0.03275886
218302_at,0.03275752
220776_at,0.03275536
213079_at,0.032754287
208715_at,0.032754064
223151_at,0.0327532
206968_s_at,0.03275229
222479_s_at,0.032751948
64474_g_at,0.03275156
224629_at,0.032750845
231071_at,0.032750487
204480_s_at,0.03274691
212049_at,0.032745987
202224_at,0.032745898
225901_at,0.032745183
228009_x_at,0.032743245
227100_at,0.03274049
213433_at,0.032739222
212375_at,0.032737315
232469_x_at,0.032736465
214403_x_at,0.032734945
1558327_at,0.032734662
212144_at,0.032734424
212178_s_at,0.032731593
217980_s_at,0.03273028
202394_s_at,0.032729775
219096_at,0.032727957
225561_at,0.032727808
201975_at,0.03272775
49077_at,0.032726556
213153_at,0.03272438
204211_x_at,0.032717735
243228_at,0.032717407
201155_s_at,0.03271681
235095_at,0.032716274
218582_at,0.032716244
230734_x_at,0.032714054
37254_at,0.03271386
209141_at,0.032713473
230717_at,0.032713063
219907_at,0.03271298
203155_at,0.032712698
224969_at,0.03271173
223486_at,0.03271006
239391_at,0.0327096
203267_s_at,0.03270954
218632_at,0.03270857
225052_at,0.032708406
213062_at,0.032706797
205634_x_at,0.03270617
202960_s_at,0.032705635
1558896_at,0.03270501
218459_at,0.032704473
207999_s_at,0.032701135
203497_at,0.032699317
224640_at,0.03269896
218060_s_at,0.03269793
231896_s_at,0.032693982
201311_s_at,0.03269264
200919_at,0.032691002
236477_at,0.032690242
238701_x_at,0.032682598
227263_at,0.032682464
201298_s_at,0.03267908
227471_at,0.03267771
1554516_at,0.032676354
226414_s_at,0.03267631
1559754_at,0.032676056
237095_at,0.032675087
214017_s_at,0.03267373
222138_s_at,0.032673627
241983_at,0.032672822
208933_s_at,0.032671243
205427_at,0.032670945
203090_at,0.03266895
233657_at,0.032668203
205911_at,0.032667965
208824_x_at,0.032667562
211364_at,0.03266728
223010_s_at,0.03266722
219665_at,0.032667145
1555775_a_at,0.032667086
211551_at,0.03266433
238346_s_at,0.032662034
223221_at,0.032659948
203616_at,0.03265828
206825_at,0.032655545
229757_at,0.03265524
214222_at,0.03265491
223248_at,0.03265485
201032_at,0.032654017
225370_at,0.032653674
230807_at,0.032653302
1560198_at,0.03265257
201622_at,0.032651186
227981_at,0.032650128
211665_s_at,0.0326491
219286_s_at,0.03264901
235793_at,0.03264755
229640_x_at,0.03264621
234578_at,0.032646075
220032_at,0.03264506
235241_at,0.032640845
224606_at,0.032640338
213659_at,0.03264016
214864_s_at,0.032636344
208941_s_at,0.032636136
224934_at,0.032636106
209698_at,0.032635614
205588_s_at,0.03263524
202398_at,0.032634616
215749_s_at,0.032632604
233893_s_at,0.03263232
225455_at,0.032631695
204833_at,0.032630593
218565_at,0.03262587
228968_at,0.032625303
204375_at,0.032624424
217817_at,0.032622457
243110_x_at,0.032617725
229733_s_at,0.03261532
212267_at,0.032615006
242454_at,0.032613993
230759_at,0.032612234
228460_at,0.032609135
230346_x_at,0.032609098
212798_s_at,0.032607496
230106_at,0.032604232
212047_s_at,0.032601
236192_at,0.03260058
230452_at,0.032600045
208879_x_at,0.032599986
221927_s_at,0.032598317
1553694_a_at,0.032594368
223444_at,0.032592192
232981_s_at,0.032591075
201822_at,0.032590993
213639_s_at,0.032590672
222541_at,0.03259051
212608_s_at,0.032589376
217607_x_at,0.032586813
1559566_at,0.032585934
226589_at,0.032584727
215243_s_at,0.032583117
235817_at,0.032580063
218789_s_at,0.032578453
206992_s_at,0.03257692
1554597_at,0.032575637
203714_s_at,0.032574654
223193_x_at,0.03257394
202066_at,0.032573283
233696_at,0.032572716
209027_s_at,0.032567978
65591_at,0.032566637
222120_at,0.032564893
219920_s_at,0.032564178
208832_at,0.03256315
218030_at,0.032562733
222014_x_at,0.032562137
232647_at,0.032561943
224375_at,0.03255774
1553227_s_at,0.032554224
229113_s_at,0.032553643
235081_x_at,0.032551244
32091_at,0.0325478
222694_at,0.032547668
209895_at,0.03254676
213470_s_at,0.032545015
225182_at,0.03254378
206839_at,0.032543555
203533_s_at,0.03254251
203617_x_at,0.032541826
228886_at,0.03253804
209045_at,0.03253582
1562940_at,0.03253512
233570_at,0.032534733
218430_s_at,0.03253469
212512_s_at,0.0325329
1553603_s_at,0.032532334
213287_s_at,0.032531947
225085_at,0.032531396
202121_s_at,0.0325284
201475_x_at,0.032525808
201519_at,0.032525063
216091_s_at,0.032522812
206360_s_at,0.03252238
55093_at,0.032521695
232983_s_at,0.03252065
221443_x_at,0.03252042
1555238_at,0.03252007
221073_s_at,0.032519758
209376_x_at,0.032519013
209453_at,0.032516554
227805_at,0.032515258
1562106_at,0.0325135
218797_s_at,0.032511294
203244_at,0.032511264
201248_s_at,0.032510877
1565662_at,0.03250797
45714_at,0.032504886
205851_at,0.032503396
243470_at,0.032503158
211933_s_at,0.032502472
233204_at,0.032501012
238574_at,0.032500535
202606_s_at,0.03249827
1559954_s_at,0.03249772
227563_at,0.032497257
223743_s_at,0.0324969
216141_at,0.03249526
223414_s_at,0.032495096
1569053_at,0.032494858
211177_s_at,0.032494634
1566602_at,0.03249392
201512_s_at,0.032489598
218244_at,0.03248638
202354_s_at,0.03248632
1554160_a_at,0.032485068
209302_at,0.032483578
207108_s_at,0.032480627
212031_at,0.03247851
1557944_s_at,0.032478437
226166_x_at,0.032476842
214314_s_at,0.032475054
238026_at,0.032474905
235135_at,0.03247352
219289_at,0.03247273
213944_x_at,0.032471955
225068_at,0.03247133
212815_at,0.032471135
210205_at,0.03247021
1562896_at,0.032470196
204483_at,0.032466546
222125_s_at,0.032465696
202929_s_at,0.03246534
222048_at,0.032457843
222645_s_at,0.032456547
203051_at,0.032454073
1556176_at,0.032452986
224745_x_at,0.03245291
212729_at,0.03245181
202170_s_at,0.03244847
203278_s_at,0.032447606
201458_s_at,0.03244725
225034_at,0.03244725
221787_at,0.032444388
1554317_s_at,0.03244017
215852_x_at,0.032436535
243710_at,0.032435417
225965_at,0.032434687
221260_s_at,0.032431796
217645_at,0.03243172
219190_s_at,0.03242877
212469_at,0.032427043
209577_at,0.03242685
1569935_at,0.03242594
225888_at,0.03242387
201388_at,0.032423243
234106_s_at,0.032420844
208984_x_at,0.032420516
235282_at,0.032417253
1553252_a_at,0.032415718
227977_at,0.03241408
243576_at,0.03241135
224616_at,0.032409698
205060_at,0.032405257
218288_s_at,0.032403737
224635_s_at,0.032402635
212824_at,0.032402575
235021_at,0.03240134
208995_s_at,0.032400757
218282_at,0.032399833
213463_s_at,0.032399505
225007_at,0.032399505
223157_at,0.032399267
201410_at,0.032397985
204593_s_at,0.032396987
209222_s_at,0.032396734
226536_at,0.0323959
216032_s_at,0.03239572
203847_s_at,0.0323956
211779_x_at,0.032394037
1570249_x_at,0.0323928
211212_s_at,0.032392204
1556186_s_at,0.032388225
227797_x_at,0.032386824
204448_s_at,0.032385826
212878_s_at,0.03238368
209375_at,0.032376915
1555737_a_at,0.032375038
202058_s_at,0.032375023
222093_s_at,0.032372788
202405_at,0.032371327
222852_at,0.032370627
228902_at,0.0323696
224323_s_at,0.032358468
232043_at,0.032357916
243570_at,0.032357812
221579_s_at,0.03235522
214496_x_at,0.03235504
202507_s_at,0.032354355
218842_at,0.032353655
206053_at,0.032353505
208667_s_at,0.03235346
59705_at,0.032352798
239358_at,0.032347545
211139_s_at,0.03234504
227986_at,0.032344148
237045_at,0.032343417
235861_at,0.03234242
232877_at,0.032341585
34764_at,0.032341108
1552618_at,0.03233953
211928_at,0.03233853
1559926_at,0.032336965
211318_s_at,0.032336682
221749_at,0.0323354
235558_at,0.032333985
228443_s_at,0.0323323
218480_at,0.032331735
225194_at,0.03233102
200855_at,0.032327563
225339_at,0.03232625
220495_s_at,0.032325417
235398_at,0.032324687
217496_s_at,0.032324567
224703_at,0.032323092
212048_s_at,0.032322824
218152_at,0.032321915
1557073_s_at,0.032317683
212355_at,0.03231758
225211_at,0.03231509
223882_at,0.032314554
218440_at,0.032312006
228334_x_at,0.03231089
223029_s_at,0.032310247
228983_at,0.03230706
227056_at,0.032305956
1560451_at,0.032301977
203552_at,0.032299817
212751_at,0.032298654
204144_s_at,0.032294944
209667_at,0.032291725
1554538_at,0.032290146
228817_at,0.032289505
226986_at,0.03228925
204206_at,0.03228593
220082_at,0.03228587
218562_s_at,0.03228429
234936_s_at,0.032283068
220942_x_at,0.03228265
216698_x_at,0.03228143
218994_s_at,0.032280564
223346_at,0.032280162
221657_s_at,0.03227611
233933_s_at,0.03227277
203048_s_at,0.032271534
215758_x_at,0.03227076
223390_at,0.032269165
218478_s_at,0.032268286
234611_at,0.032264158
218634_at,0.032263875
219507_at,0.03226383
227964_at,0.03226322
220947_s_at,0.032262817
241246_at,0.032261103
210389_x_at,0.032259226
201122_x_at,0.03225863
213571_s_at,0.03225863
202846_s_at,0.032257766
211047_x_at,0.03225553
222588_s_at,0.03225541
222525_s_at,0.03225538
238020_at,0.032254696
205664_at,0.032253236
226967_at,0.03224407
202574_s_at,0.032242
214274_s_at,0.0322406
218471_s_at,0.03224054
1568704_a_at,0.0322389
243604_at,0.03223738
214330_at,0.032237172
222516_at,0.032236278
219988_s_at,0.03223476
221712_s_at,0.032230824
215699_x_at,0.032230183
225967_s_at,0.03222871
213979_s_at,0.032228425
233230_s_at,0.03222777
223269_at,0.032227695
239602_at,0.032227263
221426_s_at,0.032227054
204812_at,0.032226294
231894_at,0.032224506
244287_at,0.03222221
218752_at,0.032221615
229509_at,0.03222069
212359_s_at,0.032220602
218571_s_at,0.032218248
231809_x_at,0.03221816
233623_at,0.03221664
1557120_at,0.032215208
212744_at,0.03221266
1554351_a_at,0.032212526
229758_at,0.032210886
1560433_at,0.032208383
227378_x_at,0.03220731
220547_s_at,0.03220457
211727_s_at,0.032200396
1557729_at,0.032197967
216323_x_at,0.032193482
226330_s_at,0.032191217
228070_at,0.03218901
206469_x_at,0.03218864
219981_x_at,0.032188535
202739_s_at,0.032187298
202886_s_at,0.03218706
202735_at,0.03218621
201239_s_at,0.03218618
212814_at,0.032186016
201960_s_at,0.032185197
233182_x_at,0.03218463
233541_at,0.0321846
1566990_x_at,0.03218253
1553987_at,0.032182157
214901_at,0.03218186
205865_at,0.032178223
218425_at,0.032176837
210581_x_at,0.03217618
219384_s_at,0.03217569
226943_at,0.03217429
230790_x_at,0.032173082
1564816_at,0.03217125
228627_at,0.03217043
232683_s_at,0.032170117
209511_at,0.032167464
213567_at,0.03216505
218874_s_at,0.032163665
212696_s_at,0.032162458
226447_at,0.032161713
212028_at,0.032161087
1563063_at,0.032159507
238319_at,0.032159023
222489_s_at,0.032152712
203152_at,0.032152683
213239_at,0.03215243
243843_at,0.03214729
201483_s_at,0.032146394
243304_at,0.03214617
1560596_at,0.032145947
231487_at,0.03214182
228301_x_at,0.03213948
205197_s_at,0.032139152
224988_at,0.03213878
215023_s_at,0.032138363
201748_s_at,0.032134414
221194_s_at,0.032133922
205199_at,0.032132067
207319_s_at,0.032131135
201238_s_at,0.03212768
232065_x_at,0.03212419
224667_x_at,0.032124102
215227_x_at,0.032123625
234665_x_at,0.03212346
215383_x_at,0.032122314
225156_at,0.032121837
233122_at,0.03211917
226406_at,0.03211218
201498_at,0.03210646
226998_at,0.032103494
1557353_at,0.032101855
224284_x_at,0.032099456
226332_at,0.032099456
1560981_a_at,0.03209752
209139_s_at,0.03209433
225277_at,0.032093063
1554465_s_at,0.03208965
217850_at,0.032084227
222060_at,0.032081768
201229_s_at,0.03208159
207724_s_at,0.032080576
218958_at,0.032080352
1567913_at,0.032078862
217355_at,0.032076232
225916_at,0.03207174
222986_s_at,0.032070518
215439_x_at,0.032067746
218499_at,0.03206712
218838_s_at,0.03206542
205215_at,0.032065317
226838_at,0.032063544
215712_s_at,0.03206013
225218_at,0.032057375
204245_s_at,0.03205186
1553845_x_at,0.03205183
1558052_at,0.032051332
216715_at,0.032046974
202126_at,0.032046556
201303_at,0.032045215
225397_at,0.032043114
201956_s_at,0.03204173
218595_s_at,0.032038048
1567539_at,0.032035112
239395_at,0.032034308
216437_at,0.03203188
225587_at,0.032029748
226340_x_at,0.032027185
218575_at,0.032027096
208800_at,0.03202641
244698_at,0.032024607
215040_at,0.032023028
237919_at,0.032020986
216960_s_at,0.032019317
222006_at,0.032019064
213396_s_at,0.03201881
225427_s_at,0.03201604
217830_s_at,0.032010138
224462_s_at,0.032007962
202106_at,0.032003164
242256_x_at,0.03200248
211532_x_at,0.03200234
201908_at,0.03200215
206771_at,0.032001793
218037_at,0.032001704
210379_s_at,0.031998307
203737_s_at,0.03199771
201531_at,0.03199655
226293_at,0.03199619
228364_at,0.031995118
203258_at,0.03199497
229099_at,0.03199427
201205_at,0.031994
204813_at,0.031992808
220200_s_at,0.03199078
207520_at,0.03198901
204136_at,0.03198749
1553399_a_at,0.03198704
204366_s_at,0.031986713
218766_s_at,0.03198479
221257_x_at,0.031984627
228089_x_at,0.03198424
204578_at,0.031983435
235434_at,0.031977102
218895_at,0.0319746
209998_at,0.031973273
1558381_a_at,0.031972423
229984_at,0.031971768
207629_s_at,0.031968936
235263_at,0.031965554
202622_s_at,0.03196062
224450_s_at,0.031957805
220033_at,0.031955317
225808_at,0.031955063
225695_at,0.031953678
213402_at,0.031953648
219174_at,0.031951368
226110_at,0.031951338
1554631_at,0.031949997
228138_at,0.031949148
227102_at,0.03194709
224743_at,0.031946003
217043_s_at,0.031943902
228043_at,0.03194216
241680_at,0.031941906
227608_at,0.031938672
235907_at,0.031937405
235689_at,0.03193733
224416_s_at,0.031936094
209240_at,0.03193587
218125_s_at,0.03193587
213778_x_at,0.031935796
201729_s_at,0.03193438
226929_at,0.031933904
201479_at,0.031933546
216295_s_at,0.03193319
220968_s_at,0.031931162
212867_at,0.031931043
207283_at,0.03192988
214202_at,0.03192644
239375_at,0.03192638
203909_at,0.031926155
242108_at,0.03192535
201856_s_at,0.031923234
213140_s_at,0.031921387
219925_at,0.031916946
1552620_at,0.03191413
231770_x_at,0.031914085
222527_s_at,0.0319131
226255_at,0.031910777
203503_s_at,0.03190942
209231_s_at,0.031907707
1554542_at,0.03190744
227765_at,0.03190568
213822_s_at,0.031904012
1556122_at,0.031903796
234882_at,0.03190364
1563639_a_at,0.031903476
203855_at,0.0319027
220938_s_at,0.031902686
223301_s_at,0.031902596
235011_at,0.031902
210203_at,0.03190182
214634_at,0.03189966
206654_s_at,0.03189963
1556976_s_at,0.03189902
200761_s_at,0.031896383
209073_s_at,0.031895757
212202_s_at,0.031894296
218674_at,0.031887636
202470_s_at,0.031887412
215090_x_at,0.031887382
201628_s_at,0.031887352
201967_at,0.031887144
225928_at,0.031885847
217782_s_at,0.031884134
206562_s_at,0.031883657
207253_s_at,0.031883553
211416_x_at,0.03188181
206353_at,0.03188163
223831_x_at,0.031881332
227039_at,0.031879723
1564369_at,0.031877935
233656_s_at,0.03187713
226386_at,0.031874985
217864_s_at,0.031874657
221176_x_at,0.0318729
205836_s_at,0.03187135
207904_s_at,0.031871185
240106_at,0.031870395
243511_at,0.031868577
202798_at,0.03186798
211016_x_at,0.031866238
226870_at,0.031865984
202070_s_at,0.03186515
1553967_at,0.03186387
229460_at,0.031862587
223417_at,0.031861126
218239_s_at,0.03186035
204785_x_at,0.031856716
221613_s_at,0.03185439
217027_x_at,0.03185314
214075_at,0.031851947
218061_at,0.03185162
223808_s_at,0.031850964
226195_at,0.031847984
202993_at,0.031846896
1555880_at,0.03184468
222893_s_at,0.031844124
1563296_at,0.031841487
1554177_a_at,0.031841308
210672_s_at,0.031840026
1564886_at,0.03183846
214994_at,0.03183733
65630_at,0.031833142
218680_x_at,0.031832874
203150_at,0.0318328
203137_at,0.03183219
218348_s_at,0.03183201
218003_s_at,0.031831384
233759_s_at,0.0318228
227820_at,0.031820387
1568781_at,0.031819463
225724_at,0.031819075
207268_x_at,0.031818524
212429_s_at,0.031815052
240945_at,0.031808853
1569683_at,0.03180726
204461_x_at,0.03180632
232207_at,0.031802416
34858_at,0.031801
202019_s_at,0.031799525
222510_s_at,0.03179902
201633_s_at,0.03179741
209411_s_at,0.03179255
206769_at,0.03178215
228330_at,0.03178163
223271_s_at,0.031781197
201683_x_at,0.03177783
224867_at,0.03177771
1554043_a_at,0.031776696
237609_at,0.031776324
31826_at,0.031775743
204274_at,0.031775296
213264_at,0.031775087
238807_at,0.031774595
213918_s_at,0.031771213
212499_s_at,0.03176707
237347_at,0.0317654
210870_s_at,0.03176482
224926_at,0.031763747
215394_at,0.031760685
40465_at,0.03175792
1556205_at,0.031757027
242159_at,0.03175299
229500_at,0.031752214
225488_at,0.031751692
225795_at,0.031748354
223009_at,0.031748027
202337_at,0.031746894
211926_s_at,0.031746298
231305_at,0.031745628
202331_at,0.031743944
209004_s_at,0.031741828
222131_x_at,0.03173928
202064_s_at,0.03173639
202047_s_at,0.031735778
222158_s_at,0.031734377
236122_at,0.03173408
200917_s_at,0.031733036
222612_at,0.0317308
225118_at,0.031729504
224713_at,0.03172849
1557370_s_at,0.03172815
233540_s_at,0.031727552
243414_at,0.031726032
212380_at,0.031725764
227145_at,0.031724736
203310_at,0.03172341
231841_s_at,0.031720325
204202_at,0.031717554
206180_x_at,0.031711638
1553718_at,0.03171116
212408_at,0.031709492
224850_at,0.031706423
228541_x_at,0.03170584
216647_at,0.031705216
213322_at,0.031705007
212026_s_at,0.0317045
228312_at,0.031697467
222130_s_at,0.031695917
1554691_a_at,0.03169577
1561369_at,0.031694084
212920_at,0.031693637
224177_s_at,0.031692967
1555514_a_at,0.031692937
239592_at,0.03169146
222673_x_at,0.03168851
202069_s_at,0.031687528
1558459_s_at,0.031683892
1561749_at,0.031683892
223258_s_at,0.031681955
226048_at,0.031679124
208828_at,0.03167811
218098_at,0.03167391
212114_at,0.031671822
223051_at,0.03166887
223504_at,0.031668454
1555974_a_at,0.031665295
205895_s_at,0.031665176
224430_s_at,0.031665117
226341_at,0.031663984
219333_s_at,0.03165883
201399_s_at,0.031657606
201493_s_at,0.031654954
210774_s_at,0.031654775
215032_at,0.03165303
231764_at,0.03165248
242647_at,0.03165187
225538_at,0.031651333
209896_s_at,0.03165096
208638_at,0.0316509
208745_at,0.031650186
211971_s_at,0.031647414
229812_at,0.03164734
209258_s_at,0.031645983
221192_x_at,0.031645462
202604_x_at,0.031645194
224963_at,0.031642675
1554155_at,0.0316426
239151_at,0.03164175
222708_s_at,0.031640247
1557158_s_at,0.03163351
217342_x_at,0.031630084
1557820_at,0.031629205
228622_s_at,0.03162855
229752_at,0.03162849
218423_x_at,0.031625807
223140_s_at,0.031622767
237005_at,0.031622007
203199_s_at,0.031621084
223124_s_at,0.031620473
215089_s_at,0.031620175
220553_s_at,0.03161928
1561894_at,0.03161919
202171_at,0.031613916
206709_x_at,0.031613708
223363_at,0.031612635
229742_at,0.031611413
239207_at,0.031610563
1555301_a_at,0.031610206
1556151_at,0.0316059
201823_s_at,0.031605393
1566144_at,0.031604484
217695_x_at,0.03160326
225506_at,0.03159994
1554987_at,0.03159993
219459_at,0.031594902
220758_s_at,0.031594142
1569690_at,0.03159283
226451_at,0.031592175
222190_s_at,0.03158857
219449_s_at,0.031588525
211255_x_at,0.031586066
201864_at,0.031583518
218132_s_at,0.03158334
225131_at,0.031582773
212159_x_at,0.031580016
221849_s_at,0.03157991
212887_at,0.03157884
219473_at,0.031577498
203652_at,0.031573653
209256_s_at,0.031572193
219028_at,0.03156838
227527_at,0.031567454
225982_at,0.03156501
236467_at,0.031561688
202567_at,0.031561136
230259_at,0.031560987
221605_s_at,0.03155914
209192_x_at,0.03155817
221025_x_at,0.031558007
1570566_at,0.031556368
239284_at,0.03155616
224628_at,0.031555474
1556646_at,0.031552613
218482_at,0.031552553
231541_s_at,0.03155254
222523_at,0.031552374
222199_s_at,0.031549692
216521_s_at,0.031549692
229100_s_at,0.03154923
218938_at,0.031543657
1556507_at,0.031541407
200856_x_at,0.031541348
213655_at,0.03154117
220734_s_at,0.03154081
220178_at,0.03154035
224709_s_at,0.031540304
1559927_a_at,0.031539336
1569640_s_at,0.03153546
208042_at,0.03153391
237289_at,0.031533614
233173_x_at,0.03153357
1564203_at,0.031531468
220083_x_at,0.031528518
1555390_at,0.031525448
202576_s_at,0.031523094
32540_at,0.03152141
214550_s_at,0.031520784
1556279_at,0.03152059
1557189_at,0.031519994
212953_x_at,0.031519234
218201_at,0.031516433
229410_at,0.031512216
222697_s_at,0.03151159
235804_at,0.031510055
219579_at,0.03150958
217225_x_at,0.031506747
1556442_x_at,0.031505883
231658_x_at,0.031505197
230826_at,0.031501576
209217_s_at,0.0315001
208943_s_at,0.03149748
209787_s_at,0.0314959
226315_at,0.03149429
214666_x_at,0.031494096
238086_at,0.031493843
242995_at,0.031491518
225405_at,0.031490743
217855_x_at,0.03148973
206900_x_at,0.03148885
227009_at,0.031486273
1562719_at,0.031483963
241817_at,0.031482115
225257_at,0.031480193
225253_s_at,0.031479284
224639_at,0.03147757
44822_s_at,0.03147526
210288_at,0.031475052
226767_s_at,0.03147164
211974_x_at,0.031465113
213851_at,0.031465054
238888_at,0.03146471
1555311_at,0.03146425
209104_s_at,0.03146276
1570156_s_at,0.03146082
217588_at,0.031459138
235253_at,0.031458527
208642_s_at,0.031457305
242032_at,0.03145723
1559002_at,0.0314541
223147_s_at,0.031448945
203449_s_at,0.03144884
227063_at,0.03144884
212137_at,0.031441867
208486_at,0.031441018
212585_at,0.031440556
64371_at,0.031440526
1556227_at,0.031438485
200961_at,0.03143844
202758_s_at,0.031437904
241825_at,0.03143753
239772_x_at,0.031437322
216199_s_at,0.0314368
226092_at,0.03143519
211406_at,0.03143315
217793_at,0.03143087
212033_at,0.031428695
1557008_at,0.031427458
212757_s_at,0.031424746
218661_at,0.03142163
202344_at,0.0314216
207578_s_at,0.031421363
213799_s_at,0.03142096
1568877_a_at,0.031419158
221206_at,0.031418294
204837_at,0.03141728
211009_s_at,0.031416237
219678_x_at,0.03141603
212645_x_at,0.031415805
200850_s_at,0.031415552
229887_at,0.031415045
225096_at,0.03141296
1567014_s_at,0.03140959
238387_s_at,0.031409517
209444_at,0.031405658
208781_x_at,0.031402886
210110_x_at,0.031401664
223139_s_at,0.031399876
241996_at,0.03139788
207543_s_at,0.03139776
223712_at,0.031395555
235584_at,0.031395063
230873_at,0.031392723
240435_at,0.03139075
229807_s_at,0.031389743
202916_s_at,0.03138964
233632_s_at,0.03138876
209945_s_at,0.031388372
1554471_a_at,0.031383812
242475_at,0.031383008
228774_at,0.031382054
204877_s_at,0.031381875
238010_at,0.031377017
244133_at,0.03137578
1566454_at,0.031373367
224366_s_at,0.031372547
201164_s_at,0.031370252
1569520_at,0.03136775
234299_s_at,0.031366765
238700_at,0.031363457
39705_at,0.03136027
222713_s_at,0.03136009
1569931_at,0.03135352
217685_at,0.03135
243895_x_at,0.031349823
1559658_at,0.031345353
212371_at,0.031344086
200845_s_at,0.031340837
232702_at,0.03133753
243507_s_at,0.031336397
213064_at,0.031336114
213892_s_at,0.031331092
227464_at,0.03132738
201914_s_at,0.031326234
224868_at,0.03132467
228610_at,0.03132406
218626_at,0.031323925
222728_s_at,0.03132388
1558094_s_at,0.03132339
202163_s_at,0.031319797
204423_at,0.031319752
223175_s_at,0.031318337
227327_at,0.031316996
203635_at,0.031316042
224670_at,0.03131421
223420_at,0.031314045
215994_x_at,0.031312108
238679_at,0.031310275
205550_s_at,0.031309426
1559867_at,0.031307682
242735_x_at,0.03130755
1569091_at,0.031307086
212927_at,0.03130451
211711_s_at,0.031303912
236514_at,0.031303033
210639_s_at,0.031303003
217608_at,0.031302124
233063_s_at,0.031301647
213635_s_at,0.031301312
1561918_at,0.03129834
212588_at,0.03129804
210879_s_at,0.03129585
233399_x_at,0.031294927
202303_x_at,0.031294882
234322_at,0.03129433
227423_at,0.031291768
1560116_a_at,0.031289995
1553528_a_at,0.031289995
1555277_a_at,0.031287223
235131_at,0.031286
225586_at,0.03128338
218004_at,0.03128305
222220_s_at,0.031282008
202918_s_at,0.031281173
203514_at,0.031280488
231959_at,0.03127344
219178_at,0.031273022
219200_at,0.031271473
213173_at,0.03126985
201408_at,0.03126949
217908_s_at,0.03126788
202610_s_at,0.031265378
228041_at,0.031265035
1561571_at,0.03126113
218419_s_at,0.03126076
55705_at,0.031259894
222439_s_at,0.031258583
228130_at,0.03125757
219940_s_at,0.031254932
224788_at,0.03125435
228114_x_at,0.03125426
225826_at,0.031253755
235552_at,0.03125365
239728_at,0.031249017
238023_at,0.031243712
209861_s_at,0.031239986
242015_x_at,0.031236097
231901_at,0.031233922
203272_s_at,0.031227916
218566_s_at,0.031224072
1558202_at,0.03122358
230194_at,0.031222984
214759_at,0.03122124
217348_x_at,0.031220049
243217_at,0.031217113
204692_at,0.031217024
1564444_at,0.03121239
1557586_s_at,0.031210333
1556201_at,0.031208962
201895_at,0.031208843
235433_at,0.031208247
204831_at,0.03120783
244728_at,0.031207234
46167_at,0.031205133
223032_x_at,0.03120482
219444_at,0.031203821
238813_at,0.03119962
200020_at,0.031197876
235257_at,0.031195834
220395_at,0.031194434
235509_at,0.0311943
221227_x_at,0.031193972
217961_at,0.03119111
201336_at,0.031190991
244498_x_at,0.031190574
204313_s_at,0.031188726
202097_at,0.031188667
204016_at,0.031187803
212684_at,0.031185627
203892_at,0.031185374
225094_at,0.031184673
231056_at,0.031182721
220297_at,0.031181216
232516_x_at,0.031180635
210573_s_at,0.031178862
242619_x_at,0.031177789
211801_x_at,0.031177387
219483_s_at,0.031176552
214749_s_at,0.031175017
200710_at,0.031173944
209786_at,0.031170666
1552279_a_at,0.031169951
217467_at,0.03116934
226053_at,0.031168655
228135_at,0.031167865
231059_x_at,0.031167597
200701_at,0.031167567
1556551_s_at,0.031166285
218105_s_at,0.031164914
201223_s_at,0.03116411
203575_at,0.031159222
221423_s_at,0.031158954
205731_s_at,0.031156749
238639_x_at,0.03115414
234486_at,0.031149149
213526_s_at,0.031148195
1570552_at,0.031144828
203173_s_at,0.03114155
35150_at,0.031139567
208132_x_at,0.031137645
225490_at,0.031136885
212275_s_at,0.031135976
220050_at,0.031134546
207953_at,0.0311331
222494_at,0.031133056
203775_at,0.031132638
218483_s_at,0.031124711
229720_at,0.031115532
227207_x_at,0.031115443
201886_at,0.031114042
229255_x_at,0.03111294
1554091_a_at,0.031111002
237875_at,0.03110914
218048_at,0.031108677
209259_s_at,0.031108141
204706_at,0.031106696
203277_at,0.031105578
228012_at,0.031104267
222561_at,0.03110081
217863_at,0.03109917
220371_s_at,0.031099007
211063_s_at,0.031095386
233912_x_at,0.03109312
1553262_a_at,0.031093046
202795_x_at,0.031092077
210970_s_at,0.031091303
229338_at,0.031089902
221811_at,0.031089574
1554241_at,0.0310857
216702_x_at,0.03108567
218586_at,0.031083792
213885_at,0.031083465
206003_at,0.031082034
207769_s_at,0.03108044
201275_at,0.031080037
219640_at,0.031077683
229466_at,0.031074211
219019_at,0.031074166
1552978_a_at,0.031072393
212766_s_at,0.031072006
233110_s_at,0.031070173
214283_at,0.031068966
208854_s_at,0.031068385
222681_at,0.031065911
212871_at,0.031064272
213387_at,0.031060949
227887_at,0.031060517
219078_at,0.031058952
215009_s_at,0.031058103
231602_at,0.031056657
208796_s_at,0.031056285
232540_x_at,0.031055838
230379_x_at,0.031055644
1558027_s_at,0.031053007
228743_at,0.03105086
212550_at,0.031050324
225851_at,0.031047836
214155_s_at,0.031046867
224502_s_at,0.031045198
208174_x_at,0.031043768
231839_at,0.031040788
229336_at,0.031039268
210188_at,0.031038404
1568408_x_at,0.03103596
222200_s_at,0.031033069
238007_at,0.031031191
1562674_at,0.031030677
210101_x_at,0.03102976
231016_s_at,0.031028226
1569302_at,0.031027019
213754_s_at,0.031025112
222737_s_at,0.031023055
221435_x_at,0.03102167
236594_at,0.031020775
233214_at,0.031019881
209817_at,0.031019777
217635_s_at,0.031012177
222473_s_at,0.03100866
200758_s_at,0.031007916
64440_at,0.031007767
203262_s_at,0.031007648
217749_at,0.03100498
211043_s_at,0.03100419
240482_at,0.031002596
201919_at,0.030995637
228420_at,0.030993327
202414_at,0.030991197
210710_at,0.030990914
204024_at,0.03099078
221050_s_at,0.03099075
227028_s_at,0.030989774
208815_x_at,0.030987471
233665_x_at,0.030987203
1565843_s_at,0.030982718
240651_at,0.0309823
209416_s_at,0.030980125
227450_at,0.030979156
210580_x_at,0.030975997
201499_s_at,0.030975193
211289_x_at,0.03097321
224714_at,0.03097266
204195_s_at,0.03097248
225679_at,0.030972347
217555_at,0.030970976
214474_at,0.030970931
215739_s_at,0.030969977
220329_s_at,0.030968532
224326_s_at,0.030967906
211405_x_at,0.030967578
212438_at,0.030965209
204630_s_at,0.030964345
236350_at,0.0309612
236719_at,0.030961156
227322_s_at,0.030960023
214789_x_at,0.030956745
214659_x_at,0.030953318
228014_at,0.030951366
234991_at,0.030950874
235747_at,0.030950367
228823_at,0.030950338
229131_at,0.030949533
218204_s_at,0.030947939
221742_at,0.03094773
1562681_at,0.030938655
228856_at,0.030938253
205877_s_at,0.03093803
201974_s_at,0.030936927
213087_s_at,0.030936792
201244_s_at,0.030932963
224395_s_at,0.030932754
1558237_x_at,0.030928642
218286_s_at,0.030923963
209257_s_at,0.030920237
217873_at,0.030920208
243973_at,0.030917317
212697_at,0.03091687
216380_x_at,0.030916423
230724_s_at,0.030916303
227138_at,0.030914247
207753_at,0.03091313
202230_s_at,0.030912697
225991_at,0.030911833
222481_at,0.030909777
226723_at,0.030907422
221673_s_at,0.030904703
1569409_x_at,0.030901805
204074_s_at,0.030901581
232652_x_at,0.030899525
225859_at,0.030890554
1557768_at,0.030890279
215690_x_at,0.030890018
204090_at,0.030887768
218166_s_at,0.030887038
229018_at,0.030885532
225860_at,0.030879185
1566146_x_at,0.030877829
222338_x_at,0.030876398
225774_at,0.030874684
218277_s_at,0.030874372
215424_s_at,0.030870914
211763_s_at,0.030867964
220963_s_at,0.03086681
203732_at,0.030865416
202025_x_at,0.030865133
203364_s_at,0.030864567
222438_at,0.030863672
215364_s_at,0.03086038
1552417_a_at,0.03085649
209910_at,0.030856282
212403_at,0.030854627
230267_at,0.030853808
220079_s_at,0.030853093
218339_at,0.030852348
223107_s_at,0.03085193
225404_at,0.03085056
214333_x_at,0.030850291
203190_at,0.030847698
226749_at,0.03084755
225880_at,0.030847386
212669_at,0.030844525
212969_x_at,0.03084299
1565765_x_at,0.030838057
222452_s_at,0.030838042
200871_s_at,0.030836463
219235_s_at,0.030834869
225976_at,0.030833185
208921_s_at,0.030830175
1560631_at,0.030829012
239601_at,0.030828655
223539_s_at,0.03082773
205486_at,0.030826598
200611_s_at,0.030825138
212718_at,0.030824423
223485_at,0.030822024
244534_at,0.03081949
217353_at,0.030818641
218256_s_at,0.030815482
204644_at,0.030815467
216680_s_at,0.03081511
38710_at,0.030812025
222562_s_at,0.03081122
213011_s_at,0.030805767
226398_s_at,0.030800909
31861_at,0.03080006
223053_x_at,0.030799866
213389_at,0.030799001
230611_at,0.03079778
222584_at,0.03079155
221769_at,0.030790985
221827_at,0.030790985
204227_s_at,0.030788794
212864_at,0.0307872
222626_at,0.03078343
212625_at,0.030783415
202092_s_at,0.030783415
204977_at,0.030779243
222991_s_at,0.03077726
229511_at,0.030775115
242992_at,0.030767947
212156_at,0.030767798
242223_at,0.03076598
48531_at,0.030765533
223013_at,0.030764818
226569_s_at,0.030763194
221812_at,0.030763
203389_at,0.030757546
225992_at,0.030754745
218716_x_at,0.030754536
238972_at,0.030753136
227658_s_at,0.030752689
227293_at,0.0307526
1566003_x_at,0.030751184
231629_x_at,0.030751094
221306_at,0.030749217
53987_at,0.030746147
207500_at,0.030744568
1555594_a_at,0.030742928
1555837_s_at,0.030742407
211152_s_at,0.030740649
220746_s_at,0.03073752
1554411_at,0.03073673
214662_at,0.030735195
204538_x_at,0.030729651
209008_x_at,0.030729368
1556533_at,0.030728713
213027_at,0.030727327
227541_at,0.030724332
205245_at,0.030723915
242554_at,0.030722484
226149_at,0.030719489
217985_s_at,0.030714244
204323_x_at,0.030713707
212885_at,0.030712366
1553709_a_at,0.030711725
234838_at,0.030711122
207983_s_at,0.030709505
204670_x_at,0.030709445
212740_at,0.030708417
231995_at,0.030708015
1561705_at,0.030707285
203525_s_at,0.03070721
211696_x_at,0.030700743
225969_at,0.030699551
207305_s_at,0.03069818
223050_s_at,0.030694708
214220_s_at,0.030692697
91617_at,0.03068979
222497_x_at,0.03068903
1568699_at,0.030688599
204117_at,0.030686498
222105_s_at,0.030682549
226373_at,0.030681401
204278_s_at,0.030667454
222779_s_at,0.03066641
1555764_s_at,0.030666322
35156_at,0.03066197
216381_x_at,0.030660108
227042_at,0.030655697
1552558_a_at,0.030655354
219485_s_at,0.030654669
202211_at,0.030653208
226135_at,0.030652553
1570198_x_at,0.030648291
231923_at,0.030648246
1559765_a_at,0.03064531
203308_x_at,0.030644298
220691_at,0.030643702
1555858_at,0.030643672
210160_at,0.030643076
216274_s_at,0.030641794
201214_s_at,0.030641377
223231_at,0.030641347
241704_x_at,0.030640751
215519_x_at,0.030639857
222825_at,0.030639574
225153_at,0.030634433
209744_x_at,0.030629203
242129_at,0.030629188
200861_at,0.03062895
206855_s_at,0.030627802
201455_s_at,0.030627415
230921_s_at,0.03062421
212425_at,0.03062296
203106_s_at,0.030622318
212051_at,0.030616194
202776_at,0.030614853
205435_s_at,0.03061466
222665_at,0.03061086
1556222_at,0.030608699
1555981_at,0.030608296
215607_x_at,0.030606061
218449_at,0.030604348
236518_at,0.030601993
33760_at,0.030601606
217860_at,0.030600786
205546_s_at,0.030600756
202277_at,0.030600458
205750_at,0.03059873
241095_at,0.030596077
209303_at,0.030596077
202618_s_at,0.030596003
228308_at,0.030595899
227581_at,0.030592173
205162_at,0.030587807
241395_at,0.030585468
223082_at,0.030582815
202333_s_at,0.030582428
213631_x_at,0.030581295
203553_s_at,0.030581206
201770_at,0.030581117
206212_at,0.030580997
202461_at,0.030580461
242609_x_at,0.030580267
45653_at,0.030579552
201591_s_at,0.030575216
209665_at,0.030575216
229567_at,0.030574366
203605_at,0.0305731
203091_at,0.030570865
1562664_at,0.030569002
1565603_at,0.030567244
240757_at,0.03056547
214578_s_at,0.030562013
221988_at,0.030558735
202629_at,0.030553937
223096_at,0.030549884
232515_at,0.030549616
202867_s_at,0.030549496
214527_s_at,0.030549258
219411_at,0.030544639
210011_s_at,0.03054373
224318_s_at,0.030541927
200920_s_at,0.030541778
215533_s_at,0.030540928
234807_x_at,0.030535847
226577_at,0.03053552
228198_s_at,0.030534372
205811_at,0.030532718
222244_s_at,0.03053251
213788_s_at,0.030532137
222495_at,0.030532062
224981_at,0.030528843
203341_at,0.03052789
1560071_a_at,0.030524328
214182_at,0.030523568
213671_s_at,0.030521363
209595_at,0.030518875
221701_s_at,0.03051792
221604_s_at,0.030517682
1558529_s_at,0.030516192
221335_x_at,0.030516028
218855_at,0.030511588
213290_at,0.030507147
212066_s_at,0.030506134
216210_x_at,0.030505776
201700_at,0.030505478
1555447_at,0.030504912
213161_at,0.030501634
217040_x_at,0.030501485
209666_s_at,0.03050059
214838_at,0.030499607
223294_at,0.030498743
226567_at,0.03049779
231017_at,0.03049761
203330_s_at,0.030496255
243020_at,0.03049554
202009_at,0.030493334
227927_at,0.030491546
219544_at,0.030491278
210235_s_at,0.03049104
225986_x_at,0.030490786
1554237_at,0.030490085
1557207_s_at,0.030488998
239452_at,0.030487359
206451_at,0.030483618
209009_at,0.030481577
217716_s_at,0.030478597
201190_s_at,0.030477881
219849_at,0.030477434
213054_at,0.030477375
201598_s_at,0.030475244
244368_x_at,0.03047207
225170_at,0.030471638
201047_x_at,0.030469805
215861_at,0.030469164
1561093_at,0.030468956
1569305_a_at,0.030468851
202839_s_at,0.030465275
205091_x_at,0.030462652
231251_at,0.030461565
202541_at,0.030460507
221513_s_at,0.030459374
241757_x_at,0.030457273
221020_s_at,0.030454665
226588_at,0.03045407
1568600_at,0.030453846
201423_s_at,0.030453458
201511_at,0.030452594
224621_at,0.030449688
228577_x_at,0.030448884
236605_at,0.030446231
202866_at,0.030438736
218860_at,0.030438438
233842_x_at,0.030436307
226839_at,0.030435175
202334_s_at,0.030434579
234998_at,0.030433387
213859_x_at,0.030431867
230934_at,0.030424833
210515_at,0.030423611
241820_at,0.030418202
242885_at,0.030416831
1559126_at,0.030415118
209196_at,0.030412972
242778_at,0.03041026
205198_s_at,0.030409902
201076_at,0.030405134
236368_at,0.0304026
223191_at,0.030395538
226833_at,0.030394584
1554341_a_at,0.030393869
209216_at,0.030392706
221789_x_at,0.030389741
238495_at,0.030389488
228916_at,0.030389324
1552510_at,0.03038849
207323_s_at,0.030387595
229884_s_at,0.030387267
223545_at,0.030385524
221970_s_at,0.030383587
219226_at,0.030381918
1563030_at,0.030379698
219492_at,0.030379355
222581_at,0.030378535
1553803_at,0.030376464
224824_at,0.030373573
221472_at,0.030372709
243887_at,0.03037098
221826_at,0.030370891
200996_at,0.030369699
214427_at,0.030368358
238789_at,0.030367896
225244_at,0.03036511
239843_at,0.030364528
220956_s_at,0.030364245
218932_at,0.03036271
221939_at,0.030360118
227447_at,0.030359149
215545_at,0.030358732
225267_at,0.030358374
224756_s_at,0.030357778
211594_s_at,0.03035599
212212_s_at,0.030355304
207598_x_at,0.030355155
209934_s_at,0.030351788
203883_s_at,0.030351594
212532_s_at,0.030350924
1566823_a_at,0.030348152
218089_at,0.030346692
226217_at,0.030346096
225555_x_at,0.030345634
222011_s_at,0.030344844
215022_x_at,0.0303438
220048_at,0.030342773
223039_at,0.030342072
212381_at,0.030341774
226566_at,0.03034009
242533_at,0.030339926
210775_x_at,0.030339688
202428_x_at,0.030338615
219041_s_at,0.030331582
239342_at,0.030330867
1555470_a_at,0.030329391
226466_s_at,0.030328885
200822_x_at,0.03032884
203095_at,0.030328244
32029_at,0.030325636
214356_s_at,0.030325562
222609_s_at,0.030321956
205351_at,0.030319378
230223_at,0.030317336
222151_s_at,0.030312672
212693_at,0.030311555
203342_at,0.030310467
227089_at,0.030310184
1552301_a_at,0.030308768
213404_s_at,0.03030765
32209_at,0.030307263
228226_s_at,0.03030166
223473_at,0.03030166
212928_at,0.030300021
201207_at,0.030299842
222335_at,0.0302978
201730_s_at,0.030296952
203077_s_at,0.030295342
234294_x_at,0.030295104
201209_at,0.030291855
216119_s_at,0.030289903
243976_at,0.030287966
222514_at,0.030287743
207499_x_at,0.030286208
241783_at,0.030284777
225663_at,0.030282795
235677_at,0.030282766
238686_at,0.030281335
204353_s_at,0.030280396
239031_at,0.030279301
201992_s_at,0.030278176
1554839_at,0.030276895
215905_s_at,0.030276582
217269_s_at,0.03027147
230667_at,0.030270979
1554168_a_at,0.030269235
203905_at,0.030267805
204064_at,0.030266643
204982_at,0.030264497
201435_s_at,0.030263215
208847_s_at,0.030262649
221005_s_at,0.030260652
225315_at,0.030258834
220143_x_at,0.030255139
211566_x_at,0.030254334
217737_x_at,0.03025037
1556722_a_at,0.030249968
218290_at,0.030249685
212986_s_at,0.03024964
222804_x_at,0.030248702
244179_x_at,0.030247435
202358_s_at,0.03024435
203356_at,0.030243933
205094_at,0.030243814
226241_s_at,0.030243218
209137_s_at,0.030243069
212507_at,0.030242682
232842_at,0.030240968
227674_at,0.030238241
211799_x_at,0.030236363
233264_at,0.030234873
213876_x_at,0.030232698
229845_at,0.030232206
206838_at,0.030231193
205740_s_at,0.030230999
203075_at,0.030230522
41220_at,0.030228734
241644_at,0.030228212
202416_at,0.030227005
227133_at,0.030222625
219163_at,0.030221388
218997_at,0.030220956
220237_at,0.030219436
221534_at,0.030217648
244847_at,0.030217007
217831_s_at,0.030212626
212708_at,0.030210286
227375_at,0.030210227
223270_at,0.030208409
218080_x_at,0.030207276
203516_at,0.030205697
216582_at,0.030205369
201395_at,0.030204535
213850_s_at,0.030199379
238995_at,0.030198753
202602_s_at,0.030198008
1561502_x_at,0.030197486
1554153_a_at,0.030194521
204496_at,0.030193478
212152_x_at,0.030189842
219484_at,0.030184075
224888_at,0.030181915
216396_s_at,0.030181587
221751_at,0.030180156
202653_s_at,0.030179918
212634_at,0.030176938
203899_s_at,0.030175403
231844_at,0.03017433
232066_x_at,0.030174106
224479_s_at,0.030170664
227739_at,0.03016892
225394_s_at,0.030168533
201776_s_at,0.030167237
227807_at,0.030166015
212779_at,0.030163556
212961_x_at,0.030161977
212984_at,0.030157983
225035_x_at,0.030157238
200054_at,0.030157134
206956_at,0.03015633
218609_s_at,0.030154347
201356_at,0.030153513
233350_s_at,0.030153483
228604_at,0.030152291
209836_x_at,0.030150175
226011_at,0.030148923
202829_s_at,0.030145824
214760_at,0.03014575
225818_s_at,0.030142471
217960_s_at,0.030142441
219239_s_at,0.030142382
203704_s_at,0.03014195
1560817_at,0.030141681
219373_at,0.030138373
213473_at,0.030134857
201873_s_at,0.030134201
223479_s_at,0.030130222
230293_at,0.03012535
224960_at,0.030124843
215903_s_at,0.030122906
221839_s_at,0.030122459
215492_x_at,0.030122057
202168_at,0.030121863
206689_x_at,0.030121237
31846_at,0.030121118
211578_s_at,0.030120939
204386_s_at,0.030118942
219512_at,0.030116618
216941_s_at,0.030115843
241443_at,0.030113876
209481_at,0.030107617
226578_s_at,0.030106157
201143_s_at,0.030103385
227105_at,0.030095294
217845_x_at,0.030094624
208867_s_at,0.030094609
228435_at,0.030093193
210249_s_at,0.030093163
212633_at,0.030093014
220408_x_at,0.030089974
205273_s_at,0.030088767
224697_at,0.030088186
222437_s_at,0.030087978
200886_s_at,0.03008604
203621_at,0.030085951
212936_at,0.030085936
226963_at,0.030085921
221082_s_at,0.030084655
204878_s_at,0.030084312
203897_at,0.03008324
1564381_s_at,0.030082494
225843_at,0.030080035
211780_x_at,0.030079216
231225_at,0.03007567
222718_at,0.030074
216194_s_at,0.030073643
241867_at,0.030072197
201066_at,0.030068934
208306_x_at,0.030068815
211261_at,0.03006865
201260_s_at,0.030068338
206590_x_at,0.03006658
243078_at,0.030061275
202249_s_at,0.030060768
1554599_x_at,0.030059367
217944_at,0.030058458
1563772_a_at,0.030057728
1570070_at,0.03005746
207545_s_at,0.030056596
202160_at,0.030056566
227161_at,0.030053526
202055_at,0.030052051
203448_s_at,0.030051053
240535_at,0.030050844
227720_at,0.030049458
202385_s_at,0.030049369
226239_at,0.03004928
221570_s_at,0.030049205
1564798_at,0.03004615
239335_at,0.030044913
203392_s_at,0.030043453
212139_at,0.030041933
213634_s_at,0.030041918
218143_s_at,0.030041844
225356_at,0.030041814
208578_at,0.030041158
213216_at,0.030040175
239094_at,0.030039951
209085_x_at,0.030035764
1554080_at,0.030035079
211327_x_at,0.030034423
223047_at,0.03003332
221580_s_at,0.03003329
200846_s_at,0.030031055
207986_x_at,0.030028433
230228_at,0.030025512
213875_x_at,0.0300214
228247_at,0.03002134
227561_at,0.030021325
213877_x_at,0.03001967
215507_x_at,0.030016795
235819_at,0.030015245
1559667_at,0.030014947
227630_at,0.030012593
238602_at,0.030012265
203978_at,0.030011415
229322_at,0.030011326
224519_at,0.030009106
208754_s_at,0.030006409
231970_at,0.030005872
208843_s_at,0.030005723
201484_at,0.030003488
1554287_at,0.0300031
218296_x_at,0.030001223
202501_at,0.029996365
226737_at,0.029996186
235543_at,0.029995143
222443_s_at,0.029993147
200837_at,0.029991359
218709_s_at,0.029989094
226994_at,0.029988408
59433_at,0.029986411
227114_at,0.029984191
203781_at,0.0299837
227267_at,0.029980958
242253_at,0.029980302
233924_s_at,0.029979795
212329_at,0.029978514
222576_s_at,0.029976547
212160_at,0.02997318
238087_at,0.029972717
225448_at,0.02997142
230672_at,0.029970646
223369_at,0.029969737
216038_x_at,0.029969275
202279_at,0.02996844
1555078_at,0.0299678
221870_at,0.029966101
1569073_x_at,0.029964015
1554432_x_at,0.029961303
222591_at,0.02996011
224652_at,0.029959679
223787_s_at,0.02995874
204367_at,0.029957652
217619_x_at,0.029956847
222769_at,0.029951379
213052_at,0.029950827
1556242_a_at,0.029950723
1553983_at,0.029950649
202852_s_at,0.029949635
1561135_at,0.029949158
217827_s_at,0.029948741
226501_at,0.029945076
235344_at,0.02994296
201176_s_at,0.029941946
223219_s_at,0.029941678
1553222_at,0.02994074
1562456_at,0.029939502
211097_s_at,0.029937774
212711_at,0.029935464
203900_at,0.029935256
221706_s_at,0.02993229
220046_s_at,0.02993083
202823_at,0.029927343
206878_at,0.029924467
204842_x_at,0.029923975
239242_at,0.029923111
1555998_at,0.029922009
208932_at,0.029921249
203943_at,0.02991727
241921_x_at,0.029917136
223409_at,0.02991645
1561915_at,0.029916152
223729_at,0.029914603
205208_at,0.029914513
223017_at,0.029914021
211759_x_at,0.029913068
60794_f_at,0.029909655
223460_at,0.029907167
210438_x_at,0.029906422
236614_at,0.029906094
1563138_at,0.029904336
222543_at,0.029901385
213760_s_at,0.029899389
226224_at,0.029898003
224971_at,0.029897362
1553205_at,0.029891074
222504_s_at,0.029890612
208901_s_at,0.029887915
202611_s_at,0.029887706
222113_s_at,0.029887691
1569200_at,0.029883385
227523_s_at,0.029880702
242145_at,0.029880702
231850_x_at,0.029879406
232975_at,0.029873937
214661_s_at,0.029873699
201658_at,0.029873446
207127_s_at,0.029873252
41047_at,0.029872268
220826_at,0.029868543
208783_s_at,0.029866904
209852_x_at,0.029866546
44669_at,0.029866204
214372_x_at,0.029865384
215596_s_at,0.02986309
218937_at,0.029863045
221518_s_at,0.029862314
1555606_a_at,0.029859059
221848_at,0.029857293
236283_x_at,0.029852197
205055_at,0.029848605
1557258_a_at,0.029847145
1563969_at,0.029844664
225634_at,0.029841661
205323_s_at,0.029841453
212357_at,0.029839069
217554_at,0.029837847
225141_at,0.029836148
218961_s_at,0.02983594
241900_at,0.029833645
225358_at,0.02983141
231149_s_at,0.029830903
233354_at,0.029829666
212065_s_at,0.029828683
224899_s_at,0.029827833
226238_at,0.029827595
212046_x_at,0.029825643
235158_at,0.029824883
231643_s_at,0.029823989
201671_x_at,0.029821739
209974_s_at,0.029818982
213073_at,0.029816985
238356_at,0.029815838
217527_s_at,0.029813588
202774_s_at,0.029812366
203462_x_at,0.029810488
226171_at,0.029809907
1559522_at,0.029809281
212306_at,0.029806763
203486_s_at,0.02980429
208865_at,0.02980405
225083_at,0.029803902
201231_s_at,0.029800653
218428_s_at,0.029797286
227880_s_at,0.029796556
225220_at,0.029794574
228552_s_at,0.029793784
209797_at,0.02979368
220948_s_at,0.029790938
227861_at,0.029790893
233568_x_at,0.029789507
222759_at,0.029789478
202868_s_at,0.029789269
219982_s_at,0.02978909
225042_s_at,0.029788062
32099_at,0.029787034
221542_s_at,0.029786304
223921_s_at,0.029784754
210720_s_at,0.029782444
216525_x_at,0.029780924
201052_s_at,0.02977997
202089_s_at,0.029779926
202577_s_at,0.029779732
206284_x_at,0.029776126
244285_at,0.029774249
228289_at,0.02977109
225074_at,0.029770523
238879_at,0.029768482
221547_at,0.029767573
218441_s_at,0.029764548
244411_at,0.029762834
241719_at,0.029762536
203442_x_at,0.029761717
205086_s_at,0.029761508
212475_at,0.02975963
210114_at,0.02975902
204104_at,0.029754996
200607_s_at,0.029754579
219816_s_at,0.029751092
243147_x_at,0.029750139
202452_at,0.02975002
211807_x_at,0.029746622
223450_s_at,0.029745445
212133_at,0.029745266
226648_at,0.029744148
227064_at,0.029743731
225326_at,0.029743493
219292_at,0.029743
209155_s_at,0.029739976
202335_s_at,0.029739872
213251_at,0.029739767
1557067_s_at,0.029738486
207830_s_at,0.029737353
223528_s_at,0.029733032
201685_s_at,0.029732972
222987_s_at,0.029732853
215884_s_at,0.029732138
206495_s_at,0.029727548
50374_at,0.029724449
208900_s_at,0.029720634
208700_s_at,0.02971813
226919_at,0.029717356
209445_x_at,0.029714927
212035_s_at,0.02971442
203169_at,0.029711813
202294_at,0.029709965
209092_s_at,0.029708058
202959_at,0.02970633
234631_at,0.029706232
224076_s_at,0.029704124
205415_s_at,0.029700845
218497_s_at,0.02970022
229914_at,0.0297001
220417_s_at,0.029697314
206052_s_at,0.029696494
203512_at,0.02969642
212808_at,0.029694587
201526_at,0.029693782
224671_at,0.029687494
213900_at,0.029687196
239528_at,0.029686615
223518_at,0.029686138
201672_s_at,0.029685348
217932_at,0.02968499
38043_at,0.02968359
221938_x_at,0.029680505
204350_s_at,0.029679507
238490_at,0.029678196
223098_s_at,0.029677838
216509_x_at,0.029675245
243007_at,0.029673517
218305_at,0.029673204
225508_at,0.029671669
223354_x_at,0.02966857
232432_s_at,0.029668361
218375_at,0.029668018
223559_s_at,0.029664516
209221_s_at,0.029660508
1494_f_at,0.02966033
215001_s_at,0.02965951
203179_at,0.029658437
232037_at,0.029657453
224472_x_at,0.029654771
209425_at,0.02965425
227485_at,0.029653698
218768_at,0.029648095
217895_at,0.029646605
236900_x_at,0.029641256
213185_at,0.029640913
221857_s_at,0.029638916
219394_at,0.029636621
213542_at,0.029635608
216658_at,0.029635325
218022_at,0.029633641
223260_s_at,0.029632151
203938_s_at,0.029631048
202253_s_at,0.02962941
1556178_x_at,0.02962932
207483_s_at,0.029626489
37433_at,0.029625326
231302_at,0.02962026
235429_at,0.029619172
235119_at,0.02961877
210912_x_at,0.029616326
204573_at,0.029615521
207624_s_at,0.029614836
213160_at,0.029613554
220342_x_at,0.029609859
218336_at,0.029608876
226177_at,0.029607356
215096_s_at,0.029605508
225692_at,0.029604435
217905_at,0.029603526
226659_at,0.029603243
238511_at,0.029602408
204022_at,0.029602319
224297_s_at,0.029601231
224653_at,0.029597819
228059_x_at,0.029595494
213893_x_at,0.029595375
203328_x_at,0.029590532
215631_s_at,0.029589772
226964_at,0.02958943
218129_s_at,0.029586822
213581_at,0.029586762
214937_x_at,0.029581487
202480_s_at,0.029580042
208841_s_at,0.029579133
201767_s_at,0.02957873
218007_s_at,0.029577106
218455_at,0.02957347
226072_at,0.029570565
222521_x_at,0.029570013
1562792_at,0.029569604
224857_s_at,0.029566675
229545_at,0.029565588
216267_s_at,0.029565215
226727_at,0.029564694
205980_s_at,0.029564258
206308_at,0.029555112
1552617_a_at,0.02955474
225773_at,0.02955331
203064_s_at,0.029552773
224247_s_at,0.029552102
201268_at,0.029551178
201520_s_at,0.029549778
229204_at,0.029548183
218463_s_at,0.029547244
224712_x_at,0.029545665
219060_at,0.029544696
227391_x_at,0.029544175
212277_at,0.029542923
238089_at,0.02954124
218758_s_at,0.02954109
1557409_at,0.029537067
226656_at,0.029534772
223387_at,0.02953285
220242_x_at,0.029530242
218827_s_at,0.02952969
222563_s_at,0.029527485
238406_x_at,0.029527321
219445_at,0.029526964
1567214_a_at,0.029524148
231276_at,0.029520929
215794_x_at,0.029519632
213499_at,0.029518202
211953_s_at,0.029515862
223091_x_at,0.029515028
221021_s_at,0.02951473
229704_at,0.02951105
226502_at,0.029511005
243343_at,0.029503599
202362_at,0.029499292
213561_at,0.029499233
1558641_at,0.029498294
218199_s_at,0.029496014
227352_at,0.029493675
209130_at,0.02949348
231988_x_at,0.02948904
214273_x_at,0.029486507
1557053_s_at,0.029484004
201758_at,0.029483378
231012_at,0.029480562
230634_x_at,0.029479384
218371_s_at,0.029475987
235823_at,0.02947545
212900_at,0.02947542
221516_s_at,0.029473618
1554178_a_at,0.02946715
224716_at,0.02946575
229418_at,0.029462978
206183_s_at,0.029461086
205446_s_at,0.029455572
206257_at,0.029450312
221514_at,0.029447421
1563090_at,0.029447138
1569294_at,0.0294417
232438_at,0.029441655
239223_s_at,0.029440671
235867_at,0.029439017
222617_s_at,0.029438376
218945_at,0.029434443
201053_s_at,0.029429525
225719_s_at,0.02942887
211724_x_at,0.029427707
1553831_at,0.02942565
218334_at,0.029422432
229208_at,0.029418021
243484_x_at,0.029417112
227528_s_at,0.029415816
209034_at,0.029414445
201861_s_at,0.029406011
225149_at,0.029404283
231448_at,0.029403985
231913_s_at,0.02940166
227783_at,0.029400721
201480_s_at,0.029399276
224574_at,0.029398024
78047_s_at,0.029397637
225893_at,0.029396862
212948_at,0.029395908
226391_at,0.029395461
212045_at,0.029392526
239607_at,0.029392421
217526_at,0.029386073
203654_s_at,0.029385686
236980_at,0.029382206
219399_at,0.029381514
234797_at,0.029379442
220115_s_at,0.029376522
201620_at,0.029376268
218448_at,0.029374808
217461_x_at,0.029371351
244430_at,0.02937083
218267_at,0.029369324
203537_at,0.029368728
228379_at,0.029366985
214976_at,0.029365972
209187_at,0.02936405
224853_at,0.029364035
213989_x_at,0.029361635
216237_s_at,0.029358119
235528_at,0.029357389
210651_s_at,0.029351428
229962_at,0.029349819
203235_at,0.029346213
240765_at,0.029345438
217872_at,0.029345155
222600_s_at,0.029343903
203806_s_at,0.029342383
1554376_s_at,0.029338598
237792_at,0.029337123
219133_at,0.029334918
203265_s_at,0.029333502
227363_s_at,0.029333204
225375_at,0.029329017
225534_at,0.029328465
222468_at,0.029327333
235006_at,0.029326797
206766_at,0.029326662
204398_s_at,0.029322669
224702_at,0.029317915
231101_at,0.029317617
229754_at,0.02931717
209157_at,0.029313922
233381_at,0.02931337
227205_at,0.029313087
227091_at,0.029312313
212369_at,0.029312253
209820_s_at,0.029310346
65635_at,0.029307336
232640_at,0.029307172
202713_s_at,0.029305428
221219_s_at,0.029304758
225206_s_at,0.029304117
1560430_at,0.02930066
219472_at,0.029300436
227079_at,0.029298976
219275_at,0.029298455
229297_at,0.029298395
202799_at,0.029297084
209028_s_at,0.029297024
201804_x_at,0.029292136
236077_at,0.029291034
222629_at,0.02928719
210647_x_at,0.029285073
91684_g_at,0.029278457
227431_at,0.02927789
209432_s_at,0.029274076
225588_s_at,0.029273465
221711_s_at,0.029272318
202272_s_at,0.02926588
204228_at,0.029265583
203226_s_at,0.029265359
238836_at,0.029264271
204559_s_at,0.029264063
211452_x_at,0.02925399
213344_s_at,0.029253155
220335_x_at,0.029250056
226824_at,0.029249892
203136_at,0.029249549
240831_at,0.029249385
205451_at,0.029245347
219931_s_at,0.02924487
205905_s_at,0.029243633
212161_at,0.029243574
243095_at,0.029243141
44111_at,0.029242367
1555492_a_at,0.0292384
211593_s_at,0.029237792
213081_at,0.029235974
215667_x_at,0.029235244
201803_at,0.029235065
228002_at,0.029228136
218972_at,0.029225409
223023_at,0.029224068
226942_at,0.029218301
230832_at,0.02921784
1558249_s_at,0.029213756
228744_at,0.029213652
212351_at,0.029213637
222569_at,0.02921319
214336_s_at,0.029212713
1555786_s_at,0.029212281
239252_at,0.029210627
218034_at,0.029207349
230727_at,0.029206932
211090_s_at,0.02920425
220096_at,0.029203787
232957_x_at,0.029202878
225533_at,0.029200092
233646_at,0.029199705
221629_x_at,0.029197633
227700_x_at,0.029195428
214016_s_at,0.029194564
200993_at,0.029192895
224696_s_at,0.029192358
1555760_a_at,0.02919072
224206_x_at,0.029190168
229061_s_at,0.029189914
223647_x_at,0.029189706
214473_x_at,0.029187024
201230_s_at,0.02918595
209527_at,0.029182613
224711_at,0.029181302
220973_s_at,0.029176608
225753_at,0.029174596
203493_s_at,0.029173076
224614_at,0.029168129
219770_at,0.029167652
238863_x_at,0.029166967
214501_s_at,0.029164433
201343_at,0.02916181
214338_at,0.029161602
217650_x_at,0.029160306
226987_at,0.029160067
243345_at,0.029158667
210707_x_at,0.029156923
1564498_at,0.029154226
218306_s_at,0.029146135
218088_s_at,0.029143512
208688_x_at,0.029139727
204402_at,0.029135272
203384_s_at,0.029134616
204691_x_at,0.029131249
204710_s_at,0.02913037
1566885_at,0.029129758
232620_at,0.029129595
208759_at,0.029128611
228118_x_at,0.029128343
244471_x_at,0.029127792
243817_at,0.029126942
228638_at,0.029124558
223742_at,0.02911587
229235_at,0.02911362
206860_s_at,0.029110193
217751_at,0.029109657
201763_s_at,0.029108986
202462_s_at,0.029108882
1553612_at,0.0291062
208717_at,0.02910611
238065_at,0.029105917
47530_at,0.029104054
208805_at,0.029102802
211295_x_at,0.029100507
223419_at,0.029100299
204405_x_at,0.029098332
218649_x_at,0.029095292
210216_x_at,0.029094577
200625_s_at,0.029091716
201026_at,0.029091477
219005_at,0.029091135
207495_at,0.029088616
217106_x_at,0.029088587
224883_at,0.02908814
238528_at,0.02908799
218103_at,0.029087022
1557943_at,0.029084176
224830_at,0.029084086
227969_at,0.02908361
225770_at,0.029082656
221774_x_at,0.029082581
1562733_at,0.029081583
212247_at,0.029081583
208753_s_at,0.02908039
1562103_at,0.029079922
235022_at,0.029079467
200988_s_at,0.029077664
222610_s_at,0.029070646
209620_s_at,0.029070646
202782_s_at,0.029070616
209115_at,0.029070199
235394_at,0.02906835
212376_s_at,0.029066503
208114_s_at,0.029065967
208649_s_at,0.029065013
220750_s_at,0.029061496
221897_at,0.029060185
220839_at,0.029055297
1569557_at,0.029052526
1569251_a_at,0.02905196
1569834_at,0.02905117
226861_at,0.029048994
200877_at,0.02904448
211747_s_at,0.02904448
213098_at,0.029040143
200028_s_at,0.029037595
207300_s_at,0.029034525
240393_at,0.029033005
1557276_at,0.029032528
200075_s_at,0.02902782
201707_at,0.029021725
223255_at,0.029020697
201595_s_at,0.029018313
214335_at,0.029015362
212145_at,0.029015124
218840_s_at,0.029010266
232171_x_at,0.029008687
208424_s_at,0.029008508
222841_s_at,0.029003099
243453_at,0.02900298
203793_x_at,0.028998196
218131_s_at,0.028998017
224780_at,0.028993964
226696_at,0.028992534
242194_at,0.028992072
235067_at,0.028991118
225361_x_at,0.028991103
203376_at,0.028991073
230537_at,0.028982773
1554202_x_at,0.028981358
213705_at,0.028980106
210376_x_at,0.028980047
209136_s_at,0.028979242
218476_at,0.02897881
233726_at,0.028978765
1565587_at,0.028978035
238417_at,0.028977454
224809_x_at,0.028975368
202105_at,0.028975278
202000_at,0.028971314
224599_at,0.02897042
218372_at,0.028970033
209065_at,0.028955728
212627_s_at,0.028953359
236064_at,0.028952822
222627_at,0.028952524
213315_x_at,0.028951824
206160_at,0.028951734
234674_at,0.028949425
211230_s_at,0.02894874
218884_s_at,0.028948158
241718_x_at,0.02894792
238757_at,0.028947324
222851_at,0.0289464
203709_at,0.02894561
221894_at,0.028944582
228769_at,0.02894254
202313_at,0.028940022
205096_at,0.028939813
203494_s_at,0.028939426
227395_at,0.02893643
1567222_x_at,0.0289357
242858_at,0.028935537
203011_at,0.028934747
243045_at,0.028934717
222381_at,0.028934076
230339_at,0.028930455
234977_at,0.028928995
236540_at,0.02892685
204690_at,0.028924882
228567_at,0.028922483
221046_s_at,0.02892071
232349_x_at,0.028920054
228142_at,0.02891913
212756_s_at,0.028915763
200641_s_at,0.028913647
200001_at,0.028909326
201652_at,0.028907955
212245_at,0.028907865
230758_at,0.028907418
244495_x_at,0.028905928
244284_at,0.028902516
238860_at,0.028900817
238479_at,0.028899357
211948_x_at,0.028897136
201024_x_at,0.028896838
223776_x_at,0.028896332
214929_s_at,0.028890029
221120_at,0.028888687
209494_s_at,0.028887704
220685_at,0.028884947
212932_at,0.028884351
201405_s_at,0.02888304
212854_x_at,0.02888012
204740_at,0.028879926
201717_at,0.028879046
208829_at,0.028877616
201593_s_at,0.028877318
202682_s_at,0.028876781
222159_at,0.028875008
224754_at,0.02886939
1552739_s_at,0.02886784
201523_x_at,0.028867781
234735_s_at,0.028866753
228129_at,0.02886656
205684_s_at,0.028864682
207515_s_at,0.02886407
230023_at,0.028862894
218047_at,0.028862178
40149_at,0.028858334
225066_at,0.02885671
232215_x_at,0.028853655
242511_at,0.02885294
226887_at,0.028850466
203598_s_at,0.028842032
239532_at,0.028841123
213601_at,0.02884072
219337_at,0.028838962
231907_at,0.028838098
216531_at,0.028836548
224638_at,0.028835014
221587_s_at,0.028830409
219639_x_at,0.028829604
228257_at,0.028826669
220791_x_at,0.028823659
214035_x_at,0.028818935
209326_at,0.028818905
203363_s_at,0.028816447
225161_at,0.028813794
202243_s_at,0.028804362
214268_s_at,0.028803125
202389_s_at,0.028802007
201648_at,0.028790176
236388_at,0.028789937
222070_at,0.028788343
236537_at,0.028784916
217941_s_at,0.028778434
219206_x_at,0.028776973
227656_at,0.02877687
240919_at,0.028774038
1554085_at,0.02877368
209149_s_at,0.028771505
205021_s_at,0.02877082
224369_s_at,0.028769746
203594_at,0.02876684
212308_at,0.028766334
243615_at,0.028764948
227018_at,0.028764307
209299_x_at,0.028763115
207403_at,0.028762326
1558393_at,0.028758004
221797_at,0.028757498
233873_x_at,0.028756917
218956_s_at,0.028748453
208144_s_at,0.028747752
218328_at,0.028746933
212576_at,0.028746128
226956_at,0.028743029
201532_at,0.02874279
201191_at,0.028739184
212301_at,0.028738797
236671_at,0.0287368
202926_at,0.028734684
214006_s_at,0.028732777
218926_at,0.02873142
209161_at,0.028729051
225125_at,0.028728157
214552_s_at,0.028726727
229632_s_at,0.028725713
221669_s_at,0.028724313
212809_at,0.028722987
211304_x_at,0.028721482
216490_x_at,0.028720587
1561976_at,0.028719082
223110_at,0.028712869
216205_s_at,0.028712764
217329_x_at,0.028712064
202041_s_at,0.028711498
224820_at,0.028709888
211328_x_at,0.028708905
222480_at,0.02870655
240842_at,0.02869749
213199_at,0.028695792
201051_at,0.028692693
217935_s_at,0.028689772
238677_at,0.028688565
202491_s_at,0.028684974
226894_at,0.02868396
226979_at,0.028683454
232022_at,0.0286811
242124_at,0.028679788
207625_s_at,0.02867949
219818_s_at,0.028678328
201319_at,0.02867794
213448_at,0.028668985
215497_s_at,0.028668463
221640_s_at,0.02866748
226076_s_at,0.028666615
226594_at,0.02866058
227465_at,0.028657079
1555971_s_at,0.028650612
238331_at,0.028650358
201612_at,0.028645635
213957_s_at,0.028636262
212891_s_at,0.028631791
218470_at,0.0286313
222634_s_at,0.028626114
211730_s_at,0.02862221
200904_at,0.028621793
1555575_a_at,0.028621256
230219_at,0.028620958
218867_s_at,0.028619513
1557114_a_at,0.028617352
238775_at,0.028615862
217200_x_at,0.028613865
210950_s_at,0.02861005
212837_at,0.02860786
1555860_x_at,0.028606191
226935_s_at,0.028605819
219276_x_at,0.028604299
203834_s_at,0.028602004
205812_s_at,0.028595984
221220_s_at,0.02859436
223448_x_at,0.028591603
226445_s_at,0.028588876
1555568_at,0.028588817
1566954_at,0.028588325
1556345_s_at,0.028584898
203898_at,0.02858226
229395_at,0.028581962
228809_at,0.028577983
221917_s_at,0.028577805
201715_s_at,0.028575897
213111_at,0.028575778
216399_s_at,0.028574884
215773_x_at,0.02857323
219219_at,0.028573185
51774_s_at,0.028572604
202467_s_at,0.028572261
234870_at,0.028570458
41858_at,0.028567791
200745_s_at,0.028566957
208876_s_at,0.028566822
225187_at,0.028564647
208836_at,0.028562725
210716_s_at,0.028560862
214931_s_at,0.028558597
227882_at,0.028556913
201304_at,0.028556734
209377_s_at,0.028556466
238425_at,0.02855274
225948_at,0.028552458
241978_at,0.028552309
215938_s_at,0.028549984
205361_s_at,0.02854997
205887_x_at,0.028549433
224630_at,0.028547734
208687_x_at,0.028547585
235283_at,0.028543577
218771_at,0.028543204
212194_s_at,0.028542802
227586_at,0.028542638
226168_at,0.028538465
1554316_at,0.028536662
201608_s_at,0.028535366
236486_at,0.02853036
235218_x_at,0.028529912
223880_x_at,0.028529763
225933_at,0.028526321
215693_x_at,0.02852586
213165_at,0.028521359
202745_at,0.028519228
202383_at,0.028518274
211014_s_at,0.028517902
225697_at,0.028517827
202174_s_at,0.028517604
203774_at,0.028516978
223954_x_at,0.02851446
224776_at,0.028514415
218753_at,0.028513625
222143_s_at,0.028511792
1552615_at,0.028510705
42361_g_at,0.028510064
221502_at,0.028509945
204805_s_at,0.028503358
232524_x_at,0.028500497
209323_at,0.028497547
223833_at,0.02849415
228380_at,0.028490856
208386_x_at,0.028490603
221736_at,0.028484136
233929_x_at,0.028482497
225926_at,0.028477117
224903_at,0.028470844
237553_at,0.028469741
217942_at,0.028468847
232220_at,0.028467193
212101_at,0.028464884
243750_x_at,0.028463691
209107_x_at,0.028459162
207081_s_at,0.028456956
213846_at,0.028455079
203572_s_at,0.028453484
220708_at,0.02845332
224664_at,0.028446972
207559_s_at,0.028446496
1554149_at,0.028442532
224562_at,0.028440356
207170_s_at,0.028440118
223442_at,0.028437912
238124_at,0.028435647
222522_x_at,0.028433114
218324_s_at,0.02843061
213026_at,0.028429806
242030_at,0.028429031
1557950_at,0.028429016
226715_at,0.028426543
217798_at,0.028424501
211988_at,0.028422952
219322_s_at,0.028421178
224500_s_at,0.028419763
229920_at,0.028417438
219443_at,0.028416365
204635_at,0.028413385
218008_at,0.0284096
201788_at,0.028409183
224364_s_at,0.02840805
207917_at,0.028404966
202401_s_at,0.028403625
210252_s_at,0.02840139
231939_s_at,0.028397888
217987_at,0.028397113
212127_at,0.028393358
225069_at,0.028391391
225823_at,0.028389841
52078_at,0.028387442
204246_s_at,0.028385937
223108_s_at,0.028385356
217981_s_at,0.02838488
238606_at,0.028384268
212320_at,0.02838415
235413_at,0.02838403
220935_s_at,0.028383136
204594_s_at,0.028382316
202057_at,0.028382242
208803_s_at,0.028379202
217888_s_at,0.028377876
208993_s_at,0.028377205
224765_at,0.028376907
217843_s_at,0.02837655
202816_s_at,0.02837275
223104_at,0.028372258
230018_at,0.028369546
218388_at,0.028365552
202634_at,0.02836433
223054_at,0.028364241
239753_at,0.028363913
218415_at,0.028361693
227467_at,0.028361678
224591_at,0.028360844
222602_at,0.028359354
236001_at,0.028356865
1555803_a_at,0.028356135
240449_at,0.028354302
202370_s_at,0.02835232
203035_s_at,0.028349966
222474_s_at,0.028347999
215549_x_at,0.028347775
215093_at,0.028346196
202559_x_at,0.028345168
212214_at,0.028342545
225751_at,0.028340787
221776_s_at,0.028339446
219175_s_at,0.028339207
211982_x_at,0.028339088
212541_at,0.028337449
239857_at,0.028335065
207960_at,0.028333858
202544_at,0.02833271
236922_at,0.028332382
235418_at,0.028330624
1558230_at,0.02832228
218079_s_at,0.028321505
216958_s_at,0.028321445
222770_s_at,0.0283176
203416_at,0.02831328
241467_at,0.028311104
222751_at,0.028309286
1554678_s_at,0.02830866
219767_s_at,0.028305814
222430_s_at,0.028305173
1552344_s_at,0.028303847
225307_at,0.028300628
204251_s_at,0.028298035
202556_s_at,0.028296977
226920_at,0.028295875
1553594_a_at,0.02829583
211252_x_at,0.028295174
210460_s_at,0.028294712
210396_s_at,0.028289229
239711_at,0.028288543
206788_s_at,0.028287113
223291_at,0.028286189
229647_at,0.028283358
244575_at,0.02828221
204650_s_at,0.028280899
229558_at,0.028279334
222794_x_at,0.028277695
226892_at,0.028277114
222140_s_at,0.028274626
206352_s_at,0.028271794
233833_at,0.028271288
1553533_at,0.02826634
202754_at,0.028265953
201533_at,0.028263062
221229_s_at,0.02826202
1568613_at,0.028260812
1556690_s_at,0.028257668
221758_at,0.028255135
238053_at,0.028251767
202212_at,0.028249815
219458_s_at,0.028249636
226468_at,0.028248891
222448_s_at,0.028248787
214843_s_at,0.028248549
203985_at,0.028246671
206668_s_at,0.028244033
212036_s_at,0.028243184
214310_s_at,0.028241947
201067_at,0.0282401
210312_s_at,0.028237551
208691_at,0.028234601
226714_at,0.028232485
1558431_at,0.028232187
209954_x_at,0.028231546
221568_s_at,0.028227389
225463_x_at,0.028227106
201264_at,0.028225899
210731_s_at,0.028225288
225788_at,0.028223932
231298_at,0.028222948
201836_s_at,0.028222844
227244_s_at,0.02822046
201814_at,0.028216004
228034_x_at,0.028212354
214885_at,0.028211653
201145_at,0.028211594
200711_s_at,0.028205752
225854_x_at,0.028201282
218050_at,0.028199196
205704_s_at,0.02819559
214870_x_at,0.02819544
225460_at,0.028194994
200056_s_at,0.028194696
213494_s_at,0.028194606
222635_s_at,0.02819337
243910_x_at,0.028193086
226626_at,0.02819249
219618_at,0.02818875
204113_at,0.028181344
218462_at,0.028178334
215084_s_at,0.02817738
218211_s_at,0.028177246
235089_at,0.028176814
200978_at,0.0281744
205661_s_at,0.02817379
209743_s_at,0.028172329
221492_s_at,0.028171837
201783_s_at,0.028170347
234305_s_at,0.028169945
204806_x_at,0.02816853
201057_s_at,0.028167248
222035_s_at,0.028166205
225560_at,0.028165117
208619_at,0.028158486
204883_s_at,0.028156638
218879_s_at,0.028155059
222115_x_at,0.028152406
213323_s_at,0.028152406
52005_at,0.028150305
1556422_at,0.028148964
217803_at,0.028148115
201180_s_at,0.028145462
239900_x_at,0.02814497
213445_at,0.028141871
208765_s_at,0.028138518
204514_at,0.028137937
225614_at,0.028135404
221267_s_at,0.02813518
212866_at,0.028134525
204791_at,0.028134018
212317_at,0.028133675
241734_at,0.028133586
1553238_a_at,0.028133214
1558236_at,0.02812995
213055_at,0.028126761
201933_at,0.028122663
208998_at,0.028121054
1557611_at,0.028120965
208094_s_at,0.028118104
203777_s_at,0.028115347
218367_x_at,0.028114542
203660_s_at,0.028114423
1569496_s_at,0.028113678
223996_s_at,0.028113484
235993_at,0.028113186
236012_at,0.028113171
223230_at,0.028112471
202633_at,0.028111666
212926_at,0.02810973
38703_at,0.028109103
235110_at,0.028108642
235200_at,0.02810572
202077_at,0.028105497
201899_s_at,0.028104901
201100_s_at,0.028104514
228053_s_at,0.028102994
243261_at,0.02810277
233476_at,0.028102487
220607_x_at,0.0281021
215467_x_at,0.028101295
220838_at,0.028098792
224721_at,0.028093979
218933_at,0.028091654
209428_s_at,0.028089345
1559382_at,0.028088897
219027_s_at,0.028082013
217778_at,0.028079689
210320_s_at,0.028073803
209252_at,0.028073326
219252_s_at,0.02807279
202302_s_at,0.028072357
201603_at,0.028071791
226409_at,0.028070465
205658_s_at,0.028069928
1554721_a_at,0.028067783
225410_at,0.0280644
218297_at,0.028063506
221508_at,0.028062508
224858_at,0.028060943
212007_at,0.028059423
232946_s_at,0.028057218
1557319_at,0.028055474
223931_s_at,0.028051943
200960_x_at,0.028049767
55616_at,0.028046817
201093_x_at,0.028046101
221549_at,0.028041199
224749_at,0.028040469
209592_s_at,0.028039575
218555_at,0.028039038
213785_at,0.028034672
201056_at,0.028034478
202475_at,0.02803415
218068_s_at,0.02803272
219543_at,0.028032616
232130_at,0.028031409
230205_at,0.028024659
219080_s_at,0.0280177
201297_s_at,0.02801767
1565829_at,0.028012842
201174_s_at,0.028011233
231550_at,0.028008595
216532_x_at,0.028006703
1564974_at,0.028006598
222493_s_at,0.028006524
218074_at,0.028004915
219108_x_at,0.028003097
1569521_s_at,0.028001234
239333_x_at,0.028000787
210962_s_at,0.028000206
1555351_s_at,0.02799882
222318_at,0.027995035
216873_s_at,0.027991503
235628_x_at,0.027990356
222615_s_at,0.0279883
1556180_at,0.027986526
202117_at,0.027983546
225134_at,0.027982429
210266_s_at,0.02798009
33850_at,0.027977929
227511_at,0.027976751
216377_x_at,0.027961522
230981_at,0.027960822
1557817_a_at,0.027960643
218240_at,0.027959839
209414_at,0.027959809
209898_x_at,0.02795875
229813_x_at,0.027956158
213292_s_at,0.027952999
44696_at,0.027952671
219022_at,0.027951643
217805_at,0.027949005
216843_x_at,0.027947843
238434_at,0.02794613
203536_s_at,0.027942613
218024_at,0.027940273
208775_at,0.027939558
238672_at,0.027938649
228022_at,0.027936682
1563715_at,0.027936056
212129_at,0.027935147
202264_s_at,0.027934134
1558620_at,0.027932912
211977_at,0.0279326
241516_at,0.027925357
209929_s_at,0.027923271
221094_s_at,0.027923241
201419_at,0.027922988
212015_x_at,0.027919292
218506_x_at,0.02791354
202962_at,0.027912855
202282_at,0.027907848
237172_at,0.027906239
214140_at,0.027904794
242847_at,0.027902782
1559066_at,0.027901635
236227_at,0.02790095
222641_s_at,0.02789925
228626_at,0.027897239
60528_at,0.027896643
211797_s_at,0.02789487
223043_at,0.027893692
208709_s_at,0.027892321
232700_at,0.027891904
1565269_s_at,0.027891666
205115_s_at,0.027890444
227338_at,0.027887762
212982_at,0.027886808
232849_at,0.02788636
1554868_s_at,0.0278835
209553_at,0.027882814
225110_at,0.027882516
214526_x_at,0.027881444
1554342_s_at,0.027880743
214423_x_at,0.027879015
223531_x_at,0.027875543
235260_s_at,0.027875096
201407_s_at,0.02787
203926_x_at,0.027869731
205448_s_at,0.027865306
220491_at,0.02786468
224023_s_at,0.027862072
229741_at,0.027861953
218492_s_at,0.027860805
236053_at,0.027859956
200596_s_at,0.027859092
229231_at,0.027858078
210378_s_at,0.027857244
213204_at,0.027856678
218057_x_at,0.027856529
209063_x_at,0.027856201
234135_x_at,0.027856022
208874_x_at,0.027854934
237451_x_at,0.027854413
231926_at,0.027854085
203171_s_at,0.027853891
214919_s_at,0.027851611
218340_s_at,0.027849197
220980_s_at,0.027846545
203871_at,0.027846128
215354_s_at,0.027843416
228853_at,0.02784133
37586_at,0.027839944
222064_s_at,0.02783987
213291_s_at,0.027839482
1554105_at,0.027835444
210627_s_at,0.027834505
227601_at,0.027831748
1553274_a_at,0.027831256
201175_at,0.027830422
218615_s_at,0.027828455
212952_at,0.027826697
53076_at,0.027825594
227294_at,0.02782531
1555832_s_at,0.027825117
202396_at,0.02782479
221434_s_at,0.027823001
209248_at,0.027819723
202442_at,0.027817458
218225_at,0.027815297
225278_at,0.02781406
218939_at,0.027811214
1566402_at,0.027809873
201985_at,0.027809203
226563_at,0.027806953
218016_s_at,0.027805865
227469_at,0.027804226
201502_s_at,0.027803093
212072_s_at,0.027802497
201558_at,0.027802408
241202_at,0.027799398
205172_x_at,0.027797937
224922_at,0.027797878
223150_s_at,0.027796835
204473_s_at,0.027794167
218617_at,0.027793884
223016_x_at,0.02779293
214080_x_at,0.027792692
215792_s_at,0.027788505
215583_at,0.027786806
241984_at,0.027777255
44120_at,0.027776212
216294_s_at,0.027774036
242365_at,0.02777043
1556395_at,0.027770061
210283_x_at,0.02776599
200802_at,0.027763247
216421_at,0.027763233
222010_at,0.027762055
36004_at,0.027746513
221277_s_at,0.02774562
235314_at,0.027743042
217802_s_at,0.027739942
212138_at,0.027736485
213837_at,0.027733669
210752_s_at,0.02773346
218173_s_at,0.02773206
229948_at,0.027729988
206550_s_at,0.02772829
202591_s_at,0.027725697
1552272_a_at,0.027721599
218577_at,0.02771923
226941_at,0.027718514
1561179_s_at,0.027716875
224429_x_at,0.027715415
215947_s_at,0.02771452
224651_at,0.027712524
216292_at,0.027711898
1552937_s_at,0.027704418
210531_at,0.027700722
223113_at,0.027693152
222283_at,0.027688667
1565454_at,0.027688459
217189_s_at,0.027684778
1552419_s_at,0.027683794
200000_s_at,0.027682811
208371_s_at,0.027675718
227005_at,0.027674764
238668_at,0.02767378
48659_at,0.027667224
202213_s_at,0.02766639
208082_x_at,0.027665108
212893_at,0.02766493
208895_s_at,0.027664036
227214_at,0.027663752
204752_x_at,0.02765888
209186_at,0.027656108
233763_at,0.027655348
214428_x_at,0.027655214
221545_x_at,0.027653486
224163_s_at,0.027644694
229348_at,0.027638972
211075_s_at,0.027637541
208117_s_at,0.027634472
202522_at,0.027632892
214448_x_at,0.027631626
235162_at,0.027629226
229035_s_at,0.027625203
209181_s_at,0.027624369
226378_s_at,0.027620926
239277_at,0.02761951
232644_x_at,0.027617276
58367_s_at,0.02761504
204312_x_at,0.027612016
224676_at,0.027611956
223242_s_at,0.02760528
223615_at,0.027602643
212742_at,0.027600288
202116_at,0.027599096
213491_x_at,0.027594864
210820_x_at,0.027592152
223338_s_at,0.027588636
218151_x_at,0.027587593
218830_at,0.027583241
221780_s_at,0.02758199
242861_at,0.027580678
229089_at,0.027580261
219176_at,0.027575284
231169_at,0.02757448
235917_at,0.02757445
218650_at,0.027571619
221681_s_at,0.027570695
225914_s_at,0.027569965
219320_at,0.027568161
208945_s_at,0.027566656
214112_s_at,0.02756542
207936_x_at,0.027565196
206200_s_at,0.027564526
202915_s_at,0.0275632
214316_x_at,0.027560785
226288_s_at,0.027557388
226027_at,0.027557254
242713_at,0.027555704
209466_x_at,0.027554631
200083_at,0.027552575
217899_at,0.027551785
220739_s_at,0.027550057
32137_at,0.027549341
226893_at,0.027548805
232158_x_at,0.027547076
202601_s_at,0.027546078
210499_s_at,0.027542248
226759_at,0.027541503
212725_s_at,0.027534336
235143_at,0.027532846
212440_at,0.027532816
230922_x_at,0.027531058
222854_s_at,0.027530551
231806_s_at,0.0275283
212635_at,0.027528167
244738_at,0.027527213
211271_x_at,0.027527153
222414_at,0.027525604
218873_at,0.027521163
212674_s_at,0.027519941
240854_x_at,0.027517587
200874_s_at,0.027509198
1558678_s_at,0.027503312
45526_g_at,0.027503282
211512_s_at,0.027503282
212546_s_at,0.027502358
201437_s_at,0.027500093
240515_at,0.0274999
221889_at,0.027499259
225526_at,0.027497992
212683_at,0.027494818
205995_x_at,0.027490407
207608_x_at,0.027488947
241630_at,0.02748774
222618_at,0.027487367
223548_at,0.027486175
206184_at,0.027485043
219828_at,0.027482718
214114_x_at,0.027479589
1554093_a_at,0.027477846
209489_at,0.027475178
235594_at,0.027472302
219124_at,0.02747041
220788_s_at,0.02746886
201065_s_at,0.027464628
223022_s_at,0.02746284
210529_s_at,0.02746205
227298_at,0.027460322
1563315_s_at,0.027457967
212601_at,0.027454793
228764_s_at,0.027450323
236588_at,0.027449638
203712_at,0.027449235
1566549_at,0.027448177
222208_s_at,0.027444571
202093_s_at,0.027441978
204651_at,0.02743715
201127_s_at,0.027434513
224842_at,0.02743423
203480_s_at,0.027433693
225761_at,0.02742818
213074_at,0.027427554
218754_at,0.027427316
212712_at,0.02742581
235058_at,0.027425036
217835_x_at,0.027424902
203941_at,0.027423367
202991_at,0.027422726
216111_x_at,0.027419314
202938_x_at,0.027417585
242696_at,0.027414024
203195_s_at,0.02741301
202194_at,0.027411759
202471_s_at,0.027409434
227872_at,0.027406812
220587_s_at,0.027406469
219293_s_at,0.027405977
202520_s_at,0.027404636
200820_at,0.027395159
218253_s_at,0.027387977
242966_x_at,0.02738455
1552889_a_at,0.027382463
207760_s_at,0.027382165
225084_at,0.027381748
215044_s_at,0.027377725
216486_x_at,0.027371883
235196_at,0.027371258
211918_x_at,0.027363047
209413_at,0.027361482
211989_at,0.027361155
217501_at,0.02736105
232949_at,0.027360886
217829_s_at,0.02735731
215696_s_at,0.027354658
225317_at,0.027345449
201607_at,0.02734077
58900_at,0.027339071
225000_at,0.027338207
242844_at,0.0273377
232057_at,0.027335986
220924_s_at,0.027332246
212528_at,0.027332246
201636_at,0.027331889
221753_at,0.027331531
223152_at,0.027328819
203624_at,0.02732265
203531_at,0.027321965
200810_s_at,0.02732104
227937_at,0.027320862
209023_s_at,0.027319998
1565562_at,0.02731955
229268_at,0.027318388
212250_at,0.027313441
241632_x_at,0.02731277
209654_at,0.02730906
224439_x_at,0.027307391
228436_at,0.02730593
54632_at,0.027304664
242278_at,0.027304038
244193_at,0.027302355
215608_at,0.027299985
203573_s_at,0.027299434
242978_x_at,0.027297795
222327_x_at,0.027296007
225693_s_at,0.027293622
218058_at,0.027291477
1560878_at,0.027291194
222417_s_at,0.027286619
221255_s_at,0.027279556
226257_x_at,0.0272758
222765_x_at,0.027275205
204297_at,0.027273476
212717_at,0.027272642
45687_at,0.027267307
224779_s_at,0.027265549
220989_s_at,0.02726467
213224_s_at,0.027256995
202494_at,0.027256697
203933_at,0.027251929
201173_x_at,0.027246505
212652_s_at,0.027244091
243983_at,0.027240977
202176_at,0.027240872
221888_at,0.0272374
211693_at,0.027237281
218955_at,0.027236342
228211_at,0.027235925
225535_s_at,0.027229607
212637_s_at,0.027228266
204587_at,0.027224898
212073_at,0.027219623
225995_x_at,0.0272125
218655_s_at,0.027209148
209565_at,0.027208239
211228_s_at,0.027206197
202516_s_at,0.027203768
243690_at,0.02720198
212571_at,0.027198821
213043_s_at,0.027195364
218714_at,0.027194709
217934_x_at,0.027189702
223213_s_at,0.027185708
221813_at,0.027184427
212476_at,0.027182192
1554205_s_at,0.027171776
213320_at,0.027169228
209435_s_at,0.027168274
213813_x_at,0.027166575
201838_s_at,0.02716571
224636_at,0.027163625
221901_at,0.02716244
90610_at,0.027160376
211955_at,0.027160168
47773_at,0.02715756
241285_at,0.027155459
237702_at,0.027150452
229153_at,0.02714996
208968_s_at,0.027149588
227237_x_at,0.027146012
215113_s_at,0.02714321
209450_at,0.027136087
226356_at,0.027134478
226917_s_at,0.027133584
204216_s_at,0.027129948
222410_s_at,0.027129889
219997_s_at,0.027128473
225596_at,0.027126953
228305_at,0.027126536
229878_at,0.027125075
208947_s_at,0.027124017
1557984_s_at,0.02712375
1553828_at,0.027123362
222884_at,0.027123064
201541_s_at,0.02712211
220099_s_at,0.027121872
218548_x_at,0.027120814
202251_at,0.027119875
227072_at,0.02711822
207812_s_at,0.02711448
212904_at,0.027111113
202579_x_at,0.027110755
212204_at,0.027110666
212630_at,0.027110577
219068_x_at,0.027109891
202474_s_at,0.02710706
212542_s_at,0.02710557
202432_at,0.027101517
1556464_a_at,0.027098581
1554172_a_at,0.02709639
201184_s_at,0.027095556
238792_at,0.027094021
244563_at,0.02708672
226410_at,0.027084008
221069_s_at,0.027081028
218206_x_at,0.027079761
213970_at,0.027074367
206567_s_at,0.027072608
214173_x_at,0.027068436
202961_s_at,0.027059555
202486_at,0.027058989
242621_at,0.027054071
218014_at,0.027049243
217212_s_at,0.027044266
209075_s_at,0.027038336
203396_at,0.027038276
202328_s_at,0.027036726
232219_x_at,0.02703467
218265_at,0.027034655
219220_x_at,0.027032971
1563800_at,0.0270316
1553181_at,0.027023703
201957_at,0.027017877
209440_at,0.027016908
225091_at,0.02701506
239068_at,0.027014464
243370_at,0.027010351
212916_at,0.027009413
238675_x_at,0.027004167
160020_at,0.026999906
217958_at,0.026993185
36920_at,0.02699095
218598_at,0.026990697
216547_at,0.02698198
244458_at,0.026981011
222187_x_at,0.026977792
1555478_at,0.026975125
217406_at,0.026972592
222524_s_at,0.026971325
221575_at,0.026962146
203776_at,0.026961759
222544_s_at,0.026960552
241973_x_at,0.026951492
218702_at,0.02695021
217984_at,0.026948273
235474_at,0.02694045
204089_x_at,0.026922107
38707_r_at,0.026917607
213399_x_at,0.02691698
227825_at,0.026916921
229198_at,0.026916146
239792_at,0.02691409
202569_s_at,0.026914
203274_at,0.026913613
1554869_at,0.026910886
226336_at,0.026904583
202038_at,0.026902974
208152_s_at,0.026901305
206015_s_at,0.026901007
236722_at,0.026898414
204207_s_at,0.026896745
222191_s_at,0.0268922
201252_at,0.026886702
226193_x_at,0.02688551
227738_s_at,0.026879638
214698_at,0.02687776
202550_s_at,0.026876688
223049_at,0.026875913
204828_at,0.026874393
202957_at,0.026873708
218965_s_at,0.026872084
221693_s_at,0.026869625
207347_at,0.026863798
216506_x_at,0.026863337
233451_at,0.02686292
217922_at,0.02686268
211979_at,0.026857674
1553974_at,0.026852757
212176_at,0.026851475
47083_at,0.026848853
1569105_at,0.02684842
201948_at,0.026843786
229539_at,0.02684328
209608_s_at,0.026841938
218841_at,0.026840955
202764_at,0.026839882
208974_x_at,0.026838958
201978_s_at,0.026834875
212835_at,0.026833147
41512_at,0.02682577
241065_x_at,0.026825279
202469_s_at,0.026821315
218431_at,0.02682054
213465_s_at,0.026818931
228348_at,0.026818797
210092_at,0.026818305
1552863_a_at,0.026816577
234952_s_at,0.02681622
217783_s_at,0.026813865
1563431_x_at,0.02681376
242535_at,0.026813388
217390_x_at,0.026800275
219126_at,0.026789635
224768_at,0.026781857
204360_s_at,0.02677837
226198_at,0.02677533
200068_s_at,0.026774108
214194_at,0.026771307
201138_s_at,0.02677095
210592_s_at,0.026770294
202103_at,0.026767597
1564254_at,0.026766524
204652_s_at,0.026764214
225649_s_at,0.02676016
243004_at,0.026759505
204598_at,0.026757672
207954_at,0.026756331
219598_s_at,0.026756287
204098_at,0.026754886
221738_at,0.026753813
228020_at,0.026752308
204800_s_at,0.026749268
225908_at,0.026747942
224644_at,0.026745886
217618_x_at,0.026742682
226662_at,0.026740924
209472_at,0.026739359
1562228_s_at,0.02673687
211707_s_at,0.026733622
37943_at,0.026732117
228763_at,0.026726693
223076_s_at,0.026724756
224524_s_at,0.026724353
217693_x_at,0.026721492
227380_x_at,0.026718348
234435_at,0.026716769
235870_at,0.026714846
235621_at,0.026714474
208089_s_at,0.026711196
205761_s_at,0.026710093
224742_at,0.026705176
1555823_at,0.0267016
231045_x_at,0.026700258
226823_at,0.026697427
1557388_at,0.026697308
1552976_at,0.026694775
201019_s_at,0.02669391
209077_at,0.02669096
227731_at,0.026690558
220155_s_at,0.026688993
240217_s_at,0.026687622
223236_at,0.026686668
218697_at,0.026684448
1554260_a_at,0.026682958
57703_at,0.0266819
202667_s_at,0.026681647
204804_at,0.026672363
212461_at,0.026671946
224914_s_at,0.026667595
234403_at,0.026666492
218101_s_at,0.026656091
212263_at,0.026655495
225708_at,0.02665487
222743_s_at,0.026654482
212656_at,0.026644811
233511_at,0.026640996
208652_at,0.026639849
218316_at,0.02663973
36552_at,0.026639715
204101_at,0.026638642
227479_at,0.026637688
213829_x_at,0.026635438
224568_x_at,0.02663523
203832_at,0.026633412
224602_at,0.026631713
212455_at,0.02662623
1562849_at,0.026623756
218271_s_at,0.02662173
209090_s_at,0.026619762
1561085_at,0.026619047
57539_at,0.026617616
222492_at,0.026617527
224808_s_at,0.02661547
1556015_a_at,0.026614174
1558136_s_at,0.02661398
1558304_s_at,0.026612937
212060_at,0.02661261
223365_at,0.026602343
1554312_at,0.026602045
40225_at,0.026601672
202081_at,0.02659601
215293_s_at,0.02659534
219783_at,0.02658385
212205_at,0.02658382
206467_x_at,0.026579961
222903_s_at,0.026576325
210027_s_at,0.02657625
200721_s_at,0.026574701
212544_at,0.026574612
219246_s_at,0.026573315
226916_x_at,0.026572585
203025_at,0.02656667
228203_at,0.026560396
1570542_a_at,0.026555747
242214_at,0.026550248
242451_x_at,0.026549026
219131_at,0.026548654
218250_s_at,0.02654779
201365_at,0.026543155
227220_at,0.026542544
1556582_at,0.026542202
225574_at,0.026538044
206055_s_at,0.026537478
34846_at,0.026537254
235882_at,0.026531696
204460_s_at,0.026530191
218249_at,0.026528716
205211_s_at,0.026526704
213220_at,0.026524723
212260_at,0.026522875
209133_s_at,0.026521921
218438_s_at,0.026519656
1555715_a_at,0.026515126
207435_s_at,0.026515007
217322_x_at,0.026513547
225398_at,0.0265086
228374_at,0.026507497
202102_s_at,0.02650702
205329_s_at,0.026505426
235360_at,0.026502684
225489_at,0.02650261
212726_at,0.026499733
217745_s_at,0.026496112
211936_at,0.02649483
212610_at,0.026494265
221007_s_at,0.026494086
212490_at,0.026493669
216309_x_at,0.026485667
200911_s_at,0.026483357
233111_at,0.0264723
214201_x_at,0.026471853
214092_x_at,0.026465625
213297_at,0.026464075
209165_at,0.026462018
208922_s_at,0.026461095
225338_at,0.0264574
201705_at,0.026456833
209814_at,0.026453495
204372_s_at,0.026453495
206993_at,0.02645205
201222_s_at,0.026451677
40829_at,0.026439965
201659_s_at,0.026439145
224333_s_at,0.026435852
227422_at,0.026433393
233164_x_at,0.02643314
204404_at,0.026432917
206044_s_at,0.026432157
209232_s_at,0.026432037
203831_at,0.02643156
201871_s_at,0.026428938
211168_s_at,0.026426256
1557799_at,0.026423454
201916_s_at,0.026423395
202614_at,0.026422232
237652_at,0.026420772
213141_at,0.026418298
224447_s_at,0.02641821
226087_at,0.026417881
216551_x_at,0.026411489
215622_x_at,0.026406288
205873_at,0.026405215
204212_at,0.026402742
234584_s_at,0.026387423
225365_at,0.026385874
201725_at,0.026385128
216338_s_at,0.026384294
211114_x_at,0.02638255
209766_at,0.026381448
201966_at,0.026380569
221269_s_at,0.026376665
226976_at,0.026373833
221493_at,0.026373148
212309_at,0.0263727
200736_s_at,0.026369989
202985_s_at,0.026369214
212825_at,0.026369154
238296_at,0.026351407
201527_at,0.026350856
212983_at,0.026349872
227814_at,0.0263488
201088_at,0.026345968
214513_s_at,0.026343107
218020_s_at,0.026340067
210588_x_at,0.02633518
224286_at,0.026335165
237025_at,0.026333898
1569069_s_at,0.026332274
230484_at,0.026321292
222099_s_at,0.026316136
209226_s_at,0.02631551
209350_s_at,0.026313514
211975_at,0.026310563
202293_at,0.026309729
222628_s_at,0.026309043
65770_at,0.026298136
1554148_a_at,0.026294842
230949_at,0.026291564
203694_s_at,0.026289731
226434_at,0.02628684
222028_at,0.02628678
38964_r_at,0.026285917
209479_at,0.026283324
235232_at,0.026281908
200867_at,0.026275158
1555916_at,0.026275069
214364_at,0.02627419
211945_s_at,0.026272714
202268_s_at,0.026272237
218070_s_at,0.026271522
209972_s_at,0.026271269
222924_at,0.026267558
210825_s_at,0.02626443
244214_at,0.026264414
1560402_at,0.026262328
201157_s_at,0.026259542
208773_s_at,0.026258051
228183_s_at,0.02625677
212123_at,0.026252419
232761_at,0.026250437
201439_at,0.02624911
1566231_at,0.026248246
203073_at,0.0262478
203492_x_at,0.026246488
202320_at,0.026246384
222382_x_at,0.02624613
223428_s_at,0.026245832
237287_at,0.026240945
202141_s_at,0.026240468
204659_s_at,0.026240423
224610_at,0.026240408
1565027_at,0.026239932
202031_s_at,0.02623713
1563657_at,0.026234984
215171_s_at,0.026234716
220925_at,0.026233092
233732_at,0.026232317
202757_at,0.026230663
1564362_x_at,0.02623029
35254_at,0.026225269
227602_at,0.02622126
201152_s_at,0.026220858
233333_x_at,0.026215062
206092_x_at,0.026214302
225203_at,0.026207715
231567_s_at,0.02620709
233571_x_at,0.026201695
202189_x_at,0.026198566
241602_at,0.026196629
207541_s_at,0.026196122
213980_s_at,0.026194125
203436_at,0.026190758
236913_at,0.02619046
214672_at,0.026189283
201165_s_at,0.026186705
204177_s_at,0.026183456
224252_s_at,0.026181072
213434_at,0.026171654
207408_at,0.02617091
210530_s_at,0.02616942
212024_x_at,0.026168168
219162_s_at,0.026167214
49329_at,0.026166856
1554367_at,0.026165247
231847_at,0.026161343
218052_s_at,0.026159197
201515_s_at,0.026156992
200881_s_at,0.026154518
212638_s_at,0.026153952
223353_at,0.026153862
216823_at,0.026150584
202281_at,0.02614829
206959_s_at,0.026147708
218126_at,0.02614583
218447_at,0.02614528
213741_s_at,0.026143372
230490_x_at,0.026141226
215511_at,0.02613902
219297_at,0.026138619
226199_at,0.02613537
200052_s_at,0.02613318
208673_s_at,0.02613157
223048_at,0.026124567
214923_at,0.026123494
208952_s_at,0.026123166
211990_at,0.026119292
218666_s_at,0.026118442
243434_at,0.026116654
210301_at,0.026116252
221925_s_at,0.026115566
217726_at,0.026114821
211115_x_at,0.02611129
219119_at,0.02610898
224309_s_at,0.026108533
201800_s_at,0.026100755
227245_at,0.026099265
203526_s_at,0.026098937
217921_at,0.026096582
218887_at,0.026093632
228026_at,0.02609022
222649_at,0.026089355
244248_at,0.026075125
221265_s_at,0.026074693
201859_at,0.026073456
201568_at,0.02606675
207699_at,0.026064634
225309_at,0.02605772
209912_s_at,0.026056305
219084_at,0.026045084
217906_at,0.026042223
200078_s_at,0.026042044
202521_at,0.026041478
209229_s_at,0.026038885
222605_at,0.026036054
207657_x_at,0.02603072
203273_s_at,0.02602902
239267_at,0.026017621
218385_at,0.026017547
224985_at,0.02601266
241374_at,0.02600889
216242_x_at,0.026003867
1553148_a_at,0.025986224
227590_at,0.02598615
1566512_at,0.025979683
230518_at,0.025976181
203606_at,0.02597487
212248_at,0.025971144
204703_at,0.025970027
226664_at,0.025969356
203730_s_at,0.025967985
238093_at,0.025964886
233841_s_at,0.025962308
224655_at,0.025957644
214989_x_at,0.025954962
217839_at,0.025949001
229861_at,0.025947973
226842_at,0.025940448
1557985_s_at,0.025940418
230592_at,0.025939912
222182_s_at,0.025939137
229535_at,0.025938079
205218_at,0.02593574
200042_at,0.025933504
1561518_at,0.025929958
227562_at,0.025925785
233013_x_at,0.025922358
222206_s_at,0.025920674
203339_at,0.025920227
225749_at,0.025916561
231870_s_at,0.025911987
203674_at,0.025911838
217016_x_at,0.025908977
223187_s_at,0.025906473
207350_s_at,0.02590178
228120_at,0.025887042
223097_at,0.025886014
200807_s_at,0.025880277
1557801_x_at,0.025877789
46256_at,0.025876284
201281_at,0.025876224
205310_at,0.025875539
241373_at,0.025870472
222902_s_at,0.025869697
200669_s_at,0.025866091
201879_at,0.025863633
208021_s_at,0.025859684
213128_s_at,0.025859565
219374_s_at,0.025857061
224180_x_at,0.025854647
1553510_s_at,0.025853977
221743_at,0.025853038
229805_at,0.025851905
237163_x_at,0.02585122
226128_at,0.025850058
221507_at,0.025848657
208938_at,0.025848225
233779_x_at,0.025846094
223166_x_at,0.025844574
207405_s_at,0.025841177
1566956_at,0.02583754
224434_s_at,0.025835082
226805_at,0.025830299
234947_s_at,0.02582933
1554428_s_at,0.025828376
224604_at,0.025824815
212968_at,0.025824785
218228_s_at,0.025824308
200041_s_at,0.025821477
223099_s_at,0.02581188
202042_at,0.025809169
214695_at,0.025797024
222041_at,0.02579464
203200_s_at,0.02578628
200597_at,0.025779456
223909_s_at,0.025779009
218721_s_at,0.02577889
229355_at,0.0257788
1554145_a_at,0.025777832
1556001_at,0.025777593
204946_s_at,0.025776908
209056_s_at,0.025767952
212006_at,0.025764614
208975_s_at,0.025751889
216397_s_at,0.025751576
202692_s_at,0.025750265
211504_x_at,0.025749087
242668_x_at,0.02574712
223163_s_at,0.025746927
202158_s_at,0.02574563
234981_x_at,0.02574277
215691_x_at,0.025735945
89476_r_at,0.025734812
232229_at,0.025733665
1566228_at,0.025733322
203160_s_at,0.025732458
226617_at,0.025728792
200726_at,0.025728077
1556056_at,0.02572319
226927_at,0.025720716
218221_at,0.025715917
229447_x_at,0.025715709
224736_at,0.025710046
227078_at,0.025708452
227357_at,0.025703013
221817_at,0.025696516
214780_s_at,0.025685698
243459_x_at,0.02568452
226880_at,0.025682628
203366_at,0.025679737
243501_at,0.025676966
218374_s_at,0.025674656
204209_at,0.02567321
1861_at,0.025672168
221842_s_at,0.02567193
220742_s_at,0.025670528
242674_at,0.02566719
1554102_a_at,0.025666535
202318_s_at,0.025665909
231443_at,0.025665045
36019_at,0.025663644
241907_at,0.025663257
221847_at,0.025662035
212416_at,0.02565512
212102_s_at,0.025652945
216051_x_at,0.025651753
228611_s_at,0.025651723
220762_s_at,0.02564761
218808_at,0.02564679
221501_x_at,0.025645614
224481_s_at,0.025640726
200892_s_at,0.025636792
229803_s_at,0.025635436
224149_x_at,0.025629416
218799_at,0.025629401
221923_s_at,0.02562809
216996_s_at,0.025627375
213009_s_at,0.02562514
224738_x_at,0.025614172
225310_at,0.025607586
208598_s_at,0.025598079
207335_x_at,0.025596738
1563853_at,0.025596693
241053_at,0.025593132
1563796_s_at,0.025589228
218387_s_at,0.025588602
225824_at,0.025586516
213053_at,0.025583893
205300_s_at,0.025582552
212004_at,0.025582254
235585_at,0.025569767
213937_s_at,0.025565937
229939_at,0.02556549
214869_x_at,0.025562033
237438_at,0.025561824
1558969_a_at,0.02556087
217819_at,0.02556026
211465_x_at,0.025556713
209001_s_at,0.0255512
201552_at,0.025543272
45828_at,0.025540471
209148_at,0.025540292
214892_x_at,0.025539696
203286_at,0.025534153
225004_at,0.025533155
1553538_s_at,0.025531411
207922_s_at,0.025518209
201345_s_at,0.02551648
215145_s_at,0.025516339
201409_s_at,0.025513798
210779_x_at,0.025507629
223256_at,0.02550754
228196_s_at,0.025506407
229573_at,0.02549471
210608_s_at,0.025489405
219706_at,0.02548927
226297_at,0.025488198
207157_s_at,0.025476515
217485_x_at,0.025476128
218760_at,0.025473818
212773_s_at,0.025471091
36888_at,0.025463581
217871_s_at,0.025459975
223439_at,0.025455087
217916_s_at,0.025451422
212075_s_at,0.025449872
236232_at,0.025447339
234311_s_at,0.025444865
224647_at,0.025442302
203183_s_at,0.025441676
203093_s_at,0.025439858
225395_s_at,0.025436401
203858_s_at,0.025435686
202167_s_at,0.025427997
51176_at,0.02542317
225179_at,0.025417417
231069_at,0.02541618
214355_x_at,0.025411159
208730_x_at,0.02541098
214756_x_at,0.025404602
218366_x_at,0.025393575
212505_s_at,0.02539292
224777_s_at,0.025392592
218671_s_at,0.025387883
230118_at,0.025379702
1558407_at,0.02537936
211270_x_at,0.025376618
221515_s_at,0.025367528
226400_at,0.02536732
222526_at,0.025364995
201769_at,0.02536416
226263_at,0.025361106
1556835_s_at,0.025357723
225549_at,0.025350451
224677_x_at,0.025346398
204809_at,0.025344312
201775_s_at,0.025336891
221488_s_at,0.025334716
202424_at,0.025333762
217806_s_at,0.025329813
224332_s_at,0.025329351
208956_x_at,0.025323272
220730_at,0.025320083
222658_s_at,0.025315836
200035_at,0.025313437
228578_at,0.025312781
49878_at,0.02530852
225925_s_at,0.025305122
202477_s_at,0.025303662
238765_at,0.025296167
219141_s_at,0.025290444
203478_at,0.025289923
200751_s_at,0.025289178
210695_s_at,0.025285572
226624_at,0.025284916
222733_x_at,0.025284499
231812_x_at,0.025276512
212955_s_at,0.025265187
233080_s_at,0.02526319
203039_s_at,0.025260866
217898_at,0.025259197
235792_x_at,0.025258854
216739_at,0.025257945
208833_s_at,0.02525729
223988_x_at,0.025255084
213509_x_at,0.025245368
244233_at,0.02524522
227784_s_at,0.025242716
211285_s_at,0.025238961
225487_at,0.025237873
227170_at,0.025235087
224654_at,0.025232524
209046_s_at,0.025230289
215020_at,0.025229523
218289_s_at,0.025226608
215737_x_at,0.025220454
217718_s_at,0.025220305
229933_at,0.025213197
201546_at,0.025212288
212168_at,0.025209427
1564069_at,0.025202677
208772_at,0.025201827
200969_at,0.025200635
235361_at,0.025200307
225691_at,0.025197536
227507_at,0.025193527
235452_at,0.025188893
206139_at,0.02518855
219245_s_at,0.02517587
222110_at,0.02517502
218071_s_at,0.02517271
217840_at,0.025172114
79005_at,0.02516815
214784_x_at,0.025164366
211717_at,0.025160328
202199_s_at,0.02515915
208763_s_at,0.025158197
38398_at,0.025155783
201400_at,0.02515173
222132_s_at,0.025147855
205847_at,0.025146231
235516_at,0.025143206
227924_at,0.025137454
203230_at,0.02513212
210891_s_at,0.025131047
223617_x_at,0.025127709
205050_s_at,0.025125787
227515_at,0.025125355
1558546_at,0.025123864
200759_x_at,0.025107533
221855_at,0.025103569
203648_at,0.025096238
223211_at,0.025096178
212213_x_at,0.025091141
226619_at,0.025090411
210418_s_at,0.025085986
219116_s_at,0.025084004
212584_at,0.025078982
64438_at,0.025078043
213057_at,0.025077745
203655_at,0.025075406
1564277_a_at,0.02507481
41856_at,0.025069028
202476_s_at,0.02506727
224684_at,0.025063604
242151_at,0.0250611
225261_x_at,0.025058031
202050_s_at,0.02505529
202515_at,0.025052994
202065_s_at,0.02505219
200045_at,0.025047839
226486_at,0.02504754
223506_at,0.025043592
222907_x_at,0.025033385
212087_s_at,0.025031224
203082_at,0.025020555
202288_at,0.025020093
203530_s_at,0.02501747
223705_s_at,0.025016516
230079_at,0.025015816
208141_s_at,0.025011882
209913_x_at,0.025011465
217969_at,0.025007129
201738_at,0.025005877
224521_s_at,0.025005385
211678_s_at,0.025004417
209106_at,0.025002271
1569034_a_at,0.025000773
222133_s_at,0.024993092
225713_at,0.024993032
223532_at,0.024993002
201414_s_at,0.024993002
31807_at,0.02497822
242048_at,0.024973914
221904_at,0.024963364
212648_at,0.02496317
215930_s_at,0.024962097
203412_at,0.02496101
37278_at,0.024960384
238530_at,0.024957791
224810_s_at,0.024956882
212881_at,0.024950549
224347_x_at,0.02494891
201653_at,0.024948478
227920_at,0.024948224
212833_at,0.024939
212180_at,0.024930894
212449_s_at,0.024929762
1555222_a_at,0.024929732
218053_at,0.024925053
201256_at,0.024923861
212491_s_at,0.024920195
1559682_at,0.024909616
222264_at,0.024902448
225794_s_at,0.024900764
201316_at,0.02489768
210723_x_at,0.024887785
39891_at,0.024884045
232032_x_at,0.024883837
226476_s_at,0.024880216
1569396_at,0.02488017
230566_at,0.024879903
201584_s_at,0.024879515
209322_s_at,0.024874657
1555288_s_at,0.02487357
229211_at,0.024873108
217754_at,0.024870098
218970_s_at,0.02486524
213632_at,0.024861097
236569_at,0.024857044
211575_s_at,0.024855807
223042_s_at,0.024855018
211277_x_at,0.024854481
212131_at,0.02484703
225559_at,0.02484551
219193_at,0.02484411
35179_at,0.024839133
226154_at,0.024838507
225281_at,0.024833888
40359_at,0.024833411
65884_at,0.024832502
244129_at,0.024831563
218150_at,0.024829596
242687_at,0.024828687
208994_s_at,0.024828434
203677_s_at,0.02482681
209415_at,0.024821147
219137_s_at,0.024819344
227086_at,0.02481921
212786_at,0.024817243
1552646_at,0.024815708
202488_s_at,0.024813533
239134_at,0.02481106
208647_at,0.024806172
224303_x_at,0.02480556
208678_at,0.024804741
201271_s_at,0.024802625
223141_at,0.024801433
218315_s_at,0.02480109
71933_at,0.024796203
212752_at,0.024793461
228690_s_at,0.024790704
212591_at,0.024789989
228385_at,0.024784103
1568748_at,0.024776608
218916_at,0.02477631
226090_x_at,0.024774909
220597_s_at,0.024767041
238896_at,0.024764866
215582_x_at,0.024764627
233341_s_at,0.024764493
200753_x_at,0.024763435
201007_at,0.024760902
210570_x_at,0.024755612
203292_s_at,0.024751544
201771_at,0.024748206
203734_at,0.024740815
218200_s_at,0.024737418
226739_at,0.024735957
229980_s_at,0.02473411
201863_at,0.024725169
218041_x_at,0.024723887
235810_at,0.024722517
217796_s_at,0.024720341
210120_s_at,0.024716303
238565_at,0.024714172
222370_x_at,0.024708092
1555933_at,0.02470611
202553_s_at,0.024704516
212971_at,0.02470231
226631_at,0.024701297
217045_x_at,0.024699181
201253_s_at,0.024687022
202560_s_at,0.024682343
224946_s_at,0.024680465
218443_s_at,0.02467984
235189_at,0.0246744
242207_at,0.024673685
1570569_at,0.024670541
208199_s_at,0.024670452
232680_at,0.024669632
213179_at,0.0246692
232218_at,0.02466403
1564658_at,0.024658844
1565611_at,0.024652809
58994_at,0.024652258
208896_at,0.02464062
218734_at,0.024640262
201001_s_at,0.024627537
224504_s_at,0.024626836
222992_s_at,0.024626821
219809_at,0.024625242
218917_s_at,0.02462399
209669_s_at,0.024620801
227442_at,0.0246149
200618_at,0.024614573
233563_s_at,0.024611548
227334_at,0.024607256
225117_at,0.024604559
226620_x_at,0.024601132
226875_at,0.024598539
202484_s_at,0.024597734
219406_at,0.024596632
222533_at,0.024596453
233268_s_at,0.024595022
222997_s_at,0.024589747
234900_at,0.024589673
217877_s_at,0.024589151
205631_at,0.024588525
223656_s_at,0.02458705
219805_at,0.024584562
229321_s_at,0.024579749
204889_s_at,0.024576291
212431_at,0.0245751
214414_x_at,0.024574578
200090_at,0.024569154
222905_s_at,0.024566665
217266_at,0.02455929
225648_at,0.024556533
207105_s_at,0.024555564
210624_s_at,0.024552375
218703_at,0.024550483
235034_at,0.024549887
242838_at,0.024549484
210574_s_at,0.024549365
217923_at,0.024547875
224678_at,0.024547607
34225_at,0.024538219
218084_x_at,0.024534404
235484_at,0.02453217
226351_at,0.024525955
208905_at,0.024523705
224845_s_at,0.024512216
225947_at,0.024506167
229998_x_at,0.024505839
203597_s_at,0.024500579
215482_s_at,0.024497569
1554344_s_at,0.02449654
229293_at,0.024484217
218205_s_at,0.024480462
201023_at,0.02447182
217216_x_at,0.024470836
202927_at,0.024469256
225451_at,0.024468243
201686_x_at,0.024467573
213545_x_at,0.0244672
208957_at,0.024457574
206818_s_at,0.024456084
236041_at,0.024447322
213815_x_at,0.024442881
223334_at,0.024420321
222590_s_at,0.024420232
226720_at,0.024415463
219097_x_at,0.024408877
200989_at,0.024403632
1555348_at,0.024392009
37860_at,0.024388552
210213_s_at,0.024387121
202777_at,0.024386585
225350_s_at,0.024383545
216348_at,0.02437818
235750_at,0.024375409
212034_s_at,0.024373353
204097_s_at,0.024371803
209523_at,0.024366438
228222_at,0.0243603
224493_x_at,0.024357393
203061_s_at,0.024350628
210568_s_at,0.024349704
240928_at,0.024347678
211609_x_at,0.024347514
218946_at,0.024337083
218106_s_at,0.024336547
214197_s_at,0.024336025
231843_at,0.024328187
226493_at,0.024325788
244268_x_at,0.024324164
1555491_a_at,0.024322093
1555529_at,0.024307847
209358_at,0.024294615
209495_at,0.024293482
216885_s_at,0.02428791
201454_s_at,0.024279654
200767_s_at,0.024277568
215136_s_at,0.02427733
213504_at,0.02427581
235233_s_at,0.024272904
205476_at,0.024271172
226457_at,0.024269655
223128_at,0.024265036
34868_at,0.024263754
205089_at,0.024263203
236515_at,0.02425532
222674_at,0.024253622
218554_s_at,0.024253428
219111_s_at,0.024249405
223919_at,0.024243698
1566084_at,0.024234056
223440_at,0.024226546
218524_at,0.024222434
231820_x_at,0.02422002
1569604_at,0.024219975
217866_at,0.02421984
224890_s_at,0.02421534
219428_s_at,0.024208859
225169_at,0.024200827
202420_s_at,0.02419579
203246_s_at,0.024186194
200967_at,0.02418536
217191_x_at,0.024184614
205526_s_at,0.024179816
219362_at,0.024178177
235475_at,0.024171904
1552942_at,0.024170324
37950_at,0.024168313
201731_s_at,0.024164796
202076_at,0.02416408
203403_s_at,0.024162471
207707_s_at,0.02415502
206095_s_at,0.024154007
1569679_at,0.02415213
208777_s_at,0.024148613
212851_at,0.024144828
226052_at,0.024141222
221984_s_at,0.024137884
209997_x_at,0.024133623
238402_s_at,0.024125561
225515_s_at,0.024125546
200880_at,0.024119824
227540_at,0.02411969
229624_at,0.024118721
234302_s_at,0.024118483
1555848_at,0.02411826
235799_at,0.02411756
201443_s_at,0.024113059
229076_s_at,0.024111524
223329_x_at,0.024110794
232860_x_at,0.024106205
200959_at,0.024101019
244028_at,0.024096325
222601_at,0.024095953
211949_s_at,0.02409415
203383_s_at,0.024091527
203727_at,0.024087846
1553968_a_at,0.024081305
212083_at,0.024079442
204282_s_at,0.024072275
203079_s_at,0.02407211
213314_at,0.024071008
1560339_s_at,0.024067014
222652_s_at,0.024064839
203141_s_at,0.024064109
209103_s_at,0.024062037
221597_s_at,0.024061143
224250_s_at,0.024059176
225607_at,0.024059117
44702_at,0.024057016
31837_at,0.024054885
225556_at,0.024053514
216678_at,0.024051622
223480_s_at,0.024044067
225654_at,0.024039641
220248_x_at,0.024030656
203112_s_at,0.024030313
1559048_at,0.02402775
201046_s_at,0.024021357
225268_at,0.024010569
226551_at,0.024009436
121_at,0.024009362
231845_at,0.024004713
218283_at,0.024004638
209438_at,0.023998767
218343_s_at,0.023997605
219189_at,0.023993254
201097_s_at,0.023986816
233049_x_at,0.023981392
204382_at,0.023974657
215366_at,0.023973584
227482_at,0.02396813
209017_s_at,0.023967832
217766_s_at,0.023967147
229697_at,0.023967043
218258_at,0.02396679
201038_s_at,0.023965538
208185_x_at,0.023963407
225456_at,0.023961246
222575_at,0.02396065
212088_at,0.023960292
203600_s_at,0.023955613
36907_at,0.023953408
217742_s_at,0.023950309
201314_at,0.023949102
208969_at,0.02394101
1559167_x_at,0.023935467
218803_at,0.023934335
1554082_a_at,0.023933083
209418_s_at,0.023932576
216326_s_at,0.023929983
1553901_x_at,0.023904637
218763_at,0.023894727
200728_at,0.023886204
228861_at,0.023883134
220367_s_at,0.023881346
224679_at,0.023881018
209746_s_at,0.023880735
222465_at,0.023878515
223105_s_at,0.023878336
203484_at,0.02387786
209528_s_at,0.023869693
203546_at,0.023863718
203891_s_at,0.023861706
212411_at,0.023854434
226712_at,0.02385056
1557666_s_at,0.023848116
209332_s_at,0.023845255
213099_at,0.023837253
235298_at,0.023833185
40640_at,0.023832023
227416_s_at,0.023824155
238337_s_at,0.023823172
208830_s_at,0.023820907
218636_s_at,0.023819655
219034_at,0.02381277
200688_at,0.023805067
221381_s_at,0.023798108
218547_at,0.023792624
220964_s_at,0.023789138
224592_x_at,0.023772359
225209_s_at,0.023767889
236247_at,0.023767173
238842_at,0.023765862
208693_s_at,0.023764372
201091_s_at,0.023763716
208726_s_at,0.02376303
212008_at,0.023762584
207956_x_at,0.023761213
208878_s_at,0.02375868
208942_s_at,0.023753524
35671_at,0.023743689
224427_s_at,0.023739412
222578_s_at,0.023733452
203481_at,0.023731947
218347_at,0.023731858
209725_at,0.023730278
218142_s_at,0.023725986
202690_s_at,0.023725957
210907_s_at,0.023724616
227017_at,0.023723125
209862_s_at,0.02372089
218915_at,0.023717538
213384_x_at,0.023715362
226740_x_at,0.023700058
203599_s_at,0.023695186
209382_at,0.023689047
224619_at,0.023684084
209668_x_at,0.02368164
221741_s_at,0.023670852
241715_x_at,0.023661599
208819_at,0.023661435
203062_s_at,0.023652226
226965_at,0.023652196
43934_at,0.023640618
214602_at,0.02363662
213104_at,0.023636013
208756_at,0.023634136
200071_at,0.023632228
242895_x_at,0.023631841
226385_s_at,0.02360493
217622_at,0.02359882
202568_s_at,0.023595303
1553048_a_at,0.023594424
201342_at,0.023584992
212053_at,0.023582906
213656_s_at,0.023581773
208761_s_at,0.023568988
210616_s_at,0.023568302
217346_at,0.02355966
211375_s_at,0.02355504
225374_at,0.023554876
214585_s_at,0.023550034
222021_x_at,0.02354592
201382_at,0.023542523
223064_at,0.023536563
201064_s_at,0.023532927
201684_s_at,0.023532256
213612_x_at,0.02352935
1570185_at,0.02352707
226888_at,0.023524463
222684_s_at,0.023518741
215954_s_at,0.023517206
214816_x_at,0.023515433
200691_s_at,0.023510158
210947_s_at,0.023510113
1557584_at,0.023507684
233572_s_at,0.023506388
202413_s_at,0.023502052
234687_x_at,0.02349542
37424_at,0.023494542
224680_at,0.023494244
213505_s_at,0.023483217
220605_s_at,0.023480952
204053_x_at,0.023480654
224892_at,0.023477107
221548_s_at,0.023462027
208743_s_at,0.023461342
226949_at,0.023450255
203818_s_at,0.023449898
218124_at,0.023443356
208319_s_at,0.023442686
200902_at,0.023433924
202135_s_at,0.023432165
203338_at,0.02343151
217945_at,0.023430228
1554470_s_at,0.023429975
1555820_a_at,0.023428231
225865_x_at,0.023424983
201457_x_at,0.023415923
200027_at,0.023406059
218203_at,0.023392469
201103_x_at,0.023389816
218891_at,0.023388669
214709_s_at,0.023388356
200891_s_at,0.023375511
203351_s_at,0.02337107
218171_at,0.023360968
200786_at,0.023360312
201084_s_at,0.023352414
221999_at,0.023346156
202573_at,0.023341596
213334_x_at,0.02334033
217368_at,0.0233327
217492_s_at,0.023332119
209330_s_at,0.023328096
201870_at,0.023327887
219613_s_at,0.023317099
225514_at,0.023314625
221907_at,0.02331242
207187_at,0.023312092
224844_at,0.023305625
225772_s_at,0.023304105
211921_x_at,0.023284316
225304_s_at,0.023276448
212877_at,0.023273781
52741_at,0.023266003
201827_at,0.02325949
220212_s_at,0.023258805
222983_s_at,0.023251891
210878_s_at,0.023248613
236818_at,0.023236841
211937_at,0.023234844
36084_at,0.023223385
224302_s_at,0.02322182
221504_s_at,0.023221135
221505_at,0.023217231
202355_s_at,0.023210615
210149_s_at,0.023207545
230533_at,0.023195907
200997_at,0.023186564
34221_at,0.02318655
219910_at,0.023179129
224737_x_at,0.023174644
213919_at,0.023174062
202384_s_at,0.02316071
213798_s_at,0.023155332
210826_x_at,0.023153141
209044_x_at,0.023151755
200609_s_at,0.023150027
56829_at,0.023149282
227090_at,0.02314815
217976_s_at,0.023142993
200599_s_at,0.0231421
222982_x_at,0.023136377
236384_at,0.023119926
217746_s_at,0.023119867
212100_s_at,0.023118705
213408_s_at,0.023109525
205955_at,0.023106292
204903_x_at,0.023079753
242371_x_at,0.02307792
205324_s_at,0.023065567
218190_s_at,0.023061037
226376_at,0.02306068
222475_at,0.02305895
201453_x_at,0.023057282
214037_s_at,0.023055255
234950_s_at,0.023047388
218672_at,0.02304262
221495_s_at,0.023036331
215980_s_at,0.023008227
217117_x_at,0.022996157
223871_x_at,0.022993982
223857_x_at,0.0229837
213041_s_at,0.022982448
205189_s_at,0.022980958
38766_at,0.022980273
225006_x_at,0.022973299
216036_x_at,0.022971883
224936_at,0.022968948
219324_at,0.022968888
218852_at,0.022967845
218137_s_at,0.02296421
226564_at,0.02296123
205004_at,0.022960424
212227_x_at,0.022955596
235032_at,0.022952393
239053_at,0.022948071
206063_x_at,0.022915691
227251_at,0.02289711
228299_at,0.022885382
216306_x_at,0.022885382
222000_at,0.022882521
209313_at,0.022871166
201632_at,0.022858322
224607_s_at,0.022856653
222301_at,0.022854984
222228_s_at,0.022851244
218563_at,0.022849917
212318_at,0.022848785
220596_at,0.022848055
218314_s_at,0.02284412
212130_x_at,0.022840679
203174_s_at,0.02282855
239316_at,0.022824645
200828_s_at,0.02281332
201509_at,0.02280438
221819_at,0.022792637
223760_s_at,0.022788033
224340_at,0.022781134
1562861_at,0.022776708
226786_at,0.022776112
222297_x_at,0.022774577
219180_s_at,0.02277185
218977_s_at,0.0227651
214946_x_at,0.022764504
205362_s_at,0.022761539
225148_at,0.022760749
229267_at,0.022757247
47571_at,0.022756279
230376_at,0.022747204
213209_at,0.022746056
222460_s_at,0.022745848
225781_at,0.02274239
207416_s_at,0.022721753
219515_at,0.022720903
201807_at,0.022715986
213086_s_at,0.022715807
212852_s_at,0.022710562
208617_s_at,0.022699356
201586_s_at,0.022699118
221537_at,0.022698596
220525_s_at,0.02269715
214733_s_at,0.022691727
201720_s_at,0.022689044
201594_s_at,0.022685945
208714_at,0.02267605
216559_x_at,0.022669196
202408_s_at,0.022665739
202306_at,0.02266112
212323_s_at,0.022660747
217926_at,0.022660494
35685_at,0.022659898
213050_at,0.022658676
201290_at,0.022654802
219021_at,0.022650689
202001_s_at,0.022648454
243760_at,0.022648424
236240_at,0.02264817
221056_x_at,0.02264233
235679_at,0.022632778
200729_s_at,0.022626668
206936_x_at,0.022623628
201371_s_at,0.022609055
203204_s_at,0.02260542
223244_s_at,0.022602588
209429_x_at,0.022597402
200870_at,0.022590846
226049_at,0.02258353
215764_x_at,0.022582144
222707_s_at,0.022575274
212280_x_at,0.022561103
219092_s_at,0.022547439
226579_at,0.022542253
211537_x_at,0.022529528
218134_s_at,0.02252382
218082_s_at,0.022511065
201947_s_at,0.022507697
213166_x_at,0.022506356
37425_g_at,0.022504717
210968_s_at,0.02250284
218969_at,0.022501752
206593_s_at,0.022485882
223014_at,0.022480965
200662_s_at,0.02248019
225437_s_at,0.02247706
201623_s_at,0.022470474
41113_at,0.022462115
203113_s_at,0.02245766
218216_x_at,0.0224545
225053_at,0.022448003
202791_s_at,0.022446036
208313_s_at,0.02244389
210949_s_at,0.022435963
224068_x_at,0.022435784
208990_s_at,0.022434413
220939_s_at,0.022430152
36865_at,0.022426844
201166_s_at,0.02242434
201160_s_at,0.022417784
200915_x_at,0.022417665
211159_s_at,0.022417098
200640_at,0.022414774
208979_at,0.022411644
221554_at,0.02240929
1553581_s_at,0.02240777
229044_at,0.022406787
235399_at,0.022403792
200918_s_at,0.022402257
213835_x_at,0.02239582
210759_s_at,0.022391498
206854_s_at,0.022384986
221699_s_at,0.022379756
213180_s_at,0.02237928
201488_x_at,0.022378922
203455_s_at,0.022375464
201139_s_at,0.022370577
227430_at,0.02236849
240698_s_at,0.022351101
217812_at,0.022341102
212691_at,0.022327572
213527_s_at,0.022321284
223560_s_at,0.02232036
219986_s_at,0.022312835
237783_at,0.02230531
201913_s_at,0.02229917
207508_at,0.022292554
207582_at,0.022292405
223350_x_at,0.022287041
223429_x_at,0.022277027
209219_at,0.022274464
209860_s_at,0.02226615
202209_at,0.022264063
225672_at,0.022255376
213681_at,0.022252858
225073_at,0.022233546
201643_x_at,0.022230208
207842_s_at,0.02222836
225260_s_at,0.022223115
226078_at,0.02222225
218210_at,0.022210807
203534_at,0.022209197
235640_at,0.022204518
215568_x_at,0.022200197
208718_at,0.022198856
203218_at,0.022193208
200064_at,0.022182405
227651_at,0.02217938
217456_x_at,0.022165358
220375_s_at,0.022157118
219063_at,0.022154331
208948_s_at,0.02215013
214699_x_at,0.022130728
221500_s_at,0.022128135
229862_x_at,0.022123113
224782_at,0.022108912
201740_at,0.022105187
1557112_a_at,0.022102818
221709_s_at,0.022098646
223011_s_at,0.02209729
213729_at,0.022096336
55662_at,0.022079408
204474_at,0.0220702
233179_x_at,0.022061199
35265_at,0.022057816
37232_at,0.022052318
1487_at,0.022050828
217249_x_at,0.022049218
202678_at,0.022048831
228386_s_at,0.022029772
217928_s_at,0.022010192
225498_at,0.022005886
221836_s_at,0.02200298
1555374_at,0.022001281
200067_x_at,0.021986216
212410_at,0.021975815
224312_x_at,0.021970391
212519_at,0.02196604
204219_s_at,0.021957278
232520_s_at,0.021956354
1560922_s_at,0.021956354
215230_x_at,0.021952331
202941_at,0.02194795
212863_x_at,0.021940261
201296_s_at,0.021933317
208720_s_at,0.021930397
223324_s_at,0.02192624
208630_at,0.021911263
203459_s_at,0.02190584
200934_at,0.021887481
236772_s_at,0.021870166
218059_at,0.021869183
223033_s_at,0.021866053
210510_s_at,0.02186382
201113_at,0.021861076
220755_s_at,0.021857977
202216_x_at,0.02184856
200857_s_at,0.021841198
201630_s_at,0.02182746
209609_s_at,0.021824569
217836_s_at,0.0218212
201977_s_at,0.021814436
212929_s_at,0.021811604
220864_s_at,0.021807015
209944_at,0.021802753
213762_x_at,0.021797955
202109_at,0.021797225
204220_at,0.0217956
200844_s_at,0.021787941
211529_x_at,0.02178669
214525_x_at,0.021786466
217938_s_at,0.021781445
201216_at,0.02178058
202496_at,0.021771878
222401_s_at,0.021770895
209503_s_at,0.021752119
201232_s_at,0.021728724
217983_s_at,0.021712124
1570410_at,0.021711156
211251_x_at,0.021709442
222975_s_at,0.02170384
200921_s_at,0.021695495
208822_s_at,0.021691978
202402_s_at,0.02168116
201433_s_at,0.021679282
209329_x_at,0.021662116
219329_s_at,0.021653682
47608_at,0.021651834
218794_s_at,0.02163577
214299_at,0.021632418
222389_s_at,0.02162999
228516_at,0.02162999
1564129_a_at,0.021628961
1555452_at,0.021628395
213184_at,0.02162017
213028_at,0.021619827
201816_s_at,0.021616846
223031_s_at,0.021613002
225126_at,0.02160336
202511_s_at,0.021603167
223907_s_at,0.02159603
213047_x_at,0.021594703
217915_s_at,0.021589696
201245_s_at,0.021582663
222445_at,0.021563947
218391_at,0.021557242
200620_at,0.021556199
1555306_a_at,0.021547824
200882_s_at,0.021541148
221726_at,0.021536946
225494_at,0.021535754
217956_s_at,0.021530658
208612_at,0.02152294
201002_s_at,0.02152276
205788_s_at,0.021514475
221647_s_at,0.021497548
35201_at,0.021493554
218165_at,0.021493465
225226_at,0.021491691
201934_at,0.02146992
48580_at,0.021468997
219350_s_at,0.021466672
38447_at,0.021466494
222741_s_at,0.021463677
203307_at,0.021450534
201786_s_at,0.02144304
225392_at,0.021439672
225523_at,0.021437496
208101_s_at,0.021436617
48612_at,0.02140534
208374_s_at,0.021404445
213507_s_at,0.021399945
210275_s_at,0.021384418
218042_at,0.021383166
204295_at,0.021380424
632_at,0.021371245
65521_at,0.02136831
201010_s_at,0.021352649
210406_s_at,0.02135256
225012_at,0.021351308
211967_at,0.02133441
219098_at,0.021326512
208099_x_at,0.02132234
200647_x_at,0.021314442
203667_at,0.021312565
209405_s_at,0.021291465
243024_at,0.021290049
225038_s_at,0.021288931
200679_x_at,0.021249175
209036_s_at,0.021248609
217780_at,0.02122289
215566_x_at,0.021220863
214141_x_at,0.021218687
216282_x_at,0.02120474
202513_s_at,0.021204159
62212_at,0.02120389
222398_s_at,0.02119869
221619_s_at,0.021196961
210685_s_at,0.021196947
217733_s_at,0.021194458
218426_s_at,0.021193743
219009_at,0.021191835
49327_at,0.021189407
213115_at,0.02117619
208946_s_at,0.02117604
213076_at,0.02115941
218725_at,0.021152407
1553162_x_at,0.021151572
225243_s_at,0.021146774
201114_x_at,0.021142364
223112_s_at,0.021131158
52169_at,0.02113089
213654_at,0.02112493
217887_s_at,0.021124542
223964_x_at,0.02110754
222440_s_at,0.021101624
224761_at,0.02110082
201132_at,0.021089584
200853_at,0.021087766
209899_s_at,0.021079749
202542_s_at,0.02107358
211536_x_at,0.021071255
202673_at,0.021069705
218287_s_at,0.021062061
218067_s_at,0.021060407
236282_at,0.021037593
211036_x_at,0.021027356
200863_s_at,0.021027029
36994_at,0.021020472
218381_s_at,0.021014571
226357_at,0.0210101
226108_at,0.020995557
206621_s_at,0.020992458
226428_at,0.020988613
201106_at,0.020981252
200079_s_at,0.02096644
224660_at,0.020963728
206138_s_at,0.02095887
208821_at,0.020958483
219548_at,0.020924464
208030_s_at,0.020921707
224886_at,0.020913169
212931_at,0.0209122
223026_s_at,0.020908386
1554518_at,0.020903423
226862_at,0.020902023
217870_s_at,0.020887136
215744_at,0.02088058
203205_at,0.02085124
220465_at,0.020844698
208804_s_at,0.020826459
208705_s_at,0.020816982
226761_at,0.020811006
44617_at,0.02081047
200053_at,0.020804048
200750_s_at,0.020797431
203721_s_at,0.020796508
220078_at,0.020789936
201696_at,0.02078855
229325_at,0.020765752
201699_at,0.020742685
208095_s_at,0.020737886
205711_x_at,0.020730376
211938_at,0.02068758
241799_x_at,0.02067998
201225_s_at,0.020677328
202232_s_at,0.020674199
202650_s_at,0.020667732
200801_x_at,0.020662487
200830_at,0.020652175
217466_x_at,0.02062592
225552_x_at,0.020621985
202292_x_at,0.020616874
201721_s_at,0.020613313
201226_at,0.02061063
211623_s_at,0.020590901
217753_s_at,0.020589828
224935_at,0.020587444
209022_at,0.020587087
203268_s_at,0.020583153
215158_s_at,0.020550728
201682_at,0.020549536
200740_s_at,0.020534813
201030_x_at,0.020499825
218580_x_at,0.020487785
200051_at,0.020475
224972_at,0.02046132
206688_s_at,0.020450205
223430_at,0.020443484
213360_s_at,0.020417482
211068_x_at,0.020392329
202753_at,0.020376682
215004_s_at,0.020368934
206038_s_at,0.020366386
208809_s_at,0.02035445
208679_s_at,0.02032885
202899_s_at,0.020325094
56821_at,0.020298734
212261_at,0.020290673
224248_x_at,0.020288497
213037_x_at,0.020283699
227625_s_at,0.020273447
218040_at,0.020261243
200977_s_at,0.02025801
211935_at,0.020257235
206592_s_at,0.020256817
218679_s_at,0.020241618
225541_at,0.020223439
219086_at,0.02021645
217994_x_at,0.02020377
209118_s_at,0.02020067
202317_s_at,0.020197004
225678_at,0.02019228
33814_at,0.0201834
226236_at,0.020181179
217912_at,0.02016592
214263_x_at,0.020139903
213031_s_at,0.020138115
202325_s_at,0.020134687
217978_s_at,0.020130336
217868_s_at,0.020128727
218738_s_at,0.020103276
216993_s_at,0.020101875
208640_at,0.02009052
218320_s_at,0.02008447
209224_s_at,0.020081222
203529_at,0.02004993
217774_s_at,0.02001834
214812_s_at,0.020012975
228332_s_at,0.020007432
212302_at,0.019999728
212788_x_at,0.01998365
212132_at,0.019973695
201587_s_at,0.019964457
201698_s_at,0.019956797
208778_s_at,0.01993692
220419_s_at,0.019925773
209089_at,0.019919515
200774_at,0.019916534
201366_at,0.01991129
213101_s_at,0.019909263
221875_x_at,0.019902289
201837_s_at,0.019900441
224691_at,0.01988417
224951_at,0.019855082
226675_s_at,0.019853175
1553570_x_at,0.01985091
225951_s_at,0.019847393
203353_s_at,0.019843072
208827_at,0.019834787
230108_at,0.019828409
202646_s_at,0.01982224
206790_s_at,0.019797146
1558201_s_at,0.01975751
209549_s_at,0.019750953
224662_at,0.019727767
240727_s_at,0.019720197
211528_x_at,0.019682169
200932_s_at,0.01967913
214853_s_at,0.019672453
223205_s_at,0.019653693
202021_x_at,0.019653112
217028_at,0.019652933
200058_s_at,0.019635618
222467_s_at,0.01963079
224885_s_at,0.019628555
224597_at,0.01962173
209033_s_at,0.019609272
225264_at,0.019603014
216457_s_at,0.019601226
223406_x_at,0.019576669
218011_at,0.019576132
212059_s_at,0.01957205
44563_at,0.019571483
200642_at,0.019546688
213366_x_at,0.019541562
202858_at,0.019535035
212787_at,0.019533992
212058_at,0.019531071
201359_at,0.01952982
217794_at,0.01951015
200084_at,0.019503415
212422_at,0.019499943
215766_at,0.019487396
228951_at,0.019467548
204145_at,0.019455075
200653_s_at,0.01944089
217962_at,0.019424438
207320_x_at,0.019421667
212265_at,0.019394279
200777_s_at,0.019388229
201305_x_at,0.019385576
201637_s_at,0.019378126
221952_x_at,0.019372314
213860_x_at,0.019333184
201955_at,0.019330412
217896_s_at,0.019328535
201680_x_at,0.019311845
203135_at,0.019304365
222230_s_at,0.01930213
200009_at,0.019295186
201041_s_at,0.019291103
214986_x_at,0.019267619
218682_s_at,0.019217163
211946_s_at,0.019208252
200098_s_at,0.01919955
207507_s_at,0.019195378
204528_s_at,0.019186676
222832_s_at,0.0191648
200873_s_at,0.019129455
228462_at,0.019111328
208728_s_at,0.019104958
212626_x_at,0.019088209
201177_s_at,0.019047707
200976_s_at,0.019046903
205335_s_at,0.019046813
208724_s_at,0.01900673
213795_s_at,0.019003049
216606_x_at,0.018973261
212785_s_at,0.01896
201840_at,0.018944263
200829_x_at,0.018944025
217732_s_at,0.018930912
201885_s_at,0.018909276
210014_x_at,0.018868864
212600_s_at,0.018853039
200945_s_at,0.018845439
216241_s_at,0.01880598
200970_s_at,0.018802822
219065_s_at,0.018797964
1553569_at,0.018788278
201068_s_at,0.018780291
221820_s_at,0.018771976
211509_s_at,0.018761426
202347_s_at,0.018746257
228688_at,0.018717617
212370_x_at,0.018705964
212995_x_at,0.018677592
216954_x_at,0.018672436
205644_s_at,0.018669099
208887_at,0.018667996
212782_x_at,0.018656254
210097_s_at,0.018618643
216988_s_at,0.018612057
218213_s_at,0.018595785
210231_x_at,0.018591762
211800_s_at,0.01858449
201119_s_at,0.018553972
224617_at,0.018549979
201857_at,0.01850593
200673_at,0.018500835
201153_s_at,0.018494368
202582_s_at,0.018474758
201398_s_at,0.018464476
1553551_s_at,0.01846391
217828_at,0.018455625
209492_x_at,0.018452913
200638_s_at,0.018443763
217407_x_at,0.018435031
217913_at,0.018418372
223940_x_at,0.018395662
202810_at,0.018390268
226296_s_at,0.018379807
205545_x_at,0.018370152
209059_s_at,0.018363595
217947_at,0.018353522
223015_at,0.018337727
200076_s_at,0.018328011
200593_s_at,0.018303692
208801_at,0.018301845
212643_at,0.01829499
207941_s_at,0.018287241
223067_at,0.018282086
202681_at,0.018278718
200015_s_at,0.018205285
213648_at,0.018196896
200713_s_at,0.01816845
224731_at,0.018125951
200600_at,0.018124491
222990_at,0.018095076
217918_at,0.018090755
219939_s_at,0.018069386
202505_at,0.018024683
200814_at,0.018010378
208855_s_at,0.017997026
201757_at,0.017990708
233625_x_at,0.017970204
200748_s_at,0.017926693
202824_s_at,0.017913371
40189_at,0.017909706
211025_x_at,0.017906874
208713_at,0.0178954
208660_at,0.017879725
202836_s_at,0.017847478
212287_at,0.017811716
210466_s_at,0.017790139
213867_x_at,0.017775655
215452_x_at,0.017730474
200005_at,0.017709494
208870_x_at,0.01769507
200772_x_at,0.01768881
201385_at,0.017621666
201273_s_at,0.017609417
224594_x_at,0.017594218
224575_at,0.017584085
200624_s_at,0.017559707
217779_s_at,0.017540574
222390_at,0.017510206
212426_s_at,0.017498076
217379_at,0.017484725
207974_s_at,0.017459363
213535_s_at,0.017452687
225932_s_at,0.017443776
213048_s_at,0.01743707
209249_s_at,0.017399848
201676_x_at,0.017392993
213044_at,0.017392337
211600_at,0.017383099
208620_at,0.017378986
201901_s_at,0.017372072
224781_s_at,0.017351717
214512_s_at,0.017324686
200634_at,0.017309308
214629_x_at,0.017306805
214280_x_at,0.01730442
214737_x_at,0.017303377
216304_x_at,0.017297477
210648_x_at,0.017247379
200693_at,0.017199695
202882_x_at,0.01719752
208736_at,0.017187178
201575_at,0.017184556
224948_at,0.017166376
221844_x_at,0.017123342
222984_at,0.017115355
221263_s_at,0.01710862
213175_s_at,0.01710397
226006_at,0.017102957
215790_at,0.017084178
200631_s_at,0.017068714
37872_at,0.017059207
224187_x_at,0.017023683
226465_s_at,0.01701641
201317_s_at,0.016941905
202300_at,0.016917437
1555653_at,0.016903102
200650_s_at,0.016895413
217797_at,0.016884685
200657_at,0.016874194
220856_x_at,0.016871959
223516_s_at,0.016869009
207040_s_at,0.016851127
203663_s_at,0.016842008
226845_s_at,0.016841054
211746_x_at,0.016802967
213318_s_at,0.016791165
200876_s_at,0.01677382
211999_at,0.016751468
201524_x_at,0.016743958
200792_at,0.016733766
208780_x_at,0.016716003
200682_s_at,0.016681015
200655_s_at,0.016669095
203316_s_at,0.016633868
201077_s_at,0.016631335
221691_x_at,0.016594797
200652_at,0.016592085
226835_s_at,0.01652044
201004_at,0.016508162
226165_at,0.016495883
208764_s_at,0.016485572
201784_s_at,0.01648128
217846_at,0.016474277
202299_s_at,0.01645276
200055_at,0.016450584
212251_at,0.016438335
205292_s_at,0.016433358
216570_x_at,0.016426474
207132_x_at,0.016425848
213872_at,0.016423523
201227_s_at,0.016416073
211956_s_at,0.016388327
213564_x_at,0.016387641
208739_x_at,0.016383052
201322_at,0.01638174
201406_at,0.01636535
201390_s_at,0.016320646
201351_s_at,0.01629275
217917_s_at,0.016265154
209069_s_at,0.016235232
202343_x_at,0.016209126
201368_at,0.01618582
224695_at,0.016164243
200044_at,0.016164035
200746_s_at,0.016144365
200072_s_at,0.016089559
223003_at,0.016076446
215952_s_at,0.016065657
201092_at,0.016063303
209058_at,0.016057849
202157_s_at,0.016011655
222047_s_at,0.016010344
211787_s_at,0.015991807
200738_s_at,0.015925169
212967_x_at,0.015922546
213857_s_at,0.015894026
209067_s_at,0.015886188
202596_at,0.015882254
208737_at,0.01585567
240546_at,0.015838118
214042_s_at,0.01583141
212043_at,0.015818775
200595_s_at,0.015783101
217769_s_at,0.015766025
200093_s_at,0.01576513
1553588_at,0.015723705
200066_at,0.01569572
200619_at,0.015686572
201210_at,0.015686274
212454_x_at,0.015666157
208405_s_at,0.015658379
213603_s_at,0.015645146
201973_s_at,0.015628397
200043_at,0.015622497
201544_x_at,0.015569091
201994_at,0.015506268
201426_s_at,0.015497923
210908_s_at,0.015489876
200040_at,0.015455514
211931_s_at,0.015439898
211662_s_at,0.015432954
208659_at,0.015422583
201530_x_at,0.015422583
201255_x_at,0.015420854
200869_at,0.0154156685
213828_x_at,0.0154156685
214882_s_at,0.01541388
217816_s_at,0.015346944
223034_s_at,0.015304208
200037_s_at,0.015293777
200610_s_at,0.015281141
202231_at,0.0152541995
208742_s_at,0.015252292
200060_s_at,0.0152077675
224573_at,0.015207589
200797_s_at,0.015202671
216438_s_at,0.015187204
201358_s_at,0.015130788
213864_s_at,0.015121281
211997_x_at,0.015090525
201338_x_at,0.014959753
212266_s_at,0.014931798
201312_s_at,0.014906764
211968_s_at,0.014885426
200833_s_at,0.01488173
200779_at,0.01484406
201812_s_at,0.014814436
202406_s_at,0.014804721
200686_s_at,0.014789879
213619_at,0.014772564
209214_s_at,0.014770687
207243_s_at,0.014753222
213911_s_at,0.014749855
1555844_s_at,0.01471585
224584_at,0.01469779
211069_s_at,0.014674544
207988_s_at,0.014670908
224741_x_at,0.014658093
212085_at,0.014584541
221481_x_at,0.014578968
224585_x_at,0.014572918
201922_at,0.014556825
224841_x_at,0.01455164
201441_at,0.014547288
215091_s_at,0.014536947
201991_s_at,0.014508754
208826_x_at,0.014446497
208755_x_at,0.01442939
216231_s_at,0.014386654
202110_at,0.014380157
202090_s_at,0.014360011
201352_at,0.01435405
208909_at,0.014328182
211911_x_at,0.014326155
217883_at,0.014313906
211185_s_at,0.014302492
213187_x_at,0.014255106
209066_x_at,0.014192581
224561_s_at,0.01416713
200667_at,0.01416111
210501_x_at,0.014148474
218495_at,0.014132619
211983_x_at,0.014115632
225413_at,0.014091253
200085_s_at,0.014079154
213151_s_at,0.01406014
224372_at,0.014053702
215963_x_at,0.014049679
208752_x_at,0.014035404
212010_s_at,0.014022887
210208_x_at,0.013968289
208825_x_at,0.013962328
208834_x_at,0.013962328
224373_s_at,0.013950229
207168_s_at,0.013902485
208766_s_at,0.013872266
224569_s_at,0.013867557
207585_s_at,0.013864577
214687_x_at,0.013854444
217927_at,0.013841689
200847_s_at,0.013838053
200645_at,0.013817012
217807_s_at,0.01379931
200630_x_at,0.013747871
224637_at,0.013726234
218467_at,0.013725817
200087_s_at,0.013704836
207721_x_at,0.013700664
208729_x_at,0.0136832
200639_s_at,0.013630867
212639_x_at,0.013609886
221607_x_at,0.0135502815
200936_at,0.013530701
200966_x_at,0.01350677
200804_at,0.013471574
223416_at,0.013451576
213214_x_at,0.013438642
210532_s_at,0.013436317
200943_at,0.013428688
218226_s_at,0.013424993
204102_s_at,0.01342231
201588_at,0.013419509
221475_s_at,0.013411522
221494_x_at,0.013347805
201071_x_at,0.013329208
216384_x_at,0.013196111
208549_x_at,0.013182551
201553_s_at,0.013148963
201318_s_at,0.013070762
217731_s_at,0.01301074
200626_s_at,0.012995541
201031_s_at,0.012986124
208635_x_at,0.01294747
203133_at,0.012930274
200893_at,0.012885094
208641_s_at,0.012861252
200097_s_at,0.012820363
201550_x_at,0.012764931
217768_at,0.012758315
201217_x_at,0.012738049
211445_x_at,0.012721717
200047_s_at,0.012720048
200594_x_at,0.0126751065
226091_s_at,0.012666047
200840_at,0.012657881
209563_x_at,0.012591422
221891_x_at,0.012496114
225312_at,0.012495816
217756_x_at,0.012466788
200905_x_at,0.012452662
200608_s_at,0.012388945
213614_x_at,0.012362957
203380_x_at,0.012359202
208627_s_at,0.012341678
211750_x_at,0.012305319
200006_at,0.012270689
210183_x_at,0.012254119
217773_s_at,0.01224041
212661_x_at,0.01219362
201600_at,0.012156069
200633_at,0.012148201
224915_x_at,0.012108386
238199_x_at,0.012062311
201154_x_at,0.0120514035
200065_s_at,0.012022674
211710_x_at,0.012020886
200031_s_at,0.011983871
205849_s_at,0.011977315
208980_s_at,0.011939228
218233_s_at,0.011926174
200818_at,0.011884391
200944_s_at,0.0118380785
226227_x_at,0.011784613
212191_x_at,0.011777103
1553567_s_at,0.011752427
200754_x_at,0.011731356
224656_s_at,0.011728227
211940_x_at,0.011723518
202233_s_at,0.0116995275
213513_x_at,0.011669993
201754_at,0.011663556
209251_x_at,0.011653602
213646_x_at,0.011573851
211296_x_at,0.01156652
219762_s_at,0.011512607
221474_at,0.011450946
216505_x_at,0.011419952
217673_x_at,0.011296749
200057_s_at,0.011290669
200909_s_at,0.01128459
211755_s_at,0.011264265
207573_x_at,0.011248231
201597_at,0.011239409
211970_x_at,0.011224866
200668_s_at,0.011205733
200826_at,0.01115635
213453_x_at,0.011122942
210211_s_at,0.011105418
224567_x_at,0.011048257
214394_x_at,0.011039913
214459_x_at,0.011000156
200925_at,0.010999441
201254_x_at,0.010995448
213735_s_at,0.010840237
211978_x_at,0.010821402
202298_at,0.010817111
213084_x_at,0.010760665
200735_x_at,0.010681272
203752_s_at,0.01067704
212581_x_at,0.010663271
211073_x_at,0.01065284
225155_at,0.010651767
212734_x_at,0.010632992
200073_s_at,0.010612786
201090_x_at,0.010601759
201891_s_at,0.01060009
214334_x_at,0.010590851
226131_s_at,0.010578334
208929_x_at,0.010546565
200627_at,0.010522127
208808_s_at,0.010511339
200926_at,0.010479391
200022_at,0.010422647
206158_s_at,0.010394007
212039_x_at,0.010383844
225190_x_at,0.010363698
200014_s_at,0.010323107
213414_s_at,0.010307074
224586_x_at,0.010248005
202649_x_at,0.01015389
208812_x_at,0.010139108
213687_s_at,0.010128796
213699_s_at,0.01006335
211995_x_at,0.010042429
201293_x_at,0.010002971
208672_s_at,0.009966016
201993_x_at,0.009934604
200971_s_at,0.009882748
200716_x_at,0.009860337
224625_x_at,0.009842813
211666_x_at,0.009834856
208738_x_at,0.009767473
1555961_a_at,0.0097593665
201306_s_at,0.009756684
217092_x_at,0.009755909
200912_s_at,0.009737253
213377_x_at,0.009737015
216526_x_at,0.009732842
209140_x_at,0.009730995
200775_s_at,0.009729922
216515_x_at,0.009725481
213738_s_at,0.009681523
211058_x_at,0.009665608
200680_x_at,0.009663343
211765_x_at,0.009638488
234512_x_at,0.009626001
208616_s_at,0.009552538
214351_x_at,0.009548426
212988_x_at,0.009541869
208656_s_at,0.00952667
213080_x_at,0.009492159
214363_s_at,0.009489775
201094_at,0.009483099
210453_x_at,0.009458184
200834_s_at,0.0094534755
217982_s_at,0.009421587
200019_s_at,0.009406865
200004_at,0.009405434
212857_x_at,0.009375393
217491_x_at,0.009360969
212716_s_at,0.0093412995
208668_x_at,0.009313822
210646_x_at,0.009295344
212790_x_at,0.0092948675
211628_x_at,0.009270191
208746_x_at,0.009235829
200086_s_at,0.009208798
208697_s_at,0.009173334
217256_x_at,0.009136856
208646_at,0.009120643
200048_s_at,0.009113133
200715_x_at,0.009101391
200763_s_at,0.009082854
200888_s_at,0.009049296
214800_x_at,0.009040475
200809_x_at,0.009024262
208655_at,0.009006262
211072_x_at,0.008965492
200089_s_at,0.008949935
200794_x_at,0.008939445
213890_x_at,0.008935213
214938_x_at,0.008887231
200088_x_at,0.008870542
217398_x_at,0.008844852
211378_x_at,0.008754611
212363_x_at,0.008727044
217747_s_at,0.0087016225
200780_x_at,0.008669138
214288_s_at,0.008662581
202244_at,0.008612335
200030_s_at,0.008605778
200082_s_at,0.008557022
214317_x_at,0.008447409
200023_s_at,0.008439243
200081_s_at,0.008423865
215313_x_at,0.0084171295
203012_x_at,0.008372486
200016_x_at,0.008337319
221476_s_at,0.008266091
201592_at,0.008255422
200021_at,0.008253634
201134_x_at,0.008244038
211969_at,0.008214951
210927_x_at,0.008214295
214271_x_at,0.00815624
201429_s_at,0.00815016
210434_x_at,0.008140445
200061_s_at,0.0081321
200099_s_at,0.008114457
200003_s_at,0.008101881
200741_s_at,0.008096278
200036_s_at,0.008064747
201288_at,0.008056223
200651_at,0.0080269575
200063_s_at,0.00800252
224930_x_at,0.008000076
212826_s_at,0.007991254
214167_s_at,0.0079677105
201258_at,0.007843912
200937_s_at,0.007837772
200705_s_at,0.007821023
212042_x_at,0.007812083
225547_at,0.0077657104
200094_s_at,0.0077218413
211542_x_at,0.007643938
200718_s_at,0.0076182485
204892_x_at,0.0075856447
200858_s_at,0.0075725317
212273_x_at,0.00755018
213356_x_at,0.0075141788
200062_s_at,0.0075079203
206559_x_at,0.0074923635
200034_s_at,0.007395804
214328_s_at,0.007332504
211858_x_at,0.0073255897
208692_at,0.0072702765
213881_x_at,0.0072383285
200002_at,0.007140994
217720_at,0.0070486665
213932_x_at,0.007033944
200963_x_at,0.0069904327
200007_at,0.006963432
200717_x_at,0.006910026
200933_x_at,0.006910026
214548_x_at,0.0069084167
208695_s_at,0.00689888
204031_s_at,0.006840706
200080_s_at,0.006831169
200013_at,0.006824255
211943_x_at,0.006753266
200981_x_at,0.0067479014
212869_x_at,0.0067393184
200074_s_at,0.006735742
208628_s_at,0.006732106
214143_x_at,0.0067174435
217719_at,0.0067023635
213801_x_at,0.0066931844
200077_s_at,0.0066931844
216520_s_at,0.0066714883
213588_x_at,0.006657958
202698_x_at,0.0066236556
212270_x_at,0.0066109896
200038_s_at,0.006577462
217740_x_at,0.006564498
200017_at,0.006557524
200823_x_at,0.0065448284
200773_x_at,0.0065214634
200032_s_at,0.006488383
211927_x_at,0.006468475
200059_s_at,0.0064466596
213347_x_at,0.0064384937
208904_s_at,0.006436467
212537_x_at,0.0064264536
217801_at,0.0063773394
213477_x_at,0.0063643456
201257_x_at,0.0063633323
200033_at,0.006357491
200725_x_at,0.006352037
200095_x_at,0.0063372254
212284_x_at,0.0062789917
208517_x_at,0.0061818957
200091_s_at,0.0061784983
211972_x_at,0.006135285
221798_x_at,0.0061256886
234873_x_at,0.006121874
200018_at,0.0061210394
214327_x_at,0.00611189
202029_x_at,0.0061107874
200026_at,0.0061015487
222976_s_at,0.006058395
216342_x_at,0.0060405135
200029_at,0.006026387
200010_at,0.006020665
200817_x_at,0.0060132146
200092_s_at,0.0059833527
215823_x_at,0.0059581995
201665_x_at,0.00595212
200025_s_at,0.00595212
211942_x_at,0.005918443
203034_s_at,0.005917251
200819_s_at,0.0058819056
229563_s_at,0.0058819056
213583_x_at,0.0058509707
212578_x_at,0.0058336854
212082_s_at,0.005808413
211487_x_at,0.0057816505
215157_x_at,0.0056120753
211939_x_at,0.0056043863
212933_x_at,0.0056004226
208856_x_at,0.005594909
208113_x_at,0.0055623055
211720_x_at,0.0055451393
207783_x_at,0.0055127144
213969_x_at,0.005464852
200024_at,0.005445957
201033_x_at,0.0054166317
201049_s_at,0.0054036975
208645_s_at,0.0053552985
212433_x_at,0.0053004026
212391_x_at,0.0052946806
222229_x_at,0.005294621
214003_x_at,0.0052461624
203107_x_at,0.0052447915
201492_s_at,0.0052183867
200012_x_at,0.0051703453
211345_x_at,0.005106032
221791_s_at,0.0050269067
200689_x_at,0.0050103664
221775_x_at,0.005008936
200781_s_at,0.004961431
213941_x_at,0.0048937798
220960_x_at,0.0047951937
200949_x_at,0.0047826767
208768_x_at,0.0047622323
200674_s_at,0.004724443
221700_s_at,0.004612088
209134_s_at,0.0045471787
