sample,PC1,PC2,PC3,PC4,PC5,PC6,PC7,PC8,PC9,PC10,hclust_cluster,kmeans_cluster,cluster_consensus
GSM329407,-7.405360759066231,-10.91618832198988,-32.860936754089416,5.414368878734848,5.029629624808213,-3.9070297592872927,22.71755010763605,-0.285135337973172,8.860334409400185,-2.996225794408939,3,2,0.4748035073280334
GSM329408,-21.007321346005657,14.53747858605799,-16.622700584813597,4.638118880455808,-21.272807093345573,-20.97262513676672,-4.623774324716516,-14.142672557654338,22.206686245952117,5.702145478579665,3,3,0.4829641878604889
GSM329409,-7.700632052474474,-4.8598011018517955,11.41424616308813,13.047909336785777,-4.439079606205612,-1.0802228101735694,3.5026844950729856,-4.771005893434708,14.920747877828553,2.019265154368651,3,3,0.4647217392921448
GSM329410,-19.03942191405221,3.8729714224226233,-15.571573411104085,7.038964171652147,-20.363821459363916,-15.337024369506658,-0.17915121305158993,-17.06746581269048,15.273856909084909,-1.7581583427167293,3,3,0.5059067606925964
GSM329411,22.887371837012346,-23.437880623036175,-1.5404570018441315,14.637950825523324,-0.5665392384255177,-0.3048939799684235,8.79620228788864,0.3740320126848907,4.879569621604275,-6.596900261486331,5,4,0.9321972131729126
GSM329412,9.319316445300284,-16.101327846892623,5.283556688650743,14.468738001100105,-5.309194608891875,-3.449891500106388,11.629856171838933,-9.729766962415514,6.481431145435517,-14.262171094789243,3,4,0.2713764607906341
GSM329413,17.58430617513886,-28.599975274073337,10.894435781888491,6.108084971907451,12.774629792888293,25.360239367049118,13.433216515817607,6.472165458687284,10.312706039202682,6.623375148877764,5,4,0.932646632194519
GSM329414,3.493648367027047,-4.206422332047162,-10.91509313977051,11.890091670040674,-9.259096789543413,-17.722045359943287,9.558320672429307,-17.20680545722649,5.113459486000605,10.08831439263938,3,4,0.3699305057525635
GSM329415,-1.544841480940277,-17.558879258340873,14.499487749045638,5.927188367793944,5.954277481901871,16.476816844150147,-1.0314690684460655,-7.923485425200292,8.72197838939837,6.62498621663366,3,1,0.4178728461265564
GSM329416,10.863862316557714,-23.797936877550157,1.5090325033347605,2.4041159590153045,0.42469158246012567,7.415398220023723,25.104721324319662,5.510922273636629,2.079610123002942,-9.358539955351885,5,4,0.9358456134796144
GSM329417,-12.962377964857414,-6.463462997091049,-22.047489516593657,3.9926707797899783,-3.4839089141079564,-11.988709183166629,16.268819841026435,-3.8757452543450177,12.32136066423878,1.4319421876848932,3,2,0.4788126051425934
GSM329418,-21.457363259452137,2.067646750116924,-15.32369654759426,-0.7981672962311458,-1.9940021866829993,11.024263455940371,0.38147068755889585,-7.572195152914917,14.863273597049298,-13.94594766448208,3,3,0.4230223596096039
GSM329419,25.135578720089963,-24.390016460719753,17.579475791555268,11.599915574122488,3.220546719183546,22.518063157318522,1.7002691174328013,-6.017730905957908,0.3182980264947643,-3.8158719383758424,5,4,0.928165078163147
GSM329420,-5.744986945102881,13.632438238613092,27.460164866559367,3.911633353133734,6.291537502780186,6.860726533165182,-0.06036899295217951,-4.551414896705975,15.694109763875874,-2.5437627308540964,3,3,0.962422490119934
GSM329421,-5.623774356920602,23.336676918622715,9.937103310016395,-7.351617916717433,16.492933300862926,-5.754452651288179,-3.2013518319505585,-15.781203262908104,12.168706264057917,-8.783665551769138,3,3,0.9620938301086426
GSM329422,-9.863565768125785,40.57221990482742,-7.747885581862156,-7.799962027829804,6.70848552387053,-7.316021164169077,-14.400275218427629,-14.662657251455414,24.45342732819498,5.6871751723533395,3,3,0.9613178372383118
GSM329423,-5.07338405211076,3.3591262723282367,35.06132698700569,-2.656323748387687,14.096498230018089,7.033698342151415,1.1507571663958784,-8.721157972630309,11.267399429970071,-4.665908287349333,3,3,0.9648164510726928
GSM329424,-9.498904517321067,30.252497879407013,11.156784386643245,-14.893937934503152,12.974387517284969,-0.6013817771818887,-5.965156642922019,-6.8499085192584275,21.038645818036727,10.468404344820305,3,3,0.9647167325019836
GSM329425,-18.330439062542812,41.21877040733175,-5.188635933813252,-5.925413842271189,5.873083945663049,-9.112106260631448,1.5002709637139378,-8.378492540450454,21.572235603259397,-1.894237691380561,3,3,0.9627422094345092
GSM329426,3.9749880518312244,24.312589770136714,1.796350416269972,6.01973557240154,5.749532701076436,-21.891399770644327,1.4015872848392728,-10.02829295791099,14.984613547721924,2.185127126222497,3,3,0.9647046327590942
GSM329427,4.883551071137078,30.189306550599152,-1.4868960269312848,-3.7168616075235694,7.4247683830065805,-4.462118048134004,-6.769524565360322,-25.433491753242826,13.875520261938224,-7.701181257198789,3,3,0.9580853581428528
GSM329428,-2.9129682585568983,28.05773455071748,0.4886479019904333,-4.551628414547064,11.30965607135567,-25.68712135960784,8.476613961726743,-12.356345702415823,15.475465718438869,-1.919221532470245,3,3,0.9625861048698424
GSM329429,-14.442945086154868,42.937818909858294,-16.6082707436459,-12.57701445393373,6.932785228036802,-7.37454474986016,-7.887245711060012,-5.381917379440802,25.254194191684828,0.7444425660879431,3,3,0.9631962180137634
GSM329430,-11.431551962339071,24.974075782148123,10.014798774781777,-14.215342552156361,10.34084624648829,-14.693639734204915,-4.347959637245464,-24.67489877239965,10.684028190603613,-8.22461069205195,3,3,0.964000165462494
GSM329431,-13.955136485619983,40.51745854904569,6.630995570854937,-1.726730965521147,12.43432577967866,-9.530034466442954,-5.706271440448413,-17.11587634281887,17.246350130462094,2.3070256873270303,3,3,0.960779905319214
GSM329432,-16.10696265792881,33.123996471787976,33.36615618189147,-16.27201019861737,14.818406639861157,-4.509783217719991,-13.543393800471403,-5.893680501932709,23.93045596399241,8.068569384634344,3,3,0.959080934524536
GSM329433,-9.308008518506886,21.80913233718567,19.577425107628898,-10.133797303290148,11.488126893511353,-6.277294693531765,1.3305136173710008,-10.132325859383444,18.856153418098305,-11.397995542472945,3,3,0.9618070721626282
GSM329434,-20.386817533761878,24.902903366764434,22.95888860155716,-14.243635977039949,20.949374999470702,5.602654488729199,-10.542279365237667,-11.480371232836315,20.079867314849203,-1.856262747387882,3,3,0.9650825262069702
GSM329435,-13.776838278374383,25.19419822587675,12.251046800199216,0.9638543928779497,-0.8598316064429622,-18.058050391188704,4.627963441924375,-19.506620517565736,18.271068160540725,-10.022208303596111,3,3,0.9650418758392334
GSM329436,-13.10731443172882,35.93058023724417,5.697243235549401,-10.383240430247305,9.313987151927599,-15.714160530375462,-2.508611657023013,-21.03256904054231,19.33324997917762,-9.231397542900197,3,3,0.9618656635284424
GSM329437,-13.92397824465831,40.40684700841451,2.030494208725166,-3.0298417241848536,4.590790961672834,-24.276569195433172,1.3521671429353046,-13.260593818230463,18.986269179515723,-2.8964768639340845,3,3,0.9619256258010864
GSM329438,1.4848891663226027,16.352197560839176,16.455238049802414,-3.081114241361623,5.65637153726054,-28.278520938437637,5.076289059952982,-15.13989705886721,11.271158035050945,-6.113595400022349,3,3,0.966605544090271
GSM329439,-14.2066797770458,22.208604599578525,29.41777059576033,-2.08169689336509,5.040304505903416,-3.3760228012009157,-8.61894599182982,-7.868952437156502,20.12411978089095,-3.013437469178467,3,3,0.964577853679657
GSM329440,-4.421560425677361,17.163736326253733,14.24972301917794,6.741148490144993,0.6940964542907379,-7.166537362480907,-1.2145396014678065,-11.993038501101635,21.35720642965881,-8.967747271346292,3,3,0.9620301127433776
GSM329441,-19.82717866504176,13.943900354507017,23.40143910568258,-5.097058342981045,12.128525432828239,2.256030084546651,1.760406141085652,-4.549122334125653,15.24883983541302,1.1802127069775352,3,3,0.9638952612876892
GSM329442,-3.119858882583947,33.01290715452145,-1.229197009913941,5.037010954423468,0.7182088201885158,-9.749113244951616,-11.56870983554438,-9.936866224412398,22.257889984047537,-10.032666612254992,3,3,0.9596294164657592
GSM329443,5.9134059133926264,14.19471723025899,-36.669463962858174,9.544737196062895,6.442017777120161,-2.5515490297327337,6.488400331063983,5.926500827682456,22.061885552198927,9.715230260803969,3,3,0.798367977142334
GSM329444,1.2170231676120933,5.454323149528966,30.869155328731335,10.690984364822361,16.060860386367082,9.227898466345255,1.533779535091518,-15.380694526897255,9.477044944332025,-7.0021056140715645,3,3,0.910459578037262
GSM329445,-23.296324369286197,46.60838866768688,-22.239166766797123,-7.634050399005357,4.751672754034102,-3.1168255532782023,-8.693280171577848,-7.482896715235596,28.51764326941222,6.772906952513685,3,3,0.9642205238342284
GSM329446,-30.873257779403556,26.444760392464644,-31.527964608894205,-0.4896087769006317,3.737479181759706,-5.327722292542154,1.0432552241549546,-0.9157573125168252,23.50053841464831,8.888808201674568,3,3,0.9644805192947388
GSM329447,-1.3162187004069916,16.917647959692168,13.560960693493277,-8.64502831114273,8.543853998191425,-8.693518933575909,-4.789326830475143,-15.900560497455942,12.955211293352304,-1.7263243805772712,3,3,0.8581427335739136
GSM329448,-8.418213123718855,35.11699822936795,-3.2665120388765927,-11.963625546843296,2.8908262972908285,-15.456515166966897,-4.481956428305133,-14.427801678506828,18.849151610778552,-6.7521099454222115,3,3,0.9620530605316162
GSM329449,-3.3256705134191624,21.331045196902007,7.098664540105405,-2.452930528638797,4.17180521296227,-22.258558531063095,9.135266928110784,-15.140993007448595,14.412367977468696,-10.339844811475196,3,3,0.9597671031951904
GSM329450,-5.509174171143113,21.83330647174944,19.173197719532496,-14.824988097418622,14.510793153665075,-18.44759921878827,2.2285048591450227,-15.061610985785004,15.51346359155217,-4.842400326241258,3,3,0.9664152264595032
GSM329451,-12.255526226318922,38.871071111178544,-14.966557071064054,-7.443578448112435,7.749692599063283,-2.2682019337887276,-10.526320091857785,-5.790997031594451,25.324082860969774,-12.435933383810696,3,3,0.9650726914405824
GSM329452,-4.859422403622345,35.872021337677474,-19.792276458089248,0.7366497993380842,5.321299258631792,-18.242764552946394,-5.03379218634167,-2.205407679944912,25.530568430770348,17.27542389896687,3,3,0.96796852350235
GSM329453,-5.120718329723169,28.481449057942445,22.49904635503502,-17.91087646005275,7.561710719989513,-17.02361240955458,-2.5010401125349575,-12.9779841291696,15.938782044520233,-2.266831997726472,3,3,0.963427186012268
GSM329454,-5.717923814312391,29.163716721700464,2.256663033967452,-11.061181018548982,2.8778693186060234,-21.551361096485348,-4.44520934508362,-21.706735189188056,17.640247921005777,-9.184851587033773,3,3,0.961598813533783
GSM329455,1.588404695729313,29.363924857162925,3.8857157197319365,-3.129469463011695,3.0063202048590516,-12.760098011815115,-7.631265130350577,-23.751106825474587,14.230931105627114,-11.627967557615104,3,3,0.9609057903289796
GSM329456,-18.125773285442868,22.665262466048002,9.717897194830599,-13.992410798991058,14.010692130910314,-8.531240022038308,2.793371723718326,-7.239869020474385,13.900699949197627,-7.521311883659565,3,3,0.9621209502220154
GSM329457,-23.74537329198563,18.425387990634896,7.803527551097391,6.095621867310168,-6.528749810662002,-20.812809517554896,2.6230951521612313,-22.410395935561382,20.675932379704363,-4.2937867240781316,3,3,0.9636785984039308
GSM329458,-7.112750911640772,24.85204510885746,13.358410764636817,-12.289358034044623,12.660174750189501,-12.26682478141497,-7.237140230537057,-25.537704758402324,16.619743337753512,-7.07026980477404,3,3,0.9626945853233336
GSM329459,-1.3769597035496888,13.68946368675652,-18.915905923245703,8.324937541879429,10.596621673634148,-0.291909131965954,17.46118944762228,-10.505169702223167,13.511483415003758,-15.949113959436861,3,3,0.6993383765220642
GSM329460,-17.800032435744143,43.33994337823492,-10.593063721851351,-13.10850627435712,11.228077885608458,-18.08706949058958,-1.284870335210486,-8.118570957724435,19.65886279207461,4.154150552269964,3,3,0.9633238911628724
GSM329461,-14.893075794946823,32.0480330427493,10.854520667410544,-0.1636990660884463,12.356903225973692,-8.7710923148532,-0.4883411261072034,-20.126211170187975,16.024961225996357,-6.721081184647683,3,3,0.9632139801979064
GSM329462,6.303155996461501,24.875610212798954,-8.955722366485544,0.3591864660431723,9.916565357329283,-14.20214802980258,7.375257651270513,-17.766934991686227,11.434467154690935,-3.8658939197267173,3,3,0.9597294330596924
GSM329463,-12.75118864071572,44.90415632829185,-18.41907399244628,-11.061657044225521,8.481652829493765,-9.65723481730074,-5.176241802932837,-3.1990252340775496,22.46875132764468,-4.8850577656780345,3,3,0.9596216082572936
GSM329464,-5.177938197841188,38.48849889096584,-7.174244646219812,-8.405616475041176,5.405031383607094,-19.454600726342207,-8.342441783138177,-11.30805293115535,21.91044239049614,-8.923702941627655,3,3,0.9617362022399902
GSM329465,-13.136195920845454,23.697095630427146,-32.75820047763036,8.931534423866848,8.79630338222847,0.8406809930322392,7.8077726393922795,-1.1991579033031363,19.5391951569425,9.919001388310846,3,3,0.8517665863037109
GSM329466,5.954582479115693,12.692038358252178,14.752440465895454,-11.870435763920838,17.35652544309163,2.50108621210002,-2.907593381027528,-6.8899883444610746,13.570066180902044,7.486428031069539,4,1,0.7114611268043518
GSM329467,-1.463261260239004,32.27795220575116,-12.537433529827807,-7.625089465422751,0.46739054348468584,-37.389384023719536,5.812713033709984,-9.936693343753516,24.40750395321318,3.5866942085970797,3,3,0.9657062888145448
GSM329468,-15.311115323600157,35.50618552554899,20.161156045357764,0.10821105739391901,6.52428117197308,-14.017395847292374,-0.7450362151724572,-15.543522750353262,19.281898232398287,-6.292538004585597,3,3,0.9641261100769044
GSM329469,-24.95020766391092,22.38825271055516,4.142297519043199,3.6059319740054105,0.23677206568395265,1.2240972869203217,-3.967345391058543,-16.730513180151288,16.070016683898796,-4.9305952009539356,3,3,0.9674215912818908
GSM329470,-6.993337269354325,36.09939137087682,-17.623428590962973,-1.6774538374490253,14.003369602507409,-7.769832290060895,3.014066754598012,-6.198559680197524,21.489534340261756,-2.810938708572383,3,3,0.9638237953186036
GSM329471,-3.4513866061551814,16.926645792583226,21.751283805559403,1.785687287005401,6.908015269024714,-29.928430454414922,12.83860214740046,-9.533693161978576,13.101058135644326,-4.19336678464558,3,3,0.9621541500091552
GSM329472,-9.047276637557026,21.10026404164092,12.326563646338773,-3.7375920812105825,10.502420900891476,-7.876054767979144,-2.3262951346981815,-20.28664087267844,10.98160562426524,-12.209908560114044,3,3,0.9626509547233582
GSM329473,-27.44757004383231,37.68339083253696,-24.429222950191075,-0.0632498215518828,-3.0413655052392636,0.8235151755905258,-0.6267973051215296,-9.101258348168034,24.180221940254032,-6.737259901384032,3,3,0.9602404236793518
GSM329474,-17.874416333900143,42.336819378608595,-20.381882291693948,-7.996262226947449,13.578457350409739,-5.368343759627102,0.39505131387261755,0.35164493064159474,24.587116453846733,8.4196839429211,3,3,0.962081015110016
GSM329475,-8.337546864882885,26.36520268516366,11.310979501721443,-11.452721096115013,19.630990509222126,-4.076901625838359,-4.075469330972106,-19.05586612954757,16.022309845171996,3.2026632410830578,3,3,0.9645845890045166
GSM329476,-6.090682722115822,27.953619304956863,17.037555274787337,-4.506466735423429,9.88492958545669,-14.742340354617573,-5.519309454468457,-12.711731933093745,23.705359014661976,-11.376423478230846,3,3,0.9618542194366456
GSM329477,-28.973654986206064,41.50787984710372,-22.426331089828395,4.462744817045134,-0.8684246607736418,-6.092312603469843,-1.416199012608278,-6.7667720346423,19.861643942810822,6.903097647525514,3,3,0.965146541595459
GSM329478,1.835075752100772,35.17621469968029,-13.771934176199267,4.163940317301531,-5.630446777882637,-17.249273443802927,-15.103222741895143,-0.1310655500993149,23.414889681247395,-11.944661589506582,3,3,0.9635558128356934
GSM329479,-1.6298983292552685,31.9561979201077,0.9235492596713463,-5.464436586141001,-0.22738755131975055,-16.548101757289952,-2.6312498368077515,-17.36141569559835,16.14502819499712,-6.102045780656132,3,3,0.96250319480896
GSM329480,-6.964409549132283,15.403642347665274,16.883322945361705,0.2512011639024904,4.658809740972666,-17.07935242749486,11.937755470865477,-13.859082458536513,16.60136907158412,-4.481008845145087,3,3,0.9615762233734132
GSM329481,-5.981901045909505,26.732465848733685,8.10896962580345,-9.213849647384093,9.298842130774556,-21.2759472563626,0.9663439713998005,-5.135925504664516,12.2198659711097,1.8748824398940682,3,3,0.964143693447113
GSM329482,-11.294905765434379,22.529103617582205,32.5358106362507,-10.27427279985037,15.853910124198903,0.9639352340132161,-3.650683036564074,-5.935675514592657,24.79444575238085,2.24934322737971,3,3,0.9632240533828736
GSM329483,-6.443228628417326,26.456613087005376,14.739775927700416,-9.57012503196993,2.7811373910196324,-10.829354143184146,-11.426639973679503,-15.083458078299554,20.454197404469877,-10.493403171697796,3,3,0.9631600379943848
GSM329484,-10.510018993353837,34.515941861406255,16.172044310786827,-14.714493342005925,12.976082056929847,-16.17381144315012,-9.184999100423626,-12.951116773941012,27.08408150082482,2.010435980648181,3,3,0.9614911079406738
GSM329485,-6.716914562455168,11.115049677259092,10.724238313456738,3.676613036147789,6.202102764138678,-22.926006572259748,20.660271976812275,-2.5457714422796123,14.600352908635138,-6.336732927199199,3,3,0.9611709117889404
GSM329486,-7.371149687874538,23.82397765060252,-3.8087514318166305,1.0395276707080099,12.19260301226941,-15.920782565586208,5.952793281765915,-8.055854490686878,9.86534575990431,-15.318954648659028,3,3,0.9595050811767578
GSM329487,-16.329398081096922,14.592646408858759,25.350417471614893,-4.497857611140959,16.829315394218117,10.843123558057076,0.7102746091422806,-0.7226819577730912,18.66528338906328,-0.5707169108418003,3,3,0.9639809131622314
GSM329488,-3.1612271158863825,32.28104754103733,-1.833043034557143,-5.632403865701758,5.016818379591376,-28.722941590994804,2.276314240281539,-13.296260244969758,21.721281417745345,3.192491285342359,3,3,0.9605206251144408
GSM329489,-11.142053432881807,40.92531847894962,-12.672519102299784,-12.94799078601602,10.554670312754322,-13.516260429737057,-4.5429677164952516,-16.503337159786764,22.55903659170586,-4.206703024425391,3,3,0.9628790616989136
GSM329490,-9.362245012161493,30.353919531015155,14.973508822703208,15.711356294284341,4.34297096721829,-4.907773120974751,-13.706103840324111,1.492224986454874,5.043368968909824,2.7842848307144994,3,3,0.9610843062400818
GSM329491,-1.2950666787229317,20.32914880993984,22.67210142991794,16.99901129270899,1.5735417047093252,-8.080107722415628,-0.9939223482389409,14.748369045753584,-9.91324274263697,-2.8457053142271924,3,3,0.9611908197402954
GSM329716,-28.850849016470587,33.68852537297071,-17.291553706597824,2.6954203715184204,15.856344789405306,-11.572431480828783,5.205074717311522,0.028879751369785035,0.9801254492260904,2.3525019880650597,3,3,0.9648668766021729
GSM329717,-3.9299057695588475,17.414546253245007,26.230664859863406,14.552941928396256,18.773807958121356,25.078955714729453,-7.546580585973672,13.209966998064667,-9.797350401863358,9.525702424063121,3,3,0.9610835313796996
GSM329718,-13.80026083567639,44.04661108282562,-13.532932583102628,3.757189725801747,24.43948179323687,3.4028162176755457,0.018585715173294267,12.000494406485739,-9.111323294565478,1.253932870070813,3,3,0.9619847536087036
GSM329719,3.0491947675138067,9.992512735897671,12.341875811955134,19.317098535280383,15.28885923007134,-10.388570282751607,15.690099853341993,-9.13488516049774,-15.717231434766672,-5.099540939640959,3,3,0.9624799489974976
GSM329720,-14.88676945142374,46.8678566142323,-21.85120380940437,6.586908999909929,11.036271344207632,-8.817751620325732,-6.556371158529051,7.058931467719283,2.071378769089504,11.411825636600264,3,3,0.9665687084197998
GSM329721,-4.321978450200726,40.809798510876945,4.2383108316723535,4.30686007219935,15.343358200339168,5.15091411763529,-13.86678275476485,5.417993708883325,-15.359440321069872,-7.76471119107385,3,3,0.9599450826644896
GSM329722,-5.518942766932429,22.598303152298943,16.126922097046908,-15.230907141626147,15.01125650570513,1.2503475367036876,2.8695486047423615,1.2064854412891093,-6.222230876199439,5.616368775824475,3,3,0.9623132348060608
GSM329723,-19.655826530966657,31.214712336014678,18.621947050369055,18.557788550197422,5.576038671812321,-17.251870542189543,6.757290967947849,1.2842186409092176,-9.95623330083601,6.225967094651679,3,3,0.961131751537323
GSM329724,-22.49489813494286,19.28187637858362,28.09211918483193,21.860178626076713,7.4672539223501015,-2.688984211100016,3.9386264176140697,7.075413531903001,-6.07246486616597,-0.13345340187174287,3,3,0.9614795446395874
GSM329725,-15.761082184717877,28.659155362293326,23.084528621209945,13.708258204227468,18.481768459935587,-4.109660137006263,10.31083729814659,4.549746728116576,-8.621151208296912,3.972135453559781,3,3,0.9635839462280272
GSM329726,2.6181896347291715,22.968955709688064,12.906657333449607,2.7731645631961586,9.276587905986835,-14.045740840392003,15.369874238868478,9.412943965534934,-14.650181054133697,8.879174952998335,3,3,0.9594579935073853
GSM329727,7.154436653398589,12.039981822001074,18.136402516334467,5.666716862486746,19.659444417976577,4.545902339930673,4.186353122029376,9.759581117205729,-14.0835224674013,3.5003320339869957,3,3,0.9656389355659484
GSM329728,-1.8394161495890997,33.58843302963275,6.95897725722059,2.2929128751567815,5.161348977077011,2.354251806707569,-3.5741360669929767,1.1964354265594488,-1.8940245947418952,-11.438253342289949,3,3,0.8695627450942993
GSM329729,20.924322738463722,21.259896100798265,-21.993353425044035,-5.238853324090751,17.27725449351742,3.9536891216002434,-5.579332130570247,4.279998090277293,-14.04358825699188,15.988886501589619,3,1,0.4063751995563507
GSM329730,-5.840211007745371,10.876000114775545,6.748021850996538,12.349993680806106,13.552976088455157,19.70905063075167,-6.5085713307255775,-15.731227644126866,2.5519367586650974,3.5702251257120317,3,3,0.7623258233070374
GSM329731,0.05488672710010733,18.910062333141994,18.464065123400115,13.152339017185021,12.337861614631729,-21.682463465107457,11.816165985090764,4.139291918253076,-11.28174965650239,10.756876403665826,3,3,0.9639543294906616
GSM329732,-18.171729383542928,40.87146200079507,1.264044216137701,1.7519691875189352,8.98704509062202,-1.2889093123731714,-5.722637731893423,5.47295550658118,-19.18187831870522,5.153639671566425,3,3,0.9587031602859496
GSM329733,-2.652991666287999,29.17647785462075,24.793375658272478,-1.5541446617213166,12.329747794372564,8.894413526047993,-1.7287754399644433,12.175789320291285,-9.089387321288257,5.276876243224547,3,3,0.962340235710144
GSM329734,-19.882733401314894,25.53510624532891,25.3197901658285,7.8651939054993445,8.926978489537053,-10.922771479980598,10.843771543879042,1.6085395142503576,-7.655339873163609,3.081976677229155,3,3,0.9662975668907166
GSM329735,-1.7061701603780397,23.766787982722235,-16.61843559940747,23.127300971332193,11.607353871552043,-25.745239167581154,15.858354977593429,8.488306592556603,-11.81162860549456,12.066069028751123,3,3,0.96404367685318
GSM329736,2.230590411742612,29.242769208567854,-12.870701644051529,5.414125038480474,11.03701577350776,-14.164785936622154,14.110189675674528,16.869996773314934,-10.618928278359657,11.440534638255981,3,3,0.9643051624298096
GSM329737,19.272219667344476,18.202374416571537,5.000304530736465,1.6210662430640987,3.4884024639919344,-10.080511460347314,-9.808902545737638,8.176693446506626,-5.007418556571555,-6.255010792959976,3,1,0.4945138096809387
GSM329738,-14.048578074423773,24.49678286761511,-30.086628540932313,12.267812222610244,10.97231800348361,-2.686695177605845,15.636641445811042,18.02722271682586,0.10035686665116612,9.179498427501782,3,3,0.9609830975532532
GSM329739,3.335452094945192,2.504912879989744,28.17032099739035,15.892918098713768,-6.661986156267551,-6.409508222396199,6.262937640316089,16.222147508155967,-2.927298214153031,4.3302878503642015,3,3,0.7957234978675842
GSM329740,-11.603001273430309,47.32980460385741,-14.34800827461443,15.749351695843535,10.771534482899094,-4.77167968483761,2.39753391758016,6.578733897055431,-1.5130723847887557,-7.516716970181873,3,3,0.962922990322113
GSM329741,-7.944402258950373,23.41297060622055,25.73109934383709,6.050026498669298,-4.375802408232944,-2.908807332145617,-5.255980317975516,14.317796622416624,-7.1758572644852565,7.992873665918736,3,3,0.8943568468093872
GSM329742,1.070519716202878,-8.167975247253219,-3.1820742120165106,13.492609945914678,25.182893829896734,28.559435851580638,9.919928333097431,-0.3434240150108872,-10.678572216583769,2.5702108664262884,3,4,0.4385160207748413
GSM329743,-14.189879694224448,36.869620288353566,-10.464546493483484,10.266414610038849,11.313773217558817,4.144422284799318,8.15361683940142,3.5547611272424082,-0.16631658399645796,0.027825892018568995,3,3,0.9617141485214232
GSM329744,-1.800469412338146,26.010147647980137,16.319358492180694,9.285370956021728,8.890427182830928,-20.45878715329436,10.402122597096199,4.529944401476112,-20.174867441183835,3.028933024883883,3,3,0.9586841464042664
GSM329745,-24.97191656372733,37.65195816226076,15.847883139488884,-0.09583945921040507,26.27893415089748,5.4569618922136405,-3.8061100519710465,6.924992983875005,-10.822372356421637,3.653793659677017,3,3,0.9674422144889832
GSM329746,-11.868604438624514,30.718905277023808,-2.2134579588303005,16.09096782981467,6.922474606334297,-34.92600965412648,19.16904995029342,2.9701518403272402,-8.211568103317378,5.230541465732154,3,3,0.9629482626914978
GSM329747,-2.2602029331971067,25.724154243659783,-5.425531179865325,20.713463938548482,11.484898562576959,-23.05215608181716,8.437859860865315,18.23328424612411,-14.132911983041517,2.535559917130335,3,3,0.9593536853790284
GSM329748,-4.355494542563538,33.138625468436246,25.07331250305469,8.744313794431903,16.384717194355197,8.164855436485842,-9.262336616980221,9.60302188708426,-15.861947243176356,0.09155033766168028,3,3,0.961240828037262
GSM329749,-8.990895584711977,11.071752143596322,18.578514205716324,19.30888700601209,17.9906048958795,14.217387938230502,2.9740749404395084,7.587058287984774,-5.694958472030022,2.4081637113279406,3,3,0.9640723466873168
GSM329750,-27.028978840119965,50.29330141489934,-4.246122411143809,-0.16920891710400476,12.955599753136669,23.22659674393007,-14.466367963539808,10.269470334216921,-6.877672576318172,-10.402080340142817,3,3,0.96660178899765
GSM329751,-18.790843742174662,39.643927115381466,5.037904118363118,-14.12900851701904,13.383828058958859,1.8620466642691775,-11.981312021435178,15.609920972001316,-15.56690325875844,12.633362748713463,3,3,0.963371217250824
GSM329752,-11.426314652318696,32.607849786500445,15.377102474085834,-3.2447778497628725,14.565137221277086,-2.3780644296320252,1.7675376786578831,-1.6133350816668452,-18.263024253584074,-2.1715808522330957,3,3,0.9647551774978638
GSM329753,-17.814622777075805,17.7738844764506,1.47950482786994,7.623857530676597,21.66791761732741,-0.45379288069168494,17.903403802253536,10.264389976781908,-1.3601302755273854,3.3289664053896506,3,3,0.8994001150131226
GSM329754,-26.80476914449968,21.022777312423063,37.14818593273199,4.984890176119887,14.67460825571316,8.791444688924734,-8.365974838801362,2.602226264420233,-0.20093188463205688,-1.21554935502349,3,3,0.9637044072151184
GSM329755,-19.369493568400276,40.38228133805305,-9.60061030619528,11.825853511041304,15.755819688693023,-2.296993190919614,8.708344163346815,-1.3343712507136267,-13.46454372894898,-4.771217263669536,3,3,0.9632023572921752
GSM329756,-12.97545193014844,13.942458546507167,40.67243555324717,-2.846315554811731,17.845776568022256,16.33340653425725,-5.05065221574948,5.372391401831449,-5.382385423997931,7.784542671832874,3,3,0.9629095792770386
GSM329757,-10.75348333806379,37.089627347006534,8.307184406535406,17.46101455157003,10.173239624714077,-23.944809728549828,8.934820829136665,-2.9172299967087625,-6.931667154980213,0.24583857825635294,3,3,0.9619269371032716
GSM329758,6.144731230864762,20.743283691938476,-2.1246356396433965,9.996307360666126,27.12002251456039,15.67950413827754,3.9014573827614876,0.5173044296706653,-14.393991385257936,5.835195045866918,3,3,0.9075942635536194
GSM329759,0.42614860567907054,17.80821761471862,8.173072952702919,11.131968830144165,31.099191369141476,19.96286811018084,7.676079861751581,-0.3329676220749919,-13.54737869851025,4.200721127339138,3,3,0.91081041097641
GSM329760,-28.905273652401476,41.325470833622525,3.5221569752013453,5.022808633451745,20.586850270361506,10.580984444043144,1.257641082618638,6.630707071502286,-4.2038639845161745,-1.8605309401739107,3,3,0.968211591243744
GSM329761,-3.981648801180276,24.885022236261623,15.370108965440718,10.323448897215698,15.385373361131357,-0.4238254233039321,2.9366309026363955,16.28835564491485,-10.690405412960448,1.2965166884502093,3,3,0.9647456407546996
GSM329762,-21.547204969040052,52.03446581799445,3.8229175066998633,4.209677517923002,15.173495155023387,-4.078392313795052,-1.8807809343817339,0.10298453287184567,-6.8544072091160775,1.5963159955711148,3,3,0.9625541567802428
GSM329763,-28.947937732062382,8.389976381446864,7.2578087467117784,15.355670977019567,11.085092636818572,-2.867332813444329,12.332290044207381,-2.062683473270447,-10.412484203226223,-6.7379929593847425,3,3,0.9641599655151368
GSM329764,-15.282493023000352,24.0374600316765,35.46570478815326,13.690919816569968,14.15508171923179,14.965545743955126,-7.648647063636578,3.238434029282763,-4.128762656911729,1.3031305838669178,3,3,0.9615893959999084
GSM329765,-19.629847687939826,47.365761851015826,-21.159471815461696,12.934090404676807,17.597524940149874,1.4321094421076184,1.2755126489077049,9.603805653902478,-4.7072880437740245,-1.1276603600205846,3,3,0.963899552822113
GSM329766,-12.753356101005089,35.421423037805795,-16.68001439935583,16.493784048866047,13.501846428375503,-7.391987281827912,8.763437217474271,10.640093756097432,-7.255403717540061,0.780249584659852,3,3,0.908016800880432
GSM329767,-13.753784915533465,31.293475923476027,15.597474193043514,16.651338654748997,13.224872158146106,-3.1266028405785717,4.9397229983803115,2.831724107118427,-17.206958766909338,-5.984755112199107,3,3,0.9628390073776244
GSM329768,-30.618705540017885,26.039153454307232,31.224319864180732,11.679029375672368,17.105150989112033,-0.19671445862692213,6.794280168437909,10.415705276649435,-10.308790798208841,6.832577466827462,3,3,0.9625370502471924
GSM329769,-13.365714624769288,33.05507215937036,16.55831200220255,14.78570637673858,13.102794945747965,-1.065012564673412,3.8461229971401054,4.156921601334535,1.961909023556286,7.244832201685011,3,3,0.9605921506881714
GSM329770,-9.820357507971535,17.780767513753513,34.866649343503425,21.12421923702528,19.187396202071,6.652391033175686,2.1094739669407896,-6.119802845775206,3.544639083175434,12.558718342740143,3,3,0.9632138013839722
GSM329771,14.81514250330437,25.53538868500829,-8.238658200555227,-5.274360080340138,21.06583412465157,4.000032137098789,1.9776194789819515,0.723429349912671,-14.437222376165726,3.9978500826994194,3,1,0.4880780577659607
GSM329772,-2.8392853925002473,32.75457450377204,-6.7092438178098766,13.410256717581191,11.429711946881948,-7.064857183952281,9.036943313603933,-5.7007417899709685,-0.6844207299537013,-4.1482439710120325,3,3,0.9610098600387572
GSM329773,-25.271822927713146,22.56769786517897,29.109272642376418,9.958857801594757,18.477144194459,26.44030299920337,-5.645928743454155,5.375696397335072,-2.9518700551435724,3.598005605393247,3,3,0.9629036784172058
GSM329774,-17.74484781902537,27.404218109629795,-19.262389870860172,11.868419665690086,15.047297653582344,11.476511406704413,8.056510600869311,9.673235004916553,-2.3700096158410022,0.20391418078735657,3,3,0.8912709951400757
GSM329775,-26.103141351862817,25.377124000537272,35.04229374045574,12.274217092675165,21.180186051407382,16.33941059230974,3.1156660274412844,10.238741181250079,-7.27974898485619,1.602686980779607,3,3,0.9633076190948486
GSM329776,4.248455436921986,12.073249877257924,27.412599201911778,6.194138598356378,8.439983065571413,-14.177749826416049,9.657872819020186,11.448304666791014,-10.05374830083543,14.747568332439208,3,3,0.9624702334403992
GSM329777,-19.6269718932505,42.838343555942046,10.485313762827744,13.112379256863404,16.814630160490832,7.9036595352697185,-8.00457972246667,11.434924146118677,-7.239055767763521,4.0266231689569665,3,3,0.9639482498168944
GSM329778,-16.951309734888266,41.677034093930416,3.2771293658009606,8.323586990117118,20.015681781801703,4.601050841962618,-4.476530276625466,-5.053062761098182,-5.011870616354501,1.6331398858453365,3,3,0.966929018497467
GSM329779,1.5686153617917622,24.717175400974433,11.816363313474215,23.579210607664375,12.203926477292162,-3.081207492202203,-5.287420856085658,23.293824836172938,-4.4038124083828505,6.308022596082581,3,3,0.961987316608429
GSM329780,-10.07254229593349,11.297091224030929,-26.20717464678363,11.081084992560982,9.932577285973084,6.071474054886318,8.935029106566128,14.425343255312793,-4.691952004487018,-10.453164142091852,3,3,0.9096340537071228
GSM329781,-23.861170896940507,40.217570567015365,18.905129297635312,10.444455989091074,12.096656144218988,-7.766502651882433,3.926172832829451,-7.093404563349994,-8.124511403228531,0.2848310883726256,3,3,0.9610293507575988
GSM329782,-9.564214967808455,44.92314149026214,-10.112729270937303,1.064636913949547,17.880947505340146,-4.994088246282996,-2.342978177898121,8.812639655179472,-7.592844569200982,-2.1869840480721434,3,3,0.9600821733474731
GSM329783,-11.167471696167853,33.19900650055149,0.49296885237897964,-16.531564913287465,13.426612448424821,16.735400940006013,0.36262758626093944,7.898120734907105,-7.621686325537048,-8.583616177679003,3,3,0.9633529782295228
GSM329784,16.845588126955423,14.155110390002639,-8.687308770485668,-2.404610588235911,26.795651104940056,4.250868379401822,9.796544270371871,-3.1697206650693026,-4.179736398833178,-6.346714658009353,3,1,0.3841413557529449
GSM329785,-16.971660629533755,33.493381979554904,15.339798370198876,15.49314753829787,15.500788213698025,-3.7225755163405823,5.082602870745436,-4.537683702060085,-5.031362836106126,-2.6076015908631565,3,3,0.9648785591125488
GSM329786,-27.03916065260625,28.114967714001153,27.190619419450684,8.161042588037143,20.33721590669678,11.444176344791083,-3.353182471593528,7.525364068260349,-6.362851152329157,6.327745338180028,3,3,0.9636660814285278
GSM329787,9.599773059650277,22.04937279743589,6.734599137942514,-1.1836929828698617,18.647755929536856,12.026341731453186,-3.428716569028869,7.071543773184301,-13.707118517621838,1.9873372684599513,3,3,0.9605783820152284
GSM329788,-26.894796039574572,31.847079385249092,17.472165894170203,9.01276472685686,15.858177880727913,-3.8578095510907624,4.0188378889710155,13.103882343895703,-17.672470475660756,11.010207951792358,3,3,0.9612752199172974
GSM329789,-28.757172326053936,45.188398856443705,-10.008026651817644,0.11448879169643811,27.756429721155968,13.765193826502175,-4.399533449311469,7.438934085005328,-9.575332914197713,-3.7456549291440413,3,3,0.963492214679718
GSM329790,-25.67779116763563,34.55052284444592,22.453624842555108,8.128493878199798,10.295224132292608,7.63884398553572,-6.287457037660128,-5.771101312337908,14.339084182620047,7.249384836300281,3,3,0.9621029496192932
GSM329791,-31.210585915786794,36.535098350495225,9.83435610920236,13.888125769717401,17.33846699077171,19.219512465602367,-8.634021023146753,11.37769166456853,-4.433011045679949,10.68434288338883,3,3,0.9660789966583252
GSM329792,-1.231150778248984,43.0832119972565,-23.023267666491293,23.184149245226326,-0.6779239179743,-13.023775530109042,-3.0802510195787622,14.491069407336774,2.110781952248806,12.553752566418002,3,3,0.9639785289764404
GSM329793,25.97065458817183,0.2222207890445731,8.313127301565451,2.79514288772845,6.427357093488163,7.829320892871512,-14.657374295167621,-11.160857992671279,-10.07946592263186,9.766294425242585,5,4,0.8828049898147583
GSM329794,-24.038633317904917,47.70130666540024,7.081029745295713,8.555550575018097,11.508764324796477,3.247308002922106,0.9905267104721235,-0.30243191064472086,-5.3613194445794115,8.314587721511765,3,3,0.9617167115211488
GSM329795,-21.20665906083714,31.952417397970983,22.554272681808506,2.7615409375821076,25.088004014115118,3.2310779273201797,3.3811318220273443,7.27629522319446,-12.162293313018075,7.198043243636247,3,3,0.9628282785415648
GSM329796,-4.8804455712305534,40.01335634650569,-16.553153359211603,15.795071178097606,10.864825647609887,-8.034051006922718,-0.8428185285132208,13.516987176270883,-3.458351166713099,-6.980752707230103,3,3,0.9653081297874452
GSM329797,10.95834064287076,15.266398414108913,14.767971038538299,5.584118240462359,8.567286267698107,-10.869534293885827,13.1472341883776,2.6774925906751057,-17.211131504418557,-0.9307065423774094,3,3,0.9614515900611876
GSM329798,4.224128065089845,22.148572718901114,19.026931021437935,-4.2503400842690855,10.197469365074207,-2.9547496946920115,-0.8855794868974548,5.510995166046456,-9.562816059360742,5.09533390827764,3,3,0.9625712037086488
GSM329799,-32.32945399132071,34.87692785122859,30.855324847857606,9.82094421718508,7.665722880528653,6.559952645107347,-3.1758407401400506,-0.6179091929743323,-1.8593062173537778,-0.7901814438669404,3,3,0.967975616455078
GSM329800,-25.809205062128537,37.16827251772106,3.9950033500337825,4.342542945456679,15.30110679125735,3.458791607893172,3.5074133134430534,-2.703362207134232,-6.176178692620505,-12.530977479912325,3,3,0.9654108285903932
GSM329801,-8.908163774643794,40.7843794227932,-6.885710431594071,-3.2335310829683204,18.506290739385115,-17.921431110206722,5.10213688902713,10.266411446949053,-7.825671039920238,4.10317450512087,3,3,0.9611908197402954
GSM329802,-13.078207579983179,23.699713699719865,25.10306162970864,1.6625008081367363,21.505745078379483,13.775874092042779,-3.932992224416307,19.15347806626225,-11.158588473787873,2.6510595513351016,3,3,0.9625201225280762
GSM329803,-7.314517824129159,26.259746216362156,19.553915701607245,14.650449982146268,3.01388932245407,-23.28014836921674,14.88400769996438,-0.2791296303196169,-9.136079295784523,5.792846558415753,3,3,0.9637125730514526
GSM329804,-26.7631405849677,39.291511618263876,27.196544682791984,10.17119507321475,21.227756974304935,11.141270916776584,-8.737593830106487,8.883036681212396,-10.996147284710233,2.017217527759803,3,3,0.963408887386322
GSM329805,1.7385948128629476,12.99344129822732,7.653687435704373,1.022154150098888,18.82074884520094,7.251597287405127,11.583517224560836,7.387681489562992,-21.809938657802647,3.1098361500327463,3,3,0.9594753384590148
GSM329806,-12.451477223972004,37.03693840762047,-1.3852518155039424,19.049025311416138,10.23849145235869,-1.8392988554839909,10.497760287648042,4.734292424395411,-4.784575201220008,-2.411980521410657,3,3,0.9610503911972046
GSM329807,-2.565493681555621,29.968267414423373,15.997107178061492,-1.9596385518386756,15.679352936316446,15.199016826223254,-5.856365644020318,3.8450020244329486,-15.452102913372972,5.55424379198099,3,3,0.9605206251144408
GSM329808,11.205744464329374,2.7013783587771902,-16.003124230387964,14.783644126713773,21.710296155283483,25.372157347157092,6.371288024209347,9.171185907669708,-9.815976806349493,2.427293140466172,3,4,0.3446851968765259
GSM329809,-7.771154688678296,18.27094868130101,27.690037077843847,10.041923853401448,13.716683234581511,7.348350154063937,-6.309158273496384,-4.001218723626472,-0.49440859010342153,2.1282175949586817,3,3,0.9620528221130372
GSM329810,-14.423385161452524,35.66621749838149,-10.662113067856298,15.333421429634186,22.224217311838174,3.532389630433973,9.295909598562517,0.5970149165414381,-9.46362450287125,-4.346375490404023,3,3,0.9610466957092284
GSM329811,2.6584191458932778,0.9098753833214758,20.954853411433486,23.721335063753294,16.449140985587903,0.22637838776200375,15.985252679722615,9.14958090443792,-13.78211164990548,5.949998059178902,3,3,0.9617583751678468
GSM329812,-8.433067070371724,48.665465145269444,-17.89647653144485,-16.448160655959345,7.452610303300927,6.740618819247308,-9.459433219118925,8.271217153087083,-10.510331695980726,0.9468814677354298,3,3,0.9617635011672974
GSM329813,-10.801827845703011,37.09797908261378,8.012493841914536,10.452660516538083,7.927450945324843,13.872308753445008,-14.774058192133749,16.611099546028537,-14.829594659784592,9.360954093176623,3,3,0.962404489517212
GSM329814,-21.194504777139375,31.997616803692907,19.753114441473425,14.230935858691568,12.773857151706618,10.507679296588746,-1.6363712092957974,0.5607108097350717,1.963327385170389,11.079440297701465,3,3,0.9601359963417052
GSM329815,-7.561611524569648,13.773337471884778,38.58713558052769,-1.850346222403282,15.67194477666398,12.238511724266727,3.2859084850141875,8.73138581622091,-7.195457667105794,10.203779826108706,3,3,0.9619954228401184
GSM329816,-17.751232904947308,28.082409682469432,13.361655110507018,8.35483994590021,19.987978435603456,14.696992681095235,3.9475012851204228,6.336031331034447,-11.590674511745107,-4.766782870095048,3,3,0.9610846042633056
GSM329817,5.092287904525416,24.91213921485388,-2.425575270628685,22.31911809893977,-1.0174291014832932,-11.351973680205868,-7.985142506116766,15.780126260788904,-2.4447716496637346,-7.9439465732056105,3,3,0.7464455962181091
GSM329818,-20.70912089653896,50.96326028391064,-19.74885995226391,17.423415274974907,9.057620959684696,-1.1991425079422848,-8.884291259381614,6.249056406232854,2.679870096684016,0.23129549130447163,3,3,0.9630618691444396
GSM329819,-29.126289456122414,28.629525222187663,28.316129581627564,6.202895177567027,19.743734832688556,23.51136638514301,-4.54551552326723,1.7087976995968617,-5.5248964587700975,1.5826789301879776,3,3,0.960077464580536
GSM329820,8.769259053324703,20.536390403246592,2.4343816370557785,-3.226895232804149,10.194025980908869,-19.225060191711705,14.26852840900775,4.07206176824071,-17.537169241476537,-7.620122690641053,3,1,0.9612827301025392
GSM329821,3.6527616254812383,19.468047761023332,6.166816820699593,12.292614722243533,-2.9627776052650567,-7.6090527262757535,-18.879578697361673,3.932761784727995,-0.14151713308396985,-5.891383797347805,3,3,0.6710079312324524
GSM329822,-3.658479210295584,35.92125616811332,-23.88885290797864,16.48582515556836,4.639428689131152,-4.412907873894864,7.681168097360368,11.123796274003114,1.5380694863309938,5.798315811906204,3,3,0.9654943346977234
GSM329823,-20.589421841801467,29.76350262309632,5.76412836139848,15.620223077130538,20.15948442666402,3.0391898002940256,10.24672339891559,1.7999869863047262,-13.268278332147936,-0.6257374192406017,3,3,0.962352991104126
GSM329824,-10.29062028009725,42.43324406618321,-7.5142535439672775,11.516639625861197,7.248657866905883,-11.264121243993989,-0.8950180437486753,6.565466766139965,-11.283805252282734,-10.803058058977548,3,3,0.9627850651741028
GSM329825,-9.0608917162192,14.685032921245304,20.492703340532287,15.921117920824296,17.236096771956266,4.377181274403443,4.7089336370860195,-3.161697585339042,-13.199334262300798,-3.895051497111318,3,3,0.9593578577041626
GSM329826,23.42657116839509,-6.467498335157246,19.29225387129341,-2.2154686319176644,24.361780845309973,12.783364016310534,4.671562262882862,-16.260651256810515,-19.35498157520363,3.85295167404749,5,1,0.4813038408756256
GSM329827,-15.46043659319106,36.540721498624904,-0.6479393004009056,10.487577209755605,27.001407955739197,14.742015260274995,-0.5269408049265082,1.7690789440314159,-14.59177160084745,4.367122147298348,3,3,0.960887610912323
GSM329828,-5.497312218257719,36.140882497363606,11.57313792986486,9.44194353431574,6.73521384819285,11.184428457531892,-12.518374969460934,16.093261400074443,-12.25380457346953,9.543781687034912,3,3,0.959689199924469
GSM329829,-15.590728995073611,28.720533413433728,29.173327916456188,21.066887048774404,11.347161782966651,18.030235973951616,-10.07901543037463,11.165913561683352,2.634168865725084,2.5503938674283892,3,3,0.9614998698234558
GSM329830,-10.713361805818689,14.138863697458406,33.47323266432567,18.484988816633084,8.536272592050738,2.271388414580086,4.069846235768792,14.128463135872652,-4.139976212873201,5.912429453504919,3,3,0.9660879969596864
GSM329831,-9.734640732314883,27.75442948274203,-7.40065242537006,2.655101472536741,15.391462553134073,20.435241233932356,4.296749873838255,14.155130882874168,-9.398988430488563,3.698210624325008,3,3,0.962809145450592
GSM329832,-17.297003282098782,38.8694504515885,-21.111362459655382,21.480333171193042,9.540119223318145,-9.463939157227824,2.7517794938700098,19.240586279989888,-5.8524783555140205,15.23534187288075,3,3,0.9631834030151368
GSM329833,-8.576476467866904,35.65520937258391,15.256430925009008,6.745276233786386,28.900016508810097,8.336947161680305,-8.536698278627716,0.8468214818609909,-9.343586039538911,10.37027663580292,3,3,0.9629047513008118
GSM329834,-20.733140621247916,45.11687905236229,-19.784589613364805,-14.926836407191791,13.089107814688848,12.745407249126883,-2.962112625804572,10.616190000512635,-8.878673203381506,1.6156227749573653,3,3,0.9648756384849548
GSM329835,-8.246434371336353,18.04686942808234,21.293972513550493,3.538537647437168,23.59242126879914,13.641314183702546,5.220431870388547,14.514631397972488,-18.882639401267237,5.381200262138474,3,3,0.9641836881637572
GSM329836,-11.49936428944268,33.14924162462132,0.09090405621024526,-23.744637748210067,-16.297475835605937,16.46293680995772,10.453108746892724,5.270889872017698,-8.20779636419357,7.895154687005292,2,5,0.8709740042686462
GSM329837,-4.943070982617914,31.317455290020508,19.97801691152361,-29.908371691076557,-21.55630888836084,13.791943600029795,-11.097118864773076,9.043059092934476,-1.0046362041828085,4.209199006624313,2,5,0.8373584151268005
GSM329838,4.502337364889647,1.9315180577380051,-22.666711224756764,-11.055529436397467,-0.12730670081558781,17.634034978101873,20.431477951855005,0.8067919562488692,12.795295412503991,-10.528021094945963,2,5,0.3044418096542358
GSM329839,-9.49483308344363,34.83259912068859,-7.9618495613600775,-10.156069171776593,-46.35258607814659,8.77629948719622,19.87632150502172,-12.817386755293272,0.3098283758493913,-3.5198298090654805,2,5,0.8556505441665649
GSM329840,-10.142167172578496,30.039495889748572,4.998993020128957,-30.956954574736756,-27.27688936794515,7.929708613168166,-6.671479334484828,-1.4732425418426707,-1.9270173203801184,-2.041893436933706,2,5,0.8138151168823242
GSM329841,7.550185910512607,26.254660774165078,-17.045104689135307,-8.113982131956144,-44.79254612660783,-20.000696712737923,21.504932905110138,2.495383785733382,-3.936933670553041,6.442099472477089,2,5,0.8632292151451111
GSM329842,-4.360798674647287,23.873783688418822,10.972546709420238,-4.983635366983736,-39.151014335538015,13.931892844338892,22.293499984292467,-15.972118398730165,0.4502192365109108,-0.39017555988670033,2,5,0.8512997031211853
GSM329843,-0.4014959768707302,37.93846236238524,-16.915283272648008,-32.84759100044326,-16.4217770328485,0.4657229804920697,-4.309138119430741,12.476197114396983,-6.077892639539761,19.364473235926315,2,5,0.800489068031311
GSM329844,-1.8699060578243871,15.097241851990606,27.67002151532417,-7.119712120451286,-17.337193739608107,18.317841922945092,-7.507929854497957,12.00887115757365,-3.5157706713316585,7.050156538670142,2,5,0.7266900539398193
GSM329845,7.99096987781324,15.888998371693084,-29.64329662056808,2.5848578667134183,-20.226894784846902,22.289947788705412,12.178468696383439,5.303177017389475,8.858296768471025,7.499947813665322,2,5,0.4265171885490417
GSM329846,-26.25668711042734,3.908417792735691,31.78056904210453,-15.369321683825417,-17.066840340957196,33.394353586362456,-3.861078655446985,4.235160335920018,7.311819179415477,-0.9768079772921241,2,5,0.5858179330825806
GSM329847,-9.398176820434738,26.79749871115788,-1.2293742054518393,-29.236766590267944,-5.4245452625207715,18.420993330805647,1.5617463917657612,2.3194116527809054,-4.844477166635031,3.872949623806247,2,5,0.5292808413505554
GSM329848,-3.799557231135228,32.58420341241814,-32.12565304723821,-6.046982296356471,-38.23374065572646,9.115198421681356,18.377176003582893,0.16156306478033858,11.298468970698586,17.97093993143897,2,5,0.8344409465789795
GSM329849,-0.4553588468377066,28.440865205624917,4.95328380844569,-21.817452778106883,-32.034716975676616,6.924683083697188,8.997267248452602,0.463059905713312,-11.196798872432487,-6.166177609628906,2,5,0.8756315112113953
GSM329850,-15.98422896171492,11.486423569442794,9.819695058767769,-8.604566681226864,-28.588191121852706,30.036650421808243,14.492240289624556,-5.74078767059486,5.600038407016927,11.133065506633082,2,5,0.877570629119873
GSM329851,-7.318750694889641,22.129906714522317,10.502076635178199,-16.97151166546754,-26.079886273039914,2.3462228218131855,12.751909206139306,-0.8265647877858655,-8.993902704923793,1.7981514128693186,2,5,0.8670832514762878
GSM329852,-8.919987671037655,1.9481770028429632,-10.576370175585255,-7.109222749700352,-14.684333927768233,18.084570310685024,31.98930930270668,1.7684777675432493,-1.1184521559122897,-9.497745102524618,2,5,0.864932119846344
GSM329853,9.987947090988381,17.296983802773884,-4.296847569035165,1.0958334926418096,-33.96158483846105,9.472797126102028,18.60998559712634,-12.6905033551326,-5.368742938649504,7.221466392408413,2,5,0.8407966494560242
GSM329854,-8.835591299591039,-15.298050713017064,23.24411770631172,-2.113269333711474,-7.673747822237426,29.144100206966154,8.505241579536401,0.1702942774463146,3.4066672055211824,7.148477364121586,2,5,0.3753841817378998
GSM329855,-8.750889358064674,-0.44470495887044875,15.741867059656933,-0.7746558560227211,-26.00507338713088,25.323703757920548,18.71800926265968,1.6435905634053931,0.07733900514059344,-5.413875833377124,2,5,0.8489691019058228
GSM329856,-3.6675523772194993,22.409867904390534,1.1101410888081689,-26.17311275899123,-22.546473255852394,-8.190013764613155,11.06708105431679,5.495019535645157,-7.116619204679039,-2.8897488981448243,2,5,0.8408941030502319
GSM329857,16.934534940060555,12.756698800605353,-5.690800203128195,10.444521229328688,-30.992259006544828,9.855713232976557,10.593358506142902,-15.916419250422278,-4.093682892289012,-3.574179882829754,2,5,0.8377028703689575
GSM329858,6.888156599079016,27.22756106673252,-9.789464925418551,-2.6146538203618492,-40.02567037181677,0.49577954720229045,18.69967300707784,-7.596622894908672,-7.890506259804631,7.3734886091493035,2,5,0.8433950543403625
GSM329859,2.724111710251436,0.8047405172057733,36.856888482812906,-11.759612343948985,-16.283234434750714,33.527745088961105,-2.597148192225933,-10.482217567261646,0.1572653533356773,6.0303420404126316,2,5,0.8154211044311523
GSM329860,-9.749673814123543,24.809258930058657,-9.095310168079582,-8.348667234110609,-38.45416334112504,12.376330350692513,22.406459869563182,-10.332968722797247,-0.9821815965228612,4.896353504123365,2,5,0.858981192111969
GSM329861,-9.048813527629095,33.18089665609928,-8.59136952145789,-9.740126919342565,-38.06916230740263,24.25621430711798,11.103794741650669,-13.4200424960814,2.881227937165844,4.348582771025271,2,5,0.8372759222984314
GSM329862,-9.190333389980857,25.823099697184603,-3.361470969022903,-9.676565097428446,-39.678631349596536,9.683156159176423,14.22824922812302,-7.96108111899951,-1.4177910475370379,-2.419271397514923,2,5,0.866864800453186
GSM329863,11.147950587934252,13.537033297759361,-26.143882813383364,-0.8992532372672761,-17.19908395728013,17.110388812384073,27.46184054278144,-9.091874451458741,-2.1887522808282585,-12.59866583492077,2,5,0.466274619102478
GSM329864,5.884575961519579,24.847328389628732,-23.85603210235317,-4.313337184345849,-19.690003000690755,11.791849085816343,21.988775455180416,-8.151920789072728,0.5956458799056044,-8.43465357556263,2,5,0.4088122248649597
GSM329865,-8.552067883317473,29.371182579245247,6.419546732163236,-9.804485070740636,-43.41031009983904,10.656648568230933,15.967871630519667,-11.057268392401411,-5.093402065085847,-5.478199590153329,2,5,0.8302768468856812
GSM329866,-4.770206520075813,18.27830633041206,-6.063754835937816,-4.557483279190712,-33.46291243927499,22.218769665310763,18.154616370077015,-6.049695884835139,-2.351717180102673,-5.377046801830245,2,5,0.8462511301040649
GSM329867,-5.086170117331746,10.801877353947775,6.168476688393535,-9.201025510657235,-32.51020864863381,0.9785185613698939,28.70736033342811,4.566542132991863,2.9216539317041956,8.379642050606458,2,5,0.8398080468177795
GSM329868,-7.8441686432563165,25.188171346889586,3.0003163248999085,-7.841849023698034,-35.43955834643095,19.26991779428591,21.955260401480547,-13.44576871146925,1.3772675839674036,-3.052367164839878,2,5,0.8604629635810852
GSM329869,4.2342899150516615,23.872521369955734,-4.326507880882279,-0.2522904387775066,-45.500148961179114,0.39239802038362326,9.870081141192841,6.592500147842861,0.5921066512362937,-0.6509795023711668,2,5,0.8769891262054443
GSM329870,-4.134189835724202,25.733303084173194,-20.252488091400227,-12.873900189208765,-28.364206854132618,6.301190084886856,24.60482893433263,-2.096709956719722,0.8187797820816675,5.841605539927082,2,5,0.8415728211402893
GSM329871,-6.886710709509325,19.76190858240674,7.538281769051838,-2.8650141500141895,-41.33821865499443,19.994072813550435,19.928192498645814,-11.910906987722683,3.8811119118335715,-3.7723519986179745,2,5,0.8499227166175842
GSM329872,-15.09727102959562,34.94474443607572,6.8865729951577,-17.341808091628977,-40.42828484660228,25.768390242408245,11.342683926689714,-17.093361215009597,-2.19882070507276,-1.2913766231426707,2,5,0.8735751509666443
GSM329873,-20.99462990432657,35.086834144565465,0.40611782611038805,-19.04237848265795,-41.58288842326606,27.024057455579054,10.34961163851143,-5.475657220610132,-2.053713606777959,3.6342971115954077,2,5,0.8378337025642395
GSM329874,-19.235917959228978,25.172190837506854,12.344104085851248,-10.860886509252508,-37.2012047347096,26.589312369170177,9.631748238545349,-9.099465346422491,-3.2265764011017084,5.136346540473588,2,5,0.8310001492500305
GSM329875,-16.170450782834706,31.683807796809255,-15.615080618101679,-12.017838052692982,-38.17944821155148,29.543920905096858,14.46737898673687,2.5426125969143096,2.1013737648203974,5.932224106056009,2,5,0.8555195927619934
GSM329876,-17.300187145400866,21.472074957389534,34.073309676457555,-13.590636170643164,-35.591450638757046,25.467614271670897,4.438963529780517,-15.649964189871557,0.19007745108357432,1.1102434176218592,2,5,0.8387854695320129
GSM329877,-11.916443374924041,37.590124039552485,-10.815795086157294,-16.615154759693407,-42.39221747162842,16.525986957501864,15.002304176425744,-14.461640613091694,1.439200449252458,-0.07686172631545427,2,5,0.8468703627586365
GSM329878,40.325542865233565,-17.99603419635342,-2.391368938856633,7.5399977945305885,7.968444583755015,8.164707680843499,0.7656982076294176,-11.913742892142478,-1.2958088251301636,-10.547546741186869,5,4,0.933888852596283
GSM329879,-15.096077332019371,25.449571310364878,4.710083454554396,-7.851014012827091,-41.75616377384629,24.643973228012438,8.231085906874101,-6.312756105735666,11.299488468368063,11.714001202276117,2,5,0.8517179489135742
GSM329880,-4.518043710557715,18.259304921124006,-18.32195035636634,-4.074128061892653,-34.75519656684573,3.2806432084620307,20.48368127896512,-2.7913424251330143,9.559460765385275,4.586367934309484,2,5,0.8495191335678101
GSM329881,-5.5601908919140755,32.905063873282415,0.38454953089312605,-13.511290497004607,-41.61970089206478,10.64385738500694,10.168275580296068,-10.173636469984693,-5.382570893603716,-5.320993802606146,2,5,0.870428204536438
GSM329882,16.103660906117764,11.421328006423414,-34.549051390001566,1.5268736147241406,-14.174732385086232,12.556136469304839,23.158507404311674,-1.4086861942857778,0.7833472086284157,22.13155256257043,2,5,0.3378737866878509
GSM329883,11.66082923940337,-0.5576795843965651,17.65956095094453,-6.11297121740468,-5.197417610535232,31.363472011347643,14.753463767994779,-17.978292373254654,-3.490807584339289,6.352158082979681,2,5,0.5661481618881226
GSM329884,3.4553529980295283,14.42701360210035,-21.957600181727123,0.6262499041721962,-15.557719731332863,22.400946288774488,15.611962114656253,-4.05606363347264,-1.657911329195355,-6.390014189255284,2,5,0.3979626297950744
GSM329885,-6.110371966841599,40.506647898384294,-23.11007102179419,-16.95445629602874,-38.81769314974644,4.093828736201826,14.461719789864524,-11.083099553625903,-1.1675458005915633,-0.34471161049049126,2,5,0.8576244115829468
GSM329886,2.4452157825222627,17.72926535368732,-4.5059675106413195,-6.684513363209942,-20.734598505574915,27.63995087629952,16.469042826867145,-12.069487311146833,-3.229994903148357,12.27356488804081,2,5,0.8479573130607605
GSM329887,-9.37825825172622,7.372443899136146,7.114395118485676,-4.689480469953198,-26.623795015352457,38.400431679226905,16.862964422614066,-6.277852689023,1.5381420807703958,1.5176965300903291,2,5,0.8486261963844299
GSM329888,-14.783295874783873,38.47985038185907,-6.904879829032244,-22.001934851385972,-34.43859641148382,22.35049751343568,3.7368273478147707,3.684511145186602,-4.901494106213729,7.375171733819829,2,5,0.8207128047943115
GSM329889,-12.165563456936216,19.45826742285248,-0.23267193228206273,-10.84347928264245,-32.526514785212385,21.222191032223584,16.42784829495807,-5.4124901937348815,-3.814769168224234,-4.832736721027568,2,5,0.8220152854919434
GSM329890,17.781383275121453,22.035334472634794,-2.1370672724014104,-10.772852239579862,-19.29650586668919,11.275160348409306,-6.791730452489038,0.6650722814928982,-3.330179570362119,-3.1342981220881057,2,5,0.7660002112388611
GSM329891,-17.692678569666093,18.23842914614438,-12.426701245576695,-13.61280052287904,-22.462989933027693,39.84717458995484,13.328553192732148,3.2857944585230894,10.495011469665773,2.6391957116465985,2,5,0.8467037081718445
GSM329892,-9.616192419358287,26.777568474282127,2.4761650169439813,-24.885600037124796,-25.712277092935963,9.29847696764621,9.857047177883103,-1.3277637162495413,-12.489270041339186,-3.7205641774239093,2,5,0.813431978225708
GSM329893,23.064405667551807,-11.9340179888587,10.068663653211653,5.120497649909782,-13.653675596943538,12.214174122289757,9.427576472455893,-0.2201423339641189,-2.413299450652683,1.7458562597270004,5,4,0.8062134981155396
GSM329894,-10.367421067163543,17.657496813528784,-2.9624990967779885,-6.718734919313193,-26.610309562611498,12.256244247275173,19.246042096766978,2.639008114628941,1.7567360008390303,-3.3090534915896233,2,5,0.8534497618675232
GSM329895,5.027338632868965,14.064732962667138,10.438995637501845,-26.51916062065499,-15.423891720642711,22.257312682962382,5.066129294639136,-1.3369754498237303,-8.244137548496022,5.416282116128319,2,5,0.830767035484314
GSM329896,-7.946217350325258,17.464956581210785,17.12737408195565,-15.546438310428382,-31.091054190433063,7.789893194064952,-13.453891292285721,9.245188368682811,-1.3021831942830187,0.07098288902663731,2,5,0.8087854385375977
GSM329897,2.5162772865351855,26.33566846119291,-4.664154886162549,-8.554932379838318,-37.12534781172716,6.137740083380319,13.655027081624384,-11.834554905051064,-3.990642418817999,-1.6964007908025311,2,5,0.8519959449768066
GSM329898,1.3188846149754934,10.04045058815323,-8.511358961225575,-6.479103592106121,-19.730398651578536,22.531341172456134,25.325943217068644,-6.551428835630079,-3.854040776518254,-11.259367904987869,2,5,0.4863027036190033
GSM329899,11.305258991874688,-5.661350950919813,1.860935580546837,-1.9672253641820654,0.7785368505161918,37.994212928853955,9.165316666542463,-12.428745839761906,-6.50816942739106,7.426938480576083,2,5,0.5868645310401917
GSM329900,1.974346982544416,32.274278014334286,3.1908095607485634,-22.511479367045446,-32.338997003186314,6.380549421418888,13.697878775255734,-7.683803804104373,-10.26113720094892,-3.668022802776101,2,5,0.8384034037590027
GSM329901,23.63307583942126,-15.03484521994853,-14.174512034126375,0.4705055506547326,11.243101094799922,25.4824276298103,16.190386665481178,-3.2309590281781264,-0.9290762072126004,-18.710640765657526,5,4,0.9396997690200806
GSM329902,11.682353414823961,26.09302849876903,-22.597712777600368,-24.59758163395989,-3.4088111325942037,6.740551842495903,-5.616014179484909,0.6880547334076835,-7.360656535316474,16.33793284692493,2,1,0.4766551256179809
GSM329903,-17.125517340492628,28.21458138019577,-6.298589147407799,-18.05841065401488,-31.667691893667563,17.730902380886363,10.255665161358904,7.6742563088431,-9.1306162811402,2.8363603670653386,2,5,0.8486261963844299
GSM329904,-0.5816991937039133,34.12992104106118,-25.505606947415522,-16.690128215677078,-31.115293899218713,13.273722840341085,16.745026877669094,-1.632223481394707,-3.7073325027464215,-6.183427314244074,2,5,0.8456946015357971
GSM329905,-10.552551294315977,36.29807143773415,-1.2625858571601347,-22.838390463983888,-24.419605331594955,18.994745227607957,-0.13918224210202687,0.7900438331560096,-7.566044842072406,6.402121946212124,2,5,0.8006435036659241
GSM329906,-18.589012775732126,21.66014036252729,17.22543092819161,-15.563036394781694,-25.977270421911804,28.343902812358092,-1.8191307771456986,1.5755150867231285,4.855505485106369,-6.764377955348204,2,5,0.8254207968711853
GSM329907,3.364280925288928,20.91219777990501,-11.473946055721546,-3.7616140256694286,-29.387678580433022,19.891287039060316,15.035103945016957,-10.45770177699617,-5.340100870657809,-6.277309973782238,2,5,0.8461663722991943
GSM329908,-9.49955574574286,39.34905904051335,-27.043851045086058,-16.17211235554598,-38.76006970723554,13.644782402847468,8.309026181675538,2.69756550512304,3.5944657406343343,10.472192643958154,2,5,0.8615350127220154
GSM329909,-0.5708224571269691,22.998983322161077,-29.00472408473793,-8.120357840557585,-23.21714130594061,19.173791922982968,6.552710144376818,9.389925419859766,1.52423329563129,-3.7111042115814428,2,5,0.6395907998085022
GSM329910,2.739612510660185,0.4747140221167695,8.415675516748733,-1.8270540096532082,-17.74743676276772,29.514906667203554,22.636536669804745,-10.182022119721434,-3.444617608449238,-5.792777552170257,2,5,0.8401258587837219
GSM329911,-18.21630445183189,46.82768799523089,-9.062600316721772,-17.712664995305225,-41.991531753116334,28.054839310191596,4.125343173240163,-9.185629133996613,2.6393892752174573,4.793893424602413,2,5,0.8396933078765869
GSM329912,7.11381047913176,1.5666370078882748,2.331115477657435,4.548795941681256,-18.110654500533375,38.02504175311763,11.354205087998446,0.33051517245535816,9.7971933625809,10.732490702303656,2,5,0.7473501563072205
GSM329913,-0.4972885144392853,26.308316290319098,-9.373825465015273,-4.238758159340471,-40.08931759624069,12.533155042451561,18.330896479808537,-14.941911278335192,0.17070264507318064,-2.041666661565454,2,5,0.8592146039009094
GSM329914,-7.943742211261541,19.98698532925922,-3.3190412263800475,-10.401363612168405,-38.093823013503254,9.885219246683265,27.364137050473378,-12.633533889829899,-2.6890608613864253,-4.27897351735055,2,5,0.8466832041740417
GSM329915,-11.63205438938436,32.03173666642201,1.1105226505402026,-17.541948571554553,-35.00746340817511,5.433569947078949,15.795950766252526,-4.989819060627203,-10.720320784747605,-0.11585099064953418,2,5,0.8274721503257751
GSM329916,-17.10032269480346,29.276016872350546,8.66692536101696,-14.963079766464343,-39.81255329329321,16.565291359692917,8.613779377374513,-4.127721470233045,-5.21159595111896,2.3703236504038148,2,5,0.8456211686134338
GSM329917,2.074119236206118,22.103388894030505,12.500498973183296,-21.797044428327606,-16.49116645113594,17.450393282894836,-2.0429798677017175,-0.4300736744009631,-11.114030859919874,11.091258768147828,2,5,0.8691201210021973
GSM329918,12.924555037619553,-5.973821007765112,5.566326349179599,1.2084825489646438,-10.772834633501649,12.695403556606777,-9.794355613342473,-6.144556967149023,5.811587738029804,-2.226671383621653,4,4,0.3570792078971863
GSM329919,-5.903616479728251,19.01001124796377,0.9550800075325567,-12.354550691334406,-22.805011659978835,13.726612876351373,22.671727240667824,-1.0120011818981758,-1.7698407261735438,-2.2757870725214535,2,5,0.8360629081726074
GSM329920,18.758357146338895,2.751955378624004,3.129173088461891,0.9150511744502552,-2.3232872874998796,2.2220802287058605,8.35012812214507,6.208316869339415,-5.741032006865087,-9.060677492403544,4,1,0.948011577129364
GSM329921,-6.652727839117632,17.539459364474116,12.588595285617755,-4.29504794829942,-35.673221923152624,30.810485307822763,11.9184919978261,-6.610184214138515,7.672711733012714,2.6608375766317227,2,5,0.8498217463493347
GSM329922,14.848609925097486,7.083417305964276,-36.8418674831959,5.3394075048267515,-14.737450733542559,14.986096337094375,23.143627176637352,3.9653833852252904,5.0623701873345635,20.364781174499928,2,5,0.4156772196292877
GSM329923,-13.849553036319847,21.9416090075677,6.601272506329756,-24.204394052272058,-26.09643004607242,17.83548456706188,-3.71103502861264,1.200085928596391,2.039679278223995,-4.485148721776285,2,5,0.8096171617507935
GSM329924,7.85886645043953,-25.387135079439314,25.84651280074529,8.146955318948873,0.7500203351477474,25.330832042044552,11.062161549131782,3.1662451677269847,4.463483351346746,15.6574521456025,2,4,0.301965981721878
GSM329925,5.229767085947877,26.36892749556588,-7.2961171355005465,-20.008134835614786,-28.605839305052605,8.040176102865415,9.911565359977322,-1.9481299445340665,-7.4451992613961915,7.114704014141376,2,5,0.7981448173522949
GSM329926,-17.71040150892624,25.545229097788468,16.62477027535888,-13.121087588659542,-33.23060405646465,28.23788195021609,10.324898894682466,-12.97235407296291,3.630907147332723,2.3818757361511746,2,5,0.8665395975112915
GSM329927,1.5441682947410176,23.941759435923565,-18.976110900226992,-13.00039611371594,-25.808716713055535,20.32556092267425,20.805412518326442,-8.512654454018907,2.706084937859021,5.530768571980414,2,5,0.861906111240387
GSM329928,16.879589074434083,6.319713789059969,-9.22648605332122,13.986161140256936,-34.36270724411326,-3.095729733096085,-16.663869239946038,10.915881138648572,12.017936251802144,-13.137544519405234,3,4,0.3595312237739563
GSM329929,-19.353670360833053,35.11292291190317,-0.2562224192598912,-18.539088411501023,-38.606624553524505,36.11417544223877,0.5309794816703912,-9.324139192181207,0.1530784818008925,-1.060959117436257,2,5,0.85686856508255
GSM329930,4.52849223059099,21.625205930971944,-10.630453905016681,-1.6698459319169943,-35.893505390680936,18.39601498364377,15.51054612726321,-12.150496123815728,-5.167606006451588,-6.178640372508764,2,5,0.8602743744850159
GSM329931,17.048680236415883,4.794156105436921,6.15882881755205,9.883994234315967,-25.279386107178244,19.733646035196873,12.578159136398467,-15.190395722479007,-3.2118254493158447,-5.827740432858683,2,5,0.8266218304634094
GSM329932,-1.7097456374912043,15.358300262333147,-2.0190576676887426,0.03552190408231414,-26.072657759706566,35.37941908221797,10.067169171830326,0.262068401527342,10.04392455648445,9.472937639533507,2,5,0.8435066938400269
GSM329933,-6.381764671480587,16.14440986436249,1.23147566702984,-4.657595101966999,-36.79862781609049,18.948940404214827,21.554694601292848,-11.120557748487922,-1.427806669537772,-5.224647835398622,2,5,0.855650007724762
GSM329934,-16.99797920089775,22.767448723098813,13.574077309001282,-11.57538203213811,-40.59983947232314,27.640271186002284,13.915257491652786,-15.398117239679468,3.1528035444177016,1.7829259401746842,2,5,0.8468109965324402
GSM329935,-5.96639559735265,37.00818345069296,-6.735719383281071,-10.460621157186923,-48.12386814116977,3.298933169641973,16.406146972656913,-6.483330746389892,-5.3410132897846525,6.1897243355533025,2,5,0.8418245315551758
GSM329936,-15.314004159997543,20.90806603781567,12.313183479742323,-9.20916575140061,-34.749736587752835,30.555810936352913,14.75297752231759,-3.92974419793422,2.8082056796060204,-0.26127384574812984,2,5,0.8401952981948853
GSM329937,21.72783627892399,-8.19493763466878,-13.907565464389345,-1.723579780249168,11.021027759652746,25.29804524347064,17.266984448793167,-2.705600448447048,5.64798792982214,-18.746789261801236,5,4,0.9343475699424744
GSM329938,-8.363708495401163,17.419425949933576,14.074362160856518,-3.468831121983401,-38.89730545865107,25.787470100489724,16.329573796541133,-9.230759204936762,6.1200304615503045,12.947501059075341,2,5,0.8483798503875732
GSM329939,-1.5070086241053604,20.30333367791193,-5.059107159016096,-9.532353875073534,-32.623012792925174,-3.8116685885231134,28.618359656864488,-13.347811449983528,-6.270246628975714,-1.0564613028526966,2,5,0.8351585268974304
GSM329940,-11.851129297205517,11.294700015839979,14.417774322435559,-9.048131746029467,-26.336709810807648,34.20263251580415,13.729784899867159,-10.859315956142828,2.993144135496675,6.952063536294833,2,5,0.8618984818458557
GSM329941,-14.825494644055235,-0.6503987136339411,7.74816141332648,3.0481954132293687,-9.346715310622246,-13.640278186421503,4.7993146951892705,-4.946901294218778,11.891277424696698,7.417526802036749,3,3,0.9096108078956604
GSM329942,-1.0109441861206039,39.47468411576604,-6.336498856667304,-20.166600130927364,-29.078111603269086,5.7421670135339085,8.409610129314244,3.0681999632254344,-9.485119184989642,4.518464272651312,2,5,0.8402883410453796
GSM329943,2.8005623202838543,12.696443809842993,6.326289585576556,0.3786868244183942,-44.45646323266787,-3.78660744517355,26.262873069182632,-7.349742674212199,-2.30499870964204,5.754892681793105,2,5,0.8535135984420776
GSM329944,-13.056807625845588,23.71874240403504,19.229108938395626,-22.97807203079155,-22.75406600664747,17.49734929607719,-1.0428584136911452,9.96570398482722,-7.472731238719898,3.748489331127226,2,5,0.80109703540802
GSM329945,-11.92968919834154,16.70796672187883,4.589820976976101,-6.841829195979815,-31.102998962118686,32.15597285528439,14.545634144623905,-4.398874353297353,12.876242366100058,1.9623982574299157,2,5,0.8556580543518066
GSM329946,-9.600415584577439,35.65240393957279,3.20047276133113,-23.69428733455527,-25.548878792275854,7.954971280957638,1.8047542997637884,-4.36660444991164,0.5204360376275222,11.8157032021954,2,5,0.8693065643310547
GSM329947,-0.8415074422974353,25.89562256045388,-30.106089196167733,-9.29517253156797,-29.541375465565114,8.654672319563309,19.113694157888172,12.324515789911665,2.7736746874234774,16.115850875191622,2,5,0.8587059378623962
GSM329948,-3.751293702828453,32.24537259750415,-21.517685442292574,-3.0705268862301645,-43.602458866072645,-0.7296027852322379,22.75690910756183,-2.2316648069140927,6.260899225700796,10.18591521006952,2,5,0.8370522260665894
GSM329949,-5.089954444906335,32.9126241228543,-26.779899035563595,-10.763253682361624,-35.678708382360256,13.092205702866682,21.114798329061994,2.515071095017117,6.559810608848913,10.371182462411467,2,5,0.8398585319519043
GSM329950,29.376201595722105,-9.12758560511808,15.098335377609597,1.9903275382153558,2.5571152756659896,30.806805064393473,-5.982401660425517,-5.392299680379305,-4.044831696632179,2.317522886256081,5,4,0.8263527154922485
GSM329951,-5.01199337038222,20.249620342325304,2.3594296443861182,-13.528173769906521,-24.94448296135128,21.715651360869312,17.802148848517827,-4.613602048457514,-6.585533112988373,11.17789954211319,2,5,0.8403043746948242
GSM329952,6.152291022816564,22.82272897490599,-18.745540135168998,-23.50226141383302,2.3355932971140385,-1.7801517200560892,6.924889272196876,12.274069723349012,-3.0734888579299904,16.202738323025386,2,1,0.4328900873661041
GSM329953,3.9843697910263147,13.412277960140973,-4.100441599492509,-1.5621503493785145,-37.90662139907532,-1.3577213095734946,35.60755157942984,-19.934210569447895,-2.332736084849835,-0.6977634772392158,2,5,0.8459497690200806
GSM329954,2.204128279621284,30.994548033341133,-21.238661592123552,-19.987912127462632,-23.670748759398936,2.6270141784989667,9.195918149704823,9.621539113024191,-3.144312515770295,9.20634777980536,2,5,0.8630579710006714
GSM329955,18.693322308574672,6.6989010615546345,-20.520334665215856,-5.404243267843779,-5.168409579227429,29.946294274403755,14.238443353966046,-13.93097521775179,-1.493501979884555,-6.92013902072347,2,5,0.3655493557453155
GSM329956,0.48908498782857146,30.751102006949658,-0.6609517492128466,-13.937478493405902,-35.33732266520501,0.3619134508586399,2.2250660626009284,4.092805021611635,-10.104594794784573,-6.154901892402516,2,5,0.8049650192260742
GSM329957,-1.03398313457053,-8.168575331860765,22.50500092671435,-2.651305261719136,-16.59291756673761,25.467278585357214,5.1533792918454475,2.9646675669452653,13.787151517933202,1.8882060095244053,2,5,0.5121301412582397
GSM329958,-13.458803175923109,10.912584597076465,-1.3532316086972327,-8.049157706979473,-32.80850110790408,15.045212341748057,22.903294367694173,0.33304674268184986,-4.8682697027667485,-4.24970262615675,2,5,0.8599433302879333
GSM329959,-2.660881875458156,21.819625432061297,9.939238999106369,-6.074238413471205,-36.04586989690647,28.175230971994367,10.724252994788284,-5.539877588463166,1.597200307317447,6.127784912243933,2,5,0.8481664061546326
GSM329960,2.283274721869455,7.898547466791909,14.455236744038313,2.714281823380879,-35.64504229258596,16.8475793153339,19.504430782279986,-11.24265808769019,1.6989501392666106,-4.79110546128312,2,5,0.8095199465751648
GSM329961,19.98359037507117,8.889246359256637,-35.65378237535263,-0.3642293763022631,-10.359077923194453,12.02013090988175,8.62660079192295,10.141606182210134,-1.3721970197992772,16.417038848326484,2,4,0.3841100931167602
GSM329962,-0.18919907804826383,11.333434445044952,4.740651055159385,5.656389482348022,-40.21678171978208,11.075040989806505,2.1032795274813414,8.761496958224384,13.578366492137551,5.470261030168599,2,5,0.8605818748474121
GSM329963,3.856100816192697,6.501548916666471e-05,10.7264539791186,-0.8545823464332989,-19.369178965933177,28.934190734918605,23.044413819688376,-11.085847888983237,2.530245735497817,-4.230568526902512,2,5,0.8387261033058167
GSM329964,2.7730523732740266,7.107842960047345,17.65655448019548,-2.9263601953516427,-17.241368572708293,40.46070777789673,6.824912536888848,-7.320634657083333,6.367049626462368,6.102766976129789,2,5,0.6899406313896179
GSM329965,-12.362139151239342,25.15826301892963,-4.330502129156308,-14.520625332695642,-33.13025840856514,12.789902623414152,16.027951851592555,-8.363110872221657,-4.304064645630733,-1.3655027519148693,2,5,0.8460748195648193
GSM329966,-4.227728983468128,29.18249669690405,10.337179869947073,-21.719917178613223,-33.39486691475652,-4.311705659481549,2.238519449575129,6.182721665741646,-0.2554334315133258,15.068919895301446,2,5,0.830556333065033
GSM329967,-0.14975356181489277,14.756198246519832,1.142545772458411,-2.3617752362308932,-29.81985069168137,17.68980327468008,19.45023299915091,-11.835473704803944,-3.690377700846528,-2.493560385739351,2,5,0.8568368554115295
GSM329968,-3.8882092982734346,34.64563389512415,-25.576082537160126,-8.063493900125827,-42.13609672787968,6.176768680177487,17.30152176453039,1.375020552551319,3.8626798384357195,22.046411927322314,2,5,0.863358736038208
GSM329969,-13.615141537146231,35.68303130395396,11.577591441256057,-25.142370716773655,-26.33789394089317,20.816096338344536,-4.758037582977391,7.147858518023477,-7.272413563463496,1.8132729169407782,2,5,0.8602287173271179
GSM329970,-13.561971068617517,29.31260784088111,11.573407033425072,-11.941385905061782,-43.33041387301039,19.126945314134918,6.613048759395123,-4.196209307111384,7.107420449720581,11.31789972698818,2,5,0.8379884958267212
GSM329971,5.566187757519894,17.852063408299514,3.8026299133951755,-3.437520992592215,-22.572056015615775,25.499288825180034,12.148830614407077,-13.516652626780647,-0.06640107081443936,4.361256563741874,2,5,0.7936463356018066
GSM329972,-0.3080430254600792,32.22226337615269,-25.22479356057336,-4.796139330453147,-34.20954540651479,16.15989389051799,18.894692497498973,-2.02658318049493,6.084756454076862,8.232676181478631,2,5,0.8425823450088501
GSM329973,-10.462450875594893,25.572535122716758,8.368103178165638,-10.721730258798486,-41.223729906314475,25.50134079290833,11.151017684366826,-0.7889356021917519,9.519365506290269,8.286774057992877,2,5,0.8472608327865601
GSM329974,-12.23107508133709,33.29179248303952,15.173821516356982,-31.543857782535994,-22.036330838108046,20.09314936378562,-6.981184904687478,2.599972268783531,-7.476618098167148,6.592618383969839,2,5,0.7961955070495605
GSM329975,-6.954521943761773,19.950689217179534,18.24859578501046,-11.91574652509441,-25.071385268931564,24.380487686547937,11.414448917699294,-2.499631261202669,7.639203530246132,1.517061988898319,2,5,0.8536513447761536
GSM329976,-11.115666404018944,12.973571986810159,14.973250337291475,-16.708093703458665,-29.42805586308409,11.242663071432172,16.390334062285493,-5.460134074202764,-6.867798564124257,-8.252833444802327,2,5,0.869184672832489
GSM329977,21.90495636892642,6.5447548089319065,-7.74716222370931,2.90426943468845,-10.152387436629105,27.196549220178273,1.0683978788194788,-7.991036885898382,-3.7936284447115405,-2.1944377994995774,2,4,0.7546600103378296
GSM329978,-10.32180871118461,-10.129494355209808,15.368646005782141,-3.536886524220001,-6.2338551686061905,20.917097485962525,8.574267128064989,0.02393843886538034,15.578857996789056,-3.4860621006353845,2,5,0.5647439360618591
GSM329979,-17.246295937796756,27.51373514714234,11.093910480713513,-14.343838727483295,-41.41946103603154,19.430148155811104,14.479747297323257,-4.585427059059554,-1.535593841000318,11.716473291382467,2,5,0.8530261516571045
GSM329980,3.802715504903549,10.147640411475503,1.4296901905985524,2.398541005211918,-36.03733100261524,14.126810479072335,19.945239899757556,-12.29572770002181,-2.850762672774335,-5.5591523077602325,2,5,0.840711236000061
GSM329981,-10.734709559124914,23.532921740526547,-1.8389507667020597,-6.347674705240239,-39.59617286552562,21.055605316873095,19.263282828240584,-9.354865536943255,-6.7390597713881295,-1.329830447675164,2,5,0.8376719951629639
GSM329982,1.7686457425462438,19.537225494445007,8.018115995440565,-0.8894215539374313,-46.73496827216313,-3.413123070640098,23.065103765823576,-12.765492028904864,-1.9626904600548483,-0.24120937564762787,2,5,0.845015287399292
GSM329983,-6.785230479709173,25.87075726912878,10.635347627498257,-5.02276672652727,-43.998915006187794,14.936544812895344,19.540982906170992,-14.52876994245013,-1.2836966942108745,-2.806374624699985,2,5,0.8326963186264038
GSM329984,-6.096928811437868,22.130903703535495,5.765006615632679,-13.824941930238673,-24.72231753721928,29.158720794731753,-5.315135826615372,10.55953961818325,2.1006681986846703,2.4300830881357096,2,5,0.8405719995498657
GSM329985,2.370392446615301,5.428307446992826,19.25975937562043,0.25251452836623445,-30.779299810208876,25.143340810522233,18.338790773280213,-14.627648275791381,5.9077114905613275,4.1545582074202025,2,5,0.8519947528839111
GSM329986,-2.39383780308284,40.04114783706668,-23.531818727862664,-25.145991807723846,-32.43446414710339,8.474792472189485,6.680295668288215,5.316702642896481,-0.6575967467377795,4.289655149048927,2,5,0.8480889797210693
GSM329987,5.023495474488746,8.913772554228348,13.482605375620375,-11.510429048402031,-17.450426690271495,24.254048976705775,9.730864205376468,1.436543124010765,-0.06546935687605712,12.634592631883569,2,5,0.8702272772789001
GSM329988,-1.5956450528468358,12.118167941512135,-0.4059707108220812,-4.218839193777056,-27.320932470841303,23.340426912087338,25.404072544917078,-12.512732429608002,-2.58270534892456,-2.5620229350196877,2,5,0.8459945321083069
GSM329989,7.318819628054197,0.9474049733969487,-14.558792751232694,3.357278478292995,-14.312767165771985,27.86049289595714,16.81096984934304,-5.446830853815258,-1.4474945635460048,-11.536356891414242,2,5,0.4475924372673034
GSM329990,-12.843746408490006,38.14083133896793,4.86527812133139,-10.903122299404945,-48.30624704694691,19.42656335611405,8.218485218714157,-15.543811272398994,3.004665747556963,2.549552941289652,2,5,0.8279497027397156
GSM329991,-13.778513347188916,33.27031214157956,4.8604552649642025,-13.801657786585295,-43.577139356446615,16.29521316007728,15.687240809866212,-8.642743823857444,4.279081575722058,8.570451236550447,2,5,0.870428204536438
GSM329992,-13.055052835426357,16.254494820921497,23.41945463239215,-24.250410262228396,-20.706145655199297,33.31991516437655,2.9926744255894477,4.783192864475715,1.9371318759972087,4.348375332881769,2,5,0.8303301930427551
GSM329993,-9.189766320500599,31.467377509579663,8.30615011969457,-10.584496937405717,-38.55834854898228,18.13960451037814,13.37506916125701,-11.709647211563125,3.525295689323087,11.506746285198734,2,5,0.848228394985199
GSM329994,-6.508872801753436,16.197881957348564,1.5935246275878705,-6.835592609864612,-36.38682225827801,14.091611663874842,24.204313336090685,-10.123029613754376,-0.4352313664740159,0.4852467305454122,2,5,0.8490195274353027
GSM329995,1.0621585832055598,29.22532228716099,-12.469357249922007,-7.57678756367353,-29.391555109958688,24.223837161359015,8.930727827263512,-12.861116409367014,4.285381469733375,2.8100926139158053,2,5,0.8408153057098389
GSM329996,6.465836478118375,10.647713605174866,31.891401896060014,-12.336911317588392,-18.132068786344547,26.641793025221844,9.811998867031681,-2.0252339296471793,-1.3098159385378705,13.446568660369936,2,5,0.8271158337593079
GSM329997,-9.073137660549756,19.454954984132808,6.7125343732186495,-2.8687408820997327,-35.14997391251283,29.76350854921213,12.039646112361192,-4.182076920853891,8.494258912908892,15.189005733389664,2,5,0.8605818748474121
GSM329998,1.3839797114997525,25.559593320205757,-30.73157947664698,0.9431933196752215,-34.40083515621098,2.47533406403371,20.728162645982152,3.5674374541606273,11.077539066505244,12.110333250836797,2,5,0.8393414616584778
GSM329999,2.626223252746231,26.687101670012147,3.9315008449618047,-16.870104589642654,-17.58572550186281,4.936670318984823,-0.4876279952323191,4.659669813477104,-5.885583248004436,10.742074655050097,2,5,0.5278117060661316
GSM330000,8.204169997049696,8.598418427445795,12.524759433683466,7.92991568302666,-40.81355912005123,12.388107412190493,13.489410722709826,-4.817192155531626,-0.9558669932893809,-4.6518497655750135,2,5,0.8508694171905518
GSM330001,2.8544568039716625,31.53554518924857,-20.616274082395925,-29.893944774251736,-10.002914836265418,7.842269893482354,0.38938719994582865,14.598025502128648,-5.995428003171901,15.405281652427016,2,5,0.7794181108474731
GSM330002,14.612648886352249,-5.144999482682968,-32.76393898685717,-0.7477891147395959,5.103906699030694,15.64458545063925,23.88407873216939,4.296672751661171,8.250767756999952,14.133753736301836,2,4,0.3208584785461426
GSM330003,11.894020406581735,14.915867027760704,-12.139197172225836,-17.895771694855217,-0.06245746266204121,17.872012982301346,4.005408831573343,-0.29703139883963653,-4.280803598309768,1.1343913191003747,2,1,0.4726603329181671
GSM330004,4.343604999755442,25.233162322730564,11.951244471145882,3.8976072659788894,-47.03580715460447,10.812627357235487,-0.48202427473469445,-6.905826861355032,3.048789478533739,-8.169997793299231,2,5,0.849226176738739
GSM330005,-1.3177952146548015,29.637966666565738,-8.690945971265144,-4.508910428226252,-43.49328524790004,4.349216676105076,19.714042507063827,-19.84788848727753,-1.6848537956851892,-1.504623072203669,2,5,0.8511652946472168
GSM330006,-2.1010607200535847,24.139980198644093,-16.954316742081623,-5.004328686884304,-37.78301330560431,9.633718660930626,21.400619752735217,-4.943182919062657,2.0730053702245272,8.4494076305985,2,5,0.8493490815162659
GSM330007,-3.211587115212562,23.25146961184407,10.815260883827062,0.8414100799450998,-46.96996790310584,2.4981094940189603,19.010404969607983,-11.8390181120509,5.364277443487075,2.306408247260729,2,5,0.8444439768791199
GSM330008,-2.8134027882257797,36.60959952708246,-16.51575525688747,-17.591041759719033,-45.9018806900747,-0.382865717928255,12.669814293100115,-2.1777780716926736,-7.429955389872314,0.4877810184567015,2,5,0.8541890382766724
GSM330009,5.104922400090835,6.4328215617562705,7.355082285597283,3.284380902274259,-29.358170667306897,18.135517515592305,14.944929299843066,-5.328057565834778,6.774292240129609,-6.093902847393429,2,5,0.7999297380447388
GSM330010,-20.10248568650126,48.699590060980235,6.835271817918709,10.385492522520128,9.204748232796279,4.381598368664971,-14.259039692344581,-15.400345957172574,-2.1239116655076087,-1.8583422961873066,3,3,0.9616868495941162
GSM330011,-2.3266576648671196,24.5259011527125,-27.509328856879637,16.71579200744631,14.424005009911586,10.80966154329542,15.31545594625265,5.496736774725354,-6.907227557957833,16.064608232377818,3,3,0.8591750860214233
GSM330012,-20.51047404217814,23.492947820979232,29.868563010663774,21.380364895609173,8.325985044375232,13.79372142733063,0.2558460362809477,-0.8935584312898939,-4.389871282342967,5.206688264697181,3,3,0.9611395597457886
GSM330013,-19.92677622936668,46.123836490005395,-15.422516476045825,17.845989605872727,7.311554980600897,6.496946345481215,-9.410880647419363,13.585756391809996,-5.470822823456615,8.397408457820083,3,3,0.9604376554489136
GSM330014,-16.329329822664953,19.180184136017793,19.00521236758753,12.615778667110169,3.8138772455177956,5.898003296804352,7.018736650098342,-2.3902218849939825,-7.204616772996963,-9.671675000588584,3,3,0.9637757539749146
GSM330015,-22.003402084814237,50.23144462998108,-19.53946546187025,15.851984664033665,9.122668702536492,-5.417272313064201,-1.3824064216661178,7.027999578411519,-5.229908008116183,9.807053089506027,3,3,0.9637798070907592
GSM330016,-19.063404575444174,24.07158100560972,32.50992419613113,23.444345820780377,2.263675723081847,16.73613338669647,-7.728211538321179,3.888934861648373,-4.24866022988456,-6.479282291440327,3,3,0.9629417061805724
GSM330017,-16.539694001808783,50.49930046253014,-22.17407336571555,20.872472123471866,1.2417059261056085,-6.601310114142797,-5.037109497852715,8.87442865514086,2.317824484340118,10.425927606154636,3,3,0.9653719663619996
GSM330018,-2.585498578700685,38.255795907931414,-11.595116187901269,20.62266909699769,4.110420685803565,5.778259499468016,-0.13750289446210828,-4.02186780911458,-11.066322655530938,-9.267235100742845,3,3,0.963021457195282
GSM330019,-15.98628124325702,49.47200101826895,-23.405488191366967,21.13125598213299,1.5793256081320979,-2.1082810675098904,-6.217123758956457,9.165703183574175,-3.938025594023437,8.917845956490968,3,3,0.9682262539863586
GSM330020,-24.034133418428834,38.6248032482658,-10.04804198827198,16.49112669802298,8.489286178711893,1.387469851033948,9.64114349190784,-4.411169338547245,-4.984579924524985,-12.069667237623799,3,3,0.9619424343109132
GSM330021,1.2248294104679547,29.80001722643293,-12.238779961294073,19.49943120695819,6.559058684748601,3.964833018051178,1.1393697775889413,-7.644683092990115,-15.696166982564822,-6.0836471917921875,3,3,0.9657164216041564
GSM330022,-11.685701956890023,31.680075357155904,25.37792899083845,22.026521611696666,3.881869127655633,13.651880594061373,-11.013924709270961,-9.630753026862243,-11.793028872124236,-2.988079176956093,3,3,0.960507869720459
GSM330023,-20.19309679932394,37.233453422409085,23.154843540898604,22.037939226362685,7.521552341526698,12.410841812647423,-15.418265133913792,-2.2007194607952387,-8.477555386854347,1.2823148520905256,3,3,0.962554395198822
GSM330024,-18.936829901964497,52.033516781155804,-15.144724681180078,14.853524146174577,-1.670964695012126,-5.948563492537148,-6.211935715424399,5.70429454027107,-3.833332913270796,2.022029411019351,3,3,0.9627110362052916
GSM330025,-16.987419930651456,41.10530408213566,-6.043327198579967,15.826393424548312,4.33110808259487,-1.660473219430987,9.215410022389896,0.428988410242127,-14.386394137446425,-12.650361559359792,3,3,0.9629934430122375
GSM330026,-22.51618206017171,36.8324177145942,28.223521894376297,20.71867415466882,1.8496826476073576,1.663835461214102,-5.380490819015147,-6.739867469694034,-8.057119821148632,-5.857767700806383,3,3,0.961851179599762
GSM330027,16.716008052218754,3.2616441604306425,-25.32739920372524,14.081391943198753,6.840192346717038,16.24514782741051,11.214619798496695,5.690106156468956,-8.193412832232822,-18.150557373001273,5,4,0.8821884393692017
GSM330028,-17.352749033097748,41.26462114411004,19.558982305723088,21.652997819868364,3.1450351110035966,0.7105661559976104,-5.3372372694902195,-11.976479921657624,-2.5801692567409833,-8.755622753620036,3,3,0.9629620313644408
GSM330029,-16.771095788553897,45.23898120775324,-19.307494386955312,17.89448261361139,3.8104706457276962,-1.561444172748393,2.48884777148183,-0.08538212023299092,-8.402084475803722,-9.191323962540954,3,3,0.960773468017578
GSM330030,-26.324566187105802,48.59063371943458,10.604960004785875,16.4162557639991,6.108529013471381,-2.5226219179593916,3.4812983844019705,-9.46224603488624,-8.68902221656116,-7.130482734765764,3,3,0.9645015001296996
GSM330031,-21.347533227846395,47.28777613853274,-22.25753578336287,20.16737182611928,1.5069802574762385,-6.050600652010253,3.1142119551524763,7.0681763096783605,-1.506945528200684,10.73137679516278,3,3,0.9643225073814392
GSM330032,-8.517174498137992,36.672743419992955,13.881688766083215,22.983613561613353,2.93349831783463,5.157783197395939,-7.816686189401703,-12.808404343195138,-12.984764320728102,-3.9666158068908755,3,3,0.9602584838867188
GSM330033,-12.379147472512104,35.78718870792128,10.26303384790836,23.34818019451247,-1.7396420146744322,-0.6687268677024042,-1.8891719735189925,-2.89449215835818,-9.33056721136164,-13.952459487825136,3,3,0.9614133834838868
GSM330034,-21.986359028592414,35.006310925175725,27.65440676637796,20.493825485104754,4.413916525183952,12.05258238805631,-7.156527602225922,-6.313687997947412,-4.344586567978723,1.7093331099465963,3,3,0.9597791433334352
GSM330035,-11.580627328463198,36.95059473767464,-27.378179927020515,26.43715545835898,1.8267256457420693,-2.739103242841391,2.9116169963129024,14.764543361857005,-1.3058401273370353,16.00013300233171,3,3,0.9622231125831604
GSM330036,-19.206951677846796,51.711251100853104,-10.312705741266956,14.04775586550151,2.010166550906798,-2.3328853084684673,-2.655022336895923,-4.005497706612892,-12.131678753483362,-6.7217711930854875,3,3,0.9630640745162964
GSM330037,-10.308680362563763,38.2984033307336,-10.642018631971194,21.40809834111239,8.275237159612406,-10.543058393705067,6.584369519044622,5.421269088802898,-4.106594116115429,12.614812562274468,3,3,0.964026927947998
GSM330038,-13.134633994586794,48.259649986348485,-17.061097936151242,23.690744198780337,-2.7851408347320863,-8.962677334758785,-7.413631548786469,9.206121614688575,-0.6868764477217585,6.09103512002645,3,3,0.9615768790245056
GSM330039,-20.15156320726515,29.06820727357377,-24.19827114426868,15.479920328767381,1.3026984078034018,7.59731355984405,4.637624220779874,22.428062728408815,-5.118596579294455,-1.4643751462191679,3,3,0.9630683660507202
GSM330040,-30.04668311408486,56.700510985564904,-18.290513212496542,14.736297102316215,5.868176191358566,3.908390652314195,-2.560591043923483,-3.4001866273093775,-6.214118321563984,-3.4836227333258583,3,3,0.9640882015228271
GSM330041,-16.958434213235144,38.36119313193544,13.575433325669767,15.96185299875126,0.7514939470811568,-11.202936613109358,3.6319510949607845,-6.122863173609226,-16.536263484959775,-3.647049374867611,3,3,0.9624749422073364
GSM330042,-16.20990678004805,46.90517230155227,-12.733387812108491,18.816035619032583,4.35192617288458,6.525611423908729,-0.7433475451144108,1.7572313567058222,-5.094460953382738,-10.90709065624099,3,3,0.9666879773139954
GSM330043,-13.597119413682606,47.480581365845566,-21.02586686507068,12.278831199546046,3.0246191602307464,0.153253287783282,-0.42080243674268664,-5.727299405293861,-9.75993729394819,-2.5705121416049286,3,3,0.9620144963264464
GSM330044,-32.63174684059933,54.893967155885385,-13.680630014103848,13.842261223927984,8.361775699389979,4.794474850478497,-4.063560437329888,-2.361467486683997,-8.229591153269606,-1.7256930862502444,3,3,0.9612630009651184
GSM330045,-27.6120576851489,43.16208330347669,-24.079881224618198,16.989350609191064,10.301614099468148,0.38714672281105766,4.400509385760866,6.986934081904764,-3.4121128934415426,14.263167526080705,3,3,0.9604521989822388
GSM330046,-17.44719888856084,50.83738287489857,-3.645726081251372,16.304501215746072,2.5369986046210307,1.3946922149376695,0.5205867964726666,-7.94756003068616,-8.20380036253517,-8.015474513337233,3,3,0.9640435576438904
GSM330047,-9.457946177119883,37.03599436585537,3.7274333704622036,22.109976773334683,2.587507019723654,-3.695651095173822,2.8631483084635643,-6.2493943850416045,-10.3711529324579,-13.341660985006392,3,3,0.9641016721725464
GSM330048,-21.086592511221973,23.636123391613296,26.580326150057786,20.87038155672665,-1.6854875252142076,-1.222418151286014,4.2448288954987285,-4.762479080360643,-3.5688305924079646,-9.079103109601911,3,3,0.9626420140266418
GSM330049,-16.61546583088712,36.238646049848,6.684219877575827,23.03629308171985,-2.321200806941846,-5.216660610415306,-4.868079793387128,2.811535997433424,-12.325856938827743,-10.973137447344152,3,3,0.963381290435791
GSM330050,-10.673975922481423,44.11989761272755,-18.68782659436181,23.81825884657654,-2.507289725532703,-6.435895600605538,2.303634893797952,-1.5905017333129279,-6.789743676347913,-3.9818325486429162,3,3,0.9624119997024536
GSM330051,-14.022377648437457,35.34129922688895,8.38637261776202,22.06146776923016,-6.562258007147486,-20.43798446430466,5.44891437422783,-9.031569587247908,-9.603164199912609,-5.131648816151823,3,3,0.9648696780204772
GSM330052,-23.752024305778868,38.748959784350234,16.49670784432718,19.485112885019685,0.5786325827641396,-3.8654006873193207,-0.4344831939469738,-11.171078041107913,-5.820911126012312,-8.121878390815311,3,3,0.964345633983612
GSM330053,-23.41143625661742,50.34043135570021,-9.50106072673081,14.119641191446668,7.914472662427915,-0.1338458598928473,2.0219792744417844,-4.666101182407639,-9.87451801191145,-6.540252790684042,3,3,0.9558585286140442
GSM330054,-18.245647552673045,45.324816593743385,-20.88940797836094,20.53750032454627,6.06345885664897,-4.861058708525249,3.354068291214382,10.78011823719231,-3.3127398632929768,19.766693879151408,3,3,0.9609270095825196
GSM330055,-3.5686546966701713,17.206433815490346,29.870444618531053,31.58246702794318,-3.052920677742762,5.552264741463119,-8.524129339483077,6.47349180173615,-5.079122133933535,-9.058764217150703,3,3,0.9623169898986816
GSM330056,-15.011024490246443,38.450486760256226,-26.124064165949523,24.275889747449064,-4.993414166850942,-7.456292255629792,-1.4693873872582066,16.683417098458268,-1.2609992907089642,13.682694983966549,3,3,0.9572672247886658
GSM330057,-4.773041549954947,35.39606595211394,-21.25211525370108,26.133392118459803,-3.3972598744248503,1.4963956184809044,-7.263304330942881,19.830634988027047,-2.2579271543287676,-0.4085561852074345,3,3,0.9606605768203736
GSM330058,-24.98139043071986,43.01297730599799,-24.611485528948876,17.95079384758529,5.585341820758212,0.21899651991949937,2.4650935275020496,15.633382177026565,-2.91216551928412,11.966349866838618,3,3,0.9672721028327942
GSM330059,-0.6419670698217953,32.926080300773,-25.104727424467043,20.823739574373448,5.707840342717021,6.992379092020076,-3.962694704581372,8.953826842098117,-5.248802468865301,0.7389117714974157,3,3,0.961762011051178
GSM330060,-20.891016393732773,52.33036700557931,-7.09933342137451,16.837597005775848,4.0640418994011664,-0.2925153751741991,0.15082596493684858,-2.8447425729724363,-11.639835423801541,-7.620356385019426,3,3,0.9649258852005004
GSM330061,-15.850669747046666,52.6329069233772,-15.270590321020974,12.758382821668514,3.627206422027493,-0.7392380381726141,-1.063301924482942,-4.224397712302269,-8.734063557009456,-6.322318511487676,3,3,0.9618594646453856
GSM330062,-7.268565410338101,39.652049290221626,1.8412252868576942,21.57938131392113,1.7575809345668887,7.751588432270405,-12.971299006932556,-6.366080701527282,-5.812414096799622,-8.093759673538559,3,3,0.9625989198684692
GSM330063,-16.65119123180157,48.763993448399155,-8.729896428817133,15.497634531256603,3.097633875109822,3.1584305289306767,-1.6893455213085682,-4.0287658645213,-14.929956392099056,-4.696765144065152,3,3,0.9618943333625792
GSM330064,-28.865025846341826,57.150566368441005,-16.115632562303677,12.142725745908526,6.6605670742327225,4.397215218351752,-2.4059991268072616,-3.303501293978476,-5.9316522040207,-3.2957699562505423,3,3,0.9644342660903932
GSM330065,-19.689720721581185,40.327125654307835,4.351683574063649,17.412239786590977,5.189114819906431,5.520955135809676,4.2922601458693705,-2.160309007973526,-17.288328377081505,-11.18802873291009,3,3,0.9634425044059752
GSM330066,-23.80755370130619,33.50310720927952,24.56652921672885,20.951500161044912,6.621531546084433,9.116636390293776,-5.572185015457148,3.304278315418073,-8.595494625755055,3.9657087090975636,3,3,0.9596373438835144
GSM330067,-18.207241672896895,25.744704323329316,38.09199153449559,21.41116576739906,-0.8690081750628968,-0.15046070925242522,-4.147337174750536,-2.573082169244974,-5.297964722247293,-4.664989927071148,3,3,0.9617575407028198
GSM330068,-27.141600592910137,35.34238603036073,18.16139152846258,10.173426252407397,-2.0120771622073548,8.4797155969868,-6.515363412509514,-8.162599970016302,20.456198636837083,5.892925083378201,3,3,0.9640657305717468
GSM330069,-23.104776913782512,42.710714531232846,-18.881822962560783,12.906647198753534,-6.503331279648886,-23.031393001835657,6.270901179433342,-14.63060482039444,12.895722946459802,0.8604844865456845,3,3,0.9637451171875
GSM330070,-8.58295735780123,29.707242002324293,-29.28767087167204,17.222980818966807,0.49318326848947824,1.885139622444894,2.867685802170543,-0.7007260439566474,14.285807241001438,-0.799348219034507,3,3,0.9055577516555786
GSM330071,-12.446980248171569,31.111196522468845,-13.0658886375318,13.766847744679241,0.5609689424979414,-0.8266648098813303,4.901963977128737,-15.35571669786656,10.15636775907791,-8.425194860114372,3,3,0.9618207812309264
GSM330072,-25.577390994363594,47.84691059748049,-18.5945443023764,13.305300589242453,-5.2367204042670945,-5.607963859004678,-1.1098547031628008,-15.206511165472346,18.302485775729554,-3.387750275208661,3,3,0.9612591862678528
GSM330073,7.373580678891804,17.846856156010645,-3.0853650967241237,8.836869976218663,11.930140670730427,-3.9479606264007914,6.20476446295058,-11.226732100729569,-7.429412001478712,-10.59398666734294,3,3,0.9656193256378174
GSM330074,-10.252201181010156,16.877473868833317,29.296644293158387,-18.314543062552037,20.157756254826083,3.2461848642455116,-6.909367545481764,-8.637985712325298,18.219819622990368,-13.089326241289664,3,3,0.966684639453888
GSM330075,-14.54551254397764,29.5242006034473,9.294891758897311,21.30964455240907,-6.088378233262783,-3.7295883690684164,-3.1767967575830918,-15.838483635558992,15.3058377950393,-8.314461562165008,3,3,0.9622139930725098
GSM330076,-20.925462856357605,46.35350637278703,-20.726450371502292,16.027607368605082,-6.7716553345154535,-4.950782515030708,-2.5394987847170434,-12.859603654732446,16.21143605196108,-2.741975236824998,3,3,0.9639317393302916
GSM330077,-23.69306838894098,45.046512035890885,-19.92354974702372,6.920901423375283,1.7652088330878495,-2.0007891967993734,-4.64568039722778,-9.234751218781536,21.836138720514313,-1.7270267485393132,3,3,0.9618792533874512
GSM330078,-16.98052543395591,39.32674071234768,-24.125339424807965,10.382965283949941,-3.2048063019201947,-5.999803396956428,5.371997953746194,-14.1237349728052,13.772502103850645,-9.9820839755077,3,3,0.9628282785415648
GSM330079,-26.260193393070946,46.214370153381225,-22.596078443076546,7.9749716184084685,0.5176376036535542,-4.321595304363499,-4.69999511140881,-5.394355154814416,21.289194602721157,7.8561782981417,3,3,0.9612012505531312
GSM330080,-6.133504798280257,34.03841035645896,-27.661099248265916,18.131405111719072,-3.5804677530733593,-9.015468947708877,3.492186934340849,2.1414185168860973,18.76230564251883,14.281852811033906,3,3,0.9643391966819764
GSM330081,-30.217469976896,31.97547798411885,27.23030897701195,9.967249570102055,-2.799962606134924,11.515006113830301,-9.405368340001294,-9.194735804836519,24.206498029299215,2.8257424060305154,3,3,0.9633334875106812
GSM330082,16.368731476200466,10.240321710527349,-8.49546130526456,19.107365691330838,4.390747946412951,1.4942215401894257,5.528481687724842,-14.140916555083008,5.635569191938878,17.9551412178602,3,4,0.3286765217781067
GSM330083,-12.246449931776828,-2.931583618863851,18.429227102659986,12.84601281778022,6.4547866288331095,25.604077773355105,5.129393486645045,3.064278776059745,5.029413020554935,8.401003880524824,3,3,0.8422257304191589
GSM330084,-1.7011321230155614,26.072725082005345,-28.51503081102262,19.940783925408137,1.5512902134126498,-4.938068319987831,2.383228478256255,2.358607471200378,16.106162606886826,1.6362868908605588,3,3,0.9169803857803344
GSM330085,-4.5220992160669455,36.105204936670305,-24.60652110402416,16.231789379798002,-13.05873620627489,-13.389029272965482,9.997959161115968,-5.558632414255018,19.523215908777335,15.340760364814672,3,3,0.9632230997085572
GSM330086,-16.260428779166595,25.762244745229648,-21.945949883613768,14.528119796427374,-5.250137050921041,-1.5128569477859186,5.985817689701778,7.763919503225974,12.984891555771501,0.5603910806580665,3,3,0.9104098081588744
GSM330087,-23.700880495017266,20.423252252803568,16.53669511231721,15.473770132790355,1.85099396052115,-5.329948357249127,5.45543339283979,-12.766512910854688,11.446721363511069,-7.357564704742961,3,3,0.9595798254013062
GSM330088,-20.50783801298949,13.360870454676963,24.801163664481074,19.086124199564903,0.8257189744722531,-11.429512433569478,8.574418596159859,-6.916648722276818,14.185512522064178,-0.9222655447597636,3,3,0.9590736627578736
GSM330089,-20.48021846511969,35.44332823327309,8.10297413323384,18.932886036926632,-11.303356261287876,-4.586565004880385,-11.856068762206222,-4.7346232242881,23.098838089975402,12.465419006328663,3,3,0.962695300579071
GSM330090,-20.13854828548241,31.641136529988884,12.447567175623929,18.081110782118596,-2.8835848265749116,-1.5324675568824186,2.2211441826960385,-17.765985335310496,12.32922223487161,-4.959213221645461,3,3,0.9663565754890442
GSM330091,-13.357150220911217,37.34955380212902,-6.4720648191198356,18.668193629146934,-17.078278006163988,-24.127200456505683,-0.8748368670117561,-7.885436645987249,18.79840235819405,8.765181466914841,3,3,0.9629840850830078
GSM330092,-20.757437918977914,21.570332274347557,18.73959545158707,16.66089296818819,5.68695743225672,12.207872319388114,2.6387196135292865,-4.952412409742813,16.66210942218153,4.395288633664976,3,3,0.9622234106063844
GSM330093,-26.51164523243974,29.44394858125967,25.934950275953405,13.84311081801869,7.225585164109468,2.2793172147631195,-1.9323093685296215,-11.21502560556487,16.114089771009148,4.645899592964458,3,3,0.9647878408432008
GSM330094,-24.02483777879934,41.453976612495445,2.036544934362169,16.196682593785415,-5.419523221644505,-10.473352677284486,0.7207401676781094,-19.818143758017897,14.74200010588243,-3.7404810328002527,3,3,0.9665749073028564
GSM330095,-19.595550963820006,39.45028810769446,-22.18112817604194,13.778704479895087,-4.091881410843512,-8.140083624072357,-6.584343919337081,0.1325874055669858,21.517843783922626,8.533809657445996,3,3,0.9615429043769836
GSM330096,-13.335993207149587,17.845218465236893,29.22560205527734,-13.873260924791254,11.635083502741853,12.359884409156294,-7.580759754690483,-4.050307552932584,21.484717823935572,1.1220703968411843,3,3,0.9663437008857728
GSM330097,-18.792997359155283,42.84806958920546,-24.290988684972547,16.1145355551617,-3.8822262230029723,-10.19588315293327,1.621219157401118,-3.062967641407401,20.339447975001626,18.891156852962165,3,3,0.9621843099594116
GSM330098,-26.728653822373023,45.97245513822868,-21.071166144187757,11.163607783812596,0.9732271295101248,-2.287900136214232,-9.162081990982934,-7.664602533671034,20.621889886877547,-2.4121776789709903,3,3,0.9638354778289796
GSM330099,-11.233401089894855,31.288637875943895,-28.086165898784724,16.972158950864422,0.7930227080437657,-6.233284735404778,9.075224613460316,5.772514617456707,20.27421454523248,10.756669375787132,3,3,0.9650198817253112
GSM330100,-15.207339665303836,32.14341435156721,5.274089186686792,22.451722860240892,-6.024263382858969,-5.796458051196427,-2.499410168661541,-12.216492244259777,13.286563631599828,-5.906733542500654,3,3,0.9680212140083312
GSM330101,-25.170368367967395,45.1629971335615,-21.932865967160115,9.454113044869297,-2.626025020400378,-3.220785484267634,-1.5675567609886027,-11.061930755228245,22.849456592278674,-0.1022507109967908,3,3,0.9610293507575988
GSM330102,-19.788310525681272,38.423690792832495,-13.556153151875206,14.849705427049074,-10.224554615029854,-12.53955155871392,2.7088457932275944,-8.161948918032621,18.016721642885294,8.262314773262773,3,3,0.9642085433006288
GSM330103,-15.98304183461776,37.78991517158872,-24.21165322992045,10.418797945873909,-8.55898243712316,-7.345737765398682,3.4251737072897037,-17.447801169793763,14.588234469390724,-7.7817119492313775,3,3,0.9634554386138916
GSM330104,-22.716584640704767,34.48807397648308,-26.082074750629506,14.326545374867052,12.138472956994024,-5.8517372574930855,4.902216103712805,10.00342165995348,2.6499019116893643,13.083103548514055,3,3,0.9629690051078796
GSM330105,-8.800210561176423,31.176251832789266,9.096887816880846,13.854443157505509,12.029925372099473,-6.131301141312684,5.095142903515642,-3.9768429553343623,-8.150908907292415,-4.441839410964978,3,3,0.9623750448226928
GSM330106,-21.0311991154405,28.55123750518083,23.128500086736857,18.62451682786108,15.852745584736727,-0.06597397081722038,8.338035810709746,-0.5569418250798944,-6.382732371924928,-2.891185720460096,3,3,0.9643962383270264
GSM330107,-10.598808124624986,44.7332448191558,-21.070475764256607,12.521826528992177,14.157868436694793,-11.513463387030916,0.5298776243291158,8.124084482255997,2.9508704110382395,18.254927793799826,3,3,0.9617583751678468
GSM330108,-8.05035384563551,21.43390924885018,27.491142543393824,24.913295100244245,4.87991395640093,-13.176799645601273,7.186219546750676,-1.5864111714830043,-4.348291679940864,-7.238502381356403,3,3,0.959790050983429
GSM330109,-15.972048757934974,47.231794911033816,-17.65586647253037,14.582518701736658,9.914450803689915,-6.515589957459422,0.1524160750448079,1.0828798362363863,0.8915486583405035,3.9844808386903035,3,3,0.9617701768875122
GSM330110,-11.06865289044046,43.0237966740197,-11.981227937476087,17.281481387468123,12.823384465606647,-4.324930899413305,7.044622163062198,-4.8359257331500665,-8.645323147135008,-7.250664836320417,3,3,0.9629684686660768
GSM330111,-9.924539940812611,38.81387591838476,0.7661817465448055,17.65399824201902,15.894388810675158,-5.855691428937034,1.7909585486152932,1.2567678953158505,-7.031680253960251,-8.64449695071066,3,3,0.963990032672882
GSM330112,-14.794616942646446,23.34287628652478,30.504428006818134,15.350625660739597,15.63568142026159,4.57848039069104,-4.317556227598839,0.6414630580290439,3.104722106782367,-8.921013380010017,3,3,0.9641683101654052
GSM330113,-6.997474648749237,25.3514068722107,5.347758561832188,25.324564166536398,-4.05546606635,-15.624165773802488,1.4443194655236409,2.8686983401829083,-8.111728028842048,-13.58816894576651,3,3,0.9635339379310608
GSM330114,-12.779677299883582,41.69106636463547,-8.854776376050227,14.321408154893641,12.898915857118169,-15.908931125286648,2.8085264638089025,-0.5821954526445846,2.7927554370785432,3.8018680912109812,3,3,0.965357542037964
GSM330115,-4.5864183365272835,34.372477710100604,-13.308825558471085,13.36211382127539,17.32455625513276,-4.688717351695485,1.2382955570068253,-0.15388936191362132,0.6883149123510836,-13.347498815103268,3,3,0.9644167423248292
GSM330116,-16.974715271594246,35.64584258098154,21.784477501182362,17.919126387857965,12.903476035918356,-4.470761333512512,-3.2751358677591607,-1.4860313288445763,2.372689925865392,-6.417211838935472,3,3,0.9634168148040771
GSM330117,-10.5965525755722,37.90505058224731,-18.548645849170146,16.799187069016256,13.073622429435835,-2.4085217647801866,5.5923158997565,5.478849672164848,0.41992282858786495,3.1533789003660715,3,3,0.964449942111969
GSM330118,-12.632938311229506,30.74985799167319,15.670164419940658,20.392084052301204,15.359575221567994,5.210323999462767,-7.661613846663503,-2.548145721923117,-5.797128057658041,-6.954893453814423,3,3,0.9603736400604248
GSM330119,-17.982371917459222,44.51272076944131,-12.223222368781535,15.44609610958962,19.411275791494557,1.2524421854625662,1.9678338622119047,0.08123145422189171,-2.5842992523276487,-8.547275441966999,3,3,0.96360045671463
GSM330120,-4.851144549745047,27.861203978202884,14.531049763520718,11.22546064094509,9.235909051236343,-25.64551239467974,8.03706415626945,-6.745049119403638,-6.053563909698991,-6.599668765555167,3,3,0.9625824689865112
GSM330121,-21.663435128836475,14.035447869616364,33.76685504352069,15.883492645668179,8.32380559855709,-2.195913708137553,7.415335183376837,1.4482303510845027,-2.8006626156199164,-3.156420682251973,3,3,0.962831735610962
GSM330122,-8.743365875966703,36.72323103860879,-7.285055775071562,18.03024250425103,10.92170106886731,-4.9999018969948885,-1.2998287697288962,-5.943923273200944,-0.21833791682377093,-9.020758464618304,3,3,0.9654285311698914
GSM330123,-14.762163761958915,43.677689321706495,-15.299392206361894,14.977213251248147,13.993975470456842,1.178176398579784,-1.2455786684872807,-2.401422117173343,-3.993601989147597,-9.556767377507647,3,3,0.9616482853889464
GSM330124,-14.90384108478142,46.56829503802515,-20.348115590252515,11.986631533127804,8.391350597614547,-8.932012246598962,-2.670254965754412,5.822587063299917,5.745969571031537,15.502732407657238,3,3,0.9592750072479248
GSM330125,-15.833011963226339,45.940486395345204,-0.23568894517850603,8.988666242860862,17.943743558056735,-3.2140307262265533,-4.909114124201612,-5.515591396756221,-0.6101068794595251,1.5297509105422478,3,3,0.9644030332565308
GSM330126,-3.8862072961093777,24.824218003314467,-30.316816201488397,13.683893795894166,19.63346919573584,1.137887916931547,15.71377311680788,8.199098540154276,-1.7291458864712195,20.136541374413728,3,3,0.8712846636772156
GSM330127,-12.885081390299788,42.25006664108308,-29.376393912841426,15.524941593898584,14.869540618336206,-0.993691326421554,1.0848573912767379,6.509698476627713,4.276997373136397,9.824759885762107,3,3,0.9680212140083312
GSM330128,3.3835044815527295,25.81003043780576,-7.649053290805303,26.21619686705573,2.6453963475717264,-29.86268783326484,10.589388181167138,8.90933801452672,-2.0437117728579692,3.6773596073814994,3,3,0.9619581699371338
GSM330129,-5.464317605642985,19.66237916631599,35.10441393274699,23.55633810634839,3.8968089304765323,-21.654620399152854,6.235459472330411,-0.8483052665712605,-2.737989945655426,2.3303735691607725,3,3,0.9642783999443054
GSM330130,-1.9421573113708641,20.112381227285013,20.301600989041933,8.095871923097281,13.799072008675365,-18.194429337225714,3.4007410673231853,3.63879031028452,1.7826247588773507,1.9349677942961658,3,3,0.964823603630066
GSM330131,-22.079767951843888,33.44272230223875,21.84897097234959,15.348403150584844,14.071263156515853,-0.7464413191479171,1.900587038077746,3.6445545081963537,-5.600725453290741,2.552115724018363,3,3,0.962422490119934
GSM330132,-8.482548436574673,43.63546566853201,-18.334742328056993,15.00062383217409,13.882846272851902,6.47754143616137,-4.5859404940073025,0.44028893648279777,-3.9173581340765957,-2.318590034863107,3,3,0.961526095867157
GSM330133,-23.810681315929706,31.456125905773707,-27.565843013156062,19.808405608746593,10.120071046697003,-6.797381403518979,3.7017781410543558,12.484118316693209,1.3247507578805335,4.696655503272577,3,3,0.9633893966674804
GSM330134,3.351365709173558,35.866358510079706,-21.75118315475809,33.193941632538795,3.691218888235516,-12.654348862814992,-3.5360563373865963,10.206923548384289,6.211258255513275,14.236149917681418,3,3,0.9605777263641356
GSM330135,-11.048419155649533,31.52595621562988,-3.0204881240774015,17.561571535608397,16.821837087772604,-6.723524425474845,9.832269411828559,-4.813460366667659,-5.076541857051426,-5.135868560410479,3,3,0.9639031887054444
GSM330136,-4.230647077767354,40.357028977947806,-6.157529335098718,11.91351310159146,16.881080910930496,-11.433047420170157,3.9116798669242097,-9.478392769590345,-0.04367041758535513,-8.705470871085184,3,3,0.9596611261367798
GSM330137,-6.888306916126201,40.79797568793453,-15.066780585830804,14.01766551098251,15.587823589404115,-6.0091179054353425,6.909191996916815,-12.522533480622506,-8.144165427151718,-5.32836790596682,3,3,0.9597614407539368
GSM330138,-10.490419427112174,40.0170751148162,-22.818989667693593,7.373881542490335,18.118151970979483,0.45685143597420597,6.581568996485509,-3.726461307601122,2.6029783552460564,-3.7471077018101524,3,3,0.9640222191810608
GSM330139,-10.852538641428735,33.12748096817378,21.776562058467096,23.144505077138767,15.040106258808056,-0.6051214389561274,-3.5882384218935113,-3.9565203254851258,-3.2609168847154906,-8.367302761938493,3,3,0.9676177501678468
GSM330140,1.3877407379034037,36.198053868544804,-22.02764782328556,22.31724004298717,4.099900016062481,-15.081035469949327,-4.776004200241794,18.745167880108717,5.868560452703818,8.548492936593162,3,3,0.9628282785415648
GSM330141,5.087943036246405,30.269013556071187,-22.962015462980144,19.413786284225907,8.46463762685598,-14.317823995002692,0.7510310727661925,12.861691248978785,0.8689668923104612,19.136394953790873,3,3,0.9633744955062866
GSM330142,-16.095039317129142,39.4524857386907,-25.515933452171826,11.197819527101757,16.82927022878951,-1.1791709237412733,-2.1672983250360502,14.407089301387021,4.193667771942982,14.514181892272072,3,3,0.9608424305915833
GSM330143,-16.695498788584242,28.373382829984166,36.08286020156091,18.78646953648985,2.4649734102804834,-8.132669544469099,2.033233305342772,-3.2372038764136795,-6.507658711181987,-1.843933894711732,3,3,0.9656956791877748
GSM330144,-13.074929466233401,44.805998467586925,-23.527717549387027,24.11460388471592,4.937402682857415,-4.596842902297198,-1.2092382156204367,13.723140705372229,4.7280221735566625,10.78411443959683,3,3,0.961987316608429
GSM330145,-12.883064109647902,29.62990503189183,22.044445606722938,17.79555558878481,13.287966013080677,-2.688152542776095,3.087049447915843,0.44028230178348565,-5.7355733408415945,-10.260433867213544,3,3,0.964688241481781
GSM330146,-12.26434435803263,36.03574639827547,-18.84784983945666,8.482380788737402,6.029978556660467,0.4525964880290518,1.792241280946729,-5.059006305789575,0.7609769268897709,-5.688896942872223,3,3,0.96625953912735
GSM330147,-22.600025002616324,30.773230040260113,3.728510215885449,1.6134164683456969,7.432066393591171,-7.705190793031722,4.522907092086725,2.955785975010573,4.169260488125662,9.514540315796074,3,3,0.9633780717849731
GSM330148,-13.61353711574812,36.57736345756426,-8.897527857683356,7.148510851019513,3.045711286140269,-19.044357821658863,1.240580315372765,4.102439242738824,9.149237141785678,8.861642249877278,3,3,0.9626384377479552
GSM330149,-13.283147240619094,26.466781509005923,18.978125436383355,17.829550229116744,-8.171339758255462,-1.0690167281606704,-3.671091301791703,2.2053317565373365,0.10205047705203041,-11.970065195170886,3,3,0.9636114835739136
GSM330150,-20.591678027819523,40.466011287426774,19.747674875694848,5.831919815477467,13.814171301160775,3.335427373375874,-4.764273385838176,-2.670762952982843,-13.273105451993983,6.184966137820237,3,3,0.962077260017395
GSM330151,-23.9192039302629,6.325307477818511,32.17572591100463,11.781524228530223,18.34671323216569,28.285270074468666,4.076583595339454,4.998924425512386,-8.896111204614401,5.742158875168192,3,3,0.9621185660362244
GSM330152,-22.981997877858905,32.43332487977351,34.795100923619856,-0.9320992134819175,4.609475577112145,18.64762266829264,-19.802344744737216,10.161078935454578,1.5777442970642124,-4.337002646830524,3,3,0.8921859264373779
GSM330153,-5.974887477582568,27.27808714448546,11.451433060078335,3.732737897345245,19.002853575012796,3.365031661467488,-5.227824938876284,-3.454069062172028,-7.007201855163621,3.5395337385360506,3,3,0.965840220451355
GSM330154,-20.266575056729064,35.13957864056604,7.774917283704085,5.826866299278165,5.810494432973073,0.16358211286142077,1.7420919078210753,-2.57231305791004,1.2167488759388378,-0.4186639135293965,3,3,0.9619881510734558
GSM330155,8.986597923397538,20.18283918552788,16.154188818238605,26.556247400566477,9.171373116744851,-4.655569274014082,-5.075362636847961,-6.3790222608137945,-7.716605109361636,-10.324411633305909,3,3,0.9641492366790771
GSM330156,-16.880268307243945,21.969325916171975,14.820573344825442,15.396603649803957,8.17633606022315,-24.693184400420588,14.197198042977698,-9.687601440895287,-5.854409222555398,-6.290684477402329,3,3,0.9663621187210084
GSM330157,-19.737584056901373,40.695668930725894,-19.931348232353365,6.267732304255008,3.7218894219663756,-11.74948158304378,-1.643451050811202,-7.665217576711461,16.825170374051993,10.1816857654995,3,3,0.9607291221618652
GSM330158,-24.193509260966067,30.290295851150727,24.342138057334125,12.254805171842902,-0.5813853528203582,0.3911611709428732,-1.280575148208279,-15.255331644296747,4.0929533302682035,-7.335215867578749,3,3,0.9656758904457092
GSM330159,27.410316002648063,-18.65201180791149,-18.33339366358525,7.097501795741572,12.052120082373518,24.896397621102093,4.357794985864162,9.37069715028155,9.16727542188687,-15.803174907196247,5,4,0.9275453090667723
GSM330160,-34.973742646453644,26.297000216901456,16.537542425010102,7.351779377377627,11.39307151590507,1.9723462784622878,7.4812701023123065,1.2015005352616648,-13.041370441804125,-6.047692893730185,3,3,0.9607291221618652
GSM330161,-21.18476415892788,54.490273884264475,-20.61146670875929,10.282244972083918,-7.354405626986985,-6.636902542084033,-7.195762735698442,1.047424336969925,6.930340738820099,2.1189770489364927,3,3,0.9671643972396852
GSM330162,-11.706686387277333,17.409281763544406,24.023951049527962,14.634207266286147,4.930503825171018,-11.02021903219181,4.266645132427642,-1.09890334453693,6.814525157498641,-2.325538612781802,3,3,0.9677615761756896
GSM330163,-4.020323272856995,33.99298184738463,-18.557828282542975,17.1905888216665,11.857720285409819,5.254594780299695,4.700996557707587,1.8843981877982054,-10.354081775602797,-11.294818513126353,3,3,0.9668368101119996
GSM330164,-21.777288964006488,38.10823689894324,13.757509437230286,13.202847936003371,10.341743041867723,-4.528853024947993,3.4734804274315,1.5323907949539737,-16.98244256868962,0.7502994879373814,3,3,0.9613929986953736
GSM330165,-20.685178286225565,24.909574508807204,8.746868554860557,6.236805732067043,7.867808834424997,-11.3847650116874,-0.9629225424651184,-18.01391055547238,13.39384661284335,-6.962050032241563,3,3,0.9120250940322876
GSM330166,-7.5820257114282334,39.380592636605115,-22.15318754532457,11.677702187913608,12.652177840125919,-4.139250161149221,-7.019457267086204,-18.58046169171334,8.031677386495785,-5.0153792566060895,3,3,0.9650108218193054
GSM330167,-18.507777026464613,28.12513728454296,32.05092880269445,-0.6811397620165318,13.71024448067894,9.191966550606432,-18.153448483794296,-6.187387538749046,0.11457846275988381,-11.400234917933957,3,3,0.963726282119751
GSM330168,-2.018791019567757,13.192283769339102,18.390191839715197,9.85083204324798,4.082328887475816,4.580790517686004,1.8878387006942428,9.984575532222681,5.800702171943814,1.9440932380178373,3,3,0.9612752199172974
GSM330169,-18.80417432084687,23.967121362040665,34.630622446062304,19.251289540933346,8.190119960125303,13.813390322934653,-5.03355121997257,5.828299800087655,3.9443689446137506,-0.8307529915840005,3,3,0.9633976221084596
GSM330170,-11.524801756644122,20.40831287439927,38.00725743172185,10.813418328901054,2.798003749515418,9.906733457779714,-4.505196917796485,3.6732871871389503,1.1671235812382137,1.1772856137937264,3,3,0.9624702334403992
GSM330171,-21.709322464380183,27.53878420806852,16.173262796902243,15.413349911198388,6.025811860305534,-1.0848724846420563,-3.547217587803863,-9.224281239097445,-2.0660735587343964,-6.9526518092833625,3,3,0.9643885493278505
GSM330172,-51.61704002562636,-5.504857867477951,9.886377795315273,0.8330618949635323,-5.8522274905046725,19.520757830948053,-21.483269399436107,0.009941872665101995,12.541296939770135,-3.938977627820122,1,2,0.9248120188713074
GSM330173,-30.816387011536932,46.05865229043726,10.242297763491255,16.590868078383657,4.715984757433975,-1.106290787625905,0.5337056663527915,-8.646157948685437,-13.08973395648091,-2.0932686767375794,3,3,0.9642957448959352
GSM330174,-10.93217441171187,41.91949458085938,-6.814100112352752,13.123387269099094,8.020038908866336,-24.92034004908346,11.831749903670326,6.064995863746649,-11.592764524097184,0.4362447877714798,3,3,0.9668692350387572
GSM330175,-17.348060664155135,37.280129919497796,3.6183458535280892,-0.2505412023370709,9.459542173531439,6.720987673575411,-11.41752108008495,2.5982574875003457,3.4906082945957513,-12.974832713512704,3,3,0.9602584838867188
GSM330176,-13.93723802601624,40.367210000907335,-10.448184796452681,2.699804068902863,3.458322502989306,-8.475601971614713,1.5214665750687069,-4.523991935160149,-3.367767101647294,-12.905220163918326,3,3,0.9618791341781616
GSM330177,-25.803449930676237,32.24771404884293,15.738670400409744,19.374266590673955,6.024287486493785,2.122218179608068,2.7921543544636025,4.019829490321605,-4.1664858780870615,9.788569210711897,3,3,0.9650743007659912
GSM330178,1.8553715183719883,23.549541132837298,16.39754686623092,14.616794248529136,12.275252757525905,-9.630281299839979,-0.834774848724236,-12.465579654667419,0.6660767184458796,8.364722236784434,3,3,0.9633362889289856
GSM330179,-21.14414476839156,38.999173121511696,-5.921082787098543,14.094108544871906,16.957818296934704,-0.4253501727040454,3.21364981126872,-0.9680946384829884,-6.767130822883101,-5.807795856641695,3,3,0.964591920375824
GSM330180,-19.372967082767854,42.87573049308436,-12.191663012428501,6.440456132326625,8.541247742847009,-12.05701787263216,9.262792140942851,5.313297149698231,-11.094807719245873,2.4916148894716654,3,3,0.9649314284324646
GSM330181,-14.237943727650748,34.13029239843422,-10.110914448259754,14.016709758713594,17.650253275951787,0.45149957167083643,9.105778296063319,-4.658957449308608,-9.940424213503906,-10.583885874486073,3,3,0.9622552990913392
GSM330182,-22.740138907422594,32.09448999994248,-7.618455649149292,-3.785011746869678,9.138966074660683,-8.86752176217672,6.45318788028327,0.35105261131518983,5.664947809582127,-1.9575000189747378,3,3,0.963020384311676
GSM330183,-22.19115953948288,43.034468568801394,-15.727979397996794,-0.4953264974125715,16.195056175486457,0.07326792800745972,-1.2011339810828674,1.6278181068491937,4.5530690168477586,3.847426796861854,3,3,0.9608715176582336
GSM330184,-19.84653967247085,31.298947207783314,21.253109405243713,-0.7042296045869905,11.539626770157893,5.476501594464984,-4.749101387834083,-9.916242043064154,-0.13550730778697476,-0.9710736105661912,3,3,0.9652064442634584
GSM330185,-21.25926096904642,36.78901651454604,3.3990413440217573,14.252841817234374,6.980720622112621,10.067737487307546,-8.014207770298158,-14.02994430085568,-5.885683826815185,-5.054996669252196,3,3,0.9645670652389526
GSM330186,-23.562764681110437,40.42785299557942,21.25510263131762,7.341345188578669,16.45642941096093,-9.701763765328037,-0.3153999252359356,-11.85982588129302,0.09216814661238716,-4.219501745361746,3,3,0.9671785831451416
GSM330187,-8.51764022088789,6.115220986868729,31.338140759655246,17.668329534623634,-0.5177856009300362,-2.484701653542834,-7.25002028181808,18.208078561829424,12.474466077674498,3.2531169249557954,3,3,0.9640310406684875
GSM330188,-18.19046348083845,37.27738505571185,22.10559918822475,13.22312466691697,16.458507587287396,-1.844484353088295,-2.083493958288514,-8.434755154094947,-0.3179460258959741,-2.62647673829836,3,3,0.9598358869552612
GSM330189,12.13439655656896,25.771956293915263,-28.51503747989311,30.641828545034556,1.2434901648677579,-6.783499527679605,-3.95652145819499,16.658280826751806,0.2674265686196073,13.16571231139181,3,3,0.9613886475563048
GSM330190,-0.09007368355476451,8.747662623414728,19.40332243796556,18.093268633286833,-5.79338041427934,-10.405823653447424,6.31985905996481,0.7007090038942015,3.3429479286839685,-6.525739140216028,3,3,0.9651533961296082
GSM330191,-19.886547729651486,15.122892311840664,18.686536348646737,18.276863022113467,18.0108165068125,12.86288652690252,6.6197420942127145,1.784246715350225,-0.5230830854731938,2.1056186740921903,3,3,0.9622633457183838
GSM330192,-20.431504469749097,23.531665552534488,40.052284122774964,0.48422243750900124,5.2764517964981765,6.987965560827954,-15.72040345831457,0.5954365681289018,-1.2982748675978792,-4.11166767251862,3,3,0.9649624228477478
GSM330193,-25.30385140258631,35.03860482763153,-8.12323803320179,9.251191892539646,7.654718229674719,-1.8502438618080705,1.7409801546398893,-4.309695676164984,5.170194328007808,11.268979850600315,3,3,0.9609920978546144
GSM330194,-17.203972617322375,30.02121850738743,25.310253036506467,-2.4421961790507196,10.467736671494523,-6.585442488589696,-1.4576185347753925,-2.2996088434544806,1.6878152336435883,-3.977514140715933,3,3,0.9630113244056702
GSM330195,-19.389308509798326,46.91357514462838,-7.912708844970211,7.072568233200784,-2.019687002976084,-7.9654063186586095,1.7214595115724909,-9.542968281961409,-0.9177461532795718,-8.856523806923759,3,3,0.9633521437644958
GSM330196,-20.246587270330036,31.821338976337763,38.95667751801322,14.338448943365762,20.36326638565066,8.038363749310289,-6.141648857193495,0.6702466129397239,0.35148000756642583,5.1704481607889194,3,3,0.9654669761657716
GSM330197,-18.16172746758659,33.719926912439746,25.079838552305755,11.57894413909243,0.19715311062023483,-9.486254989826977,-1.011062289356858,-1.3475483665680783,-7.250803258619132,-1.8926490870773502,3,3,0.9632476568222046
GSM330198,-16.671290880927902,29.371940793322704,21.451794615377036,15.679487667884871,18.77163081955074,-6.096880061803289,4.852714718636095,-7.140172477767031,-4.85843364058659,-11.776642147998436,3,3,0.966307520866394
GSM330199,-22.00101161254825,29.8685743373841,33.89468102793238,19.27471530820559,1.8319819443289964,9.486640977742661,-8.179572698940751,-4.522922599554187,-12.23211684462377,-3.2837912627493413,3,3,0.9654215574264526
GSM330200,-5.796811615750126,13.813823124220416,34.22740698331005,1.778736764614273,0.5565297475304071,-9.739952088788884,-3.4896418654498773,16.05668240542876,-0.013334679712888436,-7.609972720023067,3,3,0.963493585586548
GSM330201,-23.964858406444822,35.452908371278006,2.504002822493524,10.4576274950209,6.795406834478361,-7.191048869107511,0.3060879520431098,7.648622855267629,-2.9432193911132774,4.730095513142031,3,3,0.9633521437644958
GSM330202,-1.499648294802676,35.582359219885724,-9.723498434994234,17.762012048298086,6.540301933786024,-1.4881269606092642,-6.209132797631295,7.813314993832175,10.312540853826384,-3.5092072290396077,3,3,0.9622408747673036
GSM330203,-14.729134099006732,35.494074716080334,6.184765696606106,9.687718676914512,4.930877743361273,5.165873734257058,-16.784563599784757,8.650507113211935,6.897135196253229,-0.1442004001315673,3,3,0.9634850025177002
GSM330204,-21.47672257021922,42.61049184838405,-24.53229745819943,17.32750847835203,3.40367011530917,3.5903134171252953,-0.15205875383406606,8.239196424219319,5.281471423720644,2.417110462969295,3,3,0.9615182876586914
GSM330205,4.182607202792183,33.007015110486726,-6.3350257517469,14.922777548301653,0.1834926911227887,-13.395133609928909,-4.408848702953137,-5.711949848293301,-1.309374683514359,-5.728556100624251,3,3,0.9653633236885072
GSM330206,-22.118284513182253,39.01643577434002,31.467495285901666,10.88340308385621,18.40150015089209,11.524288910590109,-10.155197228818004,6.985588008334523,-14.460611481271757,4.048053088135276,3,3,0.9622344374656676
GSM330207,-21.35444272441838,31.756761838377194,15.542198155608112,15.158029201177495,7.234594639464904,-1.0970270167055105,-7.122939605259754,7.094605733468136,-9.171256884791717,-5.5637394473404065,3,3,0.9640310406684875
GSM330208,15.11898606597012,-2.51092432381378,-8.484765348642055,11.82336331956991,14.118025795876212,23.715764095735928,4.357266550235749,-5.323009353314721,-8.914802514696408,-3.3920570546723985,3,4,0.2454128861427307
GSM330209,-22.336096792534185,17.935692710217175,13.136288948692851,4.443127484363453,10.862044636178554,-5.710618311597497,8.848170725208947,12.788699604942025,10.649093617053788,16.20750050595089,3,3,0.9617894291877748
GSM330210,-3.373820280183926,29.341928792393137,-23.19979596584264,19.83535871564549,7.667952971356775,-8.100362666086431,9.00317088701866,1.4616787890247747,5.325085748555393,19.46753268807021,3,3,0.9608745574951172
GSM330211,-22.51873317318511,39.402263631655785,22.440734383767783,12.397587206548518,7.760173802347374,-1.0867534675463266,1.3871922383846016,-6.54205253974127,-11.21168872802416,-5.438284780695122,3,3,0.9679752588272096
GSM330212,-25.29716057041661,52.38774159891166,-19.023257055160457,1.841716500900323,-4.881324397153563,0.05477584090152997,-3.5197819463272753,-2.8341812022125716,2.086387818108082,4.164244860610444,3,3,0.962155282497406
GSM330213,-17.68777766132102,37.19071121358074,-9.959431579392668,5.136417347330084,-7.730590348167669,-5.558155598057502,4.8228973525371845,-10.267679510813036,12.00498463293334,-2.952513121253846,3,3,0.9592329859733582
GSM330214,-18.694367207552087,21.421524000328777,18.007346019152887,14.44360026602578,11.3442424107051,11.17498756826433,4.534815788360699,-1.814398281087945,3.1215595128577913,-0.21161820621089572,3,3,0.9623584151268004
GSM330215,-15.032577519386821,37.49537141200909,-10.550598062526332,4.098118930563238,-3.122886946853569,-6.117942139285509,-2.1208094910544397,-10.135866756440626,12.964736779637374,-3.8060028476891743,3,3,0.9628282785415648
GSM330216,-4.202052827341864,14.283732294170884,46.90953468235244,9.589662257756236,4.408893220099403,-0.36461685232451546,-4.773075731662724,9.23178785877951,3.5904551123377635,-1.8717523526087643,3,3,0.9616147875785828
GSM330217,-2.0660270896345785,18.053050055132843,12.596062570201019,17.700396523223397,-2.6460885853025986,-27.953723064660128,10.563192202663382,3.261079111580141,-0.7602418233980723,-6.90157025837044,3,3,0.9635839462280272
GSM330218,-15.477530854377399,31.291960879923597,14.472433642687125,1.3299882498632052,3.49009799812901,-18.789843157252875,5.083931655103328,-9.963535164737326,-5.073516244315354,-6.7156945903510845,3,3,0.9600468277931212
GSM330219,-19.336261360224256,24.418249621437973,38.253306647680155,4.760587494497474,7.652349698988774,10.988758092273969,-18.2251107782092,5.238013768595213,3.5685168043993936,-1.212999337846559,3,3,0.9620301127433776
GSM330220,-22.155411191909508,42.836723036600446,-17.11064789336894,1.9585931299743375,-0.7586692472991411,-2.816490277528681,-1.2016199478482736,-11.061945225908275,6.283317524395431,-6.641249810504483,3,3,0.962983787059784
GSM330221,-12.065156727632228,36.89250935888551,-7.237717675934906,11.246585314064314,3.2956655377650597,-4.56651108810913,-0.3745313209255848,-1.1178613983472603,7.925780882689828,12.613674509221333,3,3,0.9594458937644958
GSM330222,-16.641373572732444,27.714157845353462,31.06916487999721,1.3790477929752043,6.677447205262929,-15.857481802709168,-4.55901211299807,-12.797886072223026,2.4413654701764753,-5.867284619886529,3,3,0.9616298675537108
GSM330223,-16.560050574755472,13.317717544231611,21.31320653328327,8.227318210031402,6.086943273252618,3.0524563053004203,1.7768176831431488,11.672328148907514,8.182282295389804,-0.35284017933053313,3,3,0.9582273364067078
GSM330224,-24.701686172603893,47.01107480058016,5.877841667815741,18.98235125004995,2.531082510640626,-2.347794559236703,-1.3533618824721372,-7.450019827277119,-13.001945414981176,-7.34765489553553,3,3,0.963048219680786
GSM330225,-17.66459546807606,29.855690772655706,33.028249645473274,4.747696093856589,14.78185066581377,12.588449733667192,-9.712183917854233,-0.7331079163716439,9.380461322749966,-1.4073654521434726,3,3,0.9623786807060242
GSM330226,-15.224793860230692,31.981287051361555,31.169193101989542,14.920760837800376,14.493400672305292,12.493690439433704,-17.107498839401103,7.554601108077675,-11.828935519197993,-0.9611292463460086,3,3,0.9601327180862428
GSM330227,-19.714225314048495,43.1663835686993,3.9031450467694646,10.768358124676844,9.018182141330206,-6.771648402777313,5.8272436184816065,-4.833024619053852,-6.470285377642364,1.2122290247205574,3,3,0.9622023105621338
GSM330228,-21.690130073467916,40.146990898368735,-18.954883803232516,14.362329157575926,-4.4641379524374125,-4.637640537567597,-5.191073092934933,-1.4335283654806574,13.731502346974494,2.0054012923947107,3,3,0.9623578786849976
GSM330229,-14.107590992491632,18.832185979091804,30.440541222349086,-11.824229173388675,6.08908117597442,16.18454769476377,-8.802087333655166,16.109952814354873,8.56158267104428,8.796063114078839,3,3,0.6658902764320374
GSM330230,1.1521908961643144,17.36024951108292,6.91411452490773,16.156361056722098,-5.923033687919322,-23.956617327985285,0.11468208724708608,9.451849879086303,7.1920043967438225,-0.9342615055904291,3,3,0.9091510772705078
GSM330231,-21.86832891728336,30.37378711431411,21.76778689061054,13.996709389173658,9.790964837105934,13.24967180655253,4.647914407976679,-5.550692124478885,-5.858781310053783,0.08148651549535046,3,3,0.9623462557792664
GSM330232,-19.690927478170302,40.08715530806857,-27.19166993014949,12.503548047690368,11.856004958691095,-10.271687048449284,8.665591432532764,7.05731795130452,8.79051976253547,18.694174651359948,3,3,0.9636673927307128
GSM330233,4.449498125793022,20.57379390698728,-17.545013669161534,6.00803357740498,6.924096888597509,10.89691545668299,8.300601143088477,-6.0208444645617565,-2.9451673439568533,-14.313910006022232,3,3,0.4390046596527099
GSM330234,-19.589488208640216,34.253353905856535,-9.897258661582114,14.466223516710604,12.998316047355067,7.895139838280021,10.753483147909911,2.2863248376850844,-11.900148545049467,-7.061552425387817,3,3,0.9608924984931946
GSM330235,-20.375495992112295,50.742750042608066,-9.650331486901859,11.989510049024226,13.87155548274837,-0.661105504444378,3.049883484575957,-1.6659372841177447,-1.1930649304534235,-3.3759849083986513,3,3,0.9647466540336608
GSM330236,-10.961103224760414,31.497199081778692,-24.911951252525725,6.09960613276248,6.797839786053907,-9.875492640791283,9.185297123784764,7.5589184798927205,7.510958233114716,16.1182828210778,3,3,0.9657937288284302
GSM330237,-25.218381256793617,35.64221153462501,26.593416633323145,15.364653151508124,6.356124252258192,-1.3820969646765613,-2.0724731887917693,-6.697187557756089,0.6271344835445738,-1.1143703536423282,3,3,0.962209403514862
GSM330238,-17.124730128771127,43.03376749212015,-10.471646157264226,7.805678176203164,4.182062947830954,-6.596326363594856,7.321039329067935,-6.273377076068306,-3.986368944178513,-8.316220621902858,3,3,0.963427722454071
GSM330239,-31.333844061883177,25.61731352607844,47.149745610381295,9.189763985496217,0.46377200421360365,6.729254455621058,-6.1378827609406414,-1.7647355886880078,10.311329504861174,12.003669916104688,3,3,0.9613492488861084
GSM330240,-27.39004952400707,33.048592113717675,14.310612875036478,0.3870233534221484,-13.204409198916096,6.756873994710135,-13.341019272233794,-17.61043640304101,17.188992862638273,-5.5490440629105695,3,3,0.9604708552360536
GSM330241,0.9545544120314693,-20.608067980794864,14.385415275876202,9.756518054054752,11.446739515384396,21.78743853368202,12.062175915773832,-0.9547788494166104,4.448881686284638,-0.14447680554585368,2,4,0.1150072962045669
GSM330242,-17.08828754158452,25.028108177760235,16.31370486487311,13.24973881941432,11.196184398401547,-24.9582957079775,13.921561906877237,-1.8177737459811178,-6.358871558899842,9.526336593620986,3,3,0.9631617665290833
GSM330243,-22.82747433678748,42.395116045440325,-26.247917973844093,10.465670540820096,8.055946891936404,-7.884513512931018,-1.3292156673001212,1.4311536157645532,14.15084126413447,14.535336355725198,3,3,0.9610881805419922
GSM330244,-19.762348033210145,32.26877487615793,-20.48495384810153,2.134868628261761,-3.429689427871495,-3.0546494637577584,3.782228218271685,-6.980999695911879,12.390774743478879,0.41699292887566125,3,3,0.9631359577178956
GSM330245,-22.099546743177523,20.918458733926958,35.91530536474855,11.579839729601733,-0.6087796706630032,5.319786467477642,4.862776308410471,4.09790761929282,2.196248606005569,-4.6662432520237775,3,3,0.9642484188079834
GSM330246,9.389323236239932,13.208515970166125,8.394441596129639,18.072037954859695,0.4803087596425192,-8.46391262821043,-0.08680205036949824,5.904473535970582,-5.361989223203796,-12.89065874638682,3,3,0.9650108218193054
GSM330247,-9.42869955855896,24.4906244280198,29.64858001242395,13.62515192650969,0.8494350410263846,6.5110864565996165,-6.584430399299514,-11.341550783109245,-2.363506066069973,-6.039138519600181,3,3,0.96086984872818
GSM330248,-21.225339574534846,28.020250025210945,32.43950877897134,8.870333825261705,11.902357476101185,7.481721266533531,-0.016921953059380913,-1.1022154352391815,-7.525139920905025,10.295658076340251,3,3,0.9600455164909364
GSM330249,-30.058458886669136,43.33544592862263,9.55642083252089,5.276065316815984,-7.130276902558668,-12.150529793839116,1.2249940032133477,-4.904716445871578,-5.813606990402606,-2.268240262531352,3,3,0.9615358710289
GSM330250,-14.932950286669643,29.23590697831516,3.9027612911780922,8.03743868406926,9.459743198317955,-1.148143655868027,7.245247326148629,-2.264070580595452,0.7746640639126094,0.35409108464863687,3,3,0.959309697151184
GSM330251,-26.93644655007186,51.24748629913596,-12.39068768886631,13.389169041789382,8.247170526900367,9.314862839799343,1.8074189809629955,5.267786451761451,-5.049579806749495,0.4696643325730103,3,3,0.9607492685317992
GSM330252,-15.83504551274806,30.487639953566465,10.028000935092328,7.334147803585864,12.031845216996949,-2.1785505114683485,3.1526217627836566,-12.172798425849194,-11.215434044434367,2.446050975030561,3,3,0.9673389196395874
GSM330253,-11.946900742774481,18.546173751381698,12.59057732887437,15.932582371780688,19.80417262316159,14.042554058412167,-10.23948590685648,11.885733527027924,-7.769046237704923,-6.397524058669179,3,3,0.9610908627510072
GSM330254,-13.536208011868384,33.70040768523348,12.821114976502558,-1.393592263141994,11.121645074677089,-15.227693711536908,1.7760732472844254,3.4071873286367436,-1.9480294281911585,18.192879293115226,3,3,0.9638155698776244
GSM330255,-9.001026527404592,27.952532798221487,12.723786891162394,16.52236652490646,4.025202875201498,-15.041987493625328,12.000440746627508,-9.585768820775565,-11.19493650091929,-5.696736077284798,3,3,0.9624415636062622
GSM330256,39.053821965484815,2.906846684450596,-24.80474526303709,24.82528394082242,-27.8069806367738,-12.700814461439366,-17.68147693512686,19.37302480338679,18.533685787150404,-10.309127159569895,5,4,0.8948448896408081
GSM330257,-16.481411301167206,30.604732439206852,8.467910542260242,8.009339346406978,4.51682216469778,-7.719173007603715,1.9941582196268006,2.922999714892614,2.1463825559318437,-6.773269094040419,3,3,0.9604153633117676
GSM330258,-8.093264610784091,21.179526729857375,-10.504806282847106,11.802044130452572,10.759303539203728,-24.343834883986375,16.66318292829775,8.051176130960531,1.777552192753811,7.561191448366451,3,3,0.9607582688331604
GSM330259,-4.503773163181473,29.691603158377994,14.556640607691858,6.603499421069344,10.08735058506147,-6.396045312714033,-6.078364068787027,-6.65315096211176,6.2476167354747005,0.7014155938502963,3,3,0.9606539607048036
GSM330260,-23.933416126642467,37.49541438014571,20.626280054497077,3.6891362716536014,17.086811851822006,12.099493015166203,-4.722278182485663,4.440399872994434,-12.959974335757657,2.9992564940512514,3,3,0.9604162573814392
GSM330261,17.641530329820007,15.54291807603204,-16.746105945346475,17.53862459272818,3.2600012552696014,3.1183439368786265,2.2150653127580426,-6.012254997294201,-5.507408115041359,-7.94483892531602,3,4,0.322978138923645
GSM330262,13.117721882642378,-6.627859985695683,26.87712389845322,21.67374391016593,8.410274852628502,20.695976692589365,-0.4226978918406475,-2.0634987005528265,0.5042153317230341,-8.223587620610514,3,4,0.8604393601417542
GSM330263,-22.867896100556557,33.99546127550937,30.11579132441856,15.848435030505916,18.109744857362283,1.9528327235633012,-1.1439273508104886,-5.263196612401906,0.620525207715836,5.722158789394865,3,3,0.9619097709655762
GSM330264,-21.59437267321544,18.77048709818368,26.791886126550153,13.877865055022367,16.650393405369567,9.75204266860777,4.80634836350397,0.0671901538462102,6.50959092332629,7.322084936886449,3,3,0.9677104949951172
GSM330265,-15.864991662514218,22.728745203806284,31.846068182164462,2.952986370223488,4.622361188656616,-4.423306914135408,-13.437639553101343,6.557142186253807,1.2363270000215623,0.20067025909157454,3,3,0.96404367685318
GSM330266,-15.005291233373406,43.75108691498762,-5.711819703483684,9.299998153904617,11.27787207069301,4.780334394512249,-1.4938679653868576,1.8211449583589125,-19.288654720674582,-5.309123601268406,3,3,0.963389813899994
GSM330267,-17.614760171744468,31.443667158870554,-0.9481852966964028,12.411781792174502,15.229481589719464,0.8726647990707894,6.309157851895948,-5.998826771563777,-1.1579595489292178,-11.94966470182293,3,3,0.9622787833213806
GSM330268,4.64422814431088,23.148779455089837,3.6317920071469882,27.912729368791684,-12.830648288580829,-18.04767738687917,-14.320137529410243,12.660105932054568,2.2411500883277413,-8.567862031382868,3,3,0.8315873146057129
GSM330269,-23.728858045767034,40.424813396522964,4.26828597038901,5.321114705588797,6.82280519877326,-4.640955129079646,-3.646904496191604,1.505347430713529,0.012890262448755973,13.891665554318868,3,3,0.9628282785415648
GSM330270,-33.28179734673792,27.547298008352023,29.830499278997127,15.795699332227342,10.475536447896507,14.744253668875283,1.377099976600976,-1.1341078829143132,-3.0755681409723716,2.3544071787022975,3,3,0.96448415517807
GSM330271,-12.631209481805799,36.001813357543234,-26.704617179428848,10.899607239591436,2.80604020481286,-10.52463294160692,12.048549625790011,9.78387312371426,9.589739195890981,15.837250214718866,3,3,0.9621511101722716
GSM330272,-24.48569728931113,23.636125134914675,33.141650327787985,13.984058701773442,18.996689340830734,0.7310902417463049,8.976531461441752,-1.5474510312810812,-6.239828783868351,-6.098324407154489,3,3,0.9587910771369934
GSM330273,-16.63103774084087,32.55397672584891,-28.60999823326331,16.52261229948134,-0.5950581512825457,-6.7388461308235135,1.363672788428333,9.779589722735224,7.597913152269978,3.5135129115409365,3,3,0.9655637741088868
GSM330274,-16.611894675118027,47.98487422144053,-15.82374962493341,8.467442844075283,3.279510126054298,-17.55154770390123,3.822520571976282,-4.697724886877417,0.7284127606550588,-0.02272860253703174,3,3,0.9646238088607788
GSM330275,-1.0879092495696112,19.740944124055783,10.090692283276544,10.084178051828912,3.150885612319902,-17.56307467554159,0.3116510096865944,6.1694349442388345,-1.6900224094517708,-5.698966595271726,3,3,0.9635442495346068
GSM330276,-33.89522816921479,31.67577633673481,14.076637855832331,11.489255581689283,3.1527327001107044,13.762039357267025,-1.4421526203363475,-2.368624524235858,-1.3738425372707979,6.175315013334125,3,3,0.962951123714447
GSM330277,-8.864238141983995,27.81689288440128,17.776305361331666,1.7306543720569714,3.7716451208180355,-19.474124491270718,0.25068004477186884,-5.34592517712753,-9.055974996121726,-4.53599582928549,3,3,0.9619748592376708
GSM330278,-20.967691751132776,40.85703736905034,-21.588098747617245,3.656444846833088,10.484422412365229,-11.245182065851477,4.436659530742146,6.6183192382919085,5.157588779636777,19.09783684533199,3,3,0.964345633983612
GSM330279,-2.398656829726918,20.52453540788884,29.946872577986376,20.07788849349163,12.21141560262144,4.829003425415012,-4.799796625040014,-7.936256803346597,-2.2418509356981886,-5.816458284034144,3,3,0.9627540111541748
GSM330280,-16.894051655574902,33.99351857426352,-28.367250691998017,15.880087055505951,-0.22391029155360845,-4.1847666180691725,0.4274269379675311,3.1577410720853005,17.151620377975696,13.51347643412439,3,3,0.9622346758842468
GSM330281,-17.311974591326727,42.758880858670175,-4.107612525908484,2.4991550029918788,7.237065271575422,-2.3863326986969327,-2.221232363114378,-4.9542886132947865,-4.092298370619919,-10.17639745238681,3,3,0.9597017765045166
GSM330282,-11.86436248809649,34.98818506284531,-4.585028925584378,13.022081746508757,15.49539985635825,-22.75728040030099,12.261606275345306,-7.2339432292230645,-3.570320792570355,-3.44244130745434,3,3,0.9606784582138062
GSM330283,-17.40945217873684,26.37213904897662,-8.875676631135098,3.1459745814342877,8.393352129173822,-1.8315287140398937,13.132742226921257,1.3207040586000236,-10.183311977181258,-9.02934671938995,3,3,0.9627401828765868
GSM330284,-3.3737699574911324,20.282347613073657,29.493401802958804,14.14289207278877,3.5260375729297,-23.97170309480905,5.13998567320548,-4.753042739152077,-4.369224528621256,-3.7944830288251286,3,3,0.9623394012451172
GSM330285,-15.924896652319422,38.01354334107105,-11.426012010699658,-2.9304048386990043,6.023911541699409,-1.8250936417911743,5.3831329687305285,-0.25040384796081167,-3.5652975760593573,-12.88654691431823,3,3,0.9595389366149902
GSM330286,-18.414326828116014,34.052158709515396,3.91655641214846,7.970128741371729,19.39299553478351,13.504620578464078,3.6484376670260543,-2.6278774895402877,-14.220205865379008,0.3693504924522253,3,3,0.9628556370735168
GSM330287,-22.88855965869612,35.52484809763711,30.56776080968742,10.525345220403981,4.8000955338996425,-4.07381836832925,1.466065639840294,-5.769602033504288,-3.2658314162953506,1.8090369405721447,3,3,0.96303391456604
GSM330288,-26.109333502922677,32.244017922196804,28.65448043052265,17.701346385663992,-5.453998802745288,-5.376371959170215,-1.3025176991136824,-7.862512169771659,0.24857524997701863,-6.012739674477957,3,3,0.9636991024017334
GSM330289,-19.815316913382986,32.16121120426292,10.456717843521856,11.529468483847763,-4.642245399578747,-16.547423337230867,9.029445330601012,-9.094602234142165,-6.454608294239166,-5.407420539722293,3,3,0.9612155556678772
GSM330290,-14.32163845531579,32.196526568167634,9.58341141414865,17.886506813469232,9.5449603177656,-1.8254276884741825,5.843447006446601,-8.444373181431422,-3.0874189968382146,-5.75916114724612,3,3,0.9669146537780762
GSM330291,-8.292472148743311,4.6705496060596365,14.654158308591729,13.921764739113003,-18.489430046926813,0.15354803257336958,12.471715431721199,-3.548189868537791,15.594902674388097,-8.353516020870698,3,5,0.3670128583908081
GSM330292,-25.37122164520474,33.555186946749075,21.99082453184452,8.316367950879059,9.760052406909521,4.134396645639619,-1.2503907240393979,-4.801132404544922,2.680879951282296,5.407500719395962,3,3,0.964396357536316
GSM330293,-27.270733014957813,40.52893448405711,26.859398143641986,6.813652051607899,17.665026931094264,8.498582411506618,-7.183231786442203,2.271562343961438,-5.53020476568445,9.208398967995207,3,3,0.960779905319214
GSM330294,-18.737651401697935,33.97351543039034,10.768680054217947,11.426579903845637,-3.4347458281424794,-15.33167605720762,2.5318613339640343,-1.1504676947669623,-8.24811458653048,-8.155828308566756,3,3,0.9613842368125916
GSM330295,-17.334737382959677,30.658922782139378,26.80087781850257,23.814836775746116,4.87269909057379,14.320913223059284,-6.962766595145541,0.4123001503258328,-10.248179642472776,-5.9987976679442285,3,3,0.9620301127433776
GSM330296,-21.884558860283807,50.012504748276996,-14.75812886714327,5.7997157252687135,-1.1984121405848585,-2.144815451637176,-9.338163963659484,0.5370904989899805,3.7180585811749953,2.952853215541458,3,3,0.959950029850006
GSM330297,-10.077702231518806,10.625754402976137,45.001557652965744,17.347580624491084,1.4904262891532984,17.67202400405,-6.0704552348588505,11.255231046920281,8.545935254630935,-6.529577632183285,3,3,0.9651651978492736
GSM330298,7.639577132776478,8.608151768557617,21.780046532677076,16.497133369785864,22.936434561875842,13.246875896964607,4.131332534897855,-7.123615232616757,-7.338976576464447,-2.744191546383373,3,3,0.8642598986625671
GSM330299,-14.67130185853772,17.621633202884027,21.170906251105357,8.903194250501489,10.170337488832725,2.2474276110126032,8.234141261305913,5.029681057035326,-20.028467007950578,-3.8916184707026202,3,3,0.9608747363090516
GSM330300,-10.981464029350915,30.54870962802882,-23.352661904851487,13.024985651447137,5.335161174407659,-5.510535803622459,-9.077660951834925,0.06513263065296913,14.265756210486865,4.266300617440824,3,3,0.9622328281402588
GSM330301,-15.901594671363046,16.45842753174894,21.256077651047093,7.164629523099816,3.047560728186434,-0.6705333499875792,2.150625467764016,12.465305556159455,7.933553931104291,-1.805826007834453,3,3,0.9642948508262634
GSM330302,-24.1932668643127,34.592428015732075,32.130198386329624,16.402426487301,9.131051494222575,17.045214079775697,-3.241398109639314,-2.6215309078226854,-8.846248081956691,-4.968220455047886,3,3,0.9628056883811952
GSM330303,-16.33840346058956,36.900900566634725,11.220881531485169,10.017860566832402,5.388193320898717,-7.7104488580965755,-2.2702604221170835,-1.8264521724495721,8.840439396314215,12.35546557639103,3,3,0.9613874554634094
GSM330304,-17.038015839701785,19.6961781502325,19.322670933188164,-0.17361651639274878,14.079769865839417,8.022792642864871,1.3991406853354744,1.7864835286161875,8.03748676116088,0.3269531179954073,3,3,0.9629844427108764
GSM330305,-10.441265500788113,36.740481401249404,-1.0089857983751618,9.868264321287104,9.36735413474958,-23.234766058156193,8.518583756994044,-7.7446979396615285,-6.746997061014458,-9.61688330371198,3,3,0.9608784914016724
GSM330306,-23.875228519691404,42.099719904306916,6.335294259872792,10.28034399254019,-20.584283373244244,-2.3915785175974795,-0.8557881807951931,-8.930846599205,16.898774396802985,9.1884138007664,3,3,0.9636223912239076
GSM330307,-5.3580332775278485,13.101636382763415,28.64218756230378,12.212459710035425,16.110169793934823,18.725970081075616,2.4316081212581055,3.4011775717917647,-6.097014772820014,2.965575255690293,3,3,0.9634447693824768
GSM330308,-3.461762567418369,30.180529363982497,2.641846294350955,2.583475024909092,-3.9826389573721714,-22.349557602614137,-6.454384872499286,1.5291495156606183,8.42711042857322,-2.723196562570001,3,3,0.9136086702346802
GSM330309,-15.393781341231572,48.22720011660456,-18.90320525211396,10.842703452808587,12.152020311309734,-9.055970045092906,4.4228509453490705,1.9529053150391482,-2.6999439340036466,23.297049076641184,3,3,0.960172176361084
GSM330310,-9.739167313392736,18.614092177811322,3.7636431987802945,-11.52701498034388,8.650799020574668,1.5752718251304134,-5.488601223807082,-3.6149382942771617,20.93970689841697,0.18177387326112818,3,3,0.851050853729248
GSM330317,-28.35908641266559,24.943357875945388,17.043133043166204,4.773915804499338,15.139386057793503,1.4574069537287355,3.6005373678149017,2.3580818581727896,-6.3726376809869105,1.2416757205548778,3,3,0.9635942578315736
GSM330318,-19.372066309820713,41.21399813177078,-8.532558065588226,-0.1738927520267625,13.31872497578413,4.0113550943749265,-1.7753566956224873,2.1710458807020574,12.11056112152596,-0.7859583066179691,3,3,0.9615309238433838
GSM330319,-5.910415209340205,38.58564244514908,-23.826099854150634,19.418346968346352,10.43672331499588,-10.708099594659492,0.9785146398749662,12.78363065919782,4.771148400792252,17.654548712516263,3,3,0.9617554545402528
GSM330320,-17.73761857281478,28.574437416722155,19.200220705276624,15.099380521573611,1.0353598363582492,-1.827152371732252,-1.2075798105583813,13.983023486489227,-12.052479434655504,2.4008716209726635,3,3,0.961434543132782
GSM330321,4.372713249923863,12.781414467380731,16.834260704927704,26.61336583898443,11.298581625444541,24.2999492192771,-14.537163486369053,-3.7715753047768428,2.971773556833698,3.1133911725851293,3,3,0.8661064505577087
GSM330322,18.17550020781401,19.753549382267515,2.6342948027825117,20.358534189135504,6.577379503172675,-3.5765142532474314,-1.111973636726838,-0.1318178519024718,7.3912435780448185,2.547663102634275,3,3,0.9613872170448304
GSM330323,-12.519808588018838,29.694180474501472,22.628593041616735,17.43693162909914,-5.210205121403078,-2.888686406819312,-14.929010710768555,1.0744221487418557,5.466413195544051,-5.195325801008967,3,3,0.9653905034065248
GSM330324,-17.660236134177076,24.999506986856034,32.71822311350359,3.7823893995061626,9.705152936617655,2.803887745942057,-1.3305844303999486,-4.3099248903481175,0.9551042063980187,-7.807884054336372,3,3,0.9646563529968262
GSM330325,-31.611969767923316,49.11545621047196,-16.527663204237715,13.229107356014524,9.283566299534229,4.416765440889668,2.5997753023272843,-0.34271188974978367,-7.573096800449066,-5.297688964374675,3,3,0.9660636186599731
GSM330326,-26.767683943673216,32.5880544104407,8.202553980272004,-0.011248508338281282,7.551746446028665,5.480613400816072,-0.7939958240145224,-6.802086349481801,7.752191615260779,-7.449647253793759,3,3,0.9646525979042052
GSM330327,-2.301993448618993,6.8950959083894,32.36661850902024,12.311418598895273,9.595023786929223,-11.34147664446262,9.826824201723538,3.3680632451356396,-2.1483959566339847,-3.7191124934819664,3,3,0.9612155556678772
GSM330328,-12.641415413368817,29.62821331453852,15.638637009575628,18.88216184342169,15.944829838185766,-12.303343364987636,14.486604026799519,-3.9226380058283583,0.46106383477763135,2.0201287186556485,3,3,0.961933970451355
GSM330329,-31.359361355489987,19.683087558730367,24.944896578364034,5.236337961493903,10.808208275867571,0.6521319989565811,-5.50985122298215,-8.256591079050944,2.9795665048341364,-10.698078246802945,3,3,0.9632509350776672
GSM330330,-14.463232123463502,37.138317814600406,5.763978925418846,12.081515106059182,3.3328413878350105,3.1637625703585903,-2.3128030488928903,-8.18620824754234,9.2386990612456,2.7664712585088687,3,3,0.9614112377166748
GSM330331,16.991655989859606,-0.2079579698183646,28.474108145668886,19.744797113693114,10.590033889753649,-1.4947165397136382,3.9946795867427647,-2.3204042318807914,-1.9397240688884665,12.70066836646311,3,4,0.9127148985862732
GSM330332,21.304982593726347,12.285946260439896,-30.790718552221218,22.942819634908613,2.894586454059849,12.018162970773929,-9.962594630675936,-3.055391751322588,7.03090697563719,-6.728687730131907,3,4,0.1382980793714523
GSM330333,-19.54945728968922,49.07873422438657,-11.785147976424852,7.846790074950242,-6.463899081850936,-6.3046643633158945,-0.7547405919924028,-9.61106822839162,0.9506960131916825,-8.178188735318482,3,3,0.9610865712165833
GSM330334,-16.751733021526785,33.46829467105269,7.447993640650873,16.678387148330437,9.494607390017894,-20.72013922474005,9.41907302023348,-11.616401060060813,-6.722753522678815,-7.6679963149553245,3,3,0.9614838361740112
GSM330335,7.876548661714395,-0.9681788687651742,19.271894087809137,1.0495280937042277,-18.686844126352668,15.950097747939546,11.814388414928361,-9.619404610926576,8.668598687286451,-16.21786532299418,2,5,0.5701878666877747
GSM330336,-23.515905204395807,39.261905980397756,18.673306893008235,2.9614215559486223,12.336940384869377,-1.2607005289136402,-7.154509894947619,-1.8720284701156018,1.4653776825354738,7.540979330158818,3,3,0.9640929102897644
GSM330337,-10.76885326785037,26.238782843473544,36.88653971088283,17.772716024197678,10.297568337106588,-9.564236947418635,-3.006962720568769,5.443381936900057,-8.821172609918758,8.988462627699407,3,3,0.9620168805122375
GSM330338,1.7446771688671268,15.417481305052675,22.898142140399955,33.66696937723091,-10.410916043354584,-5.263366800927747,-9.444421960608723,19.27402849730252,4.733417959237141,-5.40930016088487,3,3,0.9076497554779052
GSM330339,-0.8221597448935757,33.59197508008217,-23.05587220055091,22.425190674509405,6.073582998587368,-15.84709779120039,1.2929201614383596,11.580937444150715,7.450258349493262,13.267745545121937,3,3,0.9603228569030762
GSM330340,-32.056288898227,17.572787338089064,20.543146849506826,11.244035367629188,-4.807660565295956,4.478402012277169,1.4827847260452391,-5.440007182102215,12.150910110319947,-2.0663040207074586,3,3,0.9629732966423036
GSM330341,-14.53464760294131,40.167137801287325,-9.67957879005031,-14.527014381320832,7.218647893683025,-6.727799179665058,-11.477304845733663,-4.261462383487345,26.55105213957224,2.628252487804004,3,3,0.964881420135498
GSM330342,-6.2337965472177,23.026171835148865,30.56017487491679,15.84015839290451,3.151129244172452,2.4868387415776985,-5.239132650481183,1.667350520974852,-0.24613519902743441,-11.664503265666802,3,3,0.9610591530799866
GSM330343,-20.89403409239953,30.93866311488903,1.1706624608112282,0.34280362630147193,7.266194158930537,-12.281094489855754,1.0379809552312285,-14.191587075814201,9.201186262536813,-4.09643928942606,3,3,0.961864173412323
GSM330344,-19.07047329095191,27.221667534233294,-30.198088767842957,9.290478662884688,7.983257933402059,-8.062725545687359,7.590422371366342,4.241394027928055,13.226620636115378,11.205931525288186,3,3,0.9642764329910278
GSM330345,-11.149125766089933,42.37587826617415,-27.014630317547155,20.875359944242643,-2.884715082952333,-4.3180640998141255,-3.0596737545286468,6.903933762236207,6.597382130874419,9.471479798551606,3,3,0.9609231352806092
GSM330346,-22.838066548757105,31.746766848946425,35.68435342215495,7.328802351219643,8.876807141292135,5.686619023301795,-3.8594538439818566,-4.30509687633789,4.061296046179272,3.8882782880992934,3,3,0.964589774608612
GSM330347,-22.931503716085466,27.105217945028084,16.569914713907735,12.025383380092881,15.814667476214789,18.818120207509335,-7.6827982069385214,-5.3493105484065415,4.278088360165636,10.07981244856387,3,3,0.9621904492378236
GSM330348,-11.350093766671812,44.374586191286,-18.72376493020277,10.781241370847736,16.695599603903688,-1.1187548659939517,-2.827933823234155,13.815031464618762,-11.481887109767843,16.2902186673385,3,3,0.9609635472297668
GSM330349,-21.096896541787167,35.77248957357822,-4.060398884461609,13.847622307845159,4.0729527571497375,-1.692594453055211,3.4093582972078944,-15.950561382185851,3.329876836902,-2.7703741434032088,3,3,0.9679535627365112
GSM330350,-18.585500048957222,22.39121460380231,35.29614472988728,14.434923876745044,4.574439363433443,2.8080948241037835,-6.873542305336434,-3.265910365098449,6.001616625098351,-3.7903109300235704,3,3,0.9632765650749208
GSM330351,10.04308358284921,34.079967252904126,-25.941362402994617,21.996242492158302,5.008376920124595,-4.042320208502029,-5.570482962777985,13.033177449577428,0.77168826488241,13.592987910422456,3,3,0.9610207080841064
GSM330352,-19.720051050834904,42.81311763004351,-12.572812114170793,6.17014773118025,11.62333218477877,-11.607534850434202,8.060820852339825,2.0223370506068608,-2.553476619577894,-2.8846855315263085,3,3,0.9588706493377686
GSM330353,-16.76462001401211,42.417918243103266,-21.765699158466894,21.97200516368419,3.765037817470873,-6.304796008327638,-1.7115149299169006,13.2807014119634,4.046256257415675,7.4784754530225825,3,3,0.96431702375412
GSM330354,-8.217728433931866,8.478455415791943,25.447488633257322,20.95407913170373,13.95088617684125,18.66700038788837,-8.08141807314794,-5.442753833902105,-7.1618697985868796,-6.515775934875657,3,3,0.968505561351776
GSM330355,-19.991624107998224,47.05149263613472,-20.148573442228265,18.752929430838098,5.488421622252095,-0.057275992130503786,-4.222632358314354,10.567385560488136,-3.674696882463813,1.8696740868164279,3,3,0.959398865699768
GSM330356,-15.96305694670136,20.740898263322176,37.533616387230836,13.79331502074216,16.75528504286573,11.243511387645665,0.14765705701806073,-11.508292435360051,-2.99034596074059,-5.83153870025875,3,3,0.9628282785415648
GSM330357,-6.9562536839048015,13.447577596661333,39.805723270574816,15.083082042434365,12.253865493493691,16.688107369377782,-9.506423309780443,6.702402723421005,3.51923491681228,3.8052529830466355,3,3,0.9649444818496704
GSM330358,-16.884334980997117,24.053338247701795,5.898639378001168,14.53946503130092,15.517847882090757,15.197691584386876,-0.4286291511620681,7.323319216131648,-9.815157397288223,-5.346510330482946,3,3,0.8981640934944153
GSM330359,-32.9873929233231,37.53623905262362,12.675934800169292,16.757214171753752,13.136726053197002,6.373851932579709,0.40679364250439387,0.5902735508975111,-6.143395359359233,14.935953265016172,3,3,0.9606254696846008
GSM330360,-0.9790306992086091,23.22101333999409,0.8760061793194965,18.966022111837923,16.473339483527074,-8.45817663133374,6.9326845177984895,-1.576253511123033,-0.6152297729468418,1.1967021216430078,3,3,0.9639430046081544
GSM330361,-24.326126415287263,48.74749599909478,0.7605451214511013,5.207964586367508,13.56328996809309,9.826834764193727,-14.858010274294081,0.2338358026595079,-9.362399440755315,0.5841263528464309,3,3,0.9624496698379515
GSM330362,-14.518942709850915,36.2015494609365,-0.3683456507367799,5.421736881887836,7.977649667756795,-0.513698661499394,4.321927210075476,-10.977394902391632,0.34207271491128,-9.26716129684317,3,3,0.9654269218444824
GSM330363,-18.104313942784167,43.55089514955883,-16.538883131000066,16.433117840642772,2.0877043087824063,-10.3398832465037,2.37899798375467,-11.115208029216468,1.4603231193697552,1.2417218041246791,3,3,0.9637000560760498
GSM330364,-19.963333738285026,45.711855239029525,-15.381922610073289,12.564008710776935,1.8128891078916682,-7.145072186260321,6.622768232061854,-5.203752029120002,-2.435660433380547,-6.173783088676934,3,3,0.9622025489807128
GSM330365,-10.439592951548013,34.82810295793612,-1.647775366928614,1.3830226258002916,5.008950406999404,-19.179673277710098,5.376049681198146,10.009774658589595,-5.581358767492614,5.651969837044512,3,3,0.9619765877723694
GSM330366,-13.593166792228802,40.76385158027806,-11.187205598420544,7.218643993723207,3.4295518212896003,-26.83711702656023,10.657136859070553,2.208887948577455,-2.7294511002834687,5.41046317688886,3,3,0.9627814292907716
GSM330367,6.395997063378815,11.284164757934382,-26.545103432520794,16.263687242528288,-0.7330460388218225,10.884107449325715,1.1565835087961536,10.045392260525508,8.6257889731534,2.127919017709547,3,3,0.2523704767227173
GSM330368,13.72288535234632,12.01548742279863,-1.7498023231850284,32.06646372688508,-17.072933335496323,-9.467354270827267,-4.393985637013363,3.3207232571886798,2.841192206108833,-21.95179344265719,3,4,0.8416066765785217
GSM330369,-4.711201965108222,-1.1547312162142984,21.528938880685253,14.337572727260495,12.877931309004166,21.066952371131528,-0.6274103473418845,-10.685111402523624,4.694287045982496,-4.8996166108317425,3,3,0.9154874086380004
GSM330370,-20.0524805054074,35.2501538476472,1.752463336690645,4.7548400081313975,6.671139726514194,-11.913666887648128,1.9173107599026473,-2.8310266732755345,10.319825732934325,10.615227602725916,3,3,0.9642850160598756
GSM330371,-11.680480512390767,21.49353582238741,35.192098377799695,20.49785852150817,-9.034858875654985,-10.805730553471257,1.3481598673743245,-8.81857480226159,-6.135699717124914,-3.1225109545885794,3,3,0.9590150117874146
GSM330372,-16.312423048223224,41.56527387127051,-10.398011045338526,13.591887398593613,7.472956419443033,-20.328869177616454,4.661631437546924,2.0253705654982883,-0.15588180001548416,-5.004784708162688,3,3,0.9620938301086426
GSM330373,-31.86966808503722,43.77093760742007,-15.170286994420737,9.214010517392241,12.958402916996214,13.177383431274668,-4.918103026155692,2.776018894913066,-1.962778226600271,-8.26621031338031,3,3,0.9617636203765868
GSM330374,-9.288822031232522,34.26599474196035,-15.432821870750738,15.808189767852975,16.323809115316276,-3.035692161925952,11.432018143647754,-6.166170610307561,-8.738380259449224,-8.782282755397068,3,3,0.958945095539093
GSM330375,-0.5123077344162729,19.246057298342393,23.70679955025746,11.612708581843107,14.900863707094345,-4.028763858720311,-0.7936110988536252,2.074971857502253,2.226756788612519,11.165248899785096,3,3,0.9654070138931274
GSM330376,-1.464560044144362,20.200878303493504,15.841742334090627,23.284601980423805,-4.2304372925434075,-2.827147589588273,-0.5497633729519172,3.8650170125991568,-12.41590828053644,-15.375959455767948,3,3,0.9162203669548036
GSM330377,-9.047900422039975,19.06340090274365,6.524831642605229,0.3984183784335464,3.918597159787058,-14.629159968952008,-1.643012712027754,-23.198931416563322,15.479229673022818,-8.948274110499788,3,3,0.9100939035415648
GSM330378,-23.210618743532336,45.808495354740714,-11.050063311939722,17.216438402481586,2.6128351189976833,-3.308468901832898,1.7792078937528553,1.4777209462554157,-7.850427918125112,-6.047049469373933,3,3,0.9625712037086488
GSM330379,-16.568904988860243,33.46811227372381,20.01242317797647,1.9453686013023261,11.216448962584966,-4.261276148688427,1.1091368186947876,-8.669379026867565,-3.1493940880917606,-8.73811547327354,3,3,0.9614319801330566
GSM330380,-8.571517508401653,17.311866237901153,12.184805664745463,15.688435734376414,2.158953569509284,-16.912877512719167,19.67067641510357,-1.3768302872892564,-1.4783491418764536,7.07800983532472,3,3,0.9644871950149536
GSM330381,-12.739906911660865,21.4554735247101,21.435882491080392,20.805478438566485,9.544309567337892,-7.435686660033354,12.870178812058292,-1.8134150093639043,-6.0898276590084315,0.6818321340350626,3,3,0.962068498134613
GSM330382,-19.075779656036637,30.227525648415877,18.401656268337128,4.056124391646727,11.65108573052129,1.7976022869432398,4.843181546975906,9.857184438625564,-20.431345998676857,1.9546047490919904,3,3,0.9639266133308412
GSM330383,-27.347739578672673,3.858672333604749,15.591144546879345,0.6583131721102866,-5.239194574826057,30.915380272802462,-10.802488948936631,10.115111749830017,12.494414495942246,-10.419392723494983,2,3,0.5305314064025879
GSM330384,-26.93806456411759,34.574645459554226,19.53781306670888,2.7543374231737165,5.376366942343149,13.337842132568426,-2.781696330966025,-4.64017441950937,-3.008426886905309,-0.07993837892368835,3,3,0.9628390073776244
GSM330385,-8.227612464283974,25.514597835024524,30.393157931607618,15.03939331059924,12.386194876881612,-5.756321760126671,-4.776197796354392,9.941536560489766,-2.472263040477921,7.3402671748282176,3,3,0.9633806347846984
GSM330386,3.236611783952191,8.061896904831253,23.298025450772737,13.656001400625216,-5.618376006654299,-17.823203010140787,2.976608669179183,-3.8017964819430357,-7.3512405172478,0.1253553281448995,3,3,0.962322473526001
GSM330387,-2.3676836364167535,3.677330994976078,34.59357929929606,-25.866937931745248,1.629829708748626,6.341588250200221,-8.859259364969398,6.516979859276146,-5.966388929901131,4.999675395058671,4,1,0.9541595578193665
GSM330388,29.882342721451625,2.241109729474309,5.602552753239266,-9.868289551441434,-7.826684697357349,-33.51154639925276,3.359432626232032,3.5196082793944004,-4.430124939586129,4.732427517057973,4,1,0.9028121829032898
GSM330389,33.22128499742151,6.245493961823253,4.976723090412934,-20.29181974581074,7.059623758721156,-1.8012080951469382,-10.232174114872828,-4.241270870295949,-7.8342646053110885,4.954402943135459,4,1,0.9506344199180604
GSM330390,23.497009188125258,18.674779567518037,-12.564201508309768,-22.45723597748863,0.5754511842471206,-9.902191884422521,-10.836018475526606,2.0073768447765707,-10.850020108335904,-9.463773371423812,4,1,0.9006133079528809
GSM330391,16.39135620182025,-2.255787802967349,20.945663100605298,-19.81090620270155,0.25332094360820534,-11.764622419096979,7.421028422953014,4.038630222116398,-11.964721740792786,-9.280587050438703,4,1,0.954536199569702
GSM330392,27.143477363162354,22.157762684765054,-18.555092556293758,-19.868404612374583,1.8919044060730215,-7.072920146756563,-7.323486539912996,-6.390655201607128,-10.88486157763713,-3.476960083879319,4,1,0.9024693369865416
GSM330393,9.660862389804972,9.732166382928657,23.448055604487063,-26.390077530579756,2.3847742636066767,-4.735668976501787,-5.287385831524176,4.410007817812331,-10.95209183647254,8.122691443878178,4,1,0.947052001953125
GSM330394,16.668599802596436,-1.6424649086400722,18.22455898615705,-12.43205808832172,1.865008795235595,7.826979476873852,-5.5507012491591645,1.3355300084033201,-5.0427505955107215,12.083150853802946,4,1,0.953892171382904
GSM330395,16.482354275700015,5.51435867690309,-5.412560423905558,-26.21829784030269,23.865927143675854,15.443609816991051,-8.525723158921409,-4.069625032178222,7.837060748849513,-15.06842490412753,4,1,0.9475070238113404
GSM330396,28.307546796570254,-7.462585714517586,23.855370725008957,-15.649911803945974,10.213513588720986,4.247444073836427,-6.67572737887325,-7.279052574491719,-1.5707183978668584,-3.7708634195782884,5,1,0.1196212396025657
GSM330397,29.65017048662732,2.602571082583265,-19.127515254015286,-20.017038785283717,16.075628680871564,2.149733360686959,3.7015792918231045,-10.785902181569817,-6.855837505520303,-6.501678607390846,4,1,0.8895063400268555
GSM330398,38.732311362456485,1.7190240618068122,-28.24279561061452,-12.010658459016177,8.769740516327746,1.2779593754220957,-7.892246539744511,-9.22151577521698,-8.415734336525528,27.18397180166801,5,4,0.6340504884719849
GSM330399,14.731722217795003,4.201822487493232,18.329453080754078,-24.82539205182485,4.8920614340603015,-6.054555195783448,-2.6075456145893927,-8.968536389791273,-2.153810616680997,-10.173734921817868,4,1,0.9469984769821168
GSM330400,15.893056664236209,15.404971183762111,8.230567132415963,-29.861241581088116,-1.5248406628407696,-15.079432578830973,-6.31769772380251,-1.440296915900965,-15.980622808322277,0.17092612094960627,4,1,0.9474682807922364
GSM330401,27.514259361531867,8.257735953789473,-7.985212629904706,-15.464542882433616,13.41739598994171,4.125820472455936,-4.386605751181657,-9.17149620466505,-8.03906053305858,-8.972931445008813,4,1,0.8815491795539856
GSM330402,23.861803621038746,-2.1386194072714844,12.607832254732703,-1.9829020918855025,-13.249869620156314,-16.77640626059717,0.2821355909664575,14.100368201738192,-4.507303033891355,6.45737755995249,4,1,0.8446296453475952
GSM330403,31.703589467451007,8.947684864655955,-18.370315500004576,-23.23158925619639,13.456981116833989,-9.40377327240044,1.0804755538415942,-11.194414901837488,-6.441218925118967,-6.249639875992338,4,1,0.898362934589386
GSM330404,25.17055086552203,-0.2830363086240225,14.590545425981356,-17.384453279728273,3.455864603707957,-17.328591978281885,0.6292106395805546,-5.023010690913582,-16.474539764512507,7.768387830831917,4,1,0.9483935832977296
GSM330405,15.975656020123775,10.940919166793039,19.49763899441293,-13.449377661575374,-6.40497808743029,-5.281183673895418,-17.591716580991775,9.344952209393453,-1.0678383686161594,-1.343773718283464,4,1,0.945051610469818
GSM330406,23.035540559276054,0.6491956685016452,18.63256510630943,-18.71316021329971,15.346738565390602,-2.312727926447676,-4.475500853292198,-11.192519005294017,1.4655860836962509,-10.147001540298428,5,1,0.1166139990091323
GSM330407,32.05706233648234,-18.73677636853947,33.85755672456981,-5.862792762987094,5.722894482107649,-4.493306858926054,-5.367912409451136,-17.618505298422185,-5.500871224939496,18.795150333861287,5,1,0.4177550077438354
GSM330408,11.389738047125448,4.599738662132591,20.389286678474853,-23.58528451340482,0.5851229073443708,-3.9298496467314745,-3.0433819544491643,-1.435471724432818,-9.723836567960037,-1.3977000348188526,4,1,0.9499369263648988
GSM330409,27.781918838527776,11.143869007489336,-14.832620232463483,-24.187965205800836,15.715428300829846,-6.511201545180465,-1.8204078017207779,-8.62845929578127,-1.4216672605964826,-5.607896941875364,4,1,0.94662344455719
GSM330410,43.4613915481555,-3.964920055943012,-7.0519556155765795,1.7006218415519598,-1.274193339083594,-16.492052973547967,-1.3121871363397943,2.3131796558244537,-12.775943178358311,3.664289403981159,4,4,0.7865954041481018
GSM330411,41.36305486848931,-4.553874780416964,-0.6823184544108826,-12.37803557488052,15.217494746017907,1.1160400392026093,-2.7629818799399652,-19.22235859105354,-7.0408215009460795,-2.423584896485627,5,1,0.1755433231592178
GSM330412,20.339566037990416,15.495311508335979,-5.077975682737895,-22.414814106081742,3.672601984387657,-3.5128369122682894,-1.8225158436114046,-3.8940485653757966,-15.16337079064944,-7.112534125384306,4,1,0.9318742156028748
GSM330413,9.402027912568965,6.768101605378058,31.08969148484171,-18.92149364026294,-5.964479198316445,0.19147078041300064,-11.080341209761384,12.024958045022831,-6.2601960441279845,-4.810247016916426,4,1,0.9470911026000975
GSM330414,3.033857137070586,24.352218751600727,-1.8157978942768742,-33.61133898513154,3.1342877422666566,10.99845084555477,-14.355556650692735,10.109864802837203,-7.368332291439514,-4.862248659423489,4,1,0.9517265558242798
GSM330415,19.248778146060623,10.65019516748745,3.0724021625405395,-21.802986906756487,-2.4071942318221438,-27.954294060784463,4.4699969291603,1.2038921654545498,-13.113772206811912,11.083156970797742,4,1,0.9488722681999208
GSM330416,28.94974875986675,-7.81426247825375,13.513621372008572,-13.32760162084151,9.355464658579796,9.665220495891353,-5.120565748601438,-17.895614731865063,-12.255731894145638,-5.572728647403,5,1,0.411188006401062
GSM330417,-7.971085214437971,4.165615774855264,15.884668674087093,-20.682597635656432,2.1577165575898576,17.426349775983766,-11.968046367520058,9.435752965073016,-3.56496962747158,-16.069007525783757,4,1,0.5331663489341736
GSM330418,30.75652000665396,-21.535882362570405,12.84239698475194,-0.7186790107052451,3.9345845699989868,-2.0405818317855444,1.4205203359074554,-15.380220286907578,-11.904556886432342,6.20814161895769,5,4,0.517143726348877
GSM330419,26.46291449650455,-19.50912666952583,29.525795501925902,-6.044122545752535,-1.9182413839676855,-10.421534347588565,5.620237376478855,6.893176360907031,-11.149713777487992,5.965700105839497,4,1,0.9497619867324828
GSM330420,20.018856036302285,-4.546699944079148,30.05725735784016,-10.402580173378668,-2.4119731197512344,-4.113778481258127,-3.038507583466099,3.4902012417201718,-5.66512690951317,8.625384686956096,4,1,0.9533560276031494
GSM330421,27.919024738949908,10.20021219735762,-6.999499414827327,-17.134578279584414,10.161158703392658,-4.775721887413319,-2.621727536980696,-11.600627135029717,-17.1537810136467,-4.037707293497517,4,1,0.8969234824180603
GSM330422,32.18750895902614,-0.7632466153761709,20.603476728455675,-10.667451448437529,-1.1357947429285689,-21.722619288147154,-1.2795317282884744,-11.35896788364588,-12.61789959865836,13.84494831203902,4,1,0.9451628923416138
GSM330423,17.289564061965827,0.13594120445346927,34.26974522687804,-6.46586583570487,-10.66290621060422,-12.865736239388374,-2.683108418234927,6.048928826132005,-8.134231475766333,-3.6076991367202673,4,1,0.9405356645584106
GSM330424,8.686669627454686,11.018206016169518,18.005536445217345,-19.341818282446628,-0.9828968156728007,0.05887234880178974,-8.52105887326839,11.258813467845211,-3.665998857792763,10.678742913202347,4,1,0.9492148756980896
GSM330425,30.795865521390887,-2.408919149106996,12.373709807829787,-2.0201386552287826,-4.02671182453071,-6.29784000200214,-11.477790271333461,7.430634155792011,-6.12423294834732,-0.08964964454217941,4,1,0.951103687286377
GSM330426,22.773310209294728,-1.3155140956440385,14.595824447163926,-11.844456270239919,-2.3937959982074317,-19.410271411105214,2.2800437671665112,2.587877053021483,-15.065620009783336,8.992082659361868,4,1,0.9489992260932922
GSM330427,20.74585840607661,18.916213135269988,-12.412452717217574,-32.451906306083494,-3.7674244972776294,-4.444126289061113,-10.433741413682519,-4.134422975159611,-8.163126330691293,-3.84952263126912,4,1,0.953475534915924
GSM330428,29.476696990688204,-1.0112447010284367,1.4479114564795887,-10.866744000284696,-15.420711969187355,-23.82848481479122,-2.438768153773324,4.047969239742381,-7.337970310667711,-1.9706679240974787,4,1,0.9478228092193604
GSM330429,26.068564374641962,-3.677972518120055,14.611775302376486,-30.745941525219273,5.498363326539668,-5.655109673260278,-11.979586607577907,-13.88775004355453,-7.032692531829099,5.400754626149926,4,1,0.944413959980011
GSM330430,11.260720425271158,-4.717755307287274,5.370511544410734,-23.090019729482663,15.858480067095293,8.156100691922417,1.0809608648888813,-14.410629590812363,14.469828812585096,-13.514599445942672,4,1,0.9510290026664734
GSM330431,16.4668877563814,3.217472829870269,26.805606368568405,-32.92666725705961,5.556192391206204,-2.0124366126236266,-6.438681271733694,-7.604832462581198,-3.1758223830123744,-4.548160258146763,4,1,0.945605993270874
GSM330432,7.8654122563073585,14.100721904835005,-3.8564085660297747,-23.74618556067626,-5.681756854630018,8.402988064714263,-17.895515302562313,1.5611209272220636,2.29869403848047,-10.942120734635475,4,1,0.7466034889221191
GSM330433,35.462473831087024,-6.174340910817438,18.888596570648552,-8.0845740981501,-14.898292298343979,-26.568193624955224,-1.4959303320409683,3.735482314367518,-4.237742064116796,7.212001388182575,4,1,0.957148015499115
GSM330434,33.79353020437452,-6.588427888359092,19.715640761829658,6.383964628466887,-7.601097644507379,5.498064906539864,-9.862407641154846,14.863704177673128,6.0912046327275,2.437175456252903,5,4,0.3708155751228332
GSM330435,13.380552590526047,20.43150250001552,-16.429871179658758,-34.277954134603995,3.554534395231194,8.060253736895383,-18.038093398050886,2.151183655702739,-6.318297466396949,-1.8792605758309893,4,1,0.9520531892776488
GSM330436,34.92746892917014,10.667208234527408,-16.614696740014995,-24.77950494146279,-4.998305768289899,-16.67710171350997,-8.481877505918725,-6.173854224689763,-8.44880395648733,0.06697504558629831,4,1,0.9471014142036438
GSM330437,27.532427506855274,-4.434458909532787,26.835028988009366,-15.86936937872178,-10.48942848723801,-24.429977008805356,0.7389241326927426,2.1044594695190004,-6.257036377326768,10.439830665868518,4,1,0.9507768154144288
GSM330438,22.467842470403742,16.15458176995841,-8.948468265380733,-29.38590002570935,-9.066358765133577,-12.109922173229506,-12.130100705661697,-5.606304113742327,-11.815266028730214,-10.524352574008951,4,1,0.9499649405479432
GSM330439,21.139609550309782,18.433712218614872,-9.72158307728997,-33.389517324061565,-1.8107353906440298,-7.0657546619350935,-8.576663305593208,-2.197768775186742,-11.825680746548727,-7.382140211560613,4,1,0.9547410011291504
GSM330440,27.07272692794379,19.21619952913299,-16.168886654731423,-24.519594276207535,-12.007634503520494,-20.940557058230873,-5.479416779308045,1.0050834315504296,-7.114161346567631,-0.6935594260764827,4,1,0.9500874876976012
GSM330441,24.49742441345494,15.345236451635769,-12.435003361343826,-26.628933781328712,-5.387890753733517,-13.090309893971394,-3.7287100562659057,7.6150260756256545,-2.855132640215805,10.337218240930122,4,1,0.9408341646194458
GSM330442,26.759417417525764,-1.3556549088172416,23.630736023051053,-14.602242697926751,-10.616540752984987,-11.162920951745509,-4.554867178384077,7.170080821325769,-0.9127620546890935,0.7351347389065958,4,1,0.9456773400306702
GSM330443,41.81952269643177,-9.543199942572944,-26.44552247735364,2.104862028593579,11.540742608504273,13.960864960836208,7.074415499629441,-9.39004419986848,-3.2120352445955396,-12.236877466622042,5,4,0.9394463896751404
GSM330444,20.9757857432268,10.043621775046605,14.02486019933132,-32.52060170573244,6.128708023146773,0.8433411484249138,-7.091270719528389,0.128088823410992,0.23216324186030454,-9.339937283748569,4,1,0.9481200575828552
GSM330445,22.338791573695325,-0.25704757436130055,19.278280621644566,-22.34805635937589,-9.112389172372978,-18.33108950242076,-4.26289436929377,-0.3179928035299471,-11.418562556891676,3.4719977356827587,4,1,0.9451389908790588
GSM330446,28.449744672279788,2.3119208303994045,-3.2499955485782412,-24.296185635445987,-3.396938860932302,-24.89407117186626,3.0342044602100886,3.5548181336283915,-10.41301880686562,6.292591691348924,4,1,0.94721257686615
GSM330447,35.05328467688951,-2.039167418577312,5.870273937796117,-4.864151419339351,-11.236000560095517,-22.433593926058148,-0.050660318409847194,6.271633321165603,-8.544174264408268,-1.5176946075684674,4,1,0.9445794224739076
GSM330448,20.825760301695997,14.5263250434395,-2.9553708881603464,-34.00516254519066,3.3624420954390257,2.1175784897963865,-17.461737808099503,-12.644992330869691,-13.561573019717246,-2.7261818286345227,4,1,0.943002700805664
GSM330449,29.844823990868935,4.389434805183243,-12.282063127352856,-19.542189959367448,-2.4255074348799788,-18.12541373740238,-1.2871915627432235,-0.565757116918772,-8.631223001226445,1.1597946448630918,4,1,0.9491854310035706
GSM330450,24.505193658679083,-8.814685610396518,25.326413820661067,-16.598867603548392,1.705849807771134,-5.21001516567378,-3.944444492989722,-6.051520246011166,-3.4842936834600073,6.52466885214686,4,1,0.9603572487831116
GSM330451,12.91975846496311,5.47293286192097,24.33700709406467,-29.850489065288752,0.9781638470965948,-3.2070783250554875,-1.2394052967036,1.9894463002672995,-2.0182540400227924,-0.9898406557586068,4,1,0.9557337164878844
GSM330452,21.937987628508356,11.56489826637428,-12.902935036260635,-22.790371810384695,5.538325228498607,-1.968289991404629,-0.7615966627369417,-4.552140112591566,-7.71283933504417,-10.377917955450823,4,1,0.952045738697052
GSM330453,16.808739550561384,21.2373599896112,-18.560810613717187,-35.55414938881114,0.417712459067422,1.8421925137225903,-6.531828420079697,8.42682396604294,-4.666489347749531,-2.4135510624729557,4,1,0.9488421082496644
GSM330454,21.10316999325904,-4.5762119966235515,15.501582692395845,-13.640890084466953,-8.291131747105288,-10.091175821738899,0.6936667772061892,14.305788417507149,-0.5463876319457326,4.2200252129121685,4,1,0.9493970274925232
GSM330455,20.743209519461544,16.395822451987083,-10.803365797323567,-27.34194589785389,-4.730322564581993,-15.32048807918438,-4.286017899623333,8.815813466372628,-7.648759354190162,-1.8514449880575867,4,1,0.9465097188949584
GSM330456,22.976635625430177,14.575837754141704,-15.340433835943923,-28.902657618898516,0.9593415911774802,5.209743864209946,-17.297360357229955,7.6461521671722155,-4.564808223272301,-7.998983059506092,4,1,0.9461913704872132
GSM330457,23.70011796136003,-4.951587401831373,20.56663722795869,-19.08809616493882,5.7460143009112965,6.684399563042001,-5.31306176724571,-1.5006798049031091,1.4894230068430423,20.71644035686259,4,1,0.9494678378105164
GSM330458,18.554552468257206,10.434125215124544,-13.134663197004892,-28.478795506004655,3.9388054921595206,1.9624797968759158,-4.447744059144218,-1.8247664191712856,-9.074718834096469,-10.511543681820793,4,1,0.9484674334526062
GSM330459,27.59262820753373,12.615565932409613,-18.14888870270051,-15.772376475228135,-4.7951248608454975,0.67140000577704,-7.79125035359746,10.791695169584022,-3.1194288967563826,-1.1561020744020478,4,1,0.9465057849884032
GSM330460,27.7661088391158,-8.493951891183729,32.89347085542695,-9.446871185875944,-13.502581484958077,-17.81968035221082,-4.061189202667919,4.000929068718949,0.6115612604254693,6.662696633792326,4,1,0.95387601852417
GSM330461,23.68141856718233,19.171198257034206,-7.726257776988329,-38.515084850666426,3.611987045519068,-6.103973397820598,-9.157654894380354,-8.581027227050821,-7.423177667313295,-7.383667841115957,4,1,0.9548459053039552
GSM330462,28.787980267223137,0.7277330974227616,24.98346950709694,-12.663967706736834,-12.827081146420705,-14.947014951061503,-6.48618047702161,2.2613387554012028,1.4456155143505178,3.22305598614258,4,1,0.9478795528411864
GSM330463,24.813499479454233,-0.7824540380227403,26.677675016020892,-18.71363528011139,-8.36663041161923,-22.282333516590132,7.8337762816787775,4.350723656652759,-4.878345128102648,5.1645854549477255,4,1,0.952782154083252
GSM330464,5.798009411994257,8.526411160094304,29.0386731175106,-36.67933315961988,7.94072877207517,10.264627855727507,-9.195770231116217,5.988793627989506,-5.925943433335599,-6.84762837056458,4,1,0.8926617503166199
GSM330465,7.229559036959001,21.219591988285813,-4.929149718793529,-34.670065593884374,1.7082286811633058,-15.580202711111054,4.074253376721067,17.56126879109366,-11.66754635008863,2.0682889444762664,2,1,0.0804452449083328
GSM330466,29.163209242698628,-0.2341853697039082,22.381903614464385,-18.097573197746467,6.766099352159107,-4.372927822381024,-9.240931765658026,-0.681973303407166,-1.8611849211741485,-7.207817831070144,4,1,0.9490031003952026
GSM330467,31.515032777742512,6.431878058190217,-28.09154508693525,-18.491658022788155,16.855208652439263,-4.095814429927358,-1.364787676876139,11.141885197150298,4.751658468704198,4.716353104018021,4,1,0.8956891298294067
GSM330468,21.297781999542813,3.073923367083182,9.04614971221231,-25.536345709483708,10.688501856416762,-13.857105794301676,6.364917885014827,3.2069172737644966,-6.2211768557440825,-5.183006781500897,4,1,0.9467980265617372
GSM330469,25.088257800487714,-5.2703778392654765,9.411896573865425,-17.400574469393657,14.389169233760617,-13.109712702735118,9.126111374206689,3.589466876297711,-2.957906003339139,-3.1406398243728324,4,1,0.9467384219169616
GSM330470,23.730467690364012,9.29063194591225,12.202037035805485,-23.048940093169392,14.79395080906234,3.647117397224215,-12.772326548707472,6.321739723460588,-3.867875946486251,4.409465962679115,4,1,0.9487668871879578
GSM330471,26.90491623423021,-11.177752224035215,6.910730035732054,-7.591001853572614,12.090262062838475,-0.5014354594177939,8.26652524961953,13.88005096304094,9.3672927062606,1.3193706247760784,4,1,0.9530271291732788
GSM330472,22.375771671058555,4.006683291324863,12.778027046353568,-21.465566976779087,10.46733243071471,-3.731986489030849,-3.1382523225136896,0.6351520262942972,-6.0930223626978455,-5.3605023620142145,4,1,0.9467985033988952
GSM330473,35.665659496990386,-4.751052829172397,-27.097141952641582,-2.6385903630721095,10.669696322186285,-12.80781305698397,1.6798046478959696,14.542564106295798,7.264406655663563,5.478087717210246,4,4,0.8226306438446045
GSM330474,23.16670412381097,11.928657767658754,-24.264994003297005,-25.117902090956527,12.983290739257576,-6.034341752325862,3.722868735282564,17.75543394898084,-0.5714332019208255,10.926644066740938,4,1,0.9443524479866028
GSM330475,39.3131780915133,-12.923783039607436,6.275002220633768,0.2916225750305414,2.5390227682740174,-22.938550365832295,4.541126266157084,11.554967047407057,0.3233800222529722,-2.2984620878724367,4,4,0.8030954599380493
GSM330476,26.710731125372007,3.211009613727109,-13.587398603330646,-25.07555178011055,19.33834032062396,-3.976582970211076,9.003408318114301,0.45539866678758173,-5.431263903683873,-6.671507539361881,4,1,0.948180854320526
GSM330477,22.838436494727677,-5.704927112045328,10.201352257166551,-22.236328766575934,17.911098082883633,-2.5913426343424057,11.38843196624257,4.891257247729871,-2.8331823393487268,-0.7088583128895652,4,1,0.9501182436943054
GSM330478,33.42574568716422,-7.8928838316127585,14.357676351313602,-13.086222129273857,9.487452808659935,-6.089684408665586,0.2942914419056282,-4.19632388161959,-8.297393111829031,-2.305217067335314,4,1,0.9474682807922364
GSM330479,24.65745124550369,-7.653652842760038,13.863744751453444,-21.568622338512235,18.691503969142644,-9.383436249214967,11.741154347123379,4.461730857183857,3.4940764903461603,4.512074197341734,4,1,0.9529851675033568
GSM330480,19.03946447147465,13.428768356108678,-17.295061140661083,-25.20420258785345,5.7628366213405515,-13.052843079798055,5.902441437182987,16.557305346253266,-2.83099105056069,4.938133487267526,4,1,0.9560223817825316
GSM330481,12.220229557453026,0.6675304080648022,16.940416244739684,-24.01645043380743,14.49315326663589,2.435606471244536,6.158536317535034,10.268812206319144,-3.195870129099313,-16.099172090551185,4,1,0.9412762522697448
GSM330482,37.59538765556807,0.40855378819807725,-4.588358050863892,-18.134462736993065,15.791037382168101,1.9123441748726087,-5.55656962877406,0.7380444187002457,3.093434766003858,5.367050370677035,4,1,0.9538445472717284
GSM330483,33.05108637778591,0.17691013736387062,-25.568141840836827,-7.454731118824049,9.103678856569905,-5.654663308490219,0.49796978889858085,19.095595250383326,2.155042800492909,7.335822894620944,4,1,0.8829664587974548
GSM330484,25.002983838754655,13.495862491389444,-5.397006151043221,-27.764601358305406,17.009448020793837,-0.44795224817226487,-1.1144539389927561,8.204765356134976,2.5417214387568,4.740290577762751,4,1,0.9550827145576476
GSM330485,30.234141585226332,-9.761644132912895,17.582304279979795,-15.328174528645013,8.622501192692447,-19.348066053807994,11.564455132533642,5.0957196990536655,-2.8153154890663714,5.646144082561261,4,1,0.9104052186012268
GSM330486,22.744893551138734,-11.717633987350876,28.330647469490092,-23.78769948566014,16.462440999107212,-8.686947867536507,11.09136244598763,-4.285201273744988,1.206709686843859,-8.08685219148921,4,1,0.95259827375412
GSM330487,26.088288151551616,6.081756814552988,4.102604967844924,-24.154304834471088,5.4742558780296955,-26.113561596086406,11.622237657790665,6.2752674226220115,-0.6812436243821758,-1.3012129775904298,4,1,0.9497699737548828
GSM330488,18.58605497939956,1.1232037594170117,24.91099918862975,-25.445707265567375,8.663586701840224,-9.386778097198347,2.8759349258421816,5.728068416853684,0.3249104526361166,-6.405819680669225,4,1,0.9503124356269836
GSM330489,31.786871463659036,-2.6000565472472394,-5.139345973107577,-17.992806118256627,11.643887542145468,-17.013384136571325,14.48933528449072,1.4803692411671987,-9.515434498963348,-4.452175942042305,4,1,0.9445691108703612
GSM330490,20.55239517399188,-8.111811786443198,22.81044105112547,-17.916877545117224,15.298371620867997,9.742591689663758,3.7144427618227764,-1.8217750550016367,-5.7643345746197365,-13.76827532203306,4,1,0.9457986950874328
GSM330491,31.569282261687427,-4.998953344988526,15.193347413755392,-15.819704397565427,14.89494458141906,-1.085295032004093,1.998335139767268,-5.7646250375337305,2.9895952819234735,1.6381295713658266,4,1,0.9577228426933287
GSM330492,51.44506787126118,-15.181840947516525,1.573103731227889,3.335284842426248,0.34443856720394556,-14.052244436679075,-11.861893746255763,-12.810109907133363,6.7150693659174445,3.8612739633208086,5,4,0.883902907371521
GSM330493,27.672237808358727,-7.059357972180792,-19.8816788048905,-23.690044732124367,24.010053822879676,-11.152733498234593,12.874553303735514,-12.25335976738225,14.080409551674999,-2.8930089707853925,4,1,0.946989119052887
GSM330494,26.88118096625937,-19.280351961558168,11.353719196734666,-10.705581793311257,16.446864018069917,11.076730739677851,6.370199440787137,-16.126479501244802,7.514945703976424,-9.394396649600774,4,1,0.8992363810539246
GSM330495,13.397466905962379,7.270866592122937,33.05277369059293,-33.147723990221195,-0.40082657996064475,3.393530635763051,-6.46014771180022,-5.836906106051379,-2.5986178580539794,0.22706112550341526,4,1,0.945943295955658
GSM330496,39.241059735389605,-15.119548878975595,-5.826055972556939,-5.393869090026884,6.245189026709756,-14.92756929731144,1.5843261125342936,-7.17637036844664,13.618955640982074,-5.639414432266242,5,4,0.7760628461837769
GSM330497,24.797152944226728,-0.7781319487943349,-14.77168638682362,-24.130978567419017,2.2662615397358534,-30.760458802638976,7.563218334591503,-14.100185478941567,12.734266453876877,-2.4217305294302256,4,1,0.9459072947502136
GSM330498,17.9852392205337,-6.070011818805695,3.192210096157737,-23.23367938115427,10.006561024448906,-11.001841231450207,11.434131806813209,-12.639889765277774,18.698947599480647,-13.309207439132354,4,1,0.9471712112426758
GSM330499,27.639922815423333,-3.0989883952301573,-32.70532644396921,-5.277266657804315,10.82699049158891,-7.064402505925474,0.5094693475357339,5.838342711497888,18.43522517430579,8.82378710707675,4,4,0.8549519777297974
GSM330500,26.00184141177185,11.428254928494747,-14.567544405943421,-32.10405079724894,7.502882994003162,-2.1280781505160733,-8.328583947103688,-4.963238130547064,10.483911975592918,13.64148964443684,4,1,0.9501208066940308
GSM330501,28.349047460059175,-23.785670181466728,14.190198965695094,-18.576551847609174,21.772192840801043,-5.523257830447265,8.776598371169259,-21.201185602376466,17.988835447224837,-4.419191465885715,4,1,0.8801575303077698
GSM330502,20.882077369286478,9.513346425397023,-18.369311586302075,-28.265953615042953,11.727482566387877,-14.324797339603645,0.7033031394311583,-0.41187963503576497,17.267900392653697,4.770489681402078,4,1,0.9464800953865052
GSM330503,18.831933526562967,6.064134398414987,-26.25230445088242,-20.503017879720595,1.7671642270552577,-17.004998253476703,-8.277544203355736,2.1141701925651875,22.415019769959567,14.655646364843408,4,1,0.9006332159042358
GSM330504,27.13919753326921,-1.3014594904087067,0.9515718849679213,-27.89813803375322,1.8055649641526716,-19.595198984995715,2.848104821865196,-7.096001829598908,-1.6519278236036834,-3.4267812527702377,4,1,0.9439608454704284
GSM330505,18.38127717936198,8.389366238679337,-13.14963996694953,-37.346162005460066,7.243915751634958,-2.89904152220845,2.746963695282362,1.5150576954431094,-2.91899158193543,-0.9221275818813416,4,1,0.9474682807922364
GSM330506,10.585318511896455,0.09204386668114142,-36.410439846885374,-16.24744282407422,7.503645642565857,0.574202727653981,1.874300892556856,10.496453653461616,20.24112764702479,9.915671472005952,4,1,0.8974197506904602
GSM330507,28.81416094092021,-21.11817056015787,6.0999613774745125,-11.993214417980754,23.722705338939853,0.831598068351196,11.408042440500363,-14.387289910088537,13.579271749888877,-4.285022603125804,4,1,0.9076076745986938
GSM330508,10.494392182435188,9.46346556372472,-0.2595408740782953,-18.413895365160364,1.0582766901152343,-14.81853403444778,-3.2242523661694698,-9.828626264696794,18.056489461325295,2.0553360130106144,3,1,0.4332764744758606
GSM330509,24.606256662509683,-23.00053472571828,2.0223665467840566,-16.635503009549442,21.273850903994934,-5.33175303320996,14.510168921073962,-22.31627307148166,3.06619948360272,-6.353969018109692,4,1,0.9008551836013794
GSM330510,26.870407403320577,-20.948956171105074,-2.181448891857643,-16.651559632956904,26.173552857972236,0.43639778943540325,14.506908957502088,-19.308549755694074,8.300397384626176,-5.763993985968146,4,1,0.9009203314781188
GSM330511,24.713837107109043,-24.754354729858917,13.144091475455587,-19.73932863715612,26.20588215980553,3.737859696245341,12.041331447582115,-4.376703910416353,18.456902158411783,9.664230983120776,4,1,0.8976775407791138
GSM330512,12.758902075855413,-5.074810914422953,1.2281679996842385,-29.475763690865815,13.55295515821946,-10.392888308985228,4.159059177323915,-12.75664922329334,14.757314369081193,-2.6965029556525657,4,1,0.954301655292511
GSM330513,17.023222113370526,-11.01457931731336,11.697565842838534,-20.214655746171378,6.078453527824513,-11.247741742955503,0.5634782501456266,-19.084847719320255,13.929462527412767,-10.451064139565776,4,1,0.9465595483779908
GSM330514,8.869962502388727,5.143908544795816,27.249423784856628,-33.74899035610027,-0.6585217874412185,-12.684657879215955,-4.4934221383679125,2.38651584092578,-0.28764052678567914,-4.988629118363644,4,1,0.9460819959640504
GSM330515,16.665482956927683,-25.964491933719078,17.419980050150283,-16.45337525442521,30.67719601731114,14.01121585120174,8.635654529449809,-12.301812886331312,12.74935916173982,-3.818287487689945,4,1,0.9075536727905272
GSM330516,17.179806361216084,-2.607638987299021,-1.0556310814689134,-19.837653381477136,14.766705728520831,-9.802045573036533,5.811467727016628,-10.546602604800933,14.171302495970826,-13.207446343599235,4,1,0.9490453600883484
GSM330517,29.1151972409841,-4.671052068705549,-18.773615848725463,-25.437167774110915,14.023788816277985,-16.6867841996229,8.372430816886295,-7.100893793015116,5.376835069445066,-10.40409192273609,4,1,0.9560194611549376
GSM330518,13.940338543484527,22.766556487235448,-15.792560053289463,-11.304271342058664,-23.414093310664,-16.354053891037452,22.22156783008803,2.3662658558392624,-6.940442779752685,-7.8935011071406205,2,5,0.7303571701049805
GSM330519,32.31230085778712,1.6390439097577991,15.910700045874501,-13.820915395348225,-13.183171509268622,-8.026943176503115,-12.818284343802695,-1.186787161456862,1.8309890910521847,-5.958940224609585,4,1,0.8847227692604065
GSM330520,37.792828652592824,-26.090439916476466,13.82088281765033,-2.2047084171403157,9.466470175733459,-16.914352335360324,10.365017955201592,-3.6317979208599813,9.008196657343396,0.03177109242549866,5,4,0.7858831882476807
GSM330521,25.604212702313596,-26.371338296597763,26.411449034475037,-5.55373031594579,18.42024914164998,25.291627388669365,0.9622465313548564,-27.336540932972433,3.4600616604057164,1.0641814327629115,5,4,0.7422025203704834
GSM330522,17.084745698209204,19.69593884300887,-20.383257851760725,-31.413114819525624,-6.941169561131899,-15.318517858587825,-5.410582135387959,2.6658171714730203,-4.500703119217264,-8.04927050375843,4,1,0.9472427368164062
GSM330523,12.033473586760605,-7.527011757718942,14.158391957517397,-7.720889747623436,-5.8103531379768825,-23.667222326045568,11.387395649063537,2.1512010758149955,17.512478352562532,5.327679068626373,4,1,0.9470478892326356
GSM330524,20.456963870197946,-2.2901254701660143,0.23795381620145745,-25.46776882567522,15.271885574601763,-8.631004524597932,9.83744843856798,-9.073371434334994,12.049064344432557,-11.480036756016556,4,1,0.9538052082061768
GSM330525,19.527322602485313,-3.082195733680679,-7.534344294044113,-25.196789523327478,11.884090447912085,-6.787451449466419,2.5976142637415545,-10.594328055837554,17.553800726228967,-2.6100242399128817,4,1,0.954708456993103
GSM330526,40.71014456944485,-12.025032199235598,10.330599718491348,-3.911431281247112,-1.9147881815549121,-11.0082207327715,-6.386772914820797,-0.485267819349461,6.065144278704612,1.826846982620862,5,4,0.9375277757644652
GSM330527,5.196296006416024,21.56270448478159,-3.980032265154206,-35.433832534110316,-18.78852219009994,-17.476933194863722,8.162471405772038,12.302638940391496,-11.95547703621409,12.716742395329623,2,1,0.8156856894493103
GSM330528,16.879283856252762,6.098236624376796,-13.172869984815257,-39.315099485702554,12.295928602727173,-2.9330326984996704,-3.4718207079666477,9.806307588893342,-1.1489677144207866,10.609938596029686,4,1,0.948398232460022
GSM330529,16.09149014838158,-9.788063379958242,27.35880768200727,-25.385540296213385,7.443525018267174,6.325424189230383,-3.9867870859159713,0.5608080622727762,9.975274255854657,10.724267882172745,4,1,0.9021063446998596
GSM330530,30.91098246678352,-6.685165655978663,19.392301713842155,-22.152262818934858,-2.907451536721373,-4.959431386073841,-10.401111506814747,-2.4592283240452586,-3.963202651795842,4.456707325358324,4,1,0.948768436908722
GSM330531,15.9918698873029,0.7336553719804856,-18.603687688736024,-5.284474019931603,-5.910570736492534,18.141680187416107,-11.695976540690568,17.355223417484616,-1.6632533619014882,-6.970627105223107,5,1,0.6750625371932983
GSM330532,6.272788367220667,25.917993590724247,-16.06381232983585,-31.322468982392277,2.697223016467282,2.7549063709190853,1.5758875840901365,10.710815325931742,-7.754736240047497,-5.187785562360046,2,1,0.1831071525812149
GSM330533,38.773719560370566,-30.35249664351502,12.080457059411689,-5.515759973315958,14.03040391227347,-13.333701249532403,15.900905755214986,-8.76138794730028,13.054499945575445,-1.27226757049585,4,4,0.9047702550888062
GSM330534,21.04383528022443,7.956151941578587,-10.601774125758189,-16.449561867596984,-9.101541734426968,-9.522003931382525,-5.625317057297324,8.12878303221505,-0.9054956139294125,-18.31511215611692,4,1,0.7275062203407288
GSM330535,10.215195915650126,16.480111861224255,-1.1665895458289368,-21.546298918832655,-2.3419384269464434,8.859210642274626,-18.815256588064997,17.443997728804028,3.415436965066357,-9.373188573898549,4,1,0.9464329481124878
GSM330536,29.03929326709326,-12.37493744975101,-2.9717232605027917,21.46561198527279,-22.18819545974855,-9.129779403678597,-0.4286058720438753,20.120981024112087,-3.1594354536512044,-6.644190665605538,5,4,0.9346078634262084
GSM330537,24.10008619043999,-5.406994349005551,-25.62159780568616,-32.5227078910112,31.087656284883618,2.7201680109729867,7.416277125376153,-0.29239326721696063,12.62764015147696,-3.943329158111103,4,1,0.947719395160675
GSM330538,16.360948603440253,25.371582254716483,-16.3570479085353,-22.458230352865147,-17.049383210731655,-13.972536716889751,-12.25492277418086,9.466937859924606,-2.7046433390853473,-8.556810439082561,4,1,0.9421547055244446
GSM330539,9.740168629361461,20.497611255952688,-11.860797140529806,-45.342667314832966,2.030117031059592,-2.117956941414159,-13.433619553926999,12.490264924410399,-5.35158993899751,-0.47704515623662985,4,1,0.950178325176239
GSM330540,25.254894429047216,-4.709755417883127,12.49421250024518,-24.803245721301973,11.581632756565785,-2.6624674190925757,5.813356246531166,13.116849108876567,1.641650177327843,7.826384346852965,4,1,0.8933960795402527
GSM330541,20.565673717549846,7.594724389127051,-2.688747863297971,-36.503260098042134,0.0018479015157468887,-18.137545264676213,-7.046360666592486,-2.2942422231747273,0.4746582701094537,-9.076663748164517,4,1,0.9514731764793396
GSM330542,12.478719203601457,24.140219409346585,-20.98964168489193,-32.91715677590081,-1.7944491827995475,-5.9467354583869305,-6.977194438911985,5.12124106516329,-8.205344251023599,-3.625650333417147,4,1,0.9436157941818236
GSM330543,3.963419923438971,17.8007377452948,6.673554931666157,-39.38449163646237,-3.6699552020356823,2.7118065990039684,-14.650074323731108,12.229332487720152,-3.830330941871991,2.6834093800025385,4,1,0.9525455832481384
GSM330544,31.6747324610729,11.796330365120005,-14.570532334805609,-23.790884902548004,6.866043873984359,-2.7446572547584176,-0.7643766567125775,-10.48342974506535,-8.109851027278186,2.547673188233786,4,1,0.9468225240707396
GSM330545,17.78701586145933,-13.453882424881082,-11.250812357431855,-33.221079682245374,38.49425647134587,16.24537863533324,6.316937920180046,-3.163003769779971,16.53919639755511,-7.589102482779941,4,1,0.9482189416885376
GSM330546,24.365359700887193,10.194066699796682,-11.934710652729324,-35.39979826564032,-1.5493489761469441,-9.573562106837397,-6.130667218938731,-6.580474374042151,1.4525648039715484,-7.4011259062818615,4,1,0.947506308555603
GSM330547,39.646467659707696,-22.92579968831958,28.176768461083515,8.462912423356222,6.056354413615061,10.73636012852707,-5.907381388060391,0.26765049805179464,5.746857129551447,6.373223254784357,5,4,0.9338228106498718
GSM330548,33.79533420243929,-9.793740715696595,6.742929196916163,16.79802503082169,-20.89070240417114,-19.3593882619015,-9.567948201900405,18.499299893337138,2.5291139785955457,-7.319464951891959,5,4,0.932868242263794
GSM330549,18.039282601068567,-1.7083652123975703,6.7931762807722915,-7.001718322080407,9.52304944425532,-10.571198519497191,11.862590639504244,10.898538146943867,8.32928298192155,-0.13949113900744542,4,1,0.9486716985702516
GSM330550,33.17805900542294,-15.760613851274043,15.818654191315238,-20.438093962728672,19.10990483490062,-5.681012797493687,7.089970391670523,-3.4285102661030185,9.263241295543565,-4.649439546832193,4,1,0.905828058719635
GSM330551,32.47482650414817,-17.748935465908144,12.429535254527464,-12.220832848165776,5.33583348553647,7.189051687741653,-6.889739820515704,1.555741606053596,7.164783119741458,1.18247317871519,4,1,0.8123812675476074
GSM330552,11.528468610634334,17.588528543318308,-13.407879179009887,-39.73558687690432,-0.2714020238973974,0.9282350953681116,-5.226894737003719,7.961658934142207,-4.31187162251396,-2.254863466905998,4,1,0.9493429064750672
GSM330553,42.09779309715018,-18.229145108062525,15.944037086566608,18.133841544881804,-9.472539743643495,-14.424271689488542,3.380751805505137,17.384022987340668,7.402187560090466,5.719061987649072,5,4,0.9295755624771118
GSM330554,41.53761751140129,-11.400293781660036,-2.6437264169708055,-15.311570491463753,4.8819009090576815,-24.042407097290685,5.104252148822068,3.4647611328727526,-0.2790524877873581,1.422340557890975,4,1,0.7727872729301453
GSM330555,18.829703703321947,-3.706905398578216,20.181543536158813,-24.948969985476946,-3.9173175971669916,-13.738081282192047,1.5445504451989598,12.5953274652296,-4.461953072553063,2.438510181118624,4,1,0.9588314890861512
GSM330556,41.135877041548405,5.125589909295405,-10.489622636107427,-3.273484193925819,-13.289937129737037,-21.875556115308086,-7.938486316590596,12.68691718362589,-7.32092079168147,2.5714980832506167,5,4,0.5881451964378357
GSM330557,27.299975172602217,-14.027224286949027,21.283364171813,-23.62572176670019,24.035833127424503,9.256980167560492,0.5972632084376679,-3.5241554722885926,20.663031653769192,11.638303915095115,4,1,0.9557804465293884
GSM330558,35.541895518058574,-16.465150519492603,18.21794339182177,11.265647659031513,-12.22071042403575,-15.991940025264917,0.8613948637163585,21.15352885384673,4.350520107072911,-4.464408744206494,5,4,0.9340362548828124
GSM330559,33.0611707315885,-20.41622988867924,-9.91834403699127,-19.018691883297933,19.99282479084867,-12.962690020765496,21.301979610983246,-3.9981789287159932,1.96986404039335,-2.908732093341667,4,1,0.9099333882331848
GSM330560,41.65697327953772,-13.987006894469292,2.9677723695913247,2.737207339545563,0.8108984394210084,-14.168654750718698,7.101347340779419,4.35215264641219,-2.072184481460067,-2.3232059111544614,5,4,0.8820939660072327
GSM330561,18.575973847029267,-1.8073244935489337,16.934391004473525,-29.232297968639557,1.3894213732194465,-16.204190138886165,0.44681823323810915,-8.360780527505177,-13.93876821970618,-3.516907455040124,4,1,0.94683039188385
GSM330562,24.20566287544238,6.43422291617124,-2.444126724239869,-24.125099107065783,-0.7735588869527936,-4.118195239314753,-10.099498482146423,11.733466442981037,3.2362278667566415,6.035575292979553,4,1,0.9493885636329652
GSM330563,28.192249418373496,11.84375274894299,-13.228956556612262,-18.755266802203757,0.8967078291347146,6.1306506787412856,-8.016749033834001,7.408957035044051,-4.7880702925982765,-2.2128316690821817,4,1,0.9506864547729492
GSM330564,19.535330552164098,-7.308684517376776,39.59328356090903,-4.918705156678925,-16.749917947594355,-13.451146751150695,-6.822065854090963,16.515029785601,-3.243211916484556,-0.4591835470975419,5,1,0.700302004814148
GSM330565,35.021392618279485,-10.279135006535592,-1.9756462395664864,-23.624396412752446,21.223183077920496,6.211092117778952,-2.1888177322694746,-18.124361141101456,5.9931755968712945,-7.225218485914825,4,1,0.9481958746910096
GSM330566,-5.523004169745239,12.172388123532453,4.714112109337037,-29.434022675820984,-11.681551216537585,15.943205755811759,-12.057512908627299,12.777159024303998,-0.15316760460045392,-8.012266594911575,2,5,0.7142031192779541
GSM330567,27.586854217364788,4.844749348035204,4.861463249013592,-4.974936467622617,-2.8084765873509463,-23.326244184515538,5.935041805362752,20.651436258355183,-2.1971810733417136,6.967552057159065,4,1,0.7469061613082886
GSM330568,24.737190975424024,9.21002759458199,-17.62883068802876,-32.37752205487656,7.717827406870394,-16.826352500064793,-0.03040358453987119,6.377275874190384,-1.6726562044730138,10.319242842894402,4,1,0.9546198844909668
GSM330569,17.531466628995812,2.963932826094939,18.966793628121497,-18.897663656599065,-15.853061643067106,-12.259539220114105,-10.600515982524197,3.896247705229603,-10.904142794523048,-1.2067598714005734,4,1,0.9521728157997132
GSM330570,21.01120161289181,8.569974079847585,-10.31106306799042,-35.686416309884734,14.406606925432845,8.745519897162497,-5.599291751901688,10.609086880311333,-5.265376568966544,-0.3810648613857419,4,1,0.9490031003952026
GSM330571,33.625139213815814,-15.6134662081781,11.001285296078041,-18.09379040687844,14.622910100260107,-9.265275628183078,7.485178529227207,-4.355996228802013,16.688177061815566,9.275322755332427,4,1,0.9025420546531676
GSM330572,10.47333241175889,10.325063301602016,15.32638101836377,-22.5909696028439,10.591524048192198,14.238855364940234,-7.847907006637044,25.451096073715036,-12.795291419395156,9.380228002896994,4,1,0.8966542482376099
GSM330573,28.956979295094772,10.808960432861792,-16.480823998499947,-22.150642647456785,14.298190716137878,-1.633656018613667,-3.1348405258606005,-1.2195713645723167,-1.6110008258582922,-4.701350410782158,4,1,0.9453094005584716
GSM330574,12.005987447106957,12.69912712245126,18.3998644628884,-29.528928554319588,5.249707913583343,16.904870060284885,-18.578553331814334,10.219078349872115,1.911587981671004,4.801337648784953,4,1,0.9503248929977416
GSM330575,32.48341775933314,-12.820584206381604,-15.374149790134611,-24.204861349321995,23.720315880225527,0.7240576284417181,14.052749890400952,0.24252190450406896,9.348988976327039,-1.9997100279180882,4,1,0.9452982544898988
GSM330576,32.43600414502198,3.258076480329834,4.59734377181794,17.34563243241238,-34.16217976581046,-13.855748052573519,-16.708479283322784,19.618062808328652,5.392689113194176,-17.47893810706575,5,4,0.8923746943473816
GSM330577,10.10019893084856,23.731671584679347,-7.148478498551545,-42.747229325370604,-12.414686361162165,-10.952549202431703,-8.769172645088616,5.263414013152045,-5.498961142223596,1.6193108864386483,4,1,0.9476748704910278
GSM330578,6.7322726293742825,15.30506682270247,4.29299535322529,-33.019648853082224,-9.507448442936674,-7.6144186813931904,-8.266563292588435,1.6562491970727111,-10.878117932457421,-8.094805449699654,4,1,0.9478093385696412
GSM330579,30.78429854423657,-3.369994073438003,21.42143319848523,-13.716050649093756,-7.59052202402438,-19.117602936749623,-3.9236801739856646,10.032363180108977,6.304379226166066,12.457028468379077,5,1,0.1210825890302658
GSM330580,-4.353206675277765,-13.538801100140539,18.7001997347078,6.640795792208343,-16.306108391709113,17.915918968652637,-6.806200774421866,19.783594177328126,18.18162682591921,6.650388904442247,2,5,0.4865089058876037
GSM330581,17.574552367700953,-13.17613092391417,-2.9370002440452545,-17.388436526450523,13.095550345086188,-2.8781596349105087,-5.1743422611872445,-4.866058054665585,18.895135924699087,-10.705733957561064,4,1,0.9504676461219788
GSM330582,30.62507210485499,-32.02058024185534,1.883088120496304,-14.630209161172395,28.431493150012948,-8.147790350559838,26.51436685761647,-10.575621781066241,8.2364566563271,-4.841928902982835,4,1,0.9083682298660278
GSM330583,5.4797505567399085,9.5710456757736,-14.91825499700254,-16.70945912286138,9.921046389608515,-3.4386804671422095,11.285850581961688,28.32023704410385,-3.0626842585765592,-0.9942795030034893,4,1,0.9471628069877625
GSM330584,6.188666504314701,19.391087433569,-17.976528829302392,-23.836339659396536,-10.366346119621385,-8.82397038768018,4.914104613709513,9.317962598193782,-5.17784291153327,-5.490782338467854,2,1,0.1584086567163467
GSM330585,13.608018059447108,23.630169123753024,-23.618409042052896,-11.52206405160444,5.385137512528412,-6.00995132063263,-2.596853120959205,16.342409660262216,-1.3892229529770745,-3.3163219157422863,4,1,0.9463757276535034
GSM330586,13.044756699345651,-34.8778650093104,20.200801718924158,-17.612019301834124,28.63432952173814,21.06132072217077,11.214168636015266,-2.2001155200921962,13.273285960253633,-12.646284815925513,4,1,0.9034281373023988
GSM330587,22.25061195897845,8.316013600290756,-11.136214125326726,-35.141881855552185,5.661072519246929,-13.833368414321837,-1.5163252095757564,6.005416744928454,-4.532563359888557,-3.765969818011593,4,1,0.95050448179245
GSM330588,21.196386669612078,-1.065586606918847,21.79565836938741,-23.13066612482576,-7.753670290647384,-4.006230993665042,-7.600203775039008,7.850207353732077,1.2160276668828331,7.206650145507762,4,1,0.9481707215309144
GSM330589,42.394273236812985,-22.29259253229521,20.292198328803213,-0.8698144613375715,2.3580915923000707,-12.463101503418612,7.502761254080398,2.524007241662841,-2.2061208899399514,2.8782851884734013,5,4,0.9358946084976196
GSM330590,38.000656250826346,-11.976073908747312,18.374605599341198,6.107364439830408,-16.047148064001423,-23.13124587059103,-2.1152014856660113,11.23134755261837,1.3280465648775652,-0.2634399055963216,5,4,0.8238053321838379
GSM330591,41.767293081561895,-24.13982501850934,6.597434618212767,3.745911602577086,9.701635790279964,-4.815939956470835,10.749397284933528,-7.995750281168965,-2.186209459193091,1.1038229583197614,5,4,0.9357829093933104
GSM330592,21.77465912254834,-14.156596671863,2.8545728929169027,-34.23316409781122,34.10260020380032,17.514487491143807,5.939248665786678,0.14276164613223943,10.969191734671353,-2.56804721795757,4,1,0.9552565813064576
GSM330593,-5.767891410230574,6.5164861948491195,30.2801264205156,-18.04324383575365,3.1025886695251654,14.128000400065627,-1.5194652300484819,10.479742078241483,-2.8816276849689353,-7.789703867276562,4,1,0.6909839510917664
GSM330594,22.24312490747927,-1.085930168888554,24.4269218301782,-19.272374111183158,-7.3135480261912775,1.184641634786867,-9.907062299003893,9.36138521552679,5.117719306207476,1.7217488796969478,4,1,0.949296772480011
GSM330595,12.10170849628193,6.84637417869493,28.121906373574138,-33.90916532365327,-16.70013036449255,-19.224915256994578,-0.9897837270538681,1.404792333118879,-6.0737911568508185,3.9450600574331807,4,1,0.951924741268158
GSM330596,45.354486704090526,-29.490172066916944,1.831279574038722,3.6300621401588864,12.473239347018286,-10.514320334771847,12.998637507250038,-16.991113564752563,1.0438411574547104,-1.038630317306521,5,4,0.789621114730835
GSM330597,-19.562012225564366,-26.481346142551736,-11.98414794202852,-15.646084290493366,29.735179582246758,19.710820239416847,-1.21259966856089,3.448416524089633,10.68244317649706,0.6104327258627311,1,2,0.8260149955749512
GSM330598,21.265929302328832,6.43457596836531,-5.147334702747527,-20.026179558637597,-11.804936616626298,-3.051260811932675,-14.880710701328116,2.676825370670632,1.8224143581136598,-15.529920187518032,4,1,0.9507758617401124
GSM330599,4.117296505024368,12.995135017649535,-9.564383534785623,-14.614727765586162,7.462706886346278,-15.59966545578518,14.71551532148023,14.717048677901277,-8.299561486611632,-6.028896871133913,4,1,0.947138249874115
GSM330600,18.152489312184546,8.458044763608184,27.573143528655372,-28.35372035645529,-11.356346596422465,-10.731374673322033,-13.383337236347876,3.2730647525791863,0.1575744353063607,-6.074020654223698,4,1,0.9492530226707458
GSM330601,41.40191966977203,-17.482421568691855,13.298973033589302,1.9162347209822743,9.384536352051398,7.991237079256659,3.013816227601002,1.673098374975451,0.8896456418172339,-0.24427078905816435,5,4,0.8800604939460754
GSM330602,19.388359753285346,3.9124728241083853,16.499464654511254,-16.630102229990023,-16.835805270737378,-14.663582176597071,-11.736545011184804,11.604384207585836,-7.889656945947997,-1.7341530801773066,4,1,0.9507371187210084
GSM330603,45.353355332784375,-16.541769696627625,-7.347903594987837,-8.520313783043104,7.210471960447073,-21.212974540523327,6.641421808297552,-4.813257523452731,5.324182394255959,-2.1248191286267186,5,4,0.8206306099891663
GSM330604,12.941882183048241,-12.646208016464145,16.478440439804594,-10.069944397981986,-3.759722504850943,6.409643440798342,1.734897186544736,25.77172002912773,-1.370770829941061,-1.9689252941218962,4,1,0.7973763942718506
GSM330605,24.923730167496608,9.68836566675087,-24.657623808362338,-2.874479222157247,-13.933197180398432,3.4487620818966667,-10.358154122968367,5.272130950604885,-4.021327955425858,-14.699632508326406,4,1,0.5586767196655273
GSM330606,25.877368146621677,-9.618520425855033,19.327686963444936,-24.868039042345234,6.566029778876924,-13.790661416232119,5.4116695388978435,-3.918156353034613,10.032310513704314,1.444908044278254,4,1,0.91120183467865
GSM330607,6.439612081727363,17.75539876889844,23.479092079397436,-22.933134912207407,-13.86250764293555,-0.8067643887201926,-2.026888522787524,-0.983831377134429,-7.706394160030954,3.4437563174387122,4,1,0.7561095952987671
GSM330608,16.126556898085322,6.968586716569292,2.492296884928469,-8.142920141332215,7.223345578350366,-28.86150282967509,13.69694752198818,8.74278663672564,-6.362622196468893,-9.077745474299972,4,1,0.944665789604187
GSM330609,16.98949982701038,15.162600324313527,9.782772991547482,-30.866158195582663,-4.827332902359553,2.969617139922029,-18.48609793729514,4.264956004171803,-0.7889412398003589,-1.0785264259145417,4,1,0.9446424841880798
GSM330610,21.67342010949815,10.78131767686419,-2.6711991222354103,-27.53910307602069,14.001878221000236,8.861830278076688,-7.967435251768367,9.514091040255996,1.9890199419012597,-13.17332958326202,4,1,0.9494039416313172
GSM330611,26.01115444161897,-12.64685559002492,37.99497737958501,-8.77527071632009,-0.3541744887648925,-2.5231707068156313,1.2939123464818592,-3.3797364101772285,-1.8363471751488452,5.199285478732649,5,1,0.3303977251052856
GSM330612,11.875449007464585,11.259452363574159,24.08357375280225,-30.60836029399926,-10.053639950991323,-3.044502013005396,-8.375097445591901,-5.1637218544970676,2.707084232450545,-1.482920229317814,4,1,0.9525840878486632
GSM330613,7.869887403601736,2.8839105550813597,32.71680727444727,-26.835988258722633,-12.099255757243467,8.553369788853816,-18.596899380427264,13.298203264846782,13.372691040565908,11.843476536336443,4,1,0.9511224627494812
GSM330614,25.03850507381513,0.6155436180661108,-6.755049722832291,-15.190489556820319,1.6641504920657988,9.48512409468562,-14.572505121472933,10.778048662839346,4.884060105685093,-20.330241006507688,4,1,0.9426468014717102
GSM330615,33.913944983810815,-0.5852387955851949,7.390544786788527,-10.583217433514484,4.805111058185088,-0.1959070831044415,-4.421630412678186,3.486886837380605,-0.6442292252969324,-3.5836909447602667,5,1,0.4819324016571045
GSM330616,4.980170903391207,21.395719334620225,-11.34521579725968,-41.7775993522109,-4.189043687394018,-5.60444181864559,-11.198622771874513,11.149258187836194,-9.303242700542185,7.4515083176484405,4,1,0.9506016373634338
GSM330617,16.24943412274152,-2.3344034663475406,27.59228097225833,-15.465086744637016,-12.012542603165736,-1.1167257018603145,-11.066413801330377,5.220821352135682,4.42757417679118,-9.557309592122644,4,1,0.9474783539772034
GSM330618,16.181961855604833,6.498043102023644,26.448283745714495,-33.01724671051205,-5.456109296254981,-8.494054287084426,-10.878094390656392,1.8537739039531513,-4.054937834567351,-2.9140846451554903,4,1,0.9547410011291504
GSM330619,22.295010638277187,11.492835924073509,-7.453228788631391,-9.172252401726064,-23.35464909612029,-13.235526005882797,-11.271236622395786,1.3385576942593032,-0.7320116126961408,-10.608670433329584,4,1,0.8293626308441162
GSM330620,42.70042285764101,-6.565742217752115,-27.32394753652035,6.481913419080455,5.36407410350441,-1.0609420708586903,0.8819557602659295,3.9051178002468196,-5.110644482406893,7.755113699459209,5,4,0.9294705390930176
GSM330621,31.68416898490015,-8.820938053958264,-4.190399309605628,-21.60333854840076,2.303279639352363,-26.336558841198425,14.172841510918706,10.840235203000042,-3.473316013157656,2.793328812390711,4,1,0.8964744210243225
GSM330622,29.887675343315497,17.35521695058551,-22.09533426511128,-13.415806254099092,-1.4758254359769323,-10.60176144727546,-7.041494299953817,18.831843799190214,-0.4857938541414059,11.922675136659809,4,1,0.9558458924293518
GSM330623,25.797723598444794,11.380340936182625,8.942813860338616,-24.558956764132027,-15.898637307967523,-22.731391044727967,-9.956739577156716,8.162053994736898,-4.849196278644648,-2.4793111978084035,4,1,0.9418325424194336
GSM330624,33.08042134174308,-3.702240807116434,4.538042493583097,-4.974502126720811,-9.619491468180396,-11.70228942785761,-2.7316618047734043,12.426466564825974,-4.536544257290612,-1.6485471615675105,5,1,0.562445878982544
GSM330625,7.581282968600667,30.47020132291331,-10.754369012069358,-38.620273992186135,-0.5909628426416214,5.751777094707704,-16.11795273722991,3.5898551584621177,-1.523017027712828,-7.958130294922867,4,1,0.8887397050857544
GSM330626,45.71452082857978,-16.590244851806634,-3.5562497173841616,1.1312423686198603,5.154833371982077,-6.043419637087183,-4.777487481220292,-0.39334249108240965,9.298263381596154,-7.832133432829225,5,4,0.8707413077354431
GSM330627,25.75576087977586,-1.5537857503948402,7.815226820305386,-26.945953782108518,-2.3089631381966695,-22.45915659699086,1.1458177749925567,9.34524072276461,-10.24436715896992,-2.2368458058006393,4,1,0.8989899158477783
GSM330628,27.454585167881604,-1.6027401335328413,25.449352670845165,-20.733157971031396,-7.523738260135845,-21.354068409986883,1.2839354788864081,8.583154482093072,2.428181892268133,1.0674175908230565,4,1,0.945715069770813
GSM330629,25.909272866377474,8.10060076363267,-6.9542977804809745,2.1807575373145713,-3.262289020700313,-10.4816746697518,-18.692110763274112,9.11975220904997,8.809177524013975,-20.5447279511126,3,1,0.357468843460083
GSM330630,38.02555074096491,-6.3299946253183546,-3.8709889326850826,-22.45769561513859,6.73548967883861,-18.571269962229337,7.531656471743725,-7.286265732878878,1.725573302700585,4.548981324333722,4,1,0.9539843201637268
GSM330631,25.360322317471887,-16.328694447408715,12.107350570699841,-8.41584229456173,17.36966522202344,3.5137018072973465,12.063526818156584,7.544709533639607,6.275266561112995,15.336521366966698,4,1,0.9056521654129028
GSM330632,10.47573200192638,-5.076545712387081,25.875397330945134,-7.122545458919352,-9.968302885592301,-4.102053493013739,13.434814454510608,19.763818157156916,-3.3832353466158662,-5.228962985821792,5,1,0.34842449426651
GSM330633,45.803350356673086,-14.464259944297696,-4.278802449111095,0.5400579411131446,1.4681976280275957,-11.492632958739106,-1.2422840247425024,-5.0125698767773335,9.868550571402482,-11.353298119737541,5,4,0.8708382248878479
GSM330634,22.425632425872212,17.064106520740967,-18.184844295570663,-32.363846582776105,-4.854418919783644,-19.17070763133137,-6.606491465955643,4.916852208480543,-3.588257805328337,11.324508971525349,4,1,0.9482189416885376
GSM330635,22.742636648064128,-7.979733843720658,-21.908190659776565,-1.3194961283026283,6.749241736878249,12.77247414920029,11.784458612695731,11.120912732517924,-1.6717125242062503,-21.15040119616406,5,4,0.9366125464439392
GSM330636,12.476431362452153,14.086978102438998,-1.9296927831068897,-42.60401307663379,7.9874195487048345,2.666282477158824,-10.349213398348406,10.85313704982962,-2.127544079942781,4.2750775939565715,4,1,0.9504785537719728
GSM330637,5.972663488633218,-5.9685330715270375,28.908565798711624,-21.622451043274275,1.401943950525729,6.534833687716489,6.223528415980643,13.962677626221705,2.822501459255047,-4.9191697156848315,4,1,0.8971652984619141
GSM330638,48.06048225241563,-22.708662056199085,0.27549081704989986,0.995595190909985,4.014799227571637,-6.411286689339365,-0.9114302069592788,-18.31898347559381,-10.196418669454587,14.235705175890002,5,4,0.9341158866882324
GSM330639,8.310721729684364,16.868061452279257,-1.955874794817016,-11.011758719797522,16.388097624198362,-14.388336404859913,7.058865520994799,-10.359936303722849,0.36755829563933096,-6.9766456719697,3,1,0.4260234236717224
GSM330640,26.723880481594396,5.558217742486409,13.773773994422077,-4.493733895722966,7.381062641192309,-5.692967515545728,-2.4476261360393803,15.807241218972658,4.235226331316346,7.164408879152649,5,1,0.2142219692468643
GSM330641,42.05930848617418,-21.239916928689883,12.34929860401286,-2.9501640375105356,6.499990386994225,-20.19307665336348,5.861581039067654,-10.02342650922418,12.176302045408455,5.60858668323881,5,4,0.7901522517204285
GSM330642,19.328907278607936,-4.683920569742293,36.46943344355355,-22.905747277878778,-7.3104588669603565,-6.354980910187815,-6.433969830593626,0.13768421930212046,6.5978694145450385,10.017265538535868,4,1,0.9532775282859802
GSM330643,28.01619551511404,-12.77110349063487,6.01527046491359,-20.547571568011875,19.0551759248203,15.80837761904452,-2.338812199394308,-7.560552014420465,10.310648369989364,-7.270803284368658,4,1,0.9574536681175232
GSM330644,14.15572877732718,13.640429198544751,-5.300150771687782,-42.15438162623178,2.7808848028806605,-10.738506723599846,-5.371007090724249,14.024291285803143,-9.244091172096507,4.220235755666472,4,1,0.9468622207641602
GSM330645,16.564327720551407,7.33697001074793,2.3877274586510553,-41.850552781260966,6.472590433558943,-0.5079224777674317,-6.480612942937333,15.033543852199506,0.3813730887217788,11.636417443275558,4,1,0.9553945064544678
GSM330646,18.315882009314215,6.285613022120532,3.0866916680026963,-5.286181093595779,-22.457983941310566,-11.734650087427317,-7.515800026880117,-6.754581267664176,-1.1419131431185525,-4.471796052499412,4,1,0.7097209095954895
GSM330647,50.06951466742403,-15.829321455656341,-4.480486940689566,4.136072166160017,3.424375104645391,2.1026752453416435,-19.521335500673235,-25.170630041371215,-8.891473213555022,8.330419372404199,5,4,0.9319257140159608
GSM330648,43.448964369674535,-19.296254874083235,4.7313914148294955,12.601552946966711,-6.331829313977012,-7.968435756255996,0.8053472655261243,4.611425362655327,-5.969711364910468,-6.297585083275162,5,4,0.9302343130111694
GSM330649,20.546496374683127,-0.11764218307856382,28.50526932590687,-27.88246924045037,-12.108691537339258,-21.18099866881783,-0.35209291871662013,3.8698008731362696,-3.370980803871325,2.9042782696374365,4,1,0.9543396234512328
GSM330650,18.59056471082402,-19.630328397149107,23.823762748268233,-23.82210499766943,20.785439421514663,9.090534175660169,7.750509422333725,14.653866654833841,10.35711334345258,8.584008192104754,4,1,0.9150896668434144
GSM330651,14.947652364054584,-7.591019966134075,-6.814393829119247,-36.69727956982315,31.206064789538043,17.53709146444312,5.533461794637849,7.211831192347625,12.997752166145961,-6.26609732711957,4,1,0.95574152469635
GSM330652,11.899532297667108,17.736641999329272,14.523882458927629,-33.79988675442731,-9.364125032020285,0.9693557500150648,-11.028482134683976,-4.834585062285189,-5.091595447416697,-5.139662484121698,4,1,0.9445801377296448
GSM330653,28.58542937367738,-2.065085217407532,-3.6843802296232697,-26.351711336285284,10.611616515526176,7.948139009379383,-0.5135241394989238,4.128704091709418,0.3507696169091228,6.888840441981668,4,1,0.9516725540161132
GSM330654,30.317429783222472,-0.9859188775223114,10.430790957464056,4.60028653775494,-11.522690674071033,9.150308494325717,-26.196940082134624,15.844620486757611,7.524533915288629,-6.814300417799702,5,4,0.8852173686027527
GSM330655,47.03003445149533,-8.36424322782208,-2.1453248003916507,15.157213947530414,-20.79612382970914,-21.578998807077486,-4.118498225003853,9.200004423932818,-1.859484570740719,-3.467741892488692,5,4,0.9302808046340942
GSM330656,32.11225326855657,-0.31356286899593816,-3.5552752363399627,-5.256665111264019,-5.209509537894924,7.813228993446845,-11.76890958721898,15.211612101493007,-3.629349166974575,6.806495933146633,5,4,0.3223837912082672
GSM330657,18.799186994052302,6.303973377452299,-14.873944477558778,-25.123547321612126,23.396044243423,4.259577624948095,5.193703486327542,1.3627721098506036,5.243076025349696,-10.628555358416131,4,1,0.9475255608558656
GSM330658,28.57532682856111,0.5210725717059469,6.507943021621009,-13.883774386676102,-4.79336422731835,3.075017921653101,-15.419585524640512,-2.0843137245961487,-6.604953185796681,-12.056090052349699,4,1,0.8918629288673401
GSM330659,39.3368732651879,-19.53472591054445,5.961696186953721,-9.837626047284179,7.759367303277097,-20.792576245151825,7.948867743841553,-11.239832648257053,-0.8503341649398084,7.6910657581308035,4,4,0.5413183569908142
GSM330660,42.99559101508892,-12.462437952745242,4.192613112019855,-4.52919629829413,-3.295449298992534,-6.763567281040271,-1.61035596421317,-8.164516011318906,3.373897432023877,18.56675779341027,5,4,0.8831718564033508
GSM330661,39.515673653145015,-14.26598652564486,-20.67350328466589,9.22509887250932,4.490456563218544,6.926182549614846,7.516560727775947,14.40084596921442,-6.009594067214024,0.11016512771696418,5,4,0.8944435715675354
GSM330662,36.52596052700252,-15.048561628598621,-16.463369762637445,-3.8732190906689286,12.039343690465111,3.57146089798457,7.025209501959599,5.444804350980386,13.321226248704932,-13.24481217225921,4,4,0.5987342000007629
GSM330663,43.94910490275702,-24.64201628675492,16.692989858179203,-2.641384657986054,7.4916465681066,-11.063189279004256,6.332360437532479,-3.607451137884718,5.724066873716547,4.719732085511238,5,4,0.8780081272125244
GSM330664,11.765145299240082,9.184121149147769,4.028685561309511,-3.8979053846796146,-3.669584725050253,-9.287589696402788,3.72955069205773,21.017854158942985,4.500047837633771,12.046520492801504,4,1,0.8940169215202332
GSM330665,31.201245590056732,-2.0337007540010954,0.17221644229402663,-28.65728650817456,4.879451147078753,-20.89106335757424,7.487401547152955,5.715594607006544,-3.4524026991181476,6.476416381332928,4,1,0.8855276703834534
GSM330666,24.635429009700555,-12.298949388165093,-2.9683252798050117,-9.656989322064867,19.07029624227993,3.8606433938415226,1.455112576612594,0.3656882536743294,9.691900665356796,-6.460964485044526,4,1,0.945705771446228
GSM330667,26.053434892744207,-27.223782762752112,26.869036889757595,-5.4719328882401435,9.424907050525983,-7.619692500248231,12.819315029859402,5.299538916221197,17.327021884314817,5.844458456689533,4,1,0.6713329553604126
GSM330668,13.211460752498295,18.661041284018932,-5.537398887904002,-17.464492750978064,-5.533034170692634,6.265199216981108,-15.474446356656486,23.82842077540837,-1.8252772025013542,-8.28801330016353,4,1,0.8906485438346863
GSM330669,28.21873772824781,-9.850777782244727,-20.020413658728685,12.347893784149806,-2.663841740478766,18.173224497213916,-13.532891748319695,10.640936522819155,11.933302620348826,-28.170372156980434,5,4,0.9324080348014832
GSM330670,31.738969142078226,-2.067611854055774,-8.951085710410139,-28.58251310406867,10.638255579785508,-27.277165475723603,11.733111372346704,-6.159831751305567,0.7051712841466542,-1.6386128266798616,4,1,0.8944715857505798
GSM330671,22.363633038172043,-22.834243053774202,27.0538577559238,-21.660352331506292,19.091436699087016,-3.101520027611815,13.077906786199469,-6.047955670102392,14.53613612083577,-8.246258646375514,4,1,0.895512044429779
GSM330672,6.268987199056303,14.1220272608655,19.3307556087408,-8.09569503819322,1.2040205734111278,-3.1163458821473697,-3.420092640778516,13.710271899514748,1.2012457330336523,-6.5124115552133555,4,1,0.818051815032959
GSM330673,18.927804476737037,5.57210848138632,7.299693935576247,-22.402250276005816,-18.454280007024533,-18.554019078823,-4.778359968392467,9.53085829930937,-3.2098801676517237,-6.610180173295131,4,1,0.9470796585083008
GSM330674,16.51293704713563,16.783844786689276,-20.17091322045855,-41.10084768612428,5.757432600925633,-7.374111183282005,-8.418438021569935,19.603234476916814,-6.308149130467658,10.503714238474226,4,1,0.9563350081443788
GSM330675,23.27251253229452,-4.492796690142101,20.847787200696168,-12.011587562012489,-8.080379631138651,-19.004583890615855,2.656072661197264,12.420775686179,-4.566540355878791,5.1250095959699475,5,1,0.4315211474895477
GSM330676,27.916446577126248,-32.23610363686211,12.53049474147046,-13.207332987509567,16.94289866729785,-5.98105696114586,18.571487503775657,-6.7258797952110925,10.52022049834485,1.329363503486621,4,1,0.9571549296379088
GSM330677,7.905709534509533,9.370747579544018,35.72678320700397,-27.829953850280436,-12.1291928337804,-6.457514239343661,-8.536259215878664,1.3192605623550826,2.5818712273280826,1.5425263706779053,4,1,0.9484497904777528
GSM330678,34.20259340272066,6.890839792612465,-29.23512795740046,-8.933631375014441,11.805337861973682,-7.140219943095439,-3.1208914276684747,12.721594022836069,-0.762086255668421,12.768541889655236,4,1,0.8301284313201904
GSM330679,17.357770136979795,-8.470836547348657,4.047257712235981,-37.10963835370935,28.90975947259168,17.18542224817622,-0.8808355677660099,4.92762637553445,6.568624800633912,-8.813920295519475,4,1,0.9429598450660706
GSM330680,9.810000130786424,18.38857398472531,13.042218746174127,-25.073284385675105,3.6506544148534803,-14.163420507201268,-3.4293491868800112,11.097026893715624,-9.490065699882347,3.7338408601454165,4,1,0.9475836157798768
GSM330681,29.851143459777703,-6.947804328699543,10.41838943658789,16.658809382934283,-24.004389056399067,-9.53932072480238,-10.268527684625848,22.071177069917976,4.265990730412243,-11.041962856209821,5,4,0.9313074946403505
GSM330682,33.06417115705605,-1.7901877497318224,8.404867670356397,-25.332922345623977,-1.874961096673687,-25.720228109774506,-1.6566961592289027,-3.60866828940475,-2.497158890892326,1.2309669289967322,4,1,0.9029258489608764
GSM330683,19.63472998364384,10.420565227049705,-8.012290427296222,-26.92693387295974,7.986364757367822,3.805491017200592,-12.32685733842435,6.75680877379547,2.5736610009316467,-13.268117745231452,4,1,0.943921685218811
GSM330684,20.385486202893823,-15.549537615513541,31.75274724960495,-19.906440763210913,9.352583565684338,5.159743089221675,-4.894963564617765,4.188541289931838,13.124904246781592,8.497494435375524,4,1,0.8867716789245605
GSM330685,-1.3988848356877537,36.2269635992719,-3.292013814099957,-28.176330198156805,-22.06050034995757,6.331835850690402,1.834191046516503,2.4486454527438455,-11.023535279101562,5.437667550191457,2,5,0.802568793296814
GSM330686,29.242345502290814,-14.54082466873131,5.477304777935796,-16.796566611098513,11.42224862001112,1.6320018251150332,2.33023533808093,3.2049390961415747,5.763717275449689,-3.748274066268832,4,1,0.8251672983169556
GSM330687,21.57847463211148,7.5096796994103245,-5.73056647674054,-28.361347628137242,-0.09428676559567614,-2.6745043009828526,1.2405838317241236,11.322850650548986,-1.3744151757925174,11.083403316617298,4,1,0.95345276594162
GSM330688,37.56789398475918,-14.82675047672642,5.900534756816409,-9.718468730053822,-4.298350163694401,-16.97498370676907,4.679828457541538,2.673533745729212,0.928939355504309,-2.1116700283113077,4,1,0.8454455137252808
GSM330689,1.4585314430902336,1.8395963670453725,35.22101653324035,-27.245347269770996,-7.504518367957453,9.329524661776674,-12.565453399023271,10.66882340520203,11.166547653393383,2.6501766539883342,4,1,0.9492119550704956
GSM330690,20.551310003289462,8.591153762761587,15.993601391592561,-22.37938861806984,-5.969597665176436,-2.60631863227527,-14.153166465672665,3.136115245153227,-4.453838560305534,5.372644755353577,4,1,0.9465060234069824
GSM330691,23.340236656972404,16.592890094765778,-0.6201476504932912,-35.55529015953535,-6.612722824583229,-12.342393014800512,-12.491232750001899,1.0254559984493605,-2.7204969467080393,-0.485010469790155,4,1,0.9462903738021852
GSM330692,19.291694640134484,-9.572941749178597,21.169708011098663,8.51915204352095,-24.428989981154402,-10.062924855050301,-10.844548576166032,25.65653546649991,3.2620007013597982,-16.110950828706695,5,4,0.9396231174468994
GSM330693,24.603002801609637,0.12256314624732849,30.694451760370843,-13.132016383244558,-16.185641670344094,-12.589186549749007,-20.218594045201314,4.5923131700722415,7.545633419770232,-13.116819605294594,4,1,0.9478284120559692
GSM330694,45.11482025824314,-19.076632939035516,-3.6536263949849648,7.496099936185834,-3.907611380272511,-14.318340033687281,1.788585935594523,2.215376922778261,-8.181593297580662,5.07734211952998,5,4,0.9266544580459596
GSM330695,13.345398659804225,16.116245745200406,15.307751493693798,-28.595357457711092,-12.75498999990365,-21.9073076646779,2.44406572174701,3.4576202106363754,-7.448541603784756,6.037995899709131,4,1,0.8979474306106567
GSM330696,23.892663243705726,-1.460854564796774,17.086841871895608,-30.061245439519375,1.0191816061399022,-20.459044638995692,2.361310378361887,4.40225763978371,-6.360553944791099,-2.819261525625445,4,1,0.9509317278862
GSM330697,22.815473607833507,8.99991854696235,-19.430601328330983,-19.759805945661867,9.671089560655789,4.345506299076252,0.4943351451431087,16.004697146061524,3.2896210127286922,-10.100658835318358,4,1,0.942582905292511
GSM330698,30.728979328717106,-10.010960035522505,22.719164462695698,-21.319820657316573,-2.4948049139982396,-20.184047580592097,0.21184988735388646,1.4787310759289969,-10.940809709471866,15.196154638931825,4,1,0.9483917355537416
GSM330699,17.345818625475026,-0.3799679954792115,-12.364651132704582,-27.816253352498418,22.802041291089495,13.50313628839555,-12.680080387203155,-9.964533837411313,18.81512009342717,-19.112606165719622,4,1,0.9538520574569702
GSM330700,23.733819251795687,-7.98586055987436,23.519891981314004,1.1906866631250597,-21.60650110877733,-16.656042148762886,-9.85011376474079,23.724824947492195,-4.820760455738663,-8.94343373811313,5,1,0.7766079902648926
GSM330701,-7.89533738946292,6.372103027320861,26.301333643928732,-33.19558407948887,-10.962882008116459,7.407327163198177,-11.874599244928925,10.148341276912355,-2.4988953748559504,2.8866978276092303,4,1,0.837479293346405
GSM330702,49.585718956246595,-10.768211507425578,-0.11062881451979777,14.789121936271638,-19.171890406106147,-24.736918948385366,-8.338831119131124,9.373773463202967,2.21165174969111,-2.6028151242032083,5,4,0.9270004034042358
GSM330703,21.530004028211362,11.954500505196375,-11.305703601885513,-23.004537929851185,1.3987873079337831,7.123457716658273,4.565684894043508,-16.712831858067418,-6.915625113011562,1.5888120583110015,4,1,0.8119124174118042
GSM330704,6.181367074505577,7.332138199383287,4.157331012336044,-36.37190538560502,2.92085754196024,10.237647739255934,-5.421064948195804,8.011143507626278,3.0614248838045546,-13.616214356813327,4,1,0.9458246231079102
GSM330705,36.43964481289221,8.08768294695711,-26.804012398792427,7.106140320252475,-23.714270485835172,-14.184921491777093,-24.510094803918626,20.206763664220876,10.134379912707793,4.685340888220134,5,4,0.7567311525344849
GSM330706,33.74577439995811,-29.911854345909155,9.78268799413367,-10.310660720251644,23.296052329797014,-1.3755664055289878,12.340046235936622,-12.149486377742925,15.301001089332718,-2.993588213762343,4,4,0.9058287739753724
GSM330707,10.72100520205929,30.05894657618375,-21.902231505640675,-26.674501390215017,-11.000523444242798,-7.137166072656397,-5.366094273215735,7.065253558575803,1.1176027078174908,19.930417979398655,2,1,0.4785898327827453
GSM330708,20.309756181179825,15.062130795433916,-0.2731343562497254,-37.93188819712067,-0.8943693945862601,-17.383285542140374,-5.78801017574636,2.01722632614648,-0.9549604443697179,-1.9605874376164856,4,1,0.9542061686515808
GSM330709,39.095781959707004,-4.757490588773202,10.250211515486445,-4.501542295298563,-12.78862710466446,-8.074854020855872,-11.192976207026579,3.783476400339837,11.8305817585338,11.602079191026755,5,4,0.1053695976734161
GSM330710,49.47291411745673,-12.478653788637885,-1.845354789934173,0.04982303810389895,-7.157905562827663,-9.229776463043574,-13.466778087780161,-12.66720074782019,-7.982424842361292,4.7817214147176035,5,4,0.9324904084205629
GSM330711,34.698759357649855,-0.4032599454831847,-21.32436927901718,-18.794132286980606,7.872856024457545,-14.190577856049943,-2.628023355109631,11.29091424253437,11.427836170021195,-1.2114536075362874,4,1,0.95064115524292
GSM330712,7.76477079323037,6.717465686527315,-18.968703069646057,-18.300737904026548,20.296018075312304,-6.6499442676726455,2.7167693785151372,15.061980407162888,2.2620480326381,-4.688016930902135,4,1,0.939706802368164
GSM330713,14.541001639494658,4.705753447494297,-32.54223633334677,-9.654955091979923,0.9745440405200709,0.022220427856082945,18.701704592347586,23.86921292477336,4.774129792520846,9.719735896603392,2,1,0.150844931602478
GSM330714,27.926687702879928,9.907594452273974,-8.439293173525238,-35.82665517583444,5.638213481165329,-1.6486572976588068,-6.70972400300295,-7.885803259726235,-9.732570096421485,-0.013650426646730895,4,1,0.9561180472373962
GSM330715,21.664612655985344,-10.303401834969499,-17.262819675409652,-34.88028294412008,34.36387161814303,6.3439880387358905,7.983766580064771,4.387100155413606,11.328988591408173,7.927393080619632,4,1,0.9508175849914552
GSM330716,0.37611624366077206,6.836063390413464,32.97673632703619,-41.1439411689985,1.9978588729241693,14.739993478326284,-14.78625755984598,1.164492080895875,4.703852110729032,-7.1349059199288964,4,1,0.9547410011291504
GSM330717,32.73928165766167,6.614627030395849,-11.886838061610147,-27.613005396183762,6.09186932373499,-8.993959379462607,2.143017295277388,-1.9563210268058944,-0.46807452926522825,11.411544473374402,4,1,0.9456931948661804
GSM330718,32.31357925431481,7.148131895630457,-17.67492294215823,-14.032210573428728,-10.778345594212984,-8.11128471874038,-16.82699616019557,9.933210502076417,-4.312121273268826,-5.1023112330938964,4,1,0.8847026824951172
GSM330719,29.60696439617201,-2.864748326451224,11.450048447597895,-19.759223630829883,6.76453552627143,-1.1707782673815856,2.7187972263177427,8.997134313671882,12.369545989114162,9.052716176861098,4,1,0.953918755054474
GSM330720,48.22788826406128,-19.797862692340786,0.2001487073362945,10.604972553864618,-9.419472343919885,-17.190190638026987,-6.78895086915804,1.5598913317386733,7.37125119044206,2.229539547210001,5,4,0.9356527328491212
GSM330721,12.92278129425801,15.799729550533916,-4.76588572798683,-44.48408756897221,-9.907755719002008,-13.574440192492977,-5.491927661081313,7.634538980897146,-2.985422130122495,6.863091789686517,4,1,0.9566534161567688
GSM330722,27.887567958452916,-25.976651073734136,4.167900971233919,-13.333437027053042,23.040234373275876,6.16116434749661,18.577190224023784,0.9815668086269154,7.6200686043927135,-4.513439026531436,4,1,0.9093363881111144
GSM330723,12.948904012528185,-22.226060050501932,13.46300325235741,19.071362135183193,-20.689455411600132,2.8840451518785186,5.713774099982051,22.106005448995216,2.4440987391566646,-3.683121838776572,5,4,0.934751272201538
GSM330724,31.72115802355255,1.774674113369949,-6.923396253382298,-5.064968655479295,15.24508176824833,12.499247237974435,5.1050188593909285,-8.067216523008728,-16.549186246786764,-6.7839529534630945,4,4,0.4661560952663421
GSM330725,25.591378364105246,6.795857979960121,-15.157092372094374,-22.542996875705626,5.761443314959939,-15.540043659664182,10.618815214502916,8.580648012610556,-6.314065742084835,-9.762024699367782,4,1,0.9487717151641846
GSM330726,34.06748479354398,-10.10184782648461,-35.1415834606727,-18.27670211032473,22.84462820910351,-3.1787341781524017,11.176804741079115,1.3121886683660031,15.502680056759866,12.140713254943579,4,1,0.9506950378417968
GSM330727,24.785558919152418,2.3075666232300858,8.223036618715037,-27.254834512246692,-2.497502282377498,-12.618825901056859,-2.6574476460425656,-0.27408880419698517,-11.297257142339443,-9.494469608424149,4,1,0.9447037577629088
GSM330728,27.531845331867657,-0.726080002178302,17.941759862207366,-17.70327585328562,-6.642230270109738,-7.12844681777181,-4.052331822784518,13.326501682721757,-0.3261172399738961,-3.401314815488091,4,1,0.9439975023269652
GSM330729,13.306393144978939,-5.24938305848272,-6.228371452605171,-38.365245283074344,30.380951865802558,20.015334913064112,3.3893180755747316,5.231593414105993,12.430547727529612,-13.188226026149733,4,1,0.9469268918037416
GSM330730,45.91058203641778,-13.646502010007342,14.171508195954264,16.531805300798855,-14.85929939783509,-12.282250417438883,-3.9522147155567806,13.86757288394444,-1.8519435702794587,-1.945518341605566,5,4,0.9326164722442628
GSM330731,27.577609765278996,-20.338024261713162,-12.990316324281789,-27.057954942905003,31.472246674371927,-2.9849581987346645,15.5780018145824,-10.1877971117965,14.16044336990828,-6.998484986205888,4,1,0.946426808834076
GSM330732,25.475936569063926,-19.198087027283723,20.712318539503833,-19.399866885743158,11.142410992391467,-14.520558580802511,13.94336411476201,-4.339270580226834,13.473300041200456,-7.73804509372983,4,1,0.9150896668434144
GSM330733,8.749971799726936,8.870876906547364,21.219109357235094,-20.72925525815014,-13.621661746584651,7.028543873806482,-22.22706872463502,14.538045122272388,0.6898245538545082,-7.48719969822327,4,1,0.9467021822929382
GSM330734,13.109333540032795,8.505620219689929,-13.654432029061761,-38.068780872167075,0.6335313702961504,-16.49739608327575,5.602350604638199,16.79232261472959,-5.902094052458224,8.768562845021828,4,1,0.9508673548698424
GSM330735,33.32148006334462,-12.073876007654148,18.49217843797502,9.38423832870108,-8.92669426786421,3.5729408950423696,-9.247328776185046,18.232097228191776,6.6616232815114,-3.10991064430908,5,4,0.94297993183136
GSM330736,20.537261689448407,-10.388293757241431,4.954640842580859,-33.69130930662935,24.746451450545123,16.452807794795486,2.1124003814518355,8.71635335237604,5.617609756101098,-7.425165233465144,4,1,0.9529832005500792
GSM330737,17.895435903675267,-32.20597417079864,14.379656039464892,-23.09715612858009,36.76430852364471,9.171167960137865,14.591948606396736,-9.147146806296414,13.028588529038542,-8.88290295612214,4,1,0.9507569074630736
GSM330738,-0.3530255043187814,28.6815651019269,6.863814622094151,-36.0364153097559,-20.090224247506384,-1.836981206146063,-2.107725747320963,-1.6726704563750254,-9.693848041224143,-5.314572311863318,2,5,0.8114635944366455
GSM330739,23.360105998632246,-7.234087882259531,-19.25768954078433,-30.934536385628164,28.05432139973716,13.44957207256468,4.026596440166026,-2.068333951992195,9.20614629285504,-9.278290513880933,4,1,0.9494441747665404
GSM330740,33.792733097059994,-1.2000372723372625,20.94176708912183,-3.731515526294675,-13.037789970442283,-18.503243767395006,-1.0948372696052442,12.070184809121757,-12.620212546838497,-3.453341175068134,5,1,0.466425210237503
GSM330741,8.728427636759765,21.243104744216293,-6.969705488181226,-26.993418432927168,-10.658244156270543,6.377012570904439,-7.245392487107075,3.5794998750446214,-4.41864270665614,-2.841252962374738,2,1,0.7637297511100769
GSM330742,33.5138979629867,-14.582283012520017,16.135906589786263,0.9494587724892821,-1.2011383230421804,-2.4773537298039696,1.8580959218404824,10.698450617952643,-0.31557371670679496,-0.0829012149450765,5,4,0.5452832579612732
GSM330743,25.408802873382914,-17.65524848991603,11.608126299625848,5.427529691959642,1.4382168397161812,16.705616741493074,0.842515210890034,6.14993833272158,1.8987455347890125,6.188865233410306,5,4,0.9306213855743408
GSM330744,24.85352323332948,-0.11926085720582237,5.229281891715221,-9.703996369714325,10.01186309161498,-10.357326202664932,7.857932731045576,6.229573257939418,-2.6202377998540047,-5.611607486853972,4,1,0.8776631355285645
GSM330745,35.2637424239804,-3.049924932919207,-7.4103666190190705,-21.603159705270645,7.652587826908479,-7.793911971955578,7.549238928967961,-2.0235518885025634,7.023197893428868,1.1426490547245276,4,1,0.9451655745506288
GSM330746,24.51936878175776,-24.797574486431458,9.452959095172222,-10.747089059361167,11.903488541037454,-6.124230600681715,21.88292550203937,4.171149220838989,20.24980058645317,0.701972254566137,4,1,0.9506392478942872
GSM330747,30.753244475713956,-18.951975652553042,5.304421474596023,-3.716425408813401,4.846334533378694,11.398890295025195,2.5313337362727824,-2.271386504826559,-10.805556136512177,-3.5464726384268053,5,4,0.7196417450904846
GSM330748,32.70376549614095,-10.496894949526931,-3.226128536447897,-21.453038848666168,12.201750226630816,-18.64750377966543,13.48340315261496,-7.770207881697754,-1.2710090177031057,-6.836036042079918,4,1,0.8338320255279541
GSM330749,22.666673457364155,-26.947588235259513,11.579844316768243,-3.8591553870540394,15.080301417360443,0.458597362072062,18.856587983476086,10.552854746735022,1.7966360918178048,-9.391704755469185,4,4,0.4454242289066314
GSM330750,23.537219588022058,25.06385935754727,-11.62561037777036,-25.884913610868715,-16.292985134065994,2.0666221752521445,-28.21128367771816,8.188714155587855,8.558537151284057,-10.050320171493668,4,1,0.9458334445953368
GSM330751,35.45632980994549,-10.949154351404133,-1.7442409951930244,-26.204133768667525,22.149700469827994,-7.671904270606823,10.569239436818574,-12.604005954315852,9.676678963818313,1.472245868091834,4,1,0.9109645485877992
GSM330752,8.432585051710419,22.01186905919555,-3.541535042866265,-31.39730842392942,7.933996957005384,2.656202534770731,-8.916377887544543,9.788876859534819,7.841555618632303,-11.050865942500337,4,1,0.8926205635070801
GSM330753,27.394801333478334,16.543422331430666,-6.226126214087018,-23.331324540245124,-19.13473459711814,-20.589183043099478,-17.390435227684193,13.671067938931937,0.2697398249369348,5.681025632734589,4,1,0.8958751559257507
GSM330754,32.947449151578645,-7.901157946723973,-7.609722798393365,-0.4327163060097762,-11.18459262900485,-7.059083854835891,1.4213711248299639,17.22871571515033,-13.251913181088732,-5.189135244318093,5,4,0.8443483710289001
GSM330755,28.98475423689612,12.474268620056066,-12.313741408217831,-27.176471184385118,1.8401091413266477,-1.415225225294909,-12.685857231230507,-0.711810292796919,-7.28116293257173,-8.616877174595299,4,1,0.9489995837211608
GSM330756,39.76176709257813,-27.43554807710875,5.495916024458964,-11.004528737027124,29.351291319280733,4.4914925985533785,5.973984771531154,-16.904608053966175,10.028335402094985,13.050426625896534,4,4,0.9029807448387146
GSM330757,20.515826628694732,-9.586129330322233,12.549158775786971,9.96675260026031,-17.380325011434135,9.99309214975677,-9.820731567291219,23.686627852528268,5.818627029034654,-4.873275852764631,5,4,0.9313625693321228
GSM330758,22.494265174569133,2.6835828259155083,2.8233787459125192,-2.6542115151042847,-1.436421378857381,-7.774624933928799,5.624528735706073,18.17840573198858,-4.945720307685532,1.3670546534929904,5,1,0.1796834170818328
GSM330759,23.88494155353107,-2.996774911101481,16.640184011686795,-12.629076853293357,6.960135156673146,-10.835117444283307,7.131576534743949,9.63534967218325,-8.80816856720803,-4.526683534014119,4,1,0.9543538689613342
GSM330760,35.19953722051223,-2.119217610585913,15.818870412824836,-8.848583196833792,-18.9652302734642,-24.922499434213925,-8.49457421179862,10.922211104975817,-3.395634850850947,3.637843479292334,5,1,0.5063483119010925
GSM330761,41.78873296246823,-22.111850917455573,7.240699585710928,6.63493467935857,-4.046791498987586,-17.71422497678243,4.9096314076004255,6.536595738442017,14.176724520196226,-1.9853867128445863,5,4,0.8446715474128723
GSM330762,20.415522460858796,14.763159927522914,12.393973991993008,-24.621221431166227,2.1142196152916606,9.20113939564651,-11.971683234786445,2.547651875696342,-3.79048141521764,-10.651749439557411,4,1,0.9021888971328736
GSM330763,6.505147350980129,7.131908585905887,26.132718957982853,4.782727097438188,-6.892191536772267,-11.943624744306833,-0.7017385934162661,16.628582215944068,6.7131555786955355,7.518099436633091,4,1,0.6570954918861389
GSM330764,19.72717712129385,-4.162820592940406,4.153168667174437,-2.7399673493176473,-19.748796949195423,-18.465467869690226,5.926750362207871,-0.9724472809196075,-6.795652065747054,-9.405800221188802,4,1,0.7604689598083496
GSM330765,15.45215137457606,18.389149104182575,-9.842756267576277,-34.79093867383131,-1.5615609971396558,4.169808501539359,-21.62089534157849,6.588775648901712,-6.687338728280262,6.064707249686461,4,1,0.9549407362937928
GSM330766,41.170061816454655,-23.593463504622985,17.22087213269579,18.915187378855478,-9.19516769752498,-23.53963320469689,4.732002803881382,14.407671761134072,9.084176708418548,3.1190921432997403,5,4,0.9334414601325988
GSM330767,33.881192633490286,-11.53237478617026,9.778867858435364,-11.04235691685616,7.399342953375571,-21.767684574819196,7.981552589579791,5.260448869886135,3.4913762924787917,1.7689358870976053,4,1,0.5083686113357544
GSM330768,42.64465675089547,-25.714884281962817,15.046209484158494,3.121875206631097,3.759668734420036,-15.237162269240729,7.179893782100605,5.784182331603206,13.662381159416027,0.41114781653939175,5,4,0.8891659379005432
GSM330769,-4.667518389524878,-26.26121072262014,6.240664307708628,-10.91835788154645,23.907911557045715,30.65977272002523,21.503894271012133,16.103566814697043,7.400010208465036,-10.79362406236636,1,1,0.7183454036712646
GSM330770,35.89769893486206,-0.8710685320256846,8.142566147391044,-12.582460185617405,-10.235004922456918,-6.288510333713524,-11.156579884466522,8.227496827337479,6.284340323033503,1.0066416584281204,5,1,0.0624425522983074
GSM330771,31.204613403953726,-7.240155176283827,8.598567261348789,-14.994083108106375,-1.7455067608316612,-18.284439538788956,2.3829468625137484,14.765255996941727,-3.2415846656920504,-8.024596993972548,4,1,0.8501381874084473
GSM330772,6.7566913761317515,14.507437546885821,12.241921664755813,-9.528772804139638,2.2936398989326894,-4.95872367526457,1.4620425195433386,13.665824452100722,-4.768013941245289,0.9767470922029577,4,1,0.87937992811203
GSM330773,26.218986621348133,-9.456224842527854,-3.5692085401557962,-31.277157913834813,21.444255969258045,-8.342017714378025,11.581266364463978,4.583968932241321,0.9551978243068726,2.5232029675768946,4,1,0.952077865600586
GSM330774,29.318709143613354,6.4781305785538725,-18.125080964140462,-7.621353646786572,-1.9508250749265712,-26.0753901806236,8.149398769113303,8.974533950230365,-9.869924320041465,-3.831084766864468,4,1,0.6840173006057739
GSM330775,30.929226064536486,7.597460702236982,-26.910270952829304,-28.340598657428703,10.760356247693965,-13.546698448068463,3.7697606176223295,4.891376390981642,4.260613833056097,10.009772761088403,4,1,0.9466774463653564
GSM330776,28.642595810993246,8.279712333086625,-24.104105548141188,-21.253779419504138,5.428039763637709,-12.04941575859698,-0.5703857803222319,2.5874417930005755,3.1067839927163825,3.1282160212704793,4,1,0.945494830608368
GSM330777,22.719544018984678,-5.5450553443380395,26.712199304763875,-12.931749255050303,18.617011469708473,18.865918665999626,-4.985401219437937,2.6913893167046976,5.222363394965077,-12.137576690126314,4,1,0.8927793502807617
GSM330778,31.680020804048972,-4.62020073583747,-13.358602725266442,-23.85298956441668,18.27507696413437,5.009056384984427,-3.5689750227723778,-3.966077028863736,19.69143054773758,1.9975008119936428,4,1,0.9548368453979492
GSM330779,3.5179098079277313,8.362028322250609,17.386970892237233,-24.346021981205784,-0.9450667891177743,1.9613414804263318,-1.137386326712749,15.731775658254003,-16.17341282435499,-10.2333469321429,4,1,0.9505065679550172
GSM330780,38.003528957354476,-10.561787906047813,-18.52643210577269,-6.577207591382855,16.221213063825093,10.491967787234147,-4.724586897199836,8.044325512054463,16.300322386372077,0.18565457344294817,4,4,0.7961236834526062
GSM330781,38.96905980143168,-8.11900828132774,7.410233703074307,2.540697204311901,-11.202477205845824,-24.954721635199896,-1.3848167528914306,9.851206776323144,2.2729006359360056,-2.5234076681015614,5,4,0.7902095913887024
GSM330782,23.44754359238293,-16.403876668368383,13.41199957688757,-30.496090769358876,18.760124881367897,-7.481934305078651,7.017229046920503,-11.497769720447275,8.746631445122867,-8.64347219713135,4,1,0.9138317108154296
GSM330783,12.527088150919196,-19.321504174801394,7.823375034001781,-17.617046488295234,11.237667287583303,13.433879426944465,11.508374246928842,12.878071097253663,-0.07915823747696114,-5.211056688633627,4,1,0.8123638033866882
GSM330784,36.89573722298946,-8.299524652754746,15.173414418814193,2.8842613067604224,-23.223071996176394,-12.553879849109286,-20.345908271945113,0.11061826308016862,0.4995333241700886,-10.851379338207785,5,4,0.8327629566192627
GSM330785,27.02943356727302,-4.874774021299541,25.633868798568738,-22.419130838064643,-2.9570661219987295,-18.49297313021057,3.378505989337164,1.5269493677021417,-0.49424100287765915,-7.506590822361159,4,1,0.9460684657096864
GSM330786,27.478002803711902,-15.111663156159485,30.439016268845062,-16.27695813785902,4.67884616410669,-12.302035095054048,-0.7245208236972773,2.9739590436493817,16.09477334960735,1.2535682841264377,4,1,0.8695437908172607
GSM330787,-6.860066855018676,25.66347548996,-4.4272271533423355,-36.07949086631685,5.910831388698645,3.1747838072242565,-4.862789733734876,17.48393101292897,-8.960713442244446,4.908770104993468,2,1,0.1376170814037323
GSM330788,30.695334145143747,4.259804283396009,-25.223147378639688,-0.36902312054112707,-4.042424242989595,1.2208240946334639,-0.5923601767355818,9.212907095628903,1.7892480097998447,10.427370924281874,5,4,0.7854779958724976
GSM330789,33.43595379870833,-1.7467651721842048,-21.133474414973108,-4.643398422831196,11.157087461741428,4.1940190220504645,5.280765448538429,-7.819773012889728,-4.052362391449819,-11.035686237157027,5,4,0.8910253047943115
GSM330790,33.525006749480724,8.816179278466171,-28.523322509020836,-7.438643431795284,-4.196643354268387,-7.270140296725461,-11.979086710219688,19.683130740064737,0.6673853659043099,9.46299810907855,4,1,0.8584104776382446
GSM330791,29.200762390453768,-8.80797896988836,12.337910050735855,-14.666557702381304,10.02814884988933,14.93130698535951,-15.586498320126799,-4.822980241114305,10.73530884200409,9.625572964543313,4,1,0.9083803296089172
GSM330792,25.522103719222283,20.48526917516195,-13.336132579956681,-34.098197603310474,-2.5280958642190443,-9.702271120336125,-9.400238469559662,-6.622256729267885,-8.53908186695718,-6.501081820356365,4,1,0.9503029584884644
GSM330793,37.03164553580954,-25.353442627518742,9.633580895308757,-12.611070168015727,19.866346452861382,-11.549338603154904,19.375684461464093,-2.287446859014611,17.765786420237813,10.7020027616575,4,1,0.9574536681175232
GSM330794,22.87908043205204,-34.76423941303984,18.445584401122392,-13.885006903573986,23.302516773242125,-1.4389425865683076,23.763566764401848,0.16492575928587258,12.144269912077009,0.4560764345987913,4,1,0.9105613827705384
GSM330795,29.116850007826475,7.521619884560474,-23.78091460851362,-37.365859159139774,21.26224114330331,0.22966575301227618,-6.30543836942303,-6.237048156620661,3.1880168140830545,12.130864212395187,4,1,0.9433934688568116
GSM330796,35.355645241573626,-5.057586733159897,-23.006408059389845,-21.644867905290564,24.60564463429624,7.436058294770621,0.45242774997350094,-2.475235512784117,17.872654474154427,-8.596022743186241,4,1,0.947138249874115
GSM330797,11.31281992718598,22.384827962021102,-11.46387803267648,-41.14181390109078,2.0474920454908196,10.374739668128102,-10.91819602736786,0.7332276217579978,-2.1867189649044834,-3.89094235864294,4,1,0.941681146621704
GSM330798,28.448752075576234,-24.54371366134854,7.390531571723033,17.3086078751278,-11.188940774284115,-2.2161919907777525,1.5113264035713574,15.110592643968474,6.599350216203474,-9.119143142715274,5,4,0.9329854846000672
GSM330799,23.313970137634694,4.611404075730042,-30.1665374646306,17.09986598902848,-22.34127805428786,-10.8236763334086,-13.19513787009248,22.783986370393396,8.965132457243724,3.318330100461874,5,4,0.8066183924674988
GSM330800,-2.212325909351155,14.41782711522986,34.73834054599716,-15.85787361354701,-17.32034460993984,10.383005375484531,-5.867544144935517,10.049173685727848,4.522943950956273,14.880527575981464,2,5,0.6995651721954346
GSM330801,36.60669364411664,-22.687739170575334,14.818381066575993,6.993748209074651,-7.555254909299811,-12.347419047130225,3.9406865659410273,8.01307955642889,-6.163211782117917,-3.256293504604301,5,4,0.9289904236793518
GSM330802,33.77283948366331,10.295450580167017,-20.855121834735822,-18.888820177337795,2.2961449067381916,-11.436456818176314,-6.184758382875368,10.542662731495211,-6.211483100178785,-4.915783179545589,4,1,0.9501333236694336
GSM330803,49.20727290285426,-30.460989327652268,14.72116033411788,17.882544822066464,0.08073266000538767,-8.573081446702961,3.2425192371475124,0.9080986070221306,7.694963711024682,2.3870965990522786,5,4,0.9356898665428162
GSM330804,41.27315868390386,-8.145898149010646,-7.969443826947803,-6.045666017815291,0.7497254568508446,-24.421241528889315,2.7609841454216233,-2.0145945130757776,3.4086949568748692,-14.834993420614248,5,4,0.6438664793968201
GSM330805,27.452563341356836,-12.835270949829113,8.845982953241135,-0.9293358984906092,-12.213504537391733,-4.798033413218655,-8.193029895177974,16.18712794374324,7.994268051665573,-5.118784047793706,4,4,0.5117830634117126
GSM330806,37.35220889993436,-17.806208656847065,-0.09746970995864856,-22.743285657043398,19.914902410310848,-16.20663988955318,14.373894435380894,-6.320266036639846,5.0362106989384205,7.554435439659816,4,1,0.9100900888442992
GSM330807,27.485357830744736,-12.068191591697742,14.936551653328236,22.287615864472933,-27.298417604481287,-13.459655637903422,-2.263663769276676,24.940954942685018,3.4673762984056062,-3.7138067170975817,5,4,0.9333144426345824
GSM330808,12.014863676150089,21.273913373156127,-6.7753362218908135,-33.52268493451379,-9.78582279644517,-4.244267560762906,-12.709103752707023,18.375346716466684,-8.041540751391814,4.78159807784283,4,1,0.9531736969947816
GSM330809,-31.18561427294506,34.748223163378434,-3.669247879430718,-6.71045146079242,19.18036100816259,11.428356131637875,-8.174426530618664,4.146848195460891,4.727145673678563,-4.938760130114706,3,3,0.9636482000350952
GSM330810,17.574398614192077,-5.982618708274641,19.888199108185912,-29.703745634666674,12.936333991834378,18.600274117734802,-11.088218877077306,4.10070798727095,9.207519090257112,5.924181322716826,4,1,0.909603714942932
GSM330811,21.998574144595626,-4.158159014168643,22.659146743261104,-32.55630497298816,14.86966099261196,-7.077811482240339,5.909244070673522,-7.131890099853847,-4.726588929468553,-11.327769818496298,4,1,0.9415732622146606
GSM330812,-0.3249161503569504,11.799279922250115,3.5871880769686033,-29.748694190591507,9.186364152747993,8.594300946859292,2.8432462978361435,17.537114604157015,-4.687002105761969,-8.348772236529573,2,1,0.1261263191699981
GSM330813,47.09335035600563,-12.278821456794468,3.5162531141057274,17.592955951287106,-22.87946780528117,-20.312670544384773,-8.448227509019048,7.143525353095733,-0.8640719291149587,0.3815552316413214,5,4,0.9372715950012208
GSM330814,32.42430459317127,-25.671196234718423,6.524182606761815,11.748540002331033,-5.3480953738255295,-10.847433232507482,11.590667747603254,12.728543525258827,-4.8581779074718625,0.525456691245286,5,4,0.9272661805152892
GSM330815,10.460484642554256,16.82390773030349,2.0383052494611547,-28.540547384340336,-9.960969202726174,-9.397015167059845,-7.2463346131905,-3.293392952590561,-10.800272849569176,-4.348961654543511,4,1,0.9428883790969848
GSM330816,37.63342882673889,-20.842260841187834,3.6293205412851557,-14.318141155884868,22.564825973183336,2.6127329593815256,10.90234581200754,-14.611917330126788,11.341602446638126,0.26335619553555945,4,4,0.9544659852981568
GSM330817,9.818373687068103,16.01623516114538,-1.4015122683005155,-43.703467997550746,2.006486120645875,8.549948553542086,-9.779746201890498,8.60257268663093,8.442344046283475,1.2711819689651187,4,1,0.9508175849914552
GSM330818,23.551569738411928,6.1253824236566325,-11.444830798859348,-10.131592185282566,10.738374442606798,5.509240193590494,0.3624694494879458,14.568514835946827,-4.881142023276136,-0.5737779394204406,4,1,0.947120189666748
GSM330819,24.109394526870542,7.7250713435058005,-0.0875403843910765,-27.97795408521287,0.2781324658821257,-4.815860422996077,-7.895816431152111,-5.248648812704775,-9.29056954596841,-4.535860807059401,4,1,0.95013427734375
GSM330820,11.64431761937152,18.79872516950145,2.4863002290062863,-25.99073523314586,5.449167957237036,-3.4741235719614725,-1.8670595106506962,-1.7821325963204546,8.275450298837395,-0.27683067862475025,4,1,0.8286275267601013
GSM330821,19.569261350744505,-23.02695353436779,9.172847454774066,-26.781357753924585,32.51737225362906,14.359400618305887,14.427576824575816,5.060048356904689,14.574400384754371,-7.202359270781444,4,1,0.9597550630569458
GSM330822,25.627069912497074,5.021661561181745,1.8387412680698154,-8.932204576587871,7.438094018722901,9.863440453496738,-9.093190220643622,22.38024014658302,1.1561851836755297,0.43027028524899535,5,1,0.1658974587917328
GSM330823,21.38050332732021,7.281958357052919,8.053042749721772,-20.987565129476447,-5.952961845537926,-22.4264341335975,7.805560602300485,5.167843502889671,-5.269352579835275,2.9262691818698388,4,1,0.897249162197113
GSM330824,15.570156169236933,14.790928955573651,-17.832673646241556,-42.95931278461624,16.242296509400038,10.230355444096837,-9.515804397760471,6.465292701291703,3.3525053390024095,-13.323401356122863,4,1,0.9480467438697816
GSM330825,25.44811143110753,-10.945883209945427,4.294725232823353,-19.594751128802315,8.715089649645188,-22.244919818919826,15.268229614360742,-5.286046398294001,14.456577538601303,-0.8577457903818656,4,1,0.9468775987625122
GSM330826,17.084342751698017,4.496830209373956,17.379288110694095,-25.531556695357747,1.1577081230353357,-14.747340516986966,4.814548353378722,12.296431769433386,-8.632877005019026,-0.43033205508828243,4,1,0.9447317719459534
GSM330827,39.22227091562791,-17.099865930491546,5.390384296972001,-11.391113499572954,6.176499031972159,-13.553813960349203,8.993009791109282,-10.438366686643533,-12.228365950527833,14.094063896817682,4,4,0.837870180606842
GSM330828,27.504498979297676,7.1979983404922265,-9.98130445963519,-12.395642107006799,14.155180098799152,-9.509932460296447,-1.0887053839164011,8.870977001136547,4.020137560207502,2.54695271571491,4,1,0.947899043560028
GSM330829,0.12760016876215055,16.665606092863886,8.418530903030115,-34.872901776378065,5.620658293870117,12.111623639977504,-3.955523544094489,17.939243549015917,-12.174952207857757,4.950346101955443,2,1,0.1776693761348724
GSM330830,20.857781697866503,4.2638034431962115,10.01280257344096,-33.72876953429777,-5.238659628321477,-22.915240992693573,4.793317897478109,-0.20044141060995124,-4.404630132576585,-1.8269056395976797,4,1,0.9547739028930664
GSM330831,25.50426403963815,-5.032840863317523,-8.35725790165698,-28.207608976278735,21.220462028223576,2.68241776658257,5.969277332717766,10.837802464276777,10.511779719959987,2.407601161428451,4,1,0.9422894716262816
GSM330832,27.453439383151498,-18.45093823832577,19.724549722295777,-11.586323157583912,2.3247469490620114,8.667362818141278,0.5772370524058966,5.968238915914836,3.4971421530578324,6.763456283874532,4,1,0.7498944401741028
GSM330833,29.72312009059718,10.517484465532332,-30.530444699474305,-11.365739206891565,-1.523106964423665,0.6442358918410939,-15.251830595284165,16.32383611722405,-0.042415548977749885,3.298081222720392,4,1,0.8813636898994446
GSM330834,-1.1068763612495034,12.58056516143971,30.6241786454072,-29.078920734259377,-1.5430743170615835,9.807453903193505,-6.940470946622554,15.764484573475405,-10.034206341676455,-3.4561173919533443,4,1,0.89182049036026
GSM330835,45.10369793932129,-5.258621026336009,-1.5850726932339347,18.59208331521819,-24.109918701213054,-21.871941652072515,-11.261458057675995,14.225839389200683,4.316547692958677,-5.269699633844212,5,4,0.935007393360138
GSM330836,40.261317452207386,-11.464533650010543,9.574954004287367,-0.23104019193131153,-10.291352201329959,-20.319583722150817,-4.6486779222689965,3.969356426450324,3.228451076381682,6.609942019982293,5,4,0.8889456391334534
GSM330837,21.5611728442493,16.49232743381756,-3.8159283611211077,-30.29345615875077,-6.194327429729175,-23.597486862832675,1.9417110824263866,4.230760541954858,-4.044806094398604,0.42358785314712405,4,1,0.948615312576294
GSM330838,-24.31775032632827,6.63590999857984,-7.303987526477424,1.4815734232024322,-20.148026603966514,-17.248241011757028,-0.6659988170027477,-13.734921190565418,18.263304971528875,5.557275665144616,3,3,0.4764982461929321
GSM330839,12.101142195108505,-5.637349444926248,18.71890279146978,8.760388390136852,-0.2354019768946624,-2.071266139207557,6.39138126686339,20.194867232480586,-1.1764609365683287,-17.639879025010572,4,1,0.5669228434562683
GSM330840,14.792346226243227,18.60095155915099,-3.193290209235005,-37.405866633532845,0.11576645010622476,9.08963283944883,-20.22895510274992,8.110308331138025,3.360392596430077,-13.287948412235444,4,1,0.9500298500061036
GSM330841,32.36006252106547,1.969684437150224,-15.073157555351816,-23.908732619992623,16.618307066158906,7.484594282337512,-4.5623077651824016,-12.231436253248226,-11.638657537200194,-7.8322912964577265,4,1,0.9446780681610109
GSM330842,25.39440530016917,-7.587439387378627,0.37454286346802457,-26.12533943653982,14.66620069110761,-1.1090151247106996,5.55270843177938,9.549414528796364,9.331426673239184,8.28662443468024,4,1,0.9500298500061036
GSM330843,14.403718051213385,13.043900138902616,15.882337235476795,-11.10260757569468,-16.204350570963737,-0.3833500026391131,-5.049999348216291,-2.018420058693169,2.1252824196991527,-8.84703055826935,4,1,0.8394617438316345
GSM330844,3.2836153299070197,11.728087827525119,19.755563014959748,-31.03573373464499,-1.1543505714968678,6.279364303939223,-20.722293382656773,-5.231994177602907,1.5125074606790805,-12.831338834294511,4,1,0.8731755018234253
GSM330845,39.61383718314152,-6.390502582771414,9.124038269763696,1.9703464651712737,-18.381975143610234,-16.498254555336526,-15.936286092792503,-0.38266388407325314,1.4699345245794802,-4.881883966366319,5,4,0.934856116771698
GSM330846,32.14757180435887,-6.611921594269061,22.308955781406187,15.238127425251854,-26.755219663503976,-12.94008024314585,-25.157003479444597,8.463303402068338,9.593304987263704,-6.08029117159576,5,4,0.8989199995994568
GSM330847,46.04839862993201,-13.945134721824479,-8.8621093349728,-7.138447857867427,9.235381588829474,-8.594379169832076,6.773517178412077,-3.5300198869434154,4.685876226932094,9.287201195320252,5,4,0.8747014403343201
GSM330848,41.60624324691406,-29.754671954599814,-9.817355502746555,-2.3281330988761684,24.037526644989157,-4.939270087557073,23.0272210803536,-13.98671179659484,0.8084260568644587,6.621673210038851,5,4,0.5256397128105164
GSM330849,34.06623766512822,-22.041200290058555,10.138899169140052,-15.628019793436476,14.780370039445225,-12.635486382684975,8.509062246056342,-2.599747372695549,13.516670634335751,4.6203434245532335,4,1,0.8501300811767578
GSM330850,9.871380211443668,8.890358308268935,24.902260979852663,-12.944285875901068,-0.5741358638183076,1.4512194002317425,-8.62208368459389,21.023239909688034,-1.0736273707577635,-6.255534418583867,4,1,0.8406842947006226
GSM330851,19.912277740554604,-8.87168073103855,28.24086977085538,-22.018398984932173,2.9296909612152913,1.7609636725282996,-2.486707002652207,-1.4996528887012304,-2.9672270789795765,-0.03649943401011037,4,1,0.9488399028778076
GSM330852,37.37439529339652,-15.672866173556615,5.018875359843708,-10.066764438652568,8.769138951575355,-0.25420555014075213,5.7776345404035965,5.74285814011315,6.187015530902878,-9.439892214874197,4,4,0.4853217005729675
GSM330853,38.06106598013049,-10.293714566567955,0.1856560943514187,-9.165177927368587,11.039840921437497,-14.327368557626503,16.655861261806837,9.670034907338424,-10.148718574024278,9.686131661479887,5,1,0.6147230863571167
GSM330854,37.44780070969653,-21.24400371974252,2.351122492985187,-16.005715279781363,20.22197615470142,-19.996157832865205,18.805184958582657,-11.923744624302538,14.143825302017056,-0.2431723631677592,4,1,0.9080922603607178
GSM330855,38.8086046682356,-25.258899807656935,16.083288996240437,16.271493123536615,-9.54615304454552,-9.332392256574026,-0.14338195995656802,1.1031367969724102,-4.908443859932498,2.245701403481262,5,4,0.931942582130432
GSM330856,13.958453215183315,7.168176888932558,0.7811775376723734,-24.23696852519154,3.2729125572341484,-22.572001294744695,9.920824525379773,9.11673885984924,-12.508755322889082,12.689964511383788,4,1,0.9500324726104736
GSM330857,26.195048126433,-19.530346265530476,27.433175698195075,-5.540275857175976,14.616588119076141,3.6513419326844394,11.968774734204873,11.091863518974328,4.833479502149606,-4.122930362307373,4,1,0.4781422019004822
GSM330858,26.795936960759988,-12.587250270901222,14.791044378345541,3.325647032380232,-5.223894240339969,-12.401769549990883,19.835153304197274,11.034057360634387,1.4257707088770817,1.9407750450189232,5,4,0.7564329504966736
GSM330859,37.111107285494384,2.402881386460443,-11.369070744430855,-17.270927630626552,12.356594806084772,4.663968453894721,-14.736938296662702,0.8370784040967425,1.860205287298971,-11.109018621344427,4,1,0.9468960762023926
GSM330860,22.717910807562163,10.03216823544128,10.59317464697291,-34.714020854699676,-6.260380643609088,-28.376902757380016,-0.10920787862640845,7.949352368989021,-6.7923790832518245,6.6679629692105316,4,1,0.942883849143982
GSM330861,26.246931292164277,6.776922005433509,-1.121700735693841,-2.9724556884619036,10.91828525037777,-5.541874204890146,1.0448863453847121,0.9460704019699904,-4.128782661111842,-13.344100290546919,4,1,0.897578775882721
GSM330862,11.820605318397876,12.825194543415922,13.882779431165364,-24.9500780908135,-14.809957592502125,-6.5220819951387305,-16.742202086121807,4.824084962216644,-6.3095961375029015,-9.850229804020003,4,1,0.948768436908722
GSM330863,35.31555915252162,-26.184249133160765,-3.9735686588014114,-15.326510046267975,23.0284558580453,-4.112780349370529,18.45080214307793,-1.5662781857460661,13.312254108948478,11.471958633840602,4,1,0.9067299365997314
GSM330864,8.903193480517897,5.917798890667257,13.425621964597674,-4.276665060381062,-4.869902991051651,1.0078674587985106,-0.10518011556837205,31.35299632006536,0.5565223834351202,3.6599226099986413,4,1,0.889001727104187
GSM330865,-11.559916785119405,8.78841338568778,-9.861962712268337,-6.2247304846314275,1.8507379047047623,0.9536774750049895,0.1878234012992929,-0.8805273834637583,16.236028639235204,-3.5935496251384462,3,3,0.9125633835792542
GSM330866,34.47499347664721,1.7607309984279764,11.905873869573117,-22.223457252055784,-10.13752753157308,-21.813942527016213,-10.615767772911468,-2.0517550378137326,0.7876668303608989,5.778611865903329,4,1,0.938361644744873
GSM330867,27.96452807504612,-30.6471727449605,-1.224942919731588,-3.7667871703771105,16.98136077230776,-8.589658638616896,34.20416584595513,-0.4130342839784033,13.73499422976803,0.37434733680763066,4,4,0.948431432247162
GSM330868,45.2133218282602,-8.747156499558596,18.551883740501513,6.2385114048485395,-12.911087750055472,-10.15657593829001,-11.327187608855361,15.16150894115137,7.897093665813712,-1.4822911286904612,5,4,0.8408545255661011
GSM330869,39.3606548367121,-3.3922994331701912,-26.71390258790283,0.6852504699623648,1.2972857981367982,-1.4866739005244423,-4.257148122569556,-1.9848222627867889,-7.2512948820489305,-8.029749707183363,5,4,0.933795154094696
GSM330870,21.7586406896594,12.06107465037827,0.4589007542153243,-23.579012734157804,-8.037155751723015,-6.524709846313644,-16.083358474863424,11.060944986327273,-5.930885266615233,-2.8886565077919966,4,1,0.9422181248664856
GSM330871,18.030017182672008,4.985408345066184,2.1773320084445444,-13.149984719647906,14.628275435556981,0.785977405498068,11.744185153052621,10.791882692101575,-4.623830619429791,-8.381618082258832,4,1,0.9467975497245787
GSM330872,23.57954034667595,7.533104123130239,-17.968009255590474,-8.110059996559356,-14.063493798832916,3.488640330830967,-7.9189663043339,0.4552054664957181,-4.176396148171446,-14.8912990907797,4,1,0.628413200378418
GSM330873,28.110382200596522,-26.133672798242582,22.545528749031433,7.046028497283274,-3.6902830840871386,-5.073987787409314,10.971235373618237,13.621807604051192,5.673804770460283,3.4227676308591937,5,4,0.8408891558647156
GSM330874,19.652501862002445,-3.737267185209508,9.588662883584442,-14.160172210015768,14.214424684685476,-10.095626029922274,9.29392319405963,-9.300353748877471,2.2079953141386977,-9.128684424907437,4,1,0.9580847024917604
GSM330875,10.525655897736856,1.5658003916399352,21.098012932820374,-28.446797938201176,13.492640057804115,1.1193954748160233,7.689338071129579,9.874162893284415,0.04814286946195007,-7.423883690701148,4,1,0.9446680545806884
GSM330876,16.692572258617005,-22.614032106513225,-5.482086432414384,-30.994213346853115,41.247156555874014,19.72135076401324,9.310168715701456,-3.380654784330971,12.981526743976051,-1.0666140083497835,4,1,0.9514994621276855
GSM330877,41.361874759058225,-16.946158179084453,7.685691021250719,5.332212093371683,-0.43167417729636387,-6.115726553800985,3.920853297104782,2.917872009236071,-11.021229940887862,2.825848666360526,5,4,0.7545830607414246
GSM330878,15.219950239514516,-2.979144108154205,14.933016960382922,-10.115296234172394,2.4795286042533307,15.07217606594888,1.1161985498357552,-2.5633871644596145,-4.553687668621695,-11.72242644927043,4,1,0.8754507899284363
GSM330879,21.23116242958908,1.7320266233410229,10.728380910281542,-16.549437037531415,2.672934824488425,-15.137892865873091,17.2582729653342,9.564190623416051,-8.287945967449495,7.981393898389827,4,1,0.9579930901527404
GSM330880,23.35757116689052,-22.964031340329214,15.130414320168295,3.399364908193509,-1.6380998318867173,3.7979794714662534,9.388243236787618,20.345410656151923,7.053786302920613,-8.446343837807035,5,4,0.9328993558883668
GSM330881,-1.3797073633954373,12.838586405533448,30.719579032088166,-29.563195064245683,-1.4984021643367202,9.225503597797607,-7.129656525212159,14.706310102705137,-10.65876914283531,-4.80454390725964,4,1,0.9020609855651855
GSM330882,44.94860189625963,-10.967916271588532,-6.362675075894784,2.1979462054202727,8.273315922397632,-9.542624870121953,7.290749049683851,-3.7721343423064386,-7.031147634787407,3.9932073957212704,5,4,0.8312593102455139
GSM330883,19.760340668620675,-3.8420384568226114,32.62742265589996,-7.613836291896982,-3.1728719802546017,-13.763772232079088,11.845291359403888,13.893096697351346,-5.133672010800974,2.566514332937404,5,1,0.3374634683132171
GSM330884,49.87530874519944,-15.635695358002856,13.809113677989384,12.207123781212402,-7.893136646460443,-5.151129667669259,-4.714801644732563,-0.765483525903788,-4.390161883080959,7.598377690925902,5,4,0.9340242743492126
GSM330885,47.19515630123288,-23.835207032276585,6.2480761307146375,5.308290208368625,14.15560934895178,-11.398270329480376,15.20578652546959,-5.515143097855155,2.849301676741022,12.165193072404348,5,4,0.8252559304237366
GSM330886,33.74320312262099,-18.313826582910206,6.138702230857945,19.024638454307897,-13.60137093403641,-3.8523846361586846,1.9956460535296237,14.44497323653204,1.6431029346882249,-14.612093142460925,5,4,0.927680253982544
GSM330887,41.764189074754164,-17.182220738607768,1.9901238278242737,5.412055204610151,6.2150811558858825,-0.052139965535598846,5.753294825994023,4.6852893191969045,2.0207272701713106,-10.083007188583483,5,4,0.93474680185318
GSM330888,26.382451551313878,-10.575000334645885,31.04727742311879,18.375668589465313,-33.37647646126969,-1.2597829891109424,-26.29578995764335,7.270649457250822,14.847882386059888,-6.01370021933517,5,4,0.9376074075698853
GSM330889,19.8561655421832,9.024743882345826,6.99738355837762,-14.018790300021037,-6.5086697469838946,-2.5565858097763163,-7.729195210630576,22.75938726783173,-6.394976160574374,-9.107538642223519,4,1,0.9549166560173036
GSM330890,16.220112912924023,3.8326106603812797,10.263843956989662,-21.2888806698769,11.423217824474133,18.943423462560098,-6.909949885123874,19.27513417582499,-2.7240126332393535,10.113596593018187,4,1,0.846339762210846
GSM330891,31.638817238008507,-17.111884194625883,21.94614415230196,3.8141225930450924,2.676182575474499,-7.0193009951785355,16.885526909971865,12.848295669938613,-3.947904291309372,-1.669657308767686,5,4,0.8177012801170349
GSM330892,29.40700468454987,-12.191659833596205,-5.578975795919498,-21.26448452637336,23.557733723390104,-4.853305381864544,15.512270784095751,-2.287835028556854,-3.7849744292215006,-12.034884324030259,4,1,0.9446357488632202
GSM330893,29.183855007721576,-12.129602669271637,19.741771077100356,9.792975882597249,-11.313577122654078,5.287608225710668,-7.264719125203916,17.984586207497216,0.8388413542918779,-10.74746381286637,5,4,0.9309661984443665
GSM330894,40.31569074699872,-10.20812045842269,13.539459261326607,18.468703670153197,-19.01190130994608,4.3641288683736255,-16.75532805772349,10.446373036639551,3.4891833451262984,-0.17976958944472898,5,4,0.9461582899093628
GSM330895,23.87379266647696,-9.536875305175995,30.709341304695048,0.8827263641887193,-14.5840573705043,-13.133456135314178,2.3006950401580437,20.737995817534987,-2.9290974351932944,-0.020389952611105634,5,1,0.4475883543491363
GSM330896,51.33948850973947,-18.258769286363744,10.339367642191219,14.67133471226106,-9.595542722072585,-10.218609836598008,-5.750181465925558,-2.2890736984791173,-4.33367738137153,6.567730891269716,5,4,0.9344168305397034
GSM330897,35.8527414292761,-6.293833407215364,17.835340968339622,5.701437833683894,-15.114518406420801,-20.59307516194276,-7.93777683400608,2.727545818379959,8.24167137826843,-11.095376152339382,5,4,0.8387822508811951
GSM330898,33.77475749474622,-14.86711506151928,25.648631435433607,-6.009762721493356,-4.695732702156638,-5.9796273592902365,7.280533856634191,-1.5307001643781795,1.0237575501882425,7.632329466413745,5,1,0.4557527601718902
GSM330899,44.68014753647377,-12.382168564268635,8.59122814503589,7.679972149937552,-8.692124531879294,1.3579500271597922,-5.155451854197719,5.245700412295137,-0.4677203927743038,17.89438432426915,5,4,0.9304091930389404
GSM330900,44.082593276213814,-4.552398596348782,-3.672911090587957,-5.03835046580372,4.9736910171248825,-7.592959062192456,0.7917780389860967,-6.944198375540934,-11.329128173686188,8.661020294058492,5,4,0.6950974464416504
GSM330901,37.022695597471056,-25.40683214833259,26.113303260309777,7.5953898837445895,0.6251000978754591,-6.2714129468916795,12.34385625433656,9.438343518981336,-0.8089188856822954,1.7532582276511874,5,4,0.8434260487556458
GSM330902,28.57886631086159,-15.155086676669743,13.342475299779299,11.15719314462948,-20.56263191869284,-8.475752393365296,1.534967036097203,11.399495697684788,-0.7561950133442236,-1.7935061200609461,5,4,0.8288964629173279
GSM330903,47.85347528348241,-9.94622479219185,1.4866703559643912,1.7645936705360403,1.9819043137796535,-8.795280954478795,2.89861972600408,-4.956946852424357,-8.953877578753183,-4.0484182937037705,5,4,0.8312270045280457
GSM330904,22.128883358120444,-13.376436011914747,11.313713730035365,14.668145517587709,-17.654230993467763,6.364445433075633,-2.1934446516916317,22.023791453052244,2.82925237291021,-12.461716478504322,5,4,0.932507872581482
GSM330905,38.02077524218027,-12.44962857151423,20.016829740292916,0.08913992328069766,-14.839627353980404,-24.00320942445438,5.555176930183165,10.075501766374462,-5.3859297501372625,4.792616625817596,5,4,0.5453988909721375
GSM330906,29.98250963121574,-16.03346362469944,21.614126003128316,-11.681315103662145,15.221914347286187,4.461163628534007,6.353172626387089,0.4379536249959923,-4.969638757466176,0.9586161564260414,4,1,0.6015488505363464
GSM330907,21.28915721604076,-0.46389104320267516,18.411136915580727,10.95919998160259,-21.832867650931462,6.790878444458153,-29.97014933230995,13.991058139763085,5.743364893989446,-20.16689368321541,5,4,0.888856828212738
GSM330908,36.45051305989215,-8.167865445629314,14.83455025051651,-5.637110064414984,3.100032028063003,-4.287899281517454,6.279086508538467,6.78659721576146,1.991288584526372,10.418390985588324,5,1,0.5733919143676758
GSM330909,7.989270578701279,18.459896948094652,4.4948407196349764,-21.528788478958816,-7.129302646167367,-4.901443501648162,1.2158952057696641,20.365196862207682,-13.63222353094043,-9.262213611080545,4,1,0.8913972973823547
GSM330910,17.072535332319493,3.5827408860477616,-27.680525755000343,6.115868649021154,-9.736695751918075,4.213009905169638,5.246357866167981,9.384924018642195,2.3277358536730053,-15.166688618278004,4,4,0.4693897366523742
GSM330911,22.529985146638083,10.478805529859999,-2.4097567579651313,-13.201724724677028,15.685427081426804,-10.181777467362556,0.7752469149411041,8.023211251191494,5.454120960736777,10.158871915728245,4,1,0.8983966708183289
GSM330912,47.053321088230696,-11.099384852699288,8.747216311453457,12.127184442414976,-11.461683733151803,-18.048096983210034,-9.244441161690206,4.271953765520118,3.516078008035072,-7.504293784076573,5,4,0.9337137937545776
GSM330913,28.64835940817606,-1.9480932486892542,19.954499990491545,6.499269292083616,-1.3156373991510628,-4.071260368879335,1.0959494207484861,17.171139026910545,6.62522697751637,-5.100615562588916,4,1,0.6420937776565552
GSM330914,26.386467200170024,-27.765712286184765,18.196123063810173,16.069901638968375,-11.107132917157175,4.956050452818298,-2.0013988304521293,11.24690481899245,-0.7731883916235736,-6.898230053713654,5,4,0.9406448602676392
GSM330915,6.585649012063518,-21.21300849920078,22.381075913590593,9.5721411196675,-7.49184905620611,20.31495047731423,10.508826120314279,16.281490435809594,5.852067976232833,-9.029141924150407,5,4,0.9405117630958556
GSM330916,11.23675303685992,5.579722459053363,24.148074071332143,-18.500793316812192,-13.767922668101136,-0.196063059069118,-4.217406356446138,14.503072550288792,-10.067367099924391,-6.930705513895442,4,1,0.9454628229141236
GSM330917,34.47343497432045,-0.32408804334415997,5.215987852304285,1.6988111224825861,-4.626673084408974,-22.709658447257304,1.2582144451882935,9.423656817712287,0.11380054837824903,-0.6318021534441108,5,1,0.6192165017127991
GSM330918,28.69228947743364,0.4547193243169618,14.93095317475577,1.763307694731582,-5.590937793299279,5.218569720560567,-10.036821590509001,17.95379182944627,2.32049645593003,-3.140649196844577,5,1,0.472864955663681
GSM330919,14.929152975653672,-22.118311075881735,7.729673892161915,4.764574392865159,-8.996990857362093,9.272335898324535,11.911137724689214,20.537813232113756,9.659104442968754,-5.947804380600649,5,4,0.9333658218383788
GSM330920,16.20946341845681,6.650446434717743,17.135915529486862,-15.377576208185463,-4.152440524632612,-11.070818150079552,4.486766023607282,11.152999092977737,-6.8517733931938585,-2.392885244947275,4,1,0.9518847465515136
GSM330921,31.025033286858836,-9.66718047631867,8.587193271117867,-6.332538119741034,6.0520812373186565,2.556889140212126,7.813022084174692,13.413052148212833,0.16061253304581652,-0.40979985777725975,5,1,0.4736771881580353
GSM330922,32.55366706943418,-2.9242422579765552,14.462283822786736,-1.7227539745367406,-7.373276613858968,4.263482933922748,-4.632303217197377,15.534895729081873,1.382149171227631,0.8772189127784673,5,1,0.5446986556053162
GSM330923,20.027849092915115,-20.741536622996687,18.91138988257914,15.889027352331826,-2.6612464251168206,15.603787018478187,1.0762602244712904,9.257445496265944,-0.552734800272319,4.252702583240346,5,4,0.9353154301643372
GSM330924,18.803201814952452,5.57215548977068,11.244383737524277,-15.092738061162178,-23.994060270952716,-7.41290371807656,-10.648673757706101,-3.5213868155658137,-4.700612695444521,-13.135546420304488,4,1,0.7299240827560425
GSM330925,30.780199683991803,-4.747758828156933,-24.065451436564537,1.49304948142805,0.39866605707663966,11.719949693471412,-1.1384816881502833,12.664181201079527,-9.923839114777378,-10.916415890206391,5,4,0.892058253288269
GSM330926,30.587943307312518,-6.649768613856593,16.61684165322938,-9.72731336235538,18.61870796332982,10.053678421031154,1.7357130729285881,5.215542917845344,-1.8748771365984698,-0.16561987432999237,5,1,0.3891724944114685
GSM330927,36.06201333583552,1.2062596324609578,-0.6169229008501684,9.019251024928334,-5.582289433492767,-4.9818404554866556,-2.7653913763775737,7.398566570054132,-3.4304972537595644,-12.413181611431035,5,4,0.7253758907318115
GSM330928,37.243483972968974,3.0731093617785765,-6.6004445105536105,2.6407516972351126,-9.562747811691784,-5.836602619908039,-4.228927629755468,5.561656633757602,-3.436795716195467,-8.402188471361942,5,4,0.7305492758750916
GSM330929,-61.935766186519466,-23.22616925907666,-15.085534488050557,-2.5839501017590347,-6.158655514593698,-9.407857756958965,-14.457423417956841,-6.406492410201145,-5.399949335592235,1.0659671863782727,1,2,0.992441713809967
GSM330930,-36.874107706100965,-21.299057031054343,3.584949772365161,-1.838243986493913,0.751495829366775,-1.3368981981106187,-17.190292328101705,-13.346573405871384,-1.9622794503729581,9.915372143203554,1,2,0.9957129955291748
GSM330931,-57.28104749990581,-29.03381709768176,-1.9036465075576143,-0.6365456475954654,-10.913869369800153,-20.947873452744645,-6.829025166131805,-9.208813033187514,-6.531023004126203,2.4407820918217475,1,2,0.9927211999893188
GSM330932,-61.1847017354963,-23.21348270606339,-1.0104754903101747,-6.42323586463798,0.05355768683978704,9.436571611355959,-18.78559006287628,-6.573651761655668,-1.238854158466984,-2.3896205537401354,1,2,0.9936113357543944
GSM330933,-52.85236475883423,-25.59698018361533,-10.722376223896333,-2.688790873733799,-0.766883268797501,-11.832126038478723,-15.639424185616113,-4.9013917651980385,-3.251837888046972,9.317631244795768,1,2,0.9939936995506288
GSM330934,-41.236979058195814,-32.72538927399848,21.535215995988217,0.721430318912248,-2.7810003290425103,5.950063788690389,0.12490786435802399,2.4751239579025777,3.071810276149759,-5.793566869180266,1,2,0.9950759410858154
GSM330935,-43.21423230773275,-38.553368802952434,4.620452702979521,-0.928493223226875,0.3899316997506958,-11.074967362603543,8.802410576247535,-3.8799288625171764,-2.683364661507163,-3.888292361712759,1,2,0.9919236302375792
GSM330936,-35.24048866741551,-29.947154048606297,7.660817914772912,6.415079049499079,1.1685818340565488,14.528602908668805,-9.714288749764194,3.6879600524441507,7.025765123165357,11.028020639732194,1,2,0.9922747611999512
GSM330937,-55.25057578210217,-35.85365450087775,6.712321212646222,-3.1968294383176543,-4.475443639968607,-4.004186751259978,-2.9082511099843384,-3.9071468361083412,-1.7503512423572056,-1.1426357347741962,1,2,0.9919170141220092
GSM330938,-41.38156148135319,-36.077512587736294,-3.0724268120042906,0.23181412628562176,2.7542399676273415,5.583015111203191,5.326336655385745,4.0200695607096,-0.9663352135010456,0.887752279189995,1,2,0.9921824932098388
GSM330939,-35.628418852073516,-38.53243811693202,15.615413209466189,2.4290968435199134,-1.3731591691485314,1.5626148472724577,-2.0555539599553914,0.5751911699327075,-0.5786069187349189,6.4923973945097035,1,2,0.9946689009666444
GSM330940,-50.14612846438524,-33.83875125822746,3.569162323231183,-3.0979357337704254,-5.8766902546186675,1.4418029022268148,1.218753243533796,-1.6171861446747322,-3.6544783092719033,-8.019831219200512,1,2,0.9915771484375
GSM330941,-59.93219783595725,-24.43343886527156,1.1591035096394404,-0.5182840330967766,-4.197739637654107,-5.754899782763653,-9.28910680712121,-3.1900028501382143,-2.0579492512394726,0.7035954549521456,1,2,0.9936169981956482
GSM330942,-50.34610513555644,-28.86093445583942,1.0918768249088087,-0.9408418734745665,-5.7653079500751545,-1.0562373754967003,-4.985927970780558,-1.8378716041123546,-0.2630997914663823,-3.769926103700022,1,2,0.9958229660987854
GSM330943,-30.663343447333656,-36.665531654291975,-1.8863393478805404,0.929475578839989,5.292830168665933,12.020907657718501,8.434896995018175,3.8674489062097073,-7.136102450794988,-5.795027618796246,1,2,0.9944807291030884
GSM330944,-56.69659553170686,-24.87988066459881,-18.4553394999429,-3.0333659860785955,-1.498255008390334,-7.666755271427835,-4.967716400599974,2.249484627295047,-3.5000810238660662,8.431124576297096,1,2,0.991965651512146
GSM330945,-48.90207868526751,-35.718441776341635,5.164379448431153,-0.6495367753476473,-0.1974069485557452,1.4125659649518156,-2.2671529241917754,0.6693750221171629,0.552501498131197,1.629823619743992,1,2,0.9923569560050964
GSM330946,-46.8218860941465,-35.13894937636397,2.5245330664243903,-5.09279728703576,3.306985474935628,4.535653887921372,0.0919739194738156,-2.9981639877914508,2.8373445207149643,-6.669304024299441,1,2,0.9957234859466552
GSM330947,-44.854109513767966,-27.39680454068653,-25.13764016392011,-3.59573419277429,6.564398469871528,0.9046855538773572,4.691500703373248,7.219800473844333,-0.47133190576665734,5.725041063682577,1,2,0.9923738837242126
GSM330948,-48.8986620619669,-28.341505088997987,-25.33544808915638,-5.716933899157305,6.582942010829883,5.40587813906168,-3.4422007201560234,7.03935240522597,1.4822178920220226,8.207032366562027,1,2,0.9926838278770448
GSM330949,-34.30096115812994,-37.01663188106291,-5.999564381776433,-1.954881329843547,7.445044880830163,-3.6877086041824114,11.608483846556554,-0.8972500765771575,-3.961342729897587,-10.876730952221198,1,2,0.9935800433158876
GSM330950,-55.47827310583326,-30.319690218251313,-6.533235280255994,-5.042984728863915,-4.388346854822217,-18.428373439003856,-6.877037423312648,-10.953625298516238,-5.618005902956412,5.953834273683664,1,2,0.9923763871192932
GSM330951,-38.69175567565565,-31.784070013806453,15.672373551759833,4.272205155704042,-1.8073842620049891,13.770600752279844,-2.9947197880760026,10.955730809711204,9.956315344487834,8.050715071252709,1,2,0.99439537525177
GSM330952,-36.992990932382476,-35.31291719680916,11.700724984647534,4.868282722731522,-6.112553832012561,-3.4650107022338887,4.984170314864059,6.870947262727414,-0.637056832791144,4.386717916506204,1,2,0.9928836226463318
GSM330953,-26.234693177083667,-22.837705765858594,-9.483351105636928,2.9645020916984994,-10.769110947666356,-5.352429599961177,-0.9969705857515835,0.6494030764789275,0.4079373488204822,-13.003301388945824,1,2,0.992082953453064
GSM330954,-59.235891552713866,-31.32716320495592,2.232573129802347,-2.7082969335905984,-10.571723518557688,-6.461421898675681,-8.065129145137892,-5.286855589125967,-4.738736159280979,-2.826015926522904,1,2,0.9930517673492432
GSM330955,-52.09261450938349,-28.466856206019003,-9.460623367950138,-1.72427519548467,2.987216691020389,3.916407828560491,0.8934652650442897,3.398528236751489,-2.0485018296536515,-5.164284596632102,1,2,0.9923661947250366
GSM330956,-45.29784160362682,-23.493621773994846,-27.000993836457496,-5.21678479907339,8.530769781510951,5.009004456281402,3.265668349206273,7.700989824378714,-0.7915531909809186,0.364535852858042,1,2,0.9974634647369384
GSM330957,-40.51695513473017,-36.44454200466959,-1.472368115683196,-1.5370272801649394,2.337767584451452,-11.802630232859636,10.133441343319445,-3.113125213831244,-5.0039307775979145,-6.628844046349998,1,2,0.993586003780365
GSM330958,-40.79514487440557,-32.59107678246287,-14.37563471547202,-0.7600111870411186,9.916330518204578,16.81122208585634,-0.709180889675137,2.493584249061361,-4.2024295762774795,2.795177199479529,1,2,0.9929615259170532
GSM330959,-51.222973460749465,-33.177664656366865,0.6562143639584973,0.8393737114135311,-3.24899106734161,-10.461653241432717,4.257490871990583,-2.939313750497869,-6.40187236419676,-3.7218317978364324,1,2,0.9957939386367798
GSM330960,-53.374452184060516,-32.91662528044291,0.37712155366669603,0.9172622370215562,-3.3837770996453465,-12.286439718427504,-0.14003573005383424,-4.9869247266108765,-4.31187412546851,1.3380752733218404,1,2,0.992135763168335
GSM330961,-58.57021209913468,-20.38837899785165,-23.688641504208224,-3.9403731144332643,-3.253534196377924,-3.98842125313764,-11.202197643930715,-4.83516899943935,-3.965946458715005,-3.7273780475034366,1,2,0.9937779307365416
GSM330962,-28.417708070144975,-41.163167583102606,15.30561439304756,7.069047907600761,0.5677155920537043,-1.7515606643062007,5.244318815578361,4.613161575625543,6.747221162612103,5.455809659269861,1,2,0.992136001586914
GSM330963,-47.89953017752338,-37.08787599553329,5.30415938719381,-1.3338379116159687,-2.6338944667252218,-6.369092430829502,3.938165714972449,-6.146994010650172,-1.94038352227638,-7.555578966438693,1,2,0.994191348552704
GSM330964,-53.613549038695794,-28.36819010970474,12.909273125404837,0.8639760879963144,-12.52130484827073,-9.658241835447201,-8.94373076738323,-3.658330843753549,-0.6173036402584691,6.392473968707462,1,2,0.9940000772476196
GSM330965,-53.21402203397254,-21.801757808834804,-31.25641705663126,-4.606101630766435,-1.3581504776600302,-1.3169077866217511,-9.197716411512495,0.9564266041413669,-0.8899837234223972,5.591334948776109,1,2,0.9940611720085144
GSM330966,-22.926083710996092,-39.28581350516348,4.475491527400905,3.033294651045276,7.392617698873952,-1.2895888399213822,25.39042155318408,6.174013316239441,-3.1620330198969033,-10.986749733327494,1,2,0.9908263683319092
GSM330967,-49.72504856878096,-28.10217999318986,1.9962316769203188,2.212376542655545,0.5662194627582235,2.582055086896697,-7.567198571955703,-1.5425101314158818,-0.3984559079199546,11.172990512472946,1,2,0.9937953352928162
GSM330968,-64.51389412181508,-27.12597548768556,-0.8912102723502476,-4.516598573406574,-9.55168009302483,-6.060981744713792,-17.14635312486705,-9.594554530011388,-4.057239203153518,-3.513388881693515,1,2,0.9942417144775392
GSM330969,-45.556931850798115,-27.458763717861377,10.280340610008777,-0.5863545850688331,-11.971583588686167,-13.580386422542166,-9.21623889048524,-4.232450939318043,-1.4822778376510075,8.311987757492021,1,2,0.9942750930786132
GSM330970,-41.036405280344894,-37.52709963614617,-2.0418764550877295,-0.13552350345770364,3.6335707574358134,-6.873156201699546,10.148587263749036,-0.19099584453336238,-4.114636248122048,-5.402896583404589,1,2,0.9939975738525392
GSM330971,-47.2902804849881,-33.77750615148391,9.92881380284795,4.824091167483912,-6.3805342367985265,-10.138551292596334,-1.4826169571792986,0.19360784830124053,1.251603299761472,0.9722890594169165,1,2,0.992824375629425
GSM330972,-43.1891091506024,-36.33378833699934,11.066068720803175,3.4605966126222087,-2.6053606912180314,-2.809871303287201,1.41405129233326,5.5774633295401435,2.7146607707007853,4.3625639617600305,1,2,0.9930517673492432
GSM330973,-41.31595711143265,-36.728268631583845,1.371798477545244,0.7015013757937129,2.1385429995595033,7.117799538624041,0.9737562012434411,2.843095553308825,-1.677799108578703,-2.13971935208323,1,2,0.9920289516448976
GSM330974,5.72185774992889,-24.079923156884306,-17.75603143538724,-3.0215465321356056,7.166610047899186,14.897021348465858,29.408050824094158,10.877721235237686,5.7177544370782,-1.713340747820989,1,4,0.4036425054073334
GSM330975,-39.296122135241475,-25.083437770174793,-27.59358897924736,0.9846057881340047,3.1511147415221625,-8.220404255888068,5.905335146121043,1.5573581654833635,-4.38287006604617,-3.6031552559058007,1,2,0.993118405342102
GSM330976,-44.02713928557515,-36.42219372352941,17.83073737349639,3.427724994385321,-5.936195746325346,-8.021173116415572,-1.9420717698287244,2.667715877592017,-0.5985028321746463,5.01050590191112,1,2,0.99397873878479
GSM330977,-27.542917200427762,-39.46340642245615,8.391150559516804,1.3456358869076759,11.958102561965447,10.196232541312552,11.743938172894532,4.680690632046808,1.7771986544767764,-3.8437951319374624,1,2,0.9925566911697388
GSM330978,-54.1796820335851,-26.180021842294103,-22.140747994450408,-0.08652990405200249,-7.7939901042269195,-15.390641244310316,-7.570752093270575,-1.5758269302005405,-3.847362731561803,10.729374725523247,1,2,0.993351936340332
GSM330979,-49.63481270619938,-26.422987751109385,-18.678650017277747,-5.3065914117558926,7.1800190803162875,-1.342766881996277,-0.37767490850674795,3.142302025413613,-0.4600573485673365,5.4175094320800925,1,2,0.9920580983161926
GSM330980,-28.883025973169275,-35.85318840954664,8.601026229191323,2.45620956956263,6.28731988599891,-4.8157433691268094,14.185650031451688,4.961624803549473,5.6525750082534145,3.538412906445342,1,2,0.9955158829689026
GSM330981,-24.5769678834577,-31.50579171797243,1.181538658125915,18.043591254008003,-10.071574406511608,-4.066849479215944,-15.152856961739804,3.9537518173666335,1.944736342159982,8.498694739120731,1,2,0.9934605360031128
GSM330982,-32.55121003553473,-41.07038276027248,7.155749502790356,-3.6987913717066974,6.488743651392254,1.501292744042001,12.11896379664217,-2.2595717739095678,-3.0188524582762652,-14.19489961752109,1,2,0.9929615259170532
GSM330983,-34.0633953885894,-35.48276239491443,13.117481476868111,4.821353165652631,1.4636135506114043,5.82677350123152,8.534418829325679,7.560990752302138,-0.7977209475971244,-5.966551344265822,1,2,0.9929072856903076
GSM330984,-25.193897963502675,-31.00224216052113,-20.972524487699964,12.251808076826684,-1.3411085247391519,-3.818239487898335,0.01229517718121538,5.414344919759253,-0.411620090789755,14.836684871324012,1,2,0.9980944991111756
GSM330985,-60.89747764632589,-24.962995856452952,-23.55661038021404,-4.731545430783681,-8.002463615170305,-12.164193006601204,-9.31060097929454,-3.6877597912281153,-5.124855079798066,1.118028959165752,1,2,0.9941743612289428
GSM330986,-59.71017752130131,-33.23093983401689,5.2562487351728215,-0.5504342605570149,-6.6753831860376796,-7.971366221682398,-3.2204550292515037,-2.927601451503069,-3.7406894105324104,-3.1811270653197408,1,2,0.993922233581543
GSM330987,-40.49660256894244,-30.862898955239277,11.245771880118431,9.125030047348485,-5.889438546845018,16.190838880319696,-11.579073172397615,13.911845060722875,4.0984593751024825,-1.6357675741291386,1,2,0.9927057027816772
GSM330988,-49.69879580042614,-28.036437014322463,7.761976418126834,0.7575119177754446,-0.30540167309503247,0.9925262638329081,-14.362995093026111,-6.839194865962419,2.3792240781829377,-7.1126144045596265,1,2,0.994544506072998
GSM330989,-43.57873971960717,-33.42925829867511,-0.27777298770137443,-0.7818871892836956,3.4290984949815737,-9.02309295911722,6.827025426372772,-2.4156008596235057,-5.242663824277353,-6.92488317125344,1,2,0.993092954158783
GSM330990,-26.363121938398155,-35.76317510105543,7.7441831145386475,4.265134054280626,-1.8013603490587744,5.216860179723881,16.655561693700736,16.722942417226612,5.75864844560902,3.854066790275893,1,2,0.9913020133972168
GSM330991,-53.748757879360674,-30.99664646595885,-3.524264991387586,-0.297341621733051,-8.822798609735779,-24.39878374325828,-5.02587704112911,-13.101398161952876,-8.308224833051762,-3.3988779758498198,1,2,0.9918970465660096
GSM330992,-51.37683011559889,-23.199358759569304,-20.09233258635659,-2.4096421336153053,-1.8421081186938255,4.4606508912493625,1.4940915480734918,9.98785833617905,-3.537799321782918,0.4634121750571518,1,2,0.9928690791130066
GSM330993,-21.950989935317605,-39.38520724195221,10.133797039825687,-0.20990500650502664,9.104860498900658,1.9682554823659413,22.78963199730696,4.3519894022914976,-1.4502354210858328,-13.162837426685858,1,2,0.9924107193946838
GSM330994,-59.636335124098586,-30.28550798443475,-1.2451903911806792,-1.6156039988284343,-12.316791609282733,-9.435364755354067,-4.755956628470721,-3.6028461908753098,-6.796850101929136,2.0210273802281495,1,2,0.9928570985794068
GSM330995,-50.959044680685764,-32.821771198464134,3.0719089758422835,1.566085497842047,-1.3628865866610904,-1.6493682147157378,6.19606236351412,-1.2718429127968724,-5.1533436717301315,-8.356354911976451,1,2,0.991932213306427
GSM330996,-55.98667566846065,-28.71012525423776,17.03046343419532,-2.765574502780573,-2.822675072541967,5.9019598724443,-12.082508420805953,0.8712209298414906,4.856073852698823,8.627589450732055,1,2,0.9939633011817932
GSM330997,-48.569119141043885,-29.524313856235146,-13.113115837496554,-0.39383262351437837,1.9978536518066479,-3.348151093906802,5.085516153050213,2.7224884822698536,-2.6223092183559262,-2.8200102766254833,1,2,0.9946476221084596
GSM330998,-39.07754825314504,-39.49756253372374,2.486062520564152,-0.5311538189243868,0.6160167339707717,-11.301228266527408,8.276036586733738,-1.7094609924485955,-0.16863091018727266,0.6407645913323038,1,2,0.9934526085853576
GSM330999,-51.40267807479716,-29.97095162064888,0.6350631962501018,-1.8253769586730577,-4.279048992662901,-10.97088341323285,-1.5765666982195188,-7.425582406881968,-5.448702347174172,-8.423335741902822,1,2,0.9925981760025024
GSM331000,-12.79010133744875,-38.2858111505514,6.266754505776024,-2.900610465529986,13.672630463114903,8.24199945912617,23.950386294610407,2.228102695526517,-2.886188030194679,-18.131285334387652,1,2,0.9932981133461
GSM331001,-55.794576019775334,-18.84807332134269,-26.023400708964008,-9.306444356388274,5.282826953132712,14.353994599664057,-14.654267098044258,0.446675228986324,3.4735295683191736,0.30190625868159837,1,2,0.9917078018188475
GSM331002,-57.56145699806641,-31.109388990032276,0.5055218329767226,-3.8631881888302346,-6.614824092975255,-3.6617325276953854,-5.661165949865896,-3.7413984202967296,-2.873027581179897,-0.9860116673752904,1,2,0.9928168654441832
GSM331003,-42.502275256963244,-23.052416369454537,-30.767128279379516,-3.321333119574716,5.844293723205724,0.6159464999355798,4.362596800970105,3.3581899749662907,-1.9845873557006435,-1.7250372629281379,1,2,0.9939101934432985
GSM331004,-55.93147387702924,-29.459385665372587,-18.389242422107355,-2.9084313053150908,-3.2047757319811563,-3.43582126590776,-5.166024291416085,0.3425405105526847,-1.6303587120060004,2.6882884088866152,1,2,0.9941763281822203
GSM331005,-65.8153239940761,-17.651089462700824,-20.05179314407529,-9.663627152768388,-0.13300960182338234,14.685567461809248,-22.38033070326648,0.5034760490689306,1.8692189393688963,6.304773290572412,1,2,0.9927204847335817
GSM331006,-55.197658864389666,-25.017238361651344,-29.98722044291025,-3.5022941911807766,-7.287191430148503,-17.81227796056274,-3.4534583099344585,-4.539126724936851,-3.846466248086413,2.4405063997114067,1,2,0.995918869972229
GSM331007,-36.63709909161573,-38.287900740866476,8.550573075256205,0.9220784902507448,5.555882245898802,14.810627961766265,4.882659138719789,8.819193996465154,0.39028404648065995,-4.411447552399021,1,2,0.994490087032318
GSM331008,-52.360645790247446,-31.386802650450537,11.955455023800804,1.1697671705084502,-4.542274659149073,5.621481243886674,-6.980229771375529,0.11399157225791628,1.5847085896175075,0.6369303021053532,1,2,0.9956679344177246
GSM331009,-32.314739574986156,-37.535752938878616,19.74435216247293,5.81896615153969,2.6507053710638164,10.874308280291219,2.4365689018330046,6.425176034021337,6.025235825511375,5.626586026289698,1,2,0.9931450486183168
GSM331010,-43.56383032599986,-29.545959311895263,-0.6531798481065262,2.936026608452171,-9.29897915514656,-12.472222750874215,-4.924066466514712,-1.4307688664257627,1.2420106782448743,8.96177589375919,1,2,0.994112491607666
GSM331011,-54.74882381481247,-13.529916062873895,-35.849659718986054,-6.995486726248757,5.376553842192761,21.073980519963428,-10.624856229476103,9.010820589946414,0.12920038761142266,-0.6748188953243738,1,2,0.9926178455352784
GSM331012,-49.203092644776035,-35.876904674350406,5.319693158054669,-2.251904143433547,-2.3127419874571387,-3.8068346262646133,2.3021057707810395,-2.2976556314298193,-3.2941483287251385,-5.471888772926852,1,2,0.9924472570419312
GSM331013,-61.678410019400204,-25.64330974251816,-11.698926730569184,-2.4201900185406293,-4.343961152009244,-6.727160006062889,-9.724844021433094,-3.940360721597062,-3.880656247880588,-3.279192858450357,1,2,0.9941762685775756
GSM331014,-53.06649801369623,-35.951925623646936,7.351091128852807,-0.7171327962047325,-3.197792422012322,-5.101932845436802,-0.9668083206080323,-7.7950940623745,-3.612420852375303,-7.880979160459336,1,2,0.994544506072998
GSM331015,-49.13956494885885,-34.912280938632016,1.520084984411072,0.8962216133256521,-1.0266882043353698,-9.892971464873975,4.59306226929556,-2.4564482255156217,-4.896352772394872,-3.393795443469992,1,2,0.9935990571975708
GSM331016,-57.2245032376225,-31.854781857214093,-0.9784845014541105,-4.284936014876085,-8.499665899125464,-13.919830955478083,-6.605771139387133,-8.74568967968793,-5.4017479558005,-0.09028427163943012,1,2,0.9926947951316832
GSM331017,-53.536945691387125,-28.476638363727037,3.24851516568472,1.5859498106779049,-4.922819305847104,-9.419381438595508,-1.001083731305062,-3.5777053129249534,-7.0526896884291705,-6.280867220390791,1,2,0.9959664344787598
GSM331018,-52.28929136508272,-25.203864342339926,4.974725235778171,2.8403637533373245,-13.794659710587386,-2.2154607235233272,-15.495647830538047,0.932482611230813,6.1531665090603695,1.9084471850914657,1,2,0.9928786754608154
GSM331019,-37.07687174440991,-32.89607478612084,-27.275981069253543,-1.9701123880224676,5.092435643854404,-6.482941237150735,11.630222438715695,8.234879155648814,-1.672296747841173,4.4807274702696125,1,2,0.9929970502853394
GSM331020,-56.262496207258536,-28.408468153923454,-5.663388438339388,-0.13946310445507035,-6.489920768671409,-23.590025639744432,-8.479794608919299,-11.838454488496108,-6.304435439516424,3.2239951950148775,1,2,0.9929570555686952
GSM331021,-62.97038062634741,-27.903073828241965,-5.657412076534056,-4.682626061043025,-10.363103833592293,-16.401707139247225,-14.449041623847135,-10.83253308938632,-5.332011856327794,2.9409211171839784,1,2,0.9927560091018676
GSM331022,-48.27505573995211,-26.917545662748104,-1.8642552203761076,3.9173429622053386,4.264723465274151,14.144713117458403,-13.304913912057303,2.1778494703163807,3.4660728178617553,13.852437605291097,1,2,0.9939978718757628
GSM331023,-67.77607510788725,-13.994946237485296,-30.653752326871928,-10.876003361767784,-2.7759312427963634,11.844021049673964,-26.55369624863448,-0.48083643861917363,2.467555156433232,5.2468853397274176,1,2,0.9931355118751526
GSM331024,-63.18428570776327,-27.557936351611662,-0.1392051706095668,-3.568413766990731,-7.516892420217057,-6.834031106103902,-12.046390946877176,-4.425746022773965,-5.430999879692564,-0.7620965969670738,1,2,0.9921895265579224
GSM331025,-58.81152643603027,-31.253141249510236,-2.514466284095014,-3.331652161384909,-4.508079929806405,-6.728611882859367,-9.826051483079848,-9.126354107006534,-3.797063879179776,-3.8756049363008205,1,2,0.9925182461738586
GSM331026,-58.61615389129945,-32.45572377274882,1.4746131354987488,-0.6870716396350444,-11.83028983873952,-17.140860945836735,-6.095357049346852,-11.222944454693039,-8.113131380401079,-2.621700730942295,1,2,0.991799294948578
GSM331027,-55.007593967852046,-28.86351891397502,-6.293605085601726,-0.8360589553381559,-4.492664481895565,-17.12333278683572,-4.703714700654875,-10.538755628576409,-7.157387087255851,-2.48341428387031,1,2,0.9942405819892884
GSM331028,-33.44938032304183,-41.220816769607076,1.9205350675571211,1.4911337378986822,1.3558263598298566,-12.880513459404012,16.927396653853357,-0.9871572097180211,-3.940171403939,-5.120485810427875,1,2,0.9916653633117676
GSM331029,-43.37996439588459,-32.13747903926535,7.460634027741197,1.9640216177316105,2.690823311539882,-9.0257882750306,7.608812862372765,-1.1196672192894388,4.258942572715139,2.46068344862897,1,2,0.9924915432929992
GSM331030,-33.28711721806994,-37.796993427326036,24.803808823677002,3.6756875471155164,2.1513798192764324,13.927368753842613,6.1898807791127615,4.494094172186666,7.383232131020437,2.8417873486301426,1,2,0.994135320186615
GSM331031,-29.065792115973757,-33.50109711042985,22.05746540799186,6.200170442910606,-3.0448031710077283,14.186042117653818,-1.7878824705229672,9.89397944933821,11.339502646797284,3.7658314940618127,1,2,0.9916778802871704
GSM331032,-52.560858852172615,-34.99690209197269,9.103264936374233,1.9936262626885848,-4.369578675744334,-11.498243533698972,-1.367574185387585,-7.213793631812587,-3.0726579394268367,-5.216266890310515,1,2,0.991821587085724
GSM331033,-19.830270196614375,-38.37359907166418,10.287971087484937,3.8384374796922724,10.582389721663347,18.49625204234559,15.19554051711906,15.50974267039803,6.43450990493116,-2.190060169413203,1,2,0.9926178455352784
GSM331034,-37.05972673169497,-34.685646649418665,1.6310275246889765,1.2806055621550116,4.299485595286762,3.5974147016912195,8.443862634716865,4.745156945566031,-1.4938806604395456,-2.440108743312879,1,2,0.994276762008667
GSM331035,-6.254900875550948,-29.95872584933742,-12.461052984955673,-0.6074785640188396,11.91543099915138,17.25796486451202,25.091021414322707,14.144941540471622,-1.6722240083960533,-11.931960880243698,1,2,0.7893413305282593
GSM331036,-59.66494932897867,-29.565907471830986,-8.558820501074486,-3.8965219879944244,-7.48786954251947,-9.7312762463632,-4.924769047890112,-6.297918247222465,-7.356485894626598,-4.590053677262722,1,2,0.9936999082565308
GSM331037,-43.634785633615195,-35.307848679477615,4.113658013982011,1.2069634300725167,2.268564942625713,1.185577784189929,4.0466577919450835,3.1685614316980706,-0.17699000612176213,-0.4624455365411045,1,2,0.9922505021095276
GSM331038,-58.81699319112398,-15.64848938075709,-30.328682259993762,-8.26863314358339,-5.482654480697034,-0.1391062762809958,-20.219738282685558,-3.895509160835376,2.0083286967037512,-3.5232945985227864,1,2,0.9936333298683168
GSM331039,-50.80267186672782,-34.56229462649104,2.2349587823882784,-1.7136942228785392,-1.3583018145096477,-9.03520481046895,-1.3577714333681283,-7.47179201249312,-1.0759923232699347,-3.2263394908633662,1,2,0.9923756122589112
GSM331040,-39.86620237851511,-36.42029169053308,10.666592282698746,1.8510036929666405,0.9454433990230953,9.84115914937406,0.33812068778200055,3.3342056953826402,2.2814873859357396,2.5759331064311586,1,2,0.9947709441184998
GSM331041,-36.6400120441252,-27.04087357983903,-34.2119523083867,-1.3424299561643742,5.410903215858081,2.797673013515798,-0.7156855263797129,6.715948516976491,-2.9978268517877553,4.70044363997595,1,2,0.998144030570984
GSM331042,-56.808282163340216,-25.12219442978509,-5.027175796859725,-1.5089349579574372,-4.4502040462443,-16.43287259605962,-9.871612213364982,-8.54768798235189,-5.965049759128366,-0.17226354765928223,1,2,0.9934222102165222
GSM331043,-47.76250484516096,-30.26183515578392,-1.4101434017973362,3.050919722367065,1.0718348407541396,-0.6207921383783819,-4.742024381638295,1.3168855515684257,1.6083630180890258,13.788378558531146,1,2,0.993854820728302
GSM331044,-61.66811649674187,-30.257569993176972,3.491402560485898,1.3663048757954266,-4.729491033341173,0.6018709182228663,-15.844870559568822,-0.8991604535923993,1.08176695658197,5.977827061554907,1,2,0.9946348667144777
GSM331045,-50.795113638675424,-25.378330135433114,-31.914868697225774,-4.126475807463299,3.691593826503774,-9.745808473374636,2.6074739708643357,0.12063155068080243,-2.0701380310618647,2.930484459968269,1,2,0.9935044646263124
GSM331046,-31.43767719301855,-33.620362258457725,1.5999777201952243,1.3992425341524932,7.442161356648039,13.557069422870693,10.433805869242951,14.034988025518762,8.801643180978495,5.673902505397807,1,2,0.9921787977218628
GSM331047,-58.80395508360047,-31.25348248605321,2.2300257481839876,-0.22522280741422776,-10.60669082319942,-10.59796733804616,-5.671701370474882,-4.4422353720764,-2.1970202620583694,1.1770194626255177,1,2,0.9945634007453918
GSM331048,-56.60330036063567,-31.569188579468086,-5.9001639270360355,-1.7158848943611913,-11.908498026065171,-21.931125277084917,-4.489693263613548,-8.343201511317295,-5.047369302457497,-0.07114721777246448,1,2,0.9931079149246216
GSM331049,-32.039427147304075,-33.60462248763725,8.86656353481575,1.312786218693013,3.196143981921156,17.919000750506914,8.073327996189601,13.439921996368533,4.400502994220564,-0.6429918096712324,1,2,0.9940543174743652
GSM331050,-62.01004927206716,-14.17762975463686,-25.6675757068926,-8.5064914237631,-0.8444754708295126,13.890783095459476,-20.24353478215801,-0.084641646860711,3.915484789115186,0.8399052635445989,1,2,0.994201958179474
GSM331051,-46.879215316594895,-37.14265599242793,2.5007083138449477,0.09258146861850472,-6.044578301663506,-8.086442564433463,6.828583397110103,-2.5366685295311053,-5.236187436251364,-7.338413537567816,1,2,0.9956068396568298
GSM331052,-13.90109940786587,-34.3165605269879,-27.628390381518138,-1.1945511051162794,11.984131356231902,-2.786976857405008,26.302388737059154,11.231388042769657,-4.868954985154808,-0.8177858351946276,1,2,0.8598108291625977
GSM331053,-47.005191141086975,-33.16476658277808,-0.026419418012048813,0.3292474871492268,2.5433947110342063,-7.441911949704127,5.984389636125644,-2.528961275148243,-4.34224374522951,-6.6726319654229735,1,2,0.9941903948783876
GSM331054,-41.77692764594807,-27.887196401649575,-36.709831272483555,-4.682097251985349,6.525434707884365,-2.6230526928422777,8.974340595145462,10.104716331073897,-0.26072873980967837,5.955874348430298,1,2,0.992896556854248
GSM331055,-23.85158771830135,-24.990288878478058,-5.821495229541069,-6.5090085787276095,12.303207952131357,22.749766173257438,4.5799015723391,5.115586672423412,3.3716808432840466,-18.797162079884256,1,2,0.9260584115982056
GSM331056,-31.125615900090384,-34.30021713202231,-16.88143453677124,5.557122402282481,12.700447213726868,7.416670328728632,0.9198786099301604,-1.1667728656150724,-4.7631068331640645,8.795194360317911,1,2,0.9933427572250366
GSM331057,-39.279041104733395,-25.136188112988442,7.297751063687239,1.246702155613501,-0.646789865030228,-6.758886646035868,8.10801490490298,3.174503122863457,-0.3373644347472773,-11.292550083866422,1,2,0.9949506521224976
GSM331058,-59.62340701427647,-29.899716201212666,0.1686117914396693,-3.7813915823055377,-10.547077365218952,-6.314530733142742,-8.091209838830292,-5.383606741854972,-3.165972403344317,-2.1149011270688844,1,2,0.9931738376617432
GSM331059,-47.664998835373915,-33.7984381013547,-2.91404841270231,-1.1537756802059727,-5.132633415755841,-8.001610969137408,6.699361800545039,-2.4705967150086705,-3.488812120843095,-3.4593319781881884,1,2,0.9946886897087096
GSM331060,-58.753204105020906,-19.472796270702723,-9.115025321540534,-0.32188788180251504,-4.652052066719938,6.457548319252097,-36.252800006150444,-1.3502857428179866,0.6836777729373923,1.251385506297475,1,2,0.9929502606391908
GSM331061,-20.160531531504343,-34.1005439635682,-18.004606365145484,0.9927783069177275,11.389681250420164,5.988811591682011,16.772104148817963,6.8994619739346055,-6.510588898957769,-13.283541380221655,1,2,0.8897428512573242
GSM331062,-35.97421570507653,-36.382462247765076,-8.015786262954444,-0.4645502836635645,3.542175867384383,-8.92393769915796,9.575557199873273,2.1459386069683957,-3.3348114464036196,4.768173683274226,1,2,0.9912181496620178
GSM331063,-51.143452221211675,-26.082525247488995,-1.3557217170526936,-0.5689158263032037,3.336065132880143,-2.418342723489032,-1.3463681014298732,-5.305168100785511,-2.3437869291071927,-5.825999754491158,1,2,0.9920190572738647
GSM331064,-46.90846816539251,-38.387815511161016,9.706047565657762,-3.467355703159654,-2.85548864231377,-1.4436381081801253,3.6294926691888505,-0.46954247843755953,-1.8438506066854823,-4.9971810371021945,1,2,0.9914464950561525
GSM331065,-48.2114661597941,-33.135952901870446,4.56006813608897,0.3484567755152091,-2.612770015557654,-5.8987914395944605,1.9274056844118863,-0.9216973153069531,-3.4545800625241263,-4.495019140611897,1,2,0.993435800075531
GSM331066,-47.85126691208241,-26.04263169348847,5.243460882452921,-0.2567079454607749,-1.054239788138011,-14.901537516295896,1.4677702837114575,-7.728388289616171,0.7737063658081312,0.5291986699662825,1,2,0.9931014180183412
GSM331067,-54.4475084573264,-29.064013905770867,4.011001109619306,2.4481779716646535,-6.813248716458683,-13.339646136979656,1.1958809327554933,-1.6320345657735276,-6.992794442629945,-4.1483350519932936,1,2,0.9929879307746888
GSM331068,-48.85766324653641,-37.13269328199848,-0.6929565935225502,-0.6454807866815686,-1.0683395229457078,-12.687285010180895,2.9303400320779756,-3.8455716511996423,-4.819952596719515,1.6785517249201873,1,2,0.9931450486183168
GSM331069,-25.967460431831544,-25.92080735762935,-18.39452891470113,-2.6087974704484678,13.090961166869354,22.276535001076688,15.810297169740846,15.176708283022318,0.5000424404864607,1.1336592294955605,1,2,0.8684409856796265
GSM331070,-38.64199095398733,-35.808703854901864,12.185359222176753,-0.6190658349940678,3.1580779290729013,-2.0352075509446843,0.09816698786614599,-1.385992026332386,5.7634059450987944,0.14268848545996085,1,2,0.9929333925247192
GSM331071,-27.231305924572407,-34.33199496187672,22.03148871126122,4.4075732052224454,-7.9008803934087934,0.6380362521447047,-3.1647705346856907,4.330735362849709,3.3974036099155414,1.6398649237931417,1,2,0.990904688835144
GSM331072,-45.01396256001553,-37.29678359832793,3.0538574402243874,-0.5176511764895558,-3.977284955959895,-11.731574794883464,6.111752112209363,-3.120417390100703,-4.876301504115671,-5.006912519737232,1,2,0.994589626789093
GSM331073,-39.684798640568175,-33.963433889091014,-3.285618788714636,0.4089737042899654,7.9572806440778345,11.58430678663329,-0.5158854132247764,0.22722671014907228,-4.698046981504413,-0.8025446604679588,1,2,0.9916201233863832
GSM331074,-38.864676054265225,-35.323713440818864,17.61859805655195,2.714053503723911,1.6216042659915586,-0.691759025382782,7.693625096203366,2.129934457532687,4.2274278830197485,-1.6678903697102785,1,2,0.9947049021720886
GSM331075,-54.24684871362542,-19.893665835032397,-26.079396317817938,-4.096696720872963,-0.567094726640343,13.550083279125321,-10.109947060070944,1.4657718047498545,-4.1840791309207885,1.0245563357329905,1,2,0.99179208278656
GSM331076,-52.05160568696542,-32.539901518636555,3.7315872897029045,0.4326149231002779,-1.3025404626081551,-0.462928261256136,4.470407001630285,-1.8397413980088035,-5.001455194971314,-9.804264843181821,1,2,0.9930525422096252
GSM331077,-35.012872570561406,-38.90207016787704,17.481265555570054,2.7478326512270894,1.1768898486534194,2.042995414735682,3.8172489736441984,4.720711085163778,-0.15240218504492895,3.218236052341474,1,2,0.993351936340332
GSM331078,-59.20895702378984,-32.2293949633372,-5.53213765485845,-1.8905822063132465,-6.78468431063886,-15.895265437119377,-6.034983103581186,-9.955210764086397,-5.7688067098469356,4.108434862040769,1,2,0.9944104552268982
GSM331079,-38.66160988508305,-34.458714951864465,11.277213039057402,0.06771929530349337,1.7054117735453602,-1.0952512625286484,9.826062969800601,-3.3818308474785055,3.0800193390246595,-10.681114218750162,1,2,0.9921023845672609
GSM331080,-35.302733877514896,-40.78569302167683,6.394391275874188,-0.11746584317593957,3.456540039818992,-5.688177351526358,11.933582437914477,-0.5646167910299777,-3.2597469694751444,-9.998952948653473,1,2,0.995676577091217
GSM331081,-28.07907456641452,-43.38954222980105,3.345412223431152,5.020016514666608,6.506444896384489,-7.278610700893071,16.084105910414827,2.812499506941679,-1.8896169555722313,7.321172467980013,1,2,0.9932090640068054
GSM331082,-55.38848859250086,-33.89981834957622,-0.0535368085081837,-2.0796582947958053,-4.756960582092776,-6.755589932636007,-1.4986857152860942,-6.859359961527786,-4.846727523164638,-5.093537569649799,1,2,0.9921744465827942
GSM331083,-61.46979998384791,-18.565029130308574,-25.091681649436904,-9.044256628226607,6.21069065226828,9.22061496805405,-20.221476086728483,0.0318603831316508,1.8328498558270419,6.461897550084481,1,2,0.99612957239151
GSM331084,-48.65291969299626,-22.941206994537886,-37.49458703336727,-4.037594658934182,-1.4726236667268724,-6.971585732653629,-1.0086619391154341,3.070055927666495,-1.409776043499919,0.21405064066561125,1,2,0.9929888248443604
GSM331085,-37.68780306812957,-26.240134485604823,-37.26903412601949,-4.723938368643222,8.640925532162184,0.5833876287498063,11.561445723187566,10.070270487606901,-0.5558274694056915,2.7488617954072474,1,2,0.9928090572357178
GSM331086,-59.36607976280038,-23.32208951494845,-26.055969383550895,-4.905152875192995,-4.116480088234365,-0.6054087825400573,-15.070276273926103,-0.5373443773606468,-0.6792400039295174,3.102798247079921,1,2,0.9920220375061036
GSM331087,-26.01330767967419,-41.449908085577675,11.048485868069195,-0.3368069479109516,15.78857042584686,22.805983725861804,8.144028717913779,1.047054214779673,-0.05568780749098327,3.1762488691953847,1,2,0.9931079149246216
GSM331088,-52.1756677051133,-32.04670503245038,-2.2038260586123744,1.6660213279906495,2.161523474797955,-2.215343472444795,-2.816955730499993,-0.7917484889883873,-0.5133592773608385,1.1613295266989057,1,2,0.994692862033844
GSM331089,-55.27209796131183,-31.17234281269005,-6.408168668423437,-1.9602308920013078,-5.948555494734914,-11.941719260327964,-3.5150335289684302,-4.897060063566059,-7.865225722594726,0.04261170116103441,1,2,0.9936909675598145
GSM331090,-40.62027148290349,-35.04580069449119,9.408913334521245,0.7387502805390065,1.152175737164284,12.785970392266936,2.801119021239234,10.852771962307655,7.981588045358063,4.116068967394005,1,2,0.993351936340332
GSM331091,-53.51816978253955,-27.900652026245734,7.166219604874753,-2.6261900372132683,6.483196937813206,20.987624106352698,-17.924324817436286,0.24876544075683427,3.793725145545069,0.47409226498349705,1,2,0.9924345016479492
GSM331092,-28.2501830430829,-26.538978061924805,-28.760001178948567,-2.998800033439462,22.08351227623372,24.99645065346968,-1.3381522900320606,0.01747086884850789,-3.9933646071652795,2.1319389079647766,1,2,0.8440003991127014
GSM331093,-58.14698414695666,-22.199245617510275,-6.204317923673735,-3.6613380069944603,7.509205876799666,19.198895517965777,-14.996911714112997,2.1208979720669823,4.997951507164328,-1.6944048395522444,1,2,0.9938125014305116
GSM331094,-50.10195838853658,-34.12668403757153,10.153745939236963,2.8763092828382275,-8.185202962885175,-9.826001913335604,-0.8652142632918257,-2.1083766086268456,-1.7058426875746162,-1.8047324361209887,1,2,0.9922968745231628
GSM331095,-45.464927126540665,-34.892620149602365,13.464105930889993,1.3290819654130335,-3.2060746046532738,-11.654642387030234,5.085905794621235,-5.74402306044974,-0.3195795280834692,-3.5187249509720755,1,2,0.9921504855155944
GSM331096,-65.06887248098384,-16.121832691260387,-16.698180214631684,-5.248419439241604,2.0888282309622417,12.0901308096307,-17.813429185710753,-1.4931031880144159,0.38023634909129195,0.4585942365021152,1,2,0.990415334701538
GSM331097,-40.111289879029165,-26.292180558991173,-37.09551968451286,-2.3744369213625114,3.005625034938403,-9.512210749344549,7.872094829039493,8.823482558151307,-2.9553701446236107,6.403932804945504,1,2,0.9928579926490784
GSM331098,-50.378551797223224,-19.835541671170066,-25.794573910599016,-1.5967041348583262,2.4652016974435877,-3.4759338413085255,-12.581291053408679,-5.723969479452665,-2.2456668637001425,0.6976168786717648,1,2,0.9935564398765564
GSM331099,-57.41580362320003,-21.00237510788007,-24.42557340891243,-5.660993303958872,3.693227506135563,7.938172591030361,-11.074757348801832,6.170625352477765,-0.22580509987947725,4.257217698473487,1,2,0.9928017258644104
GSM331100,-40.48562853239022,-38.77183528755388,3.1330456773774995,0.11228281020580491,1.958055768044053,-5.452473555174239,12.216678954520237,-1.3952899238232912,-5.662236575936054,-13.342685351340524,1,2,0.9942750930786132
GSM331101,-34.22501929578238,-38.0679416937153,0.8887734645199241,2.263774872030359,3.8193130047813506,2.552503417786596,12.008104574371545,6.10957469205858,-2.1204527489804743,-4.100069411277154,1,2,0.99251127243042
GSM331102,-22.509267192614562,-38.470689991734815,18.892521864248486,3.797022275677118,8.488946753708323,10.747415241788527,15.405724528779023,10.396650355447763,3.4012042978189303,-2.3003057974318244,1,2,0.992057204246521
GSM331103,-49.908316671716996,-32.448023635316474,-4.963778618727348,-0.3798745950283493,-9.672126874846448,-16.28874458236948,3.0872229612648145,-5.593962913052749,-7.767054911692229,-6.958147105276087,1,2,0.9943581819534302
GSM331104,-34.792772544596446,-24.269494644839906,-35.49084389831732,0.6043313424490929,5.01360284430309,5.038331945569529,5.724012984954909,12.058028500755707,-1.9060271681446557,1.963895942279918,1,2,0.994139552116394
GSM331105,-39.996866065532814,-23.890724975998367,-8.678748109995489,-2.8145736580105356,0.520411142543269,-18.69269673785919,2.405613518257566,-5.486225852444262,-1.0941143030714233,4.003858478215367,1,2,0.9944388270378112
GSM331106,-48.44671652622072,-23.009480135463935,-34.261309356092646,-7.8657907113590335,6.830277662601899,6.473991945015411,-0.7148037371028764,6.822487108588929,-0.1581034124860636,2.593811391277614,1,2,0.9938726425170898
GSM331107,-12.402095060428929,-42.65772788482684,24.3750625415532,5.487226840662698,6.664747417167301,7.651597174097019,12.037322480551422,9.326626256181616,6.1099853797426755,7.374052888894996,1,2,0.9925012588500975
GSM331108,-64.57713639035202,-13.876942496373939,-21.36405238636136,-7.534858818411352,0.6681864087581789,15.116591864392973,-23.48883389454918,0.6889738220445918,2.4913961026102607,-1.7426416840137258,1,2,0.9947055578231812
GSM331109,-52.6924221520898,-31.216747630427836,-4.856647605046987,-1.32099802688959,-2.000456104310227,-12.721705764621637,-3.303307643803695,-8.950136114982987,-5.158450485581144,-3.2027767153363738,1,2,0.993816375732422
GSM331110,-41.306432882581625,-36.30307857112015,3.7109626720256896,-0.40592467561646284,3.550849426203957,13.066148600999444,1.8309935838884315,3.12807315567556,2.904597360602161,-0.43264622331659575,1,2,0.9910390973091124
GSM331111,-50.914659878573524,-30.962697615510525,-7.901646877524739,-3.017108474899289,-0.0977967587494407,5.891220092367303,-5.438483729307147,1.0742356319395319,-3.5805773604831397,-2.7435122505827283,1,2,0.9919002652168274
GSM331112,-56.27044426741727,-21.016395521044647,1.4339315870991043,-1.274805881236223,2.4011272014400347,13.552209880289036,-12.586174718559493,-0.5529292558537096,1.4257946561496655,6.320389809977836,1,2,0.992236316204071
GSM331113,-51.98345459990906,-21.94270201696079,-24.328270583682272,-5.137916088165845,-0.9279023719666665,-9.809732906700129,-5.191847358866617,-2.6399495279563303,-3.9158853532689766,-3.449953221215547,1,2,0.9941474199295044
GSM331114,-52.15818578656442,-19.896024953042904,-18.71902257455338,-1.8426506304405241,-3.00476323880107,-16.629996410289248,-3.45484222681646,-8.81469374517195,-0.8625432792577898,1.8830737135316473,1,2,0.9944535493850708
GSM331115,-25.415393366409035,-27.00967017823448,3.740519666878519,-0.7718715857137174,8.607846959559529,31.210979236466912,2.8243000643741842,14.136593031162683,10.389638163628383,-1.601860965392236,1,2,0.994879424571991
GSM331116,-44.81554479293364,-33.86764940352901,-2.466735868006002,-1.6928031763300468,-2.429946790433076,-12.953688493293052,4.386387785999787,-6.656067725630682,-5.473814319322468,-5.8278123909939135,1,2,0.9924647808074952
GSM331117,-9.246320489291573,-33.14494913383877,0.2815434100338068,19.521296611345107,2.361004817335256,6.561797816892921,-1.2058579457414298,1.567195538439445,-2.5148498405750894,-0.57225759486427,1,2,0.933640718460083
GSM331118,-51.7789573974669,-30.139426316241202,0.3059415436260763,0.8186400355910627,4.379507328755206,2.0266110154417274,-6.213923314042667,-2.1667920091096695,0.5012277997480213,-1.6491898414891257,1,2,0.9940370321273804
GSM331119,-38.54363814019478,-39.39218820093474,14.917744262592414,2.795548807039562,7.636423770826173,13.518830379735832,-0.393390689229237,1.9142616753637194,5.561484501953422,9.556032111035842,1,2,0.9927960634231568
GSM331120,-53.084241956978055,-30.82025448302549,-6.01937919257496,-1.0272311376615006,-4.2543520291552674,-11.80991147501282,-3.30240741245373,-4.887982068828486,-4.615571497604291,-1.207749493537748,1,2,0.9929636120796204
GSM331121,-41.33594980372778,-32.0569950535722,-1.4796265323839406,2.338131216550455,0.5780573017423992,0.27098095677939565,-0.020487528773216645,-1.0339358203714346,-2.8616829851029997,-1.2780038542475791,1,2,0.9927834272384644
GSM331122,-65.93308321613675,-16.01193905748994,-29.532514478038852,-9.88634002806906,-0.020328976995041544,12.014100775479509,-19.527438943495333,1.6845676124761886,3.0041307165067854,3.946737229628571,1,2,0.9929879307746888
GSM331123,-65.40603117784687,-18.304782033676176,-17.916546630372707,-8.954409704285704,2.8854510959781914,7.8991133914224925,-24.117573287354173,-4.091207953568908,2.11384032704834,7.0406851547713565,1,2,0.9947050213813782
GSM331124,-52.74807827245168,-15.692471574671007,-12.77576966522696,-1.6499952518600003,-13.833527418585941,-5.860275428899148,-22.5664241198086,-7.700092076706846,1.1527539299892775,-2.771169862948277,1,2,0.9913626313209534
GSM331125,-46.04785616894059,-26.737879773971414,-26.50018678946657,-4.1052778468789395,8.238438070140843,6.679745499220674,-3.658979993801051,4.641261268728807,-0.8239101177084475,3.4511209274743067,1,2,0.9917247891426086
GSM331126,-61.684308637787446,-19.92939257191817,-21.49607642074898,-6.706669643661533,3.1904784230174164,10.414090398898072,-16.42880026703003,-0.5398096810128059,2.414216426271772,1.8588451111284263,1,2,0.9925783276557922
GSM331127,-52.98607692769944,-32.948878674491816,0.5700330706520883,-2.911854630858286,-6.412407692546162,-9.036703842743538,-2.775156695325555,-6.875089375513095,-5.542109591562645,-1.9731047590252273,1,2,0.992653489112854
GSM331128,-55.55505539914705,-21.607259068682644,-33.60456304168693,-4.991142227911426,-7.770481965297079,-16.513374259610746,-8.032580427120916,-5.676097218320345,-3.9302383205583653,6.491388604819336,1,2,0.9930267930030824
GSM331129,-52.439080303653284,-29.19577488286346,-2.1940225655744623,-1.5300503706619994,-1.311003493458414,-18.144756258950608,-3.7818868514554462,-8.530799600287606,-1.495042187678517,0.7494190004241509,1,2,0.9925950169563292
GSM331130,-62.58677731864404,-10.986194648893562,-28.474779967728814,-10.732181116982229,-2.43903729433756,3.9980030559906607,-23.857795232073684,-3.568494377964313,-0.2829211963807751,-1.968470384366276,1,2,0.994369387626648
GSM331131,-40.073753922861584,-37.62028421544506,16.39083713104901,4.946670502788708,-0.03849069130375466,0.5155325100001279,-3.876702325181342,1.3680075398912692,2.5885620267431184,5.280781450814327,1,2,0.9928152561187744
GSM331132,-54.60108244468119,-33.030504222073425,1.502339394532542,-1.2526489291990195,-1.5157080760416421,-5.661472312674841,-0.541540789186591,-5.674814217023315,-5.131029272719908,-4.534225058677949,1,2,0.9917832016944884
GSM331133,-36.47201268020706,-24.64522137735084,-40.322209945038324,-5.661215433593787,12.156334275634556,2.021113495095026,5.9377673065117484,8.537447162897251,0.6243031641778161,2.2364150170579733,1,2,0.9940520524978638
GSM331134,-57.31502661955395,-29.54396657160819,6.82799847650973,-0.3106819902325097,-4.340206142579782,6.552865426734384,-9.737517414576153,1.8980468034490237,2.3703713590630477,1.6153902795796797,1,2,0.9931005835533142
GSM331135,-51.49239517617234,-33.55119930011477,-1.5065001971068968,-3.4474306899630904,-3.2569131990519162,-1.4099405816739217,0.14512590120825633,-2.4428241500535557,-3.668345407122678,-3.5055311880565494,1,2,0.9955846667289734
GSM331136,-44.12172266447848,-32.35468664193365,6.23276092057028,7.718153951383315,-7.213178771063044,-14.568534737161833,-6.442338371688822,3.256978276526952,-2.3338352691686577,-0.4247271727084677,1,2,0.9921826124191284
GSM331137,-56.308714295310025,-17.888409713057886,-23.329829520486403,-4.463523544050815,1.5793119745107322,17.4827705544148,-20.080387713416116,2.6314681325436085,1.3808544086586987,-2.298700945911739,1,2,0.9927699565887452
GSM331138,-65.08985159995964,-17.868162019455394,-19.756480124466336,-9.634320662864313,1.5341301921555226,14.733272539451574,-21.86532173776215,0.2376995587099728,3.83798455353726,2.1131877998353037,1,2,0.9937232732772828
GSM331139,-37.68472112607317,-17.922030950389406,-35.38300879691758,-8.63698941866635,13.376630053981964,27.455822077836434,-1.2848129326264721,10.603039279678176,1.635040281226881,-7.597116542520268,1,2,0.8443307876586914
GSM331140,-61.17384131069083,-15.013816819799061,-24.607520469227175,-8.3404479546363,0.1181390347601342,7.187010768972692,-21.642229892652605,0.26310818993059665,1.917580045890021,3.9545343661359715,1,2,0.994770884513855
GSM331141,-39.46785413777712,-33.830298753018134,11.531144542882306,-0.46405195133687055,-1.628006721469203,-4.754165999238286,10.712810825286118,0.48811002153070143,2.742612223977723,-5.637542211290403,1,2,0.9906368851661682
GSM331142,-56.989212104381586,-31.04484267747011,-6.502728041029932,-2.313387493658898,-2.590500210489586,-8.937243770564116,-3.9242726474476224,-4.8291504161912355,-7.311828166279752,-2.260965060253311,1,2,0.9938681125640868
GSM331143,-55.05111221866207,-32.45192390234997,1.3598753454227888,0.5959208068671531,-6.432599369524485,-12.780376348407902,-2.345497183834083,-6.274014269792015,-5.555000704170803,-1.7063855223565085,1,2,0.9937739372253418
GSM331144,-37.587424635418515,-27.392597817466896,-32.51141368185286,-3.8137355723485693,5.203478829608263,-6.111455857478391,14.372537448858198,6.250992640674378,-6.02405631909158,-8.569272088132873,1,2,0.9928152561187744
GSM331145,-18.39304712461643,-28.83714326166298,-36.21597022184033,-2.3171297100257098,15.37302577521972,4.212911581158539,17.278779112442567,11.462821880213562,-3.132473403982044,2.353710621978783,1,2,0.8256906867027283
GSM331146,-41.10218692719695,-26.592065108452548,8.880192408754086,9.086427307931768,-9.976440736614421,2.8312901466978637,-13.675267609731957,10.981454297972974,10.22260079376716,13.062264899000905,1,2,0.9918991327285768
GSM331147,-52.94942704527721,-24.028669904942905,-24.323532337109498,-0.5416128962847105,-8.012726712981792,-20.01957568289689,-2.6192080378315774,-2.6437301986362027,-5.533170527924749,4.891012574767991,1,2,0.9921085238456726
GSM331148,-25.096971937905018,-38.87084805668551,12.130354905053514,7.361486587886209,-5.361154997962003,-13.912648558951357,8.597017566142162,6.108419091780437,-1.0007836898796347,2.472338862491139,1,2,0.9928714036941528
GSM331149,-50.758081336931525,-28.85106503901614,7.14963415538145,-1.0661151044060564,-2.4097072944211955,1.9808510586926587,-3.786074262998449,-0.27347443253915743,-2.8737187563203666,-2.0520017768653425,1,2,0.9924770593643188
GSM331150,-53.21265142827492,-30.891507840691855,-1.633798120363229,-0.5118550238853914,-4.834512623499587,-13.185107386143674,-1.2544527676539992,-8.598037521967855,-6.155587364924725,-5.370030355410726,1,2,0.9939160346984864
GSM331151,-53.80251222827605,-22.29272253164457,-29.861161007374132,-2.3830970740466104,-4.29189563766173,-0.53909472041187,-9.768236187566798,2.614623564272456,-3.1530498993618647,3.238108904144866,1,2,0.99287086725235
GSM331152,-29.45297529117427,-29.57753132749507,4.148698281152089,9.189374890249608,3.8197883742624135,13.252624533233089,-6.458599889698363,5.638021642988502,9.280567250792535,18.67982637504065,1,2,0.9925735592842102
GSM331153,-30.563084711335176,-38.965085003831014,18.60016435696976,1.274880219559815,-1.5005218237617701,4.7355696874649995,10.018198459359562,6.765685980498443,-0.9860729199933429,-8.628464938552746,1,2,0.9945085644721984
GSM331154,-52.10908406207708,-35.70633097014973,10.7668709646938,1.065072211882066,-4.848356341297222,-5.026533839652811,-2.245810881027891,-3.4625347211268607,2.5217537486722588,2.6537041599481115,1,2,0.9923637509346008
GSM331155,-54.97003576312017,-32.22045949080453,6.947490218576633,0.5420186845364675,-8.97046714032932,-4.260591727837146,-3.4709934501277977,-4.6909230300749565,-1.4764126177091368,-2.776036551233183,1,2,0.993569552898407
GSM331156,-48.26215594569226,-36.96473837031209,15.483880899104316,1.3014347106431616,-1.755778413828894,-2.615256012042423,1.7928069539934988,2.7721734473744286,3.728039879971675,7.012239632454226,1,2,0.9921703934669496
GSM331157,-48.36261464511507,-34.28959488735196,-4.287043560397002,1.22642389618893,1.3275145618103583,3.1633932224416386,-1.4987762412535879,-2.0826910498043105,-3.6959817252053195,0.7343051372048228,1,2,0.993824303150177
GSM331158,-51.86516780891828,-32.147736098700534,11.102341011250815,-0.8496920974196717,3.194537879095415,-5.335859340992143,-3.951471144435915,-5.24240590431994,1.466959535740891,-1.7042661376266255,1,2,0.9941059350967408
GSM331159,-19.13165733555947,-27.0203258833072,-31.949827094290868,0.42801052873248546,9.891569564618603,0.002833279812591023,20.000122686576162,11.080984218221376,-5.11477514153371,-5.468020141263191,1,2,0.8047047853469849
GSM331160,-35.38918251874412,-21.97364424052243,-36.920492822297426,-4.494749688510946,8.403162378663524,14.680011548900831,5.000766879165805,11.67491566387024,-1.24020108085289,-6.702462950034508,1,2,0.8887425661087036
GSM331161,-29.503864772006796,-41.594763354678975,18.181017131744202,2.234746997551297,3.5394719260982956,3.961802190592884,10.183092027585039,5.887824871188311,0.634754052259836,1.890575562731096,1,2,0.9951115846633912
GSM331162,-33.9939159262843,-40.11888996939998,7.874541342955169,-1.2125773879799533,8.58043450142663,0.7479898442866486,13.352258907039769,1.4089523253593939,-2.1799215274385935,-9.491174355610266,1,2,0.992641270160675
GSM331163,-58.01580472358307,-17.522791965968707,-9.580354589224125,-9.39858151726335,1.13156253626589,19.78687650533849,-18.195657238604134,3.6604495886641706,10.098240274495268,2.445430596833038,1,2,0.9946888089179992
GSM331164,-30.51066289244186,-37.175412850503584,13.226629441144206,5.091781925917882,-4.7124225381645095,-5.944684744463762,10.700718249284668,6.070095595631518,0.42029979288111124,0.41760530971811666,1,2,0.9940860867500304
GSM331165,-55.769607109171545,-31.03020665348139,-3.6059075916644403,-2.0254257589530598,-6.376979017044227,-13.140162131956153,-2.757239636477851,-8.262675333755642,-6.920665076370818,-2.0991586396058652,1,2,0.9943309426307678
GSM331166,-22.370553021198575,-33.42103705135965,-7.0085823190914365,-2.3983061532279586,7.728993417733439,6.266800828747237,24.040853796695163,8.817883818881324,-2.4981372188467024,-11.979085951214413,1,2,0.9940917491912842
GSM331167,-47.46778015132001,-37.16971442228486,-0.9260300841054083,0.11927619698508965,-1.119146356820731,-9.466303488566346,9.690488044327985,-1.9527587217922027,-7.534312423471087,-7.002951416191647,1,2,0.9920388460159302
GSM331168,-30.6315584844897,-36.94057188157644,21.94018270873088,4.064799366424519,-3.450021084860503,-8.226665290209942,-3.557378717224295,2.799571123229141,5.66103488219745,12.695946134113447,1,2,0.99204283952713
GSM331169,-56.32937021356591,-27.800281885623598,-2.958221896988468,-1.552267289233242,-2.472752658390292,-5.1920809742626455,-5.910778952925108,-5.557390513763489,-3.3725954901672193,-3.0115526339402803,1,2,0.9942284226417542
GSM331170,-57.5759238874067,-30.86944715939973,-2.804672666814978,-0.15769696754072973,-8.646044380930595,-19.053313668994033,-7.055065968675909,-10.157740885818761,-7.0726575803698735,1.9805505483677475,1,2,0.9935761094093324
GSM331171,-51.761710615764784,-30.109870260682175,-3.3757906000652866,-0.5185991149219554,-0.36800918835958907,-6.266157112109245,-0.547073894329582,-5.961798511390903,-4.238340758859839,-6.091248931623844,1,2,0.9931491017341614
GSM331172,-38.195720505265015,-39.50056362955572,7.739098348815144,-2.0765576792931872,3.7055655008430683,-1.5585583061932882,11.522843901292397,0.4602742262471028,-1.3069684222817428,-6.36509553614493,1,2,0.9930222034454346
GSM331173,-23.32219227319453,-28.276047058545313,2.8585183102870757,14.197622725377839,-16.062235821724077,-9.472984027716707,-29.873471336049867,3.3243204800630832,2.756060234165104,3.0976643236546733,1,2,0.992435097694397
GSM331174,-57.847258411501635,-24.89860239199709,-5.752766144830819,0.39558931747023957,-10.247563605751044,-16.351788027478914,-9.872579568681394,-9.458383879968919,-3.5060968963916137,-1.792806440520898,1,2,0.993806540966034
GSM331175,-44.11291673025878,-33.65260451839262,13.562842110125816,2.5934675910138676,1.5094115343676897,7.960636098994559,-0.19613625066157003,5.5112170923353805,5.433429914855128,0.2703103005691942,1,2,0.994404435157776
GSM331176,-25.74842684074992,-26.946268646003087,4.082783354740202,10.287847420318773,0.16952812428594918,13.95453071735134,-9.053019841384408,-3.411704441047034,0.43951690023306045,6.908196717780578,1,2,0.9938937425613404
GSM331177,-54.24205178805225,-22.896645823698144,12.40087588403117,0.29846839486830357,-1.6457759923444297,10.171945749955416,-11.992590835176873,3.547482594144125,7.403730262090887,-3.2241156770860107,1,2,0.9930534958839417
GSM331178,-46.283949731387054,-29.79355339002396,-1.296007125159663,1.1469882903330384,-2.59539186787025,7.192227513637153,0.6022098500948236,9.951169264518187,6.99552940663734,7.462443407974131,1,2,0.9953811168670654
GSM331179,-39.90099809390742,-33.277248036414,-5.480528867893634,-1.9063087923995479,7.66408960436237,-4.283413538733653,6.897888640165213,1.358367463093353,4.239160106399765,2.0616523244693297,1,2,0.991837203502655
GSM331180,-38.82471679905579,-35.73942828618024,10.342530460042287,-0.3954070546869322,-0.5637665673086244,7.476237360578291,5.6039380143049415,4.936642267005437,7.358046341593669,-4.604770185086786,1,2,0.9921246767044068
GSM331181,-48.54709517479425,-34.36215788907591,-4.046040049119875,-2.217585876976739,-1.8446891462091215,-9.82895324128857,3.292956628347515,-4.278807375435647,-6.372883418592187,-2.2682328960510043,1,2,0.992176353931427
GSM331182,-53.97217396326158,-29.896906960999615,-21.64512091047577,-4.4662318988964635,-5.4954936344764995,-10.408041347562317,-2.4009523614989368,-3.8071506804800856,-3.7823707962136046,0.3018110035172371,1,2,0.9936773777008056
GSM331183,-52.51990986396823,-23.29718594873636,-26.874082748350233,-5.185002639243504,8.222443893483732,7.132710664061153,-5.353423507583337,3.671998147808221,0.5280869956670097,1.1089250471165941,1,2,0.9911902546882628
GSM331184,-55.464422850378504,-15.362933472664709,-31.808112904506686,-7.01810800944176,2.916932198371048,11.46052701113399,-15.62015402697017,3.3273834542018266,2.7849246645352945,-0.2675091180033775,1,2,0.9932255148887634
GSM331185,-51.01297328746773,-25.796994781949014,-32.175232427179935,-4.958762922908923,-1.093552200476996,-4.84876101031872,-3.5085024403476006,2.982273130585825,-0.06052349288497667,3.565561195050299,1,2,0.9946260452270508
GSM331186,-51.54838667225667,-29.945891598260012,3.3151190633657763,2.464025722662998,-6.471573931672156,-5.135609626837372,2.8405135218604203,0.02951421615366601,-5.098431994349297,-6.848580618155012,1,2,0.9938893914222716
GSM331187,-45.835809934553716,-37.33507155869753,12.021060424841831,-0.7003395244470678,-1.0213364163158698,1.3213096197755756,2.3670180225411843,-1.0023905888400122,1.3609147319326227,-2.628465615035598,1,2,0.9931970834732056
GSM331188,-57.17663027311378,-14.031454700910057,-24.902045086877234,-6.60034281985026,1.4265363355041947,12.372144392269432,-14.220222513357811,3.3795103142428,3.8580392016160174,5.167561955111285,1,2,0.9909073710441588
GSM331189,-41.71445230576736,-13.034227219581767,-20.03157237530991,0.07782762784986766,-10.203439757285283,-18.559127524185772,-10.054966858233158,-4.474463338703379,-3.707326247210073,5.718667743269706,1,2,0.9943543076515198
GSM331190,-44.32736933852799,-39.7378740885578,5.093381555469816,-0.5221265899295012,-0.7315644412047506,-14.279144640596146,1.9739421072610097,-6.603618611542543,-2.7069640724125446,5.390577232882062,1,2,0.9928795695304872
GSM331191,-54.93271375496499,-33.36057027397113,3.2276509795852983,-2.069799935211109,-6.7379831671797366,-7.315610222539698,-1.8969980784023486,-6.174000213499584,-4.648354057199742,-2.3973508206984504,1,2,0.9933039546012878
GSM331192,-54.801909172196915,-26.316959725314454,2.214421128181548,0.5691133163604503,-7.036508838290842,7.252762151606797,-11.365960304502908,6.266438544244191,2.502376987275029,8.158206885251463,1,2,0.9920382499694824
GSM331193,-44.307338500342716,-34.1555273373387,-21.797078780195733,-4.878263244168793,7.536844514293338,-0.02501245478438123,5.859586936000664,5.673051052693541,-0.4477271478565827,1.1900679643658705,1,2,0.99265456199646
GSM331194,-54.96435325584663,-25.565701923379628,-9.898713222704444,-2.57836647986619,-8.047283776602978,-20.231985426372244,-8.396745933230905,-12.199509507387281,-6.498229583268501,-1.726330344834828,1,2,0.9925298094749452
GSM331195,-38.12321093245311,-37.72958126186042,11.714267658490696,0.7078433261705948,-3.89336990548798,-2.116807137158611,6.98775043052602,4.3798151276240676,-1.6657268100249476,-0.11715906489567986,1,2,0.9951658248901368
GSM331196,-42.93253639068766,-38.16021963088302,15.018136104745306,4.823877532609397,-3.1387520562292637,-7.356559083388232,-4.354744049539425,-5.604318940433069,-2.8304741326485128,4.450137861237243,1,2,0.9938209056854248
GSM331197,-51.00971482956968,-24.041885200181778,-25.39391901881407,-2.0317972942636375,-4.219179990276324,-17.388849792772174,-1.7769047783673393,-6.026743978924214,-5.134163837600436,-3.899260039143844,1,2,0.9927285313606262
GSM331198,-57.05864333655424,-32.49225825537032,-2.9080441378169777,-1.7777036515451627,-5.274268633589501,-7.046014058792082,-4.227071206076788,-7.23735938874578,-4.520317958882923,-2.030515205972677,1,2,0.992793083190918
GSM331199,-47.84951928337624,-29.179131971836544,-5.032672814882025,-0.6874377948239276,-1.3141773603208609,-18.560129464729357,2.8673167353949474,-4.352295470283526,-5.7734906470483205,-1.8940947549440132,1,2,0.9924402236938475
GSM331200,-50.18193767410187,-31.052027308033242,9.732306176807354,0.5941983647804923,-3.469908444670696,-1.9483029138806878,3.4351448603243404,-1.3379608583278222,-1.2664507481620324,-4.377010164206614,1,2,0.9916892051696776
GSM331201,-54.38062227014933,-29.72657798041101,0.31080604736034895,0.3236833912748182,-4.580839068303991,-2.5356534136714557,-12.928804182225536,1.7594778151688077,4.237514934957706,13.577401723532502,1,2,0.993458926677704
GSM331202,-46.77589476010336,-28.603551581214248,16.716546086840527,8.937857320792236,-5.856083726750428,5.349517562749771,-10.017097105845275,7.000750423537621,7.5106464242675814,5.863936533156197,1,2,0.995977818965912
GSM331203,-51.76631682873832,-31.903040722508152,2.1739105597959405,-2.960718288188023,1.5557663214821997,7.291070355387118,-4.851504757541215,1.1175670745638082,-0.4763081682595722,0.25053409206082483,1,2,0.9942815899848938
GSM331204,-51.516702372969156,-33.33707720918547,1.736999042610528,-0.11240601578877005,-6.835723326055464,-3.242400707505508,2.2947425584874663,-2.2183452142352036,-4.437078095294481,-4.732839771230641,1,2,0.9926838278770448
GSM331205,-41.480636757849744,-36.97749053336302,6.0686808409290505,-0.35224107772216007,0.8066590056120407,-4.588053615808107,6.258574908059452,-1.2990838382724252,-2.4803441503560824,-5.145884416435884,1,2,0.991217315196991
GSM331206,-36.508544620740935,-39.1041102473388,3.290090672413652,-1.6805639927139218,-0.5460660192628228,-5.21112111547419,10.180331078072868,-0.29701843464151134,-2.4280246338932896,-5.865767213087719,1,2,0.9931017756462096
GSM331207,-47.33705599576547,-26.767703115403958,-24.24923757521655,-2.2562325994713994,3.8635762977400754,4.927522156017462,-3.601800524783132,0.6258396337190332,-2.0320163625542325,0.3415642858970176,1,2,0.9956179857254028
GSM331208,-42.27743114090197,-32.505698696169745,-0.837267142949848,-0.21734237427424252,6.253126500810099,12.920084351724293,6.971658286221177,9.128556764338608,0.5247336926597682,-0.3622652521418915,1,2,0.994899034500122
GSM331209,-41.70661316187188,-19.494237586162416,-29.563933509583304,-4.527374903002002,5.621800775748551,-0.9051111588480274,9.567249454923362,1.778100194906337,-2.6900222022119413,-12.273799992007381,1,2,0.993502140045166
GSM331210,-48.61243535791335,-36.3788990645506,0.9062633370960339,-1.2342855686140841,-3.6961744149802236,-8.35853257865188,7.806022144088217,0.26440127812683145,-5.342941284401291,-1.430112706347494,1,2,0.9944831728935242
GSM331211,-60.680999763794716,-16.245381455822038,-29.620911339619735,-8.603839364052664,3.6814617484604577,14.435961050135678,-20.852926061799444,-1.8023632440193031,1.5914409041674902,2.023420755968953,1,2,0.9919244647026062
GSM331212,-58.99698637964519,-28.882605732474126,1.0353130948398659,0.3011817428491415,-7.5469457548859715,-14.856268557586276,-8.194484710036,-6.820813769159407,-4.6580169763024655,3.031762042075545,1,2,0.9947547912597656
GSM331213,-57.39793794208621,-29.034604918288274,-9.844090794738868,-1.1520523958167053,-9.785116932509709,-22.177886762596128,-7.3625921470604965,-7.9563175365569325,-6.80804013235337,5.49206404499295,1,2,0.993874192237854
GSM331214,-41.18867837111962,-28.428424065069237,-26.868419500127064,-5.418498662621014,12.232982888632973,6.770543647871152,7.245853716054108,10.803093743277614,-1.3620268899488386,6.100518400527068,1,2,0.994368314743042
GSM331215,-63.91479207778382,-18.40003558373878,-22.65689836734177,-8.933528371585643,2.350766495846339,12.916663430025308,-18.96397906122046,-1.1367216376785532,1.5883538394947387,3.466621105550645,1,2,0.9943494200706482
GSM331216,-40.117064158183105,-37.678194667662176,7.125488306234477,3.859684971566733,2.5074417160254003,11.288029823658631,0.8926118029136287,4.1535070615820535,3.7465966467088405,10.713754575186412,1,2,0.994256317615509
GSM331217,-44.39765919235934,-40.06881339187848,8.871823659307719,0.5286532725830323,-2.36821687121999,-4.557904372283623,9.108498686471014,0.06343151199340978,-2.7009481735681082,-5.493756303440323,1,2,0.9918206930160522
GSM331218,-57.50532010215917,-22.804079404163495,-27.443766893748904,-7.940064657896736,1.7063780275531328,5.985754008068177,-9.06546037264955,-2.4860114233987196,-2.2929937588766087,-7.165763860765205,1,2,0.9939466714859008
GSM331219,-33.67282309195011,-35.118787465436974,14.68746503363886,1.9163542012456904,3.0982292433162057,14.45836643610699,-3.166619341086733,4.8730496127362155,3.951452501399712,10.926018985912506,1,2,0.9919146299362184
GSM331220,-54.68247079252076,-29.397438151989036,-2.8743817947516366,1.0190805608372984,-8.05824505381895,-16.01035018575823,-0.5527732575280518,-6.082197362640735,-6.271797469721507,-4.85679621030439,1,2,0.9944258332252502
GSM331221,-51.0954149325459,-31.552983976398014,1.154705179146073,3.61766505840646,-1.6316401477476816,-13.194085209276269,3.6680055756645205,-3.6560368949081417,-4.517285577686835,-3.111380465325765,1,2,0.9936465620994568
GSM331222,-38.9419707420028,-34.190262985218936,14.357093466953298,0.10079259184021015,-0.47423911969085497,8.524754174869303,2.307240487603256,5.933839736583334,2.7920497304148824,-4.066725632339232,1,2,0.9941556453704834
GSM331223,-60.339590760282235,-23.764671246636095,-16.48220798827847,-5.327856016964952,6.922771541689017,14.475339478941521,-13.986951786046347,4.52870080879071,3.5253513729380517,6.5186619190104915,1,2,0.9939255714416504
GSM331224,-54.02920044262598,-31.278421154894406,-2.731264793088987,-0.19221399017796167,-8.567352485559006,-11.070255157955348,-3.3027201553785153,-3.658555691312564,-4.2386340529487825,-1.3898361276945488,1,2,0.9938525557518004
GSM331225,-64.38651967530667,-19.192058184629996,-25.96211468744898,-9.313624818123598,1.1954041419066577,11.00718526472348,-19.52807057791506,3.225535564187953,4.118187271206278,11.65073610582141,1,2,0.9930399656295776
GSM331226,-60.67685393106404,-26.52353176018471,-21.93197473317152,-4.240753197629184,-5.629337988119205,-6.922711896574907,-8.25841995914019,0.39865786554858595,-2.6229755859111314,5.961103407245049,1,2,0.9930279850959778
GSM331227,-47.64551650564531,-29.60206042368777,15.387171193570145,1.499856974003819,-6.548874687228672,-2.9039980124322198,-3.1770853628332767,-1.6313233729957848,4.860196239404986,-0.9153564100130288,1,2,0.9945734739303588
GSM331228,-29.387903603532834,-25.676889167397604,3.8333789760175367,10.952204644710767,-2.786710249121338,10.715507613792674,-9.758554386058902,6.428147463966643,9.13038076648051,12.905885026819018,1,2,0.9918842315673828
GSM331229,-34.696013545739966,-28.090558616512833,-28.502422035027926,-1.5849692350311113,12.12088901898273,-1.0134953902440966,12.370265781260517,7.6219968887939515,-3.0430164296963915,-2.6327978998551584,1,2,0.9925206899642944
GSM331230,-28.607795767033892,-36.28857291088807,16.28354342505618,1.5614333043731519,5.839502729060637,-0.19702425401646137,18.136894019315637,2.7885781497839885,1.850816970621706,-7.8508253470967135,1,2,0.9959179162979126
GSM331231,-47.32338710520579,-36.63320306025775,-2.6051021607248974,-1.8490422770606363,0.38342491504660287,-5.8972710915776885,5.311337889600422,-2.425186889915648,-5.79136023272768,-9.892919674467873,1,2,0.993351936340332
GSM331232,-50.66586463892425,-24.666757636249486,-27.509554925818872,-3.4091478539021693,1.9790074524758274,-0.7123685628889217,-5.885745232358651,3.741368183121886,-1.1120284762315984,1.44719504777163,1,2,0.9925997853279114
GSM331233,-38.01306950026064,-33.392447964439896,16.293996874436125,1.4183649097989288,-7.885182041541251,-8.949891277516679,1.89259500892764,6.110060087030014,3.053900365864076,10.141420368061416,1,2,0.993058741092682
GSM331234,-57.33497296922034,-28.05750815133063,7.0801579298940425,-5.481261766514432,-2.768647352311585,3.1897886667405033,-14.10708968074318,-7.318870644973543,-0.023683646955681287,-5.019498680941714,1,2,0.9941163063049316
GSM331235,-41.989155435974844,-34.297348288594655,-1.920110222622186,0.9590946669286939,2.865306455792764,7.9990373549600555,6.19626291589882,5.381599713883551,-2.1366777010550635,-6.2281968854809255,1,2,0.9930279850959778
GSM331236,-55.580048557243764,-15.006897246671697,-24.718036424450005,-6.938540558159898,-5.333247625648865,-4.818370578245703,-21.43984936641637,-2.2519199410586963,1.2547091076473094,-2.509589010113498,1,2,0.9978222846984864
GSM331237,-52.626033525071534,-30.065454207637504,-16.644446150126722,-2.9900756974612226,2.4338908729923965,2.2108209179549996,-5.364860707828247,2.1339421836534465,-0.8553883693789027,-2.334753975930577,1,2,0.9942840337753296
GSM331238,-44.06603157646514,-37.224499750736555,19.145380208798386,5.8009569194696935,-4.995906240467919,-9.139860569788015,-0.833242410565841,0.014045533738056871,3.9146352033650182,9.345797192225776,1,2,0.99266517162323
GSM331239,-49.44711606403804,-36.50763530072002,2.5072052670346094,-0.8686068345549339,-1.7697885833019484,-5.214976953144967,4.095456103803671,1.2089147680718333,-0.07424997460185237,3.135094593334341,1,2,0.993215560913086
GSM331240,-44.90158621672198,-32.834158620477396,23.95913079468702,-0.48281025009867123,-0.5584113791062575,-8.261625154390252,-1.7495242493477074,-7.05289128290849,1.8753627218636642,-1.4918408751154815,1,2,0.9929614663124084
GSM331241,-38.78089317857957,-25.625574601020915,-36.31491657631276,-1.0276723282759015,7.397689872370541,-4.284930341465116,1.1341891994014945,0.031803684264732825,-2.0802516430067985,11.486461038350607,1,2,0.9945085644721984
GSM331242,-62.65765842409632,-16.797451289892475,-13.816714226254888,-7.579275177254721,-1.3293532620770951,12.11952329460682,-21.314992503319345,2.614903673223731,7.586086534971775,6.65783541538367,1,2,0.9950878024101256
GSM331243,-47.55536854944626,-26.130890935292292,-29.776400711799322,-1.814337720107152,-4.574335396622867,-19.10623539001723,-0.7218902274445768,-0.8643763742953646,-3.0298908927726664,8.682210209783877,1,2,0.9925997853279114
GSM331244,-47.793646731044596,-35.834030768418295,10.787757516014802,1.6410284603888425,-1.16949584441111,-1.9936195703772177,5.047352178119202,0.6336849041138313,-2.476954297236062,-5.02579606691247,1,2,0.9914249181747437
GSM331245,-41.97555946907512,-25.6013198442092,-29.092384073516925,-5.492249048816276,12.70577675857461,11.158650169434381,3.869155036515064,9.903235610510219,-0.3341387202431924,-0.27654827445839686,1,2,0.9956471920013428
GSM331246,-38.03014347883846,-32.87660777244205,0.6541302618322082,3.083693316251977,2.8606919144902587,1.528491839381425,11.307294092767947,6.019961802126224,-1.2461186442541226,2.9746070177350266,1,2,0.992682933807373
GSM331247,-51.10477442798329,-37.0609831516408,5.6614987956974465,-0.9408360868133802,-1.5472395525866223,-1.2460942069712397,-2.176825655161089,-5.0558349334161665,-0.36646042023178116,-7.178200611894644,1,2,0.9942089915275574
GSM331248,-47.953655896299146,-35.06681205010039,1.593044045632452,0.5069737165184511,-2.018598465614107,-3.0464065144928654,4.121718619318458,-0.4503288617011814,-4.586792973075745,-9.873148419699067,1,2,0.9935044646263124
GSM331249,-49.48163475028902,-36.174999006911946,4.102319199098996,-0.4108118218408734,-2.8158711472992732,-3.4971257958954016,4.590081112707788,0.4057687786204537,-1.0335895286891643,-2.9331916943291096,1,2,0.9922147989273072
GSM331250,-39.73575928397393,-36.048068190311334,-3.14849911861839,-0.18185077092631555,-2.796985165988396,-18.194814603397177,9.916782506301114,-1.861870354406113,-3.882267297342826,-0.34744087375756083,1,2,0.993881106376648
GSM331251,-36.367758726557994,-29.200545760497732,-24.898722577536468,0.7671490628916502,5.110847225095438,-9.966496487285237,11.479458420395327,3.8116886791091407,-4.090652606122645,-2.600312907237785,1,2,0.9946888089179992
GSM331252,-62.037772530377744,-29.539535958570557,5.158957368585577,-0.526145237742252,-6.918766087386872,-8.231739001709707,-12.956472672585972,-10.725737453327621,-5.713980080696144,-1.0136067221264582,1,2,0.9937505125999452
GSM331253,-37.26211308017044,-30.07416779710269,22.338249211234015,-1.402769065091952,2.34928022810409,3.697964762153219,-0.7019062523510804,3.8553318993484345,7.182539695075917,6.867118431523249,1,2,0.9922677278518676
GSM331254,-31.303710929661396,-26.5921303856757,-21.569673632859047,11.09605224817705,1.702517109127512,4.794905247747408,-4.695155634182238,7.966011611176867,0.028585338483591204,18.48393126446932,1,2,0.9926230311393738
GSM331255,-38.866024618056855,-36.7419173378068,1.8604447433328728,0.8099083374381852,4.695750527725111,-1.9934272048057804,11.97729998965891,1.984272596619901,-4.618350009765102,-7.399237113336082,1,2,0.9919707775115968
GSM331256,-41.76791105976104,-36.62401991341615,11.806960753419771,2.692559490684125,-2.0550003355416715,-4.684414526380312,8.444329451742998,1.5996289474913858,-1.28370630942788,-7.0530011434535105,1,2,0.9932408928871156
GSM331257,-42.354107881409206,-34.64274665917291,2.2082168462610583,2.7873888558380244,-1.5590364799078262,-1.3139555450638616,6.1093841337854435,5.75160994238042,-3.1340507803120925,0.05268462595373784,1,2,0.9930928349494934
GSM331258,-11.89429415442819,-31.723033582405606,-3.8856320036209175,16.046056115025664,-2.4902334551745597,0.5107657778409795,-2.7187352719601723,2.3963983915486593,-0.5205498613740155,17.475868339413314,1,2,0.994121789932251
GSM331259,-38.95727529584477,-38.980120949635804,3.446402628846588,3.4155444106337125,1.7021452318071115,2.4288020817017872,8.064116361502924,4.734510529103694,-0.5019254649224686,-0.44666987504878936,1,2,0.9928176999092102
GSM331260,-21.115203557000704,-42.83007714252032,8.110562661266457,5.008585385422742,14.983564751714667,-1.2709329957253652,19.181058655897544,3.760564510498062,1.9891886834337953,4.32722651892158,1,2,0.9928481578826904
GSM331261,-42.934114474483465,-41.36052952880452,2.6286806673957592,4.391236545456196,0.6780403818475956,-13.18416117931944,-0.9925531794374693,-11.078444973288464,-7.441399981852413,10.646936779270057,1,2,0.9921249747276306
GSM331262,-24.32152621318941,-42.52768374111363,17.24916552969041,9.111080649078517,2.511317970621193,2.477259401836811,15.107797808566591,10.587186968899566,4.958240972400732,2.3198051432453917,1,2,0.9921576380729676
GSM331263,-38.96578992012722,-34.76940880936876,5.962286794806447,-1.0096965242720926,2.3203072875494484,-6.269182810389042,5.336201187899732,-1.5402456326816643,0.5889052994833162,-6.008948207083838,1,2,0.9927111268043518
GSM331264,-32.3944163416091,-41.17333034673658,13.448269177699338,0.4027989176950107,6.015996546923249,-0.7534131342264431,15.36292909273527,2.987027928779687,2.051899594393064,-2.604007482616556,1,2,0.993833065032959
GSM331265,-59.756739971683196,-30.692120729365865,-4.0390498993125865,-3.9541630676087065,-7.7413598285951934,-15.081027001833371,-11.685435360911931,-12.399867426304366,-5.946549655222055,-2.2855033310823827,1,2,0.992099404335022
GSM331266,-44.183551516847785,-35.359824513395324,6.320660337929193,3.0234148853163703,2.7325448461213617,7.796661208166451,3.0312178471858187,3.7448968370156708,0.40581403284249506,-3.629149446278523,1,2,0.9938883185386658
GSM331267,-36.16328678125991,-29.24684164612274,-23.982412984388034,4.404121828919177,-4.835477676456837,-17.35613165395887,14.208367269747832,7.069711924758893,-8.183858658778975,-1.0536180510775144,1,2,0.9937471151351928
GSM331268,-50.676930843435116,-36.29288618541073,-1.0376726004756156,-0.8436004743492822,-4.009224150567509,-8.346803002995891,2.987373073192897,-1.4666296460701567,-3.65239675440954,-4.511721892278127,1,2,0.9956780672073364
GSM331269,-48.706595203682625,-33.98546389079567,-12.593453943486034,-2.3342563983239217,0.7264011816101884,-9.173238810647154,3.2641107357695525,-3.791683496704607,-6.36351625329417,-1.1420782801461478,1,2,0.9901920557022096
GSM331270,-55.84226529383919,-24.457530828854484,-24.08267398693767,-2.5920493804681883,-7.713031909734169,-18.93027831826788,-3.340454551231411,-5.920463308296115,-6.49233650549036,1.6895365207696469,1,2,0.9924846291542052
GSM331271,-30.555517867955935,-30.127995916272095,15.101757637693902,2.6026533893436166,-5.641997946775745,3.407192271963566,-1.0377337278106018,2.328768511235497,2.7827747107562746,-1.9483799505805464,1,2,0.9922135472297668
GSM331272,-31.74340734000933,-38.70111936619685,8.91518709533416,7.69310664379323,-6.882636192878015,-10.020163118749894,11.018547809997152,7.580221534863044,-1.586283934408441,0.6768102334843371,1,2,0.9920800924301147
GSM331273,-50.63464361902937,-33.647663359436706,13.097467640787364,-1.1022459921542132,-1.3994830272205216,9.410345532707774,-7.615533603065393,0.4356001676871589,2.996206118824282,2.043174109720203,1,2,0.9926299452781676
GSM331274,-68.15367542748517,-14.340318163951826,-25.3290427658658,-10.64652663097115,-1.3282677641260097,14.48481990904788,-24.207617629248702,0.6729943207118176,3.074422027717435,4.371280627634582,1,2,0.99251127243042
GSM331275,-56.12632635480249,-15.560211973658646,-33.82347388238827,-4.399691616984315,3.4568764271605437,-7.131718287374068,-8.34677499047964,1.6783085654938623,2.6428946018176167,7.386640544907332,1,2,0.9911869168281556
GSM331276,-43.03143031500333,-26.268595179968568,-20.253016627522648,1.3957070382281942,4.610589824204342,10.261097218099476,-16.607797102133034,-8.992601881593917,-2.905770405870756,5.344809100047777,1,2,0.9917216897010804
GSM331277,-36.64511192476881,-24.83474719663304,9.722321471022623,3.7088227607192756,7.075110799581674,11.193191377978483,-4.475339784555081,-5.300036885479919,9.894110449232432,11.857594940802475,1,2,0.9931442141532898
GSM331278,-52.64392772457077,-22.792700360828714,-26.607587101027473,0.39733990941326797,-7.348929656069484,-19.985468758958483,-1.3035337944552017,-5.306162388355739,-7.398867644973848,-2.159014717647124,1,2,0.9931495189666748
GSM331279,-27.825345170698835,-38.04007120036262,17.826650131202744,2.48367362856191,1.7491631800262164,6.251876172536119,13.753396733707996,10.650594957563861,1.5845782193726832,1.7876769892920046,1,2,0.9928786754608154
GSM331280,8.341262001608586,-35.476068751410615,16.658803219411478,19.469621797553955,-3.457078003197031,-0.282083898954551,4.481836007854411,10.591402105901958,8.572431281234216,3.219133629765878,5,4,0.9321197271347046
GSM331281,-29.07373769700693,-34.389438173726084,13.774772013689196,13.24607039403166,-7.055297709016368,-2.8609158839098345,-8.98624019466643,-1.697809253566251,5.366336579694568,5.499289033564216,1,2,0.9894068241119384
GSM331282,-48.84524143064469,-19.957232248257963,-34.92597465858275,-3.1674007462333025,1.2321976754002286,-2.2659179077622342,-1.8088148035106713,4.304484283097132,-3.1241398116164847,1.9202888296194962,1,2,0.9938606023788452
GSM331283,-53.19160361422367,-28.294500524066972,2.777899416368917,-0.9781621537531708,-7.582264626453321,-15.589410348503485,-8.458055839006681,-7.802529438681385,-1.1133918550451154,6.297399007005043,1,2,0.9924448132514954
GSM331284,-51.88472159025913,-33.19504576457237,1.1171610093540456,-0.38478221616650554,-6.474771139365957,-11.178841234359314,-0.7043624362614056,-5.655990296581029,-4.024565811184069,-0.7094346569092144,1,2,0.994001030921936
GSM331285,-22.91464826022463,-39.26712527850741,17.572421698654956,11.47796015387583,0.8124010189443369,0.039308055846359595,7.499466037966228,7.2474654477776275,3.708540713710008,-0.9533164773869359,1,2,0.99406498670578
GSM331286,-41.22712918845268,-30.612629586995247,5.57365968901964,2.9044327057913586,1.7188831191803255,11.317928533491992,1.4531492952396279,10.322145049488,2.515436801478295,-0.5182400468048294,1,2,0.990617573261261
GSM331287,-36.782963948657105,-36.933893413447315,4.874167156174785,5.644259932666765,3.554432777175896,1.2234141124145992,4.984985431846674,7.038828862704198,-0.14774979643135708,4.1916577371988275,1,2,0.9911640286445618
GSM331288,-33.78898939515562,-34.93792489332123,17.034325218883545,5.27246101560883,0.6287560116439807,13.363652053597988,6.117505156433804,9.131443448840752,1.7050967244349846,-2.520960850455235,1,2,0.9927699565887452
GSM331289,-30.57185911421917,-34.85835935932069,15.746919534251285,6.4197728019025915,3.6512242447890153,8.721933214545343,5.819537766410747,6.811474332976585,0.2688424809854389,-4.229790033333136,1,2,0.9916008114814758
GSM331290,-63.151962929066286,-16.112198528625278,-25.38725742667232,-7.324044436072177,0.43674783168727627,12.67029348966753,-19.06173612431065,0.7126997053927365,0.7467354814873272,-1.1099908944017636,1,2,0.9954869747161864
GSM331291,-49.21935723463398,-30.6038700750663,-15.080566482722991,-4.60954117845286,4.246756734235738,4.792708198556054,3.939814199837274,10.030450545698175,-0.7536607179953014,5.363517104265578,1,2,0.9923045635223388
GSM331292,-33.830779409159405,-31.73956389163353,18.82012250693625,3.7675490423325213,-3.430744253285032,3.1731788576903575,2.817397446809654,10.22282804473574,5.854996538639399,7.636252390724644,1,2,0.9947969317436218
GSM331293,-27.827818836391884,-35.16058233780499,-18.301197562353327,5.791759647839927,9.014473701573607,5.957535230450365,-0.2615937042908456,1.7663107787894332,-2.1336980102071728,12.54639913492738,1,2,0.9943517446517944
GSM331294,-8.886566681797218,-43.62202681497781,27.22785466848964,13.203893667041667,-0.75802207608976,-0.9561859161992673,4.422494076624647,11.866789486207908,5.736134214901441,6.8014497739669695,1,2,0.993246614933014
GSM331295,-55.65124735885954,-24.74241232367921,-27.47808705308364,-6.217245645985593,0.6327332474730173,-3.035292713274025,-4.361579855802287,1.561363196506545,-2.206237387934122,9.70368927536941,1,2,0.9961113929748536
GSM331296,-38.108322861653,-29.096897140288814,-32.605631680999906,-0.9599920468330402,-1.8983314057856384,-15.980499243331511,9.235771066540805,2.4193941794814555,-4.760223135298802,-1.6754380690962003,1,2,0.9915118217468262
GSM331297,-53.49242570595188,-26.900241349000897,-23.91579715519085,-4.1131850269085755,-10.046954271121114,-18.6289568769468,-3.8888204594272517,-3.2053648979572213,-2.4238463430625656,3.8531996259365036,1,2,0.9953762888908386
GSM331298,-35.768903450936065,-36.86238590890878,20.541695002485305,5.798769789153715,0.8136649567890776,8.590850501162471,3.1262400339915897,9.507899444971578,9.87761409153564,1.5651759825296996,1,2,0.99447762966156
GSM331299,-56.440264450217484,-34.20490708600459,0.5578545951257026,-0.25203023081143594,-8.662022687535602,-15.144068272423759,-3.075406857157578,-7.882095637077029,-4.58657913576791,0.17738570857780683,1,2,0.9946328401565552
GSM331300,-50.6521914004808,-34.09387886822557,7.78761036144738,0.7574466510281403,-7.490253987108938,-6.22386458111017,-1.3720827578985335,-1.0948458754589139,2.417589611147133,1.72824145152616,1,2,0.9929914474487304
GSM331301,-48.13096451521407,-25.561173361076342,-12.238948184451216,6.4433578439436205,-1.1626558134824496,-2.162907605111964,-7.193499000898092,3.186495249662186,1.6630230293489596,14.713205436181205,1,2,0.9896463751792908
GSM331302,-61.7910999267196,-14.62049095147567,-29.50311709721004,-5.766647354307302,2.2294589658582504,13.303490020918076,-23.32071858167671,1.5796253966682154,0.792419637485461,2.3657479477155468,1,2,0.9929957985877992
GSM331303,-52.79516566049956,-31.86343072901962,0.8852930231120456,-3.345141276192019,-4.208915857497691,-5.872828522208556,-0.7665447181536057,-5.8546797440506175,-5.518170067833462,-7.13446008936391,1,2,0.9936192035675048
GSM331304,-48.93731146110447,-29.329946246617954,-11.143683799282831,1.8087884927465485,-1.6972748647534137,-9.602363795516139,-4.974564719115941,-2.7973676932112483,-2.2571568548901553,15.482734662470591,1,2,0.9939848184585572
GSM331305,-32.12299594560922,-33.326141617577,14.79525766490224,3.782510333554542,-4.851015875081763,6.393209043910952,1.802621943001877,5.504108852489918,1.1620914417117185,-2.9808276047001097,1,2,0.99618661403656
GSM331306,-60.01937490646981,-28.916370457128856,-0.8022135096389894,-3.9115592940274784,-4.238726756207952,3.7299946589403215,-15.314284230511173,-0.8817024272925691,0.42858333370556945,7.686181638818354,1,2,0.9939632415771484
GSM331307,-43.25353658216197,-28.116151028552935,-31.029238650215397,-4.5203287999103745,3.7973196655715293,-4.2793680938323,5.101657381022828,6.26176336605371,-1.4702494187608974,2.5672438616469244,1,2,0.9914581179618835
GSM331308,-49.50669086232742,-32.82130061730733,5.060543803621886,1.0653018213608614,-3.590599318989643,-2.704892577181833,-0.5236606406613956,0.8150736854928713,1.9152561592040855,-1.0024521280569318,1,2,0.993351936340332
GSM331309,-50.93478874907226,-24.420661560055414,-31.163306192325194,-5.384870083417627,4.990819644142055,-2.124530158048611,-0.7215903143666028,4.2716207973423925,-1.4610416304676537,5.867580940413429,1,2,0.9926241040229796
GSM331310,-50.60584765512266,-37.0465540237055,5.723426755948943,-1.8007359464485744,-2.8355587444796697,-9.169269531565739,2.9975059161753492,-5.867059826876254,-3.144223911062976,-3.021884774444634,1,2,0.9960864782333374
GSM331311,-53.9555662502775,-32.645611221903735,-2.488835537615187,-3.8970066766805793,-2.107770658904317,-6.016552317203199,-2.58342851576153,-5.981546693800923,-5.107052289258461,-5.090092223952268,1,2,0.9935293197631836
GSM331312,-45.355535666737836,-36.82187526474347,7.543752767777608,-1.3914451210129932,-0.8470657233251054,-1.3394939000960966,8.162811839859717,0.869949746206614,-4.197910466824836,-8.408231356449713,1,2,0.994315505027771
GSM331313,-52.313960237402085,-23.936997987610404,-14.673751371720197,-3.52029513695189,-5.0585704474896795,-9.068871932619219,-8.41636825936732,-5.555264701883001,-5.290246196902911,-4.498096819757193,1,2,0.9934841990470886
GSM331314,-56.26154576441406,-33.048281687091986,3.208648973662251,-2.8359421160459686,-6.821660120088844,-10.84909970088362,-4.8519013177170045,-8.118578800251514,-4.7227577320036875,-1.8562710725011675,1,2,0.992371678352356
GSM331315,-38.60590315081232,-29.918704798542493,-28.345786061644336,-2.4552053330241015,-1.6253761688621977,-9.635897935545302,9.671987931189175,1.1249848218993712,-4.7089985469709,-7.9755715861723075,1,2,0.9928168654441832
GSM331316,-53.585629375175145,-18.103679757976728,-27.244576707733533,-6.977000935215521,4.752790505291441,14.340915790792977,-11.550128534747097,5.503733730217125,0.8052922386106864,-0.7952181831907712,1,2,0.9955769181251526
GSM331317,-54.97866505404649,-24.41394670140009,-32.62157280602264,-3.9411151145799646,0.9081114984072105,-11.8717985339038,-5.87096558051148,-0.869558474493818,-0.9848930670641269,4.264589922890551,1,2,0.991640329360962
GSM331318,-34.38310886379036,-39.14423451623065,5.397928006974103,0.17109036879460301,4.982584618095184,-2.401395626789296,13.549263313842259,0.8156760778069005,-2.074862604312862,-5.829089275847274,1,2,0.9923170208930968
GSM331319,-48.14097869919667,-37.0605266188867,-4.5091986537978865,0.5535477328359586,-5.979104110072602,-10.765351369707522,7.157559439991254,0.23312933412177095,-4.456372762020013,-2.7883415120296617,1,2,0.9941600561141968
GSM331320,-35.301030219107794,-32.7560851142899,11.33549322622788,-0.376654975006004,10.495745166546023,3.2335500572360116,12.318502842749197,0.14173665139641983,3.848472029134396,-12.678277212385012,1,2,0.9916998744010924
GSM331321,-33.90747634975713,-28.417558068231443,-37.29326651826079,-3.9492337657017687,6.94548909493067,-1.5417685248131827,14.256783361867203,10.950027967301628,-1.5472819677864078,3.5471769083014406,1,2,0.9913456439971924
GSM331322,17.166080004480563,-22.418573716673162,11.502072018108978,12.039711497515503,-12.270223061696504,1.827035753314497,-12.725005178405821,-8.478044958260098,3.8417198909544283,10.082095851462242,5,4,0.899059534072876
GSM331323,-59.05097823279148,-30.161087545425556,0.9930612942384992,-2.8705119215500234,-9.434294885180611,-7.406659238241829,-7.997131327864476,-2.3236198251672913,-0.2145816385544622,2.54026339668689,1,2,0.992396116256714
GSM331324,-61.465514039496895,-24.942770664668274,-22.359348487814785,-4.010300541465219,-11.20592109369847,-20.66510338318816,-10.199538818654892,-7.701271596483379,-4.360121249984982,6.860881342428885,1,2,0.9923344254493712
GSM331325,-53.61245468755862,-19.59161127841525,-27.967190359738293,-3.1687411546527158,-9.657472569500523,-20.855642834324648,-5.656064772649832,-4.280088429247965,-3.729842145865028,4.0440422714091095,1,2,0.9941152334213256
GSM331326,-58.86754812336471,-29.187071249682187,-8.272887385748412,-3.877220590089199,-6.812813665493138,-15.19687104453116,-8.201541289190354,-11.850989893465236,-7.2692600497822735,-4.985887584535106,1,2,0.9944608807563782
GSM331327,-44.60672563560068,-34.72483313925163,12.414398969441724,0.3234787986344455,-3.7983185189034194,6.92335101517188,-1.4008964925899237,8.632486988118,8.55112899007533,7.976204308486842,1,2,0.9941115379333496
GSM331328,-46.689206681095946,-32.865732591834174,-1.396658089418181,0.047937540477515445,0.6020790480780691,8.600255971899808,-5.477659721554461,2.850645091784514,-1.1794211006858952,2.863167368953415,1,2,0.993272066116333
GSM331329,-61.48923106617582,-19.570693983216604,-18.695291637974876,-5.971443688924795,-7.047603576154421,-12.821953963843278,-17.5692413104295,-9.339263982818538,-4.522878729096802,-0.4031889250334537,1,2,0.9927196502685548
GSM331330,-45.5587600171251,-26.758878465160528,-22.000327730750758,-3.2331660539860425,4.3887292078811395,-2.798799567787459,1.8347935536960827,5.9113607625451445,-0.9539225845597318,6.062223250838786,1,2,0.9937734007835388
GSM331331,-62.81436769849556,-17.446669710772913,-28.164244082701515,-10.359488987904832,2.9061182274380997,15.741576779477542,-19.040237951149273,-0.657094091513131,2.218419006107611,2.24313675282595,1,2,0.9937791228294371
GSM331332,-63.74522291738083,-26.329304029625877,-2.539601434676342,-3.396283327403592,-8.075962240745861,-13.198528740547127,-18.038850107425333,-14.651977462124574,-6.635187926884492,-0.34760742170221925,1,2,0.992436945438385
GSM331333,-49.73191161317922,-10.431311881594663,-25.945645132292963,-2.3028351679502923,-5.089510802876939,-13.402973793924964,-6.437032739145402,-9.045623318435744,4.324458218287609,1.0478570891035193,1,2,0.992444097995758
GSM331334,-12.00041641704917,-26.859272488441277,-0.7786022545039193,23.347746354600222,-8.825645317918603,-11.965173821065099,-9.51052595071933,4.528926110828222,0.22801551086730742,0.20705016905399973,1,2,0.9942554831504822
GSM331335,-55.20527839538126,-34.62803573530902,-3.799764156693535,-1.0194521637555856,-6.4147269832399365,-13.451991137067417,0.46034500020315244,-6.291549925374778,-6.175362465459888,0.710554153548978,1,2,0.9923394918441772
GSM331336,-47.51875071307328,-25.950582137457975,16.303014238366696,4.3189926363809645,-4.10531089760903,14.208151640393764,-9.836879331508582,9.120052075867518,7.6698568273333665,3.587615473539915,1,2,0.992673635482788
GSM331337,-51.39115815978276,-33.672961438538394,3.0316854386704155,-0.4557452991024652,-7.8397947214332815,-8.445979755788166,0.6603180614493341,-2.890561547387814,-3.5424626468358875,-3.7374722744387583,1,2,0.9961832761764526
GSM331338,-41.33114472735091,-37.18174414301503,1.7441110806462514,2.113003160334031,-0.0436572292840316,-4.424967697786007,10.75831425509776,0.6905571062658056,-3.6789398753046494,-9.248128201098845,1,2,0.9929986000061036
GSM331339,-45.839454806692856,-22.589428974415323,-33.7949562215003,-5.637092984535181,6.792744007157227,-0.051443020135950965,0.7110628764718925,3.1941270625636142,-1.307009887509356,3.122060631730502,1,2,0.9940881133079528
GSM331340,-56.96005342021936,-29.446043319135043,-1.251005181190114,-1.2099554911608819,-2.4160666538631466,2.6415446624212304,-12.440157870171838,-1.830433114533782,-0.2458032096390207,5.575389607223218,1,2,0.9926907420158386
GSM331341,-51.460838200782604,-32.53440313183432,1.3038641825967048,-0.09873228743576265,-2.703780888757753,-5.120334602328525,2.745823913765643,-4.308037508211451,-2.521709557699499,-7.385600448767488,1,2,0.9929530620574952
GSM331342,-33.07893707401144,-32.03721955217507,-2.468519454509373,2.1642304380325004,3.3403869152420094,5.460352064351537,13.03791821969397,4.605447354348397,-4.27170731690982,-5.619436934173396,1,2,0.9935743808746338
GSM331343,-24.159747568881272,-35.70949689528949,20.313973815674608,6.192370003075966,-5.748370494948212,1.01847056945468,15.294867981063303,8.58329678714054,6.472516269936158,-5.7923475864262,1,2,0.993351936340332
GSM331344,-30.124801358734043,-35.24713004087567,6.596617359360127,6.469549291958647,-2.997764947474172,3.6199566211919953,12.794178541958319,14.555507633264147,6.355101117500162,4.893855165638209,1,2,0.9933569431304932
GSM331345,-59.051312674119956,-28.741528764558197,-3.0402150789488753,-3.243644132619347,-7.092687817836518,-16.226333018927466,-10.068481122057525,-9.961177443487607,-6.093954077776342,0.32438232090284785,1,2,0.9942029118537904
GSM331346,-53.145574538869305,-20.439325823763156,-29.89827868114009,-2.6811729153819224,-7.804229302268492,-20.756680758299023,-7.03307364626576,-7.084370138527982,-4.774657147366591,0.7131828452359862,1,2,0.9927386045455932
GSM331347,-7.189021489372352,-42.80579524199154,17.747633821118715,15.770058441135557,4.321226789513823,8.494108353609994,7.955650198260383,13.97411846809083,4.547641024789125,-6.617792629957682,1,2,0.9955758452415466
GSM331348,-59.0383596263144,-23.065464683669063,-29.192486172124106,-3.048706735328495,-3.430665519370712,-11.995220487931661,-7.113211425757862,0.9084003649658888,-2.10469120192435,6.657756023645234,1,2,0.990293025970459
GSM331349,-59.51008694567603,-28.5998586829193,-2.1060145911473778,-3.32767567207037,-10.994694790193504,-12.526264539975545,-10.329417873009339,-8.935178710013949,-5.792323433768955,-3.258490345417355,1,2,0.9926254749298096
GSM331350,-57.006605131376496,-23.58620752847717,-13.738675267876696,-4.955346890273233,11.11874933146212,11.424065531990967,-11.718174900454464,2.713738368373217,7.481834495022885,7.341424790709431,1,2,0.99577397108078
GSM331351,-51.93647381406739,-28.607120294467446,-17.373641848877938,-4.8805055701400955,4.181789407064154,-1.305845994280939,-0.8170689812926955,3.14460738818401,-4.076741819043037,3.2427834258495687,1,2,0.9980731010437012
GSM331352,-44.798475017848524,-31.577555299276806,18.23572849119147,-1.1143703152396418,-3.135445476976098,2.6836888214636243,-0.17913068468416785,5.546482023900073,7.961288839462513,5.289230426416356,1,2,0.9940778017044068
GSM331353,-48.45501688581865,-33.54782167549658,-0.24469752634413056,4.010096835229518,-4.795178296584972,-10.581840838369583,6.0424598790180895,2.634617552904085,-3.995721047472673,4.139166655832428,1,2,0.9918962717056274
GSM331354,-30.946711907971295,-39.23084527028558,3.002862260153371,1.2284447594092147,4.643647199599742,-7.75698895872745,19.220983030183273,-2.6201733889584906,-3.569380172352637,-10.973677441513098,1,2,0.9938815236091614
GSM331355,-55.67393292544071,-29.525758991444295,-9.003622066307024,-4.916977564012319,-3.4832749479656187,-18.036310201369936,-5.42860326831752,-11.244155485073831,-7.3087422545698875,3.629754754566151,1,2,0.9940786957740784
GSM331356,-55.92003153658301,-31.74042732883015,5.660566649930027,1.5422577786879637,-4.566557448006141,-14.726930196360085,-2.0143465923609956,-8.23369093128309,-6.403620760413185,-3.8850179961644065,1,2,0.9945968389511108
GSM331357,-48.15540886018401,-35.31837044878827,3.1897715375941593,-2.971194840894203,-1.9824047694790317,-2.0133649925731776,3.421765179327853,-3.772744410052075,-3.5082332994081415,-8.717627447979945,1,2,0.9932583570480348
GSM331358,-63.12613222734865,-18.192495310665663,-23.124000000190097,-8.23089699521224,3.9062101385102403,18.568207547155918,-19.90004165247344,2.685878840364281,3.3678662369926355,-0.38823644859334044,1,2,0.9952502250671388
GSM331359,-36.641341871838996,-27.852844006414156,2.3837082126585067,11.097863817901082,-4.326638590493394,-15.829153600830683,-8.571408516102249,-1.0845331819315578,2.0100631508893123,10.645045668879185,1,2,0.9934570789337158
GSM331360,-50.658376045867506,-34.17499370832828,2.732183648975897,-1.1426605491371171,-1.9696195392916738,0.3081601626878972,1.189354730871235,-2.2214466781196633,-2.5704536410762397,-9.130618445627263,1,2,0.9955915808677672
GSM331361,-33.682648581896615,-40.736410480443304,4.049617973618874,-0.7847181612045758,3.7906119335551383,-5.759476248204389,14.834008630368826,0.15859418922630525,-3.202285736335139,-10.354265947889129,1,2,0.9956152439117432
GSM331362,-49.89071507827347,-20.765063688162783,-25.00740998709444,0.04597473556806009,-1.4937750358460595,-20.49477349802328,1.2663358999703673,-1.5006483942594375,-3.4502643015587355,2.236917851889833,1,2,0.9924204349517822
GSM331363,-36.956508996118714,-31.734522780882997,-12.847766125014637,3.648068465920627,7.423070632867278,5.598011257043939,-5.292766960383163,-7.849943338354426,-3.8205912852419917,4.960484827749026,1,2,0.9936259984970092
GSM331364,-48.99009412236347,-36.37945152891077,10.183381174848526,0.5962627527459249,-0.4701197932935323,-3.913775701381178,3.1190813565628286,-2.221608795531738,-0.9514988593566602,-1.0717158478403976,1,2,0.9927181005477904
GSM331365,-56.08388916094984,-16.819457153599064,-29.164499744161077,-5.467167580197503,2.531778073020384,12.83270381418955,-13.640603287677656,4.953360315136026,1.1349496593067243,3.7703974696327966,1,2,0.9927716851234436
GSM331366,-52.21824542675931,-28.80776234543563,-14.82554513487457,-3.6369864716183447,-2.0954105267252685,1.241571017217223,-2.121377233343344,1.3132165129405002,-3.7962239228054697,-3.0543621865171797,1,2,0.9928705096244812
GSM331367,-54.40905589274808,-30.76607880654256,-2.0399614398428163,-1.313894868508839,-4.347502631397445,-12.261953915926675,-2.3008334784822946,-7.552692705936723,-4.474224075511509,-2.852643433946576,1,2,0.9931224584579468
GSM331368,-52.58879793462497,-31.384248715511234,8.985554089712071,-0.1912811901076969,-0.19502129200680965,-3.7923824321108897,-4.579717775567839,-1.8538044848356896,2.061667844284579,7.401054751612753,1,2,0.9927499294281006
GSM331369,-56.73221089827465,-33.949327566404136,5.4720303161091115,-0.28688351189599637,-8.980096621526615,-15.567499785966556,-5.71584587020072,-7.553985670366049,-4.081871941091734,2.401362532935922,1,2,0.9949219226837158
GSM331370,-54.9880822265439,-24.886528028856326,-19.2768435023416,-1.8617489772072666,-9.116058092794953,-17.765717077077504,-6.824365025515948,-5.724370206634537,-6.611852982284472,-1.8293360060246937,1,2,0.9938392043113708
GSM331371,-33.202097499577114,-34.119476845043124,3.1532888438620454,0.8132366170837548,5.2383951562357325,10.000850101589077,10.710051943889383,8.009513971643033,-0.4691858493212317,-6.296068552750437,1,2,0.9915862679481506
GSM331372,-58.520699355217715,-17.216289499796897,-19.610926483276472,-6.551213991490302,7.909394961066857,16.470467820681343,-16.75943631599424,2.750321608618725,4.133493302887107,5.90616950111897,1,2,0.9941532611846924
GSM331373,-30.108095561990975,-38.46378502282566,16.70118494049207,4.27237244300225,-0.6409103866179351,3.642860961143383,5.04489135023411,4.262356991543645,0.3314203042114132,0.9860452182872484,1,2,0.9934915900230408
GSM331374,-55.55152856662131,-26.426476601658646,-24.611000300036213,-5.503720055902711,-0.33951070228444413,-5.957505861448331,-3.1577367766852036,-4.227513709746748,-4.076791356673606,-1.1516959486212008,1,2,0.992242395877838
GSM331375,-49.87194084734341,-33.03888673542319,6.030660982737662,3.5066651716113078,-4.725460103048227,-8.149318870660657,4.0310726463616104,-1.4972446617326878,-4.13931868014494,-6.259496431505,1,2,0.994101881980896
GSM331376,-37.75248707174903,-35.70490728758287,24.992838666983804,7.222372222843937,-5.773758500123293,-10.197427159775348,3.1709826163707993,1.9649495258038983,2.711063971421838,0.6687827148329382,1,2,0.9925988912582396
GSM331377,51.15486161882601,-23.326364513732077,11.7573987041155,9.844150059473067,-3.163624552627361,-4.164128235468804,-10.55911899192736,-19.544420798310206,-9.810078267207176,17.839835425438075,5,4,0.939807653427124
GSM331378,50.32584544075972,-18.627204320748657,-1.396330744016271,7.721626157295715,-2.4961700753790335,0.9382207973895298,-12.512087459900455,-20.264561551557684,-10.889183836845795,14.482940187728735,5,4,0.9308454394340516
GSM331379,42.9805255823417,-9.311426563979674,-15.461220330600296,-4.03853796152522,8.087416712497092,17.90188404562436,-9.776584021903947,-11.091642168493593,-4.3077270672716805,20.004931664498162,5,4,0.9334933757781982
GSM331380,46.60403436183371,-15.845189619181522,5.089332833315239,-7.064203136012752,8.796505356547256,-2.8184647629130177,-1.3681688696445322,-28.80025805288288,-17.09784647430324,16.853066791865796,5,4,0.9307467341423036
GSM331381,45.86928014442229,-21.644642328131184,19.26673190293779,5.494708849541006,-7.393239307331692,-7.986194376867859,-4.511630811314722,-17.688275200129137,-6.608443591725069,11.722315885841846,5,4,0.9339171648025512
GSM331382,49.82709462293738,-19.459980818065127,4.876698014465629,10.153850143209704,-0.8689906205886014,12.54890921018275,-17.53861616760236,-20.528325351965965,-11.057518242069984,2.1844692198151927,5,4,0.94384503364563
GSM331383,49.004631310768225,-19.12156697340834,-2.4959759083211135,10.422707776446265,-0.807486566842433,-0.4008994279108919,-9.705032177808635,-23.43336614448836,-11.970854305931233,12.786627824006304,5,4,0.9261987209320068
GSM331384,36.52324966732712,-22.303406995359243,10.457775317735278,11.560053066993708,-2.129152672534684,16.94906446103799,-4.129312333936147,-0.6606439905894412,-1.2309572250497105,0.8600067488273835,5,4,0.9288793802261353
GSM331385,47.23052660613189,-16.098740741972996,-12.867512338584907,13.171394115405189,-3.2364960611689257,-4.949366268758989,-3.746300904890134,-3.543013515408112,0.0073881691259072785,-12.74306160905811,5,4,0.9348577260971068
GSM331386,49.58247230977227,-18.847698218802705,-1.288742071874226,13.092385513634525,-6.7627220019163214,-4.813969007399129,-0.2910192941039826,-6.74519875827583,-11.899301675606305,-0.7226765466296631,5,4,0.934611976146698
GSM331387,48.014530195061816,-24.367970578003373,6.659200425463289,10.2405199392887,2.0128993852669423,-3.659892121171849,4.357547587644346,-10.375706522126144,-5.744282003503014,17.942030279359965,5,4,0.9333208203315736
GSM331388,49.13572533100078,-21.536207084872544,6.706856471958641,2.1683616113805693,-0.09298867336586118,-1.3633196106017795,-10.464877831824964,-25.914102343381526,-14.988618115941604,13.640835931719936,5,4,0.9327041506767272
GSM331389,45.643175421912446,-22.274797697483105,18.41801638861711,13.749038192093325,-8.597089094820683,-3.108539298352126,-17.368892075660085,-16.389069396382446,-6.059267083862741,8.790545407562487,5,4,0.9298449158668518
GSM331390,53.807252617294985,-19.450355390478062,-6.908258139126861,9.288693418235315,3.112332229258202,0.9413688423708347,-7.4125410278725115,-20.408360016290658,-11.630947783158827,12.427411928507762,5,4,0.9323626756668092
GSM331391,42.990172114798334,-10.930832995039786,0.4023562556221205,-11.400751456057822,4.585810395160471,2.2503748097202902,-6.233887985657023,-5.998429217851644,-2.8170992102656336,20.684249757174694,5,4,0.930464506149292
GSM331392,28.790912157109364,-20.20933896141329,13.29182106602952,-2.779488179803907,1.8923722698623842,15.288421465312787,-15.475883640695997,-16.02981099029164,-10.236272276276358,16.06039737124613,5,4,0.9398545622825624
GSM331393,53.731212662357635,-17.032407653069573,-8.385697319997055,6.743654935643751,2.471950356456144,2.4439557600923862,-15.835658918347262,-24.365545270690998,-12.729544776416535,14.851902116000073,5,4,0.9352741241455078
GSM331394,40.676354448428235,-13.794311464898538,-4.941134312694557,-2.462103640591694,9.697082238305628,24.00882474597547,-16.16807100513094,-26.372038993200764,-9.660678283988332,12.89932805487563,5,4,0.9321709275245668
GSM331395,45.07678283160488,-12.610723492236291,10.335662650779412,0.9494746860576748,-4.32841122021753,-5.414179520636551,-5.785138467890782,-11.381673346885675,-12.07592684189948,5.108801315666295,5,4,0.933297038078308
GSM331396,46.4595239951591,-21.886562215549265,19.93527851551175,8.296418468482502,-4.845968902447518,6.481420925635477,-18.96455011161322,-17.331277242070172,-8.325636353915742,9.59606831014854,5,4,0.9346173405647278
GSM331397,42.15348929804878,-30.611273131951627,17.426476095474158,12.460550957197121,-2.6840722860190276,-0.29039830800333954,5.793726992182718,-7.163251609238398,-2.418558090781588,8.50326453943818,5,4,0.9320705533027648
GSM331398,35.582879169208816,-9.050947659601903,-26.340293689354294,-7.759437593698426,20.297345549232226,32.09688123984157,-8.776123040385812,-19.717452932238302,-10.903196098458483,3.3545907035441394,5,4,0.929228901863098
GSM331399,46.2358072451764,-15.472477361538239,-2.7900280168318425,-2.1082654760512436,8.593315548715362,11.87969917452847,-7.482319770496192,-15.134266667066356,-7.462651443320437,22.200146873476733,5,4,0.9318106174468994
GSM331400,54.26218950331788,-12.46528899180281,-2.3781246949150727,8.56437037663171,-2.7319599979719693,1.1851978916783272,-16.165791538210012,-22.15647694432324,-12.9400775540072,4.235134203851298,5,4,0.9349891543388368
GSM331401,41.529036442287854,-2.3648027789072588,-21.982358297314548,-12.881944288123522,9.029602864723097,15.008127585312756,-8.794985114195116,-28.72895718102966,-15.097445621254346,3.5399665383661394,5,4,0.940281867980957
GSM331402,51.11475765271253,-17.649791665559693,-2.768692976456733,6.0833172548040295,4.44800075759162,7.002108256428144,-12.250142698408318,-23.094895918776604,-9.840271083337452,3.570511442428247,5,4,0.9396126866340636
GSM331403,43.88779371735099,-17.646364491130274,6.676208262750366,-2.7285820244014007,13.605871290308606,14.033726717409678,-9.2251536322842,-26.085985359184193,-9.703462691677087,22.246759143434065,5,4,0.932692289352417
GSM331404,43.44087897093829,-13.269509800334552,9.993784541030942,-3.171195476188143,0.5295964548918772,9.246421085848596,-10.5536609903107,-21.669248692492463,-13.999567560100418,4.876627449528286,5,4,0.936722218990326
GSM331405,37.00592748272962,-23.70144078159636,12.417820145425338,6.3574751305119435,5.594557092618445,20.77501422400013,-6.727071384343385,-8.735237812019548,0.11613191050532935,20.375313170960634,5,4,0.934662103652954
GSM331406,32.3112948313276,-27.758744123630784,12.068388413727561,6.578130940727982,0.9406721538044608,10.992592020818687,4.85011598288268,-3.845758855551926,-10.15414013866891,6.723182515152769,5,4,0.931062638759613
GSM331407,40.12574765326754,-2.97332961646855,-21.42708180642912,-10.076676189038343,9.412131205389484,17.404644781000986,-8.303599084209125,-24.958622103934083,-15.29806484691419,1.7267962367355882,5,4,0.9293382167816162
GSM331408,43.93129186437009,-20.344497493706424,9.63275317230954,3.899240524339543,2.756548571144772,10.085198375673933,-12.010822568936254,-21.574825080162427,-5.440229302238645,5.035610121066196,5,4,0.9271314740180968
GSM331409,47.10107936462999,-14.499308403022356,-3.4961304282121133,-0.9252664718940841,7.787309881518282,19.189640030351814,-17.7781193609195,-25.678637251994868,-12.255112450065454,11.170893062970913,5,4,0.9287365674972534
GSM331410,42.100988618374,-1.8207151858637858,-25.225606959439773,-6.887748592963797,8.662331024983324,11.182502789114139,-7.257039126321142,-28.426608665606082,-12.86046759909967,8.071999405887412,5,4,0.9365538358688354
GSM331411,55.12885587889068,-20.130172913720575,2.095432644297755,12.234737661143125,-4.5166927665449865,-7.1515473218071355,-9.264227555023968,-18.1099117780699,-11.152901488452121,11.994801556333478,5,4,0.9351956844329834
GSM331412,51.044826814807514,-19.551252802932968,0.6807830367003284,12.469231652162751,-2.7936413525372665,2.4614003808376475,-19.041291394567644,-22.408444833875112,-10.159361832247587,7.6033330734593365,5,4,0.9361299276351928
GSM331413,41.11014130212779,-1.9030605209800349,-17.35571104253108,-11.018695193875315,6.881822479884592,17.487102799320343,-10.808629147584723,-29.997815708181403,-14.859482688979874,5.205519099243322,5,4,0.9375997185707092
GSM331414,49.83985017218006,-21.73812833093276,4.149182248270835,5.343802365658697,2.475595104744223,0.6439637365672883,-7.093246454711277,-25.079934527308556,-13.849399031964367,8.845589527929384,5,4,0.9321079850196838
GSM331415,31.010424513397858,-35.81134098422011,20.081427628194646,13.617148725449123,8.705785727051842,19.42615352585405,-4.710474687931111,-8.904288452787108,-4.310920645904772,2.8386209686727315,5,4,0.9409604668617249
GSM331416,42.825807711510194,-3.0819630617525817,-11.908492127501102,-9.305770752865834,9.346783395882579,17.13780442610942,-12.27440969432383,-36.28231093640891,-11.781331704062659,5.082901551709436,5,4,0.930084228515625
GSM331417,26.690502274520316,-9.808521412494867,-13.142218380500678,-3.6309215951584117,16.835690663007597,37.88290048074625,-19.432178734386287,-18.425704112923974,-5.559112743382365,-2.555567675417879,5,4,0.9315630197525024
GSM331418,50.926225313892324,-17.620028352226203,1.7045510931189976,11.794987392959714,-7.838835053805329,-10.314069045924715,-12.58243670674101,-22.8285798753149,-10.168157357063556,2.1900838266052425,5,4,0.9309329986572266
GSM331419,44.39079258805215,-7.945624036525331,-31.11650933587077,0.11394099319323496,12.956165580656034,26.53595460789743,-11.549267487820392,-17.22463516206763,-10.257230816044608,4.901563338752701,5,4,0.930069863796234
GSM331420,46.037227119352394,-15.537694142044343,-4.114588768895829,-0.25475414171596394,9.054336788680141,9.939983967460478,-10.732283856019167,-28.649365978285704,-11.904583510491126,8.535981775239932,5,4,0.930245041847229
GSM331421,47.96042460743415,-18.212794507280133,10.041628238991537,1.6711993602753847,1.604850129726628,4.11608658869466,-8.201714179285315,-17.950510687928222,-7.593620023031981,17.552749911788403,5,4,0.9327110052108764
GSM331422,48.662330152507955,-15.1494221921631,-8.13798200462763,-1.9404869901459716,7.819528379932716,0.09360516483135149,-8.724634308968024,-28.667144682990546,-14.468505119215205,15.182475010433343,5,4,0.9353305101394652
GSM331423,46.9676082639982,-14.247024475727512,-1.4869292741089621,-3.0838353340295375,0.9513210739499603,1.8507883694236833,-6.621599143894157,-17.434227817952404,-19.231622814672914,11.537616709122881,5,4,0.9306471347808838
GSM331424,31.932834626626555,-30.86987681387582,20.821432865895314,1.9879878915944762,17.0494497331644,26.805991191378375,0.9102555398604374,-16.081154811888315,-3.758132954707086,17.034082713086853,5,4,0.934699535369873
GSM331425,30.40741382120385,-13.969570437644988,7.44935481857969,-2.6851052941159677,-4.581447434434981,9.739350690739728,-20.9621640525528,-20.24229450090797,-7.624378250767124,10.94182412085984,5,4,0.8895387053489685
GSM331426,44.86867136124478,-14.577916247716152,-16.975613579610236,-3.63437250303856,14.616536385763773,16.687790104577314,-4.443814488113647,-23.801950543261828,-11.86539406578941,21.454306839755933,5,4,0.9413282871246338
GSM331427,54.615025661429975,-17.54666933850216,-12.65459351912306,8.910849297598418,-1.7025385944598141,-5.3921480271618405,-4.922885233015619,-12.980683482328855,-9.625196817826604,11.245674189653927,5,4,0.9366471171379088
GSM331428,51.677013326322985,-21.705078216628884,5.00729740612702,10.542624025251094,-1.9217819711195627,0.3567265138627064,-6.164302907606608,-19.376685510659186,-13.140980873245502,6.3864007384999075,5,4,0.9482534527778624
GSM331429,49.147907074971236,-31.88531527379932,0.1310983435725368,13.542737777561511,5.285748038005177,-1.5817698550721964,4.967808875768544,-16.794532504076933,-9.834811451800908,6.776616438404793,5,4,0.9340860843658448
GSM331430,49.25886834561261,-29.122705077994432,7.767384690219479,10.797449127192538,0.2578207430077624,-5.238435650380501,1.4241695031053294,-21.43678416583463,-12.89065197377879,13.516901388798995,5,4,0.934365689754486
GSM331431,51.26528428118441,-24.620008082955913,-0.0622785718849314,9.842477899901903,-0.9733407014539532,-8.070263156425028,-3.9542136651035293,-22.80116757215063,-9.863258288559509,13.784022756715135,5,4,0.933732271194458
GSM331432,37.72214021881208,-14.258053552774873,-8.43689414938897,10.474621839440461,0.05886794150924195,6.359843136097003,-0.2889288474989025,-5.596079136024193,-6.717999762264056,-15.981252001567787,5,4,0.9380916357040404
GSM331433,28.90631995241729,-28.26300064217159,18.53253636986271,3.683201748396873,3.0881028078437565,18.877916789333938,3.4839368215646562,-6.659104702116129,-5.939425627114699,6.261919690715033,5,4,0.929098665714264
GSM331434,45.565227528955525,-18.390246692685157,12.852101469968602,3.507850742686632,0.9422115319456561,11.205932583127154,-12.12185657110556,-10.555498443689602,-4.938190284653411,5.041635461669252,5,4,0.9311283230781556
GSM331435,37.786640051398955,-13.434321332569402,-28.74725203038562,0.18756703820146053,13.314965874983942,30.180469298535215,-6.227168562983787,-3.888463597743647,-9.945057703861615,-3.709685937728497,5,4,0.934418559074402
GSM331436,-34.10461186488645,29.19688359304515,-15.482017518071256,5.5266065019232995,15.890510510918142,-4.081534781124356,1.476518586934892,-7.598430417164086,4.049897685705203,-3.7250497004307688,3,3,0.9613627195358276
GSM331437,47.47191263964784,-15.767504258854753,-2.498824581677683,2.8647921546723887,-6.031585511223009,-9.622102602606498,2.2425470914325007,-18.389143146560627,-16.868669703022764,6.6686741898780255,5,4,0.9396997690200806
GSM331438,49.31962259046867,-14.994284965043155,-0.5578003177846439,-1.3971536123191224,5.601223348190547,3.4237662564905786,-8.148508054721432,-27.758980348183083,-14.113257929447455,6.974165536227401,5,4,0.935383915901184
GSM331439,46.70848498255349,-19.057883615946587,10.917231086989402,-0.5656624585537667,5.153430450881172,-3.1557510150215347,3.8819907907066478,-15.062303484218083,-12.802038228020232,18.282410717387705,5,4,0.933413565158844
GSM331440,44.86177666508186,-15.98398389496875,13.033407794049346,2.557133139390828,-0.2993523497705188,9.778793903271174,-11.507642350896697,-23.990520729800558,-6.223103990935948,12.746364299722945,5,4,0.9297761917114258
GSM331441,48.84768283317244,-30.449766971862466,19.64153996392709,16.175425490692646,-5.69776481072248,-9.72919929631207,-3.0126582937083244,-12.112455306332759,-3.758662716220215,14.269313108945077,5,4,0.9292424321174622
GSM331442,37.5429063484115,-23.91984271334818,10.962351079530599,16.82037227376212,-9.461937791767589,7.231651510879469,-0.7623616309365716,14.877800622772243,6.909949133715309,6.282655978352737,5,4,0.9441109299659728
GSM331443,44.572656794836625,-23.17050596513693,16.20838409576698,4.8408828839542934,4.135309880575611,14.604904282260392,-13.255936805318623,-23.957938787376232,-6.816581764005804,13.175860194112781,5,4,0.9341132640838624
GSM331444,41.98309077904649,-13.532603101257395,-15.684966661572435,-4.801733425470389,17.278555095617346,20.521154991704826,-3.1817817908613155,-22.801896208173947,-10.626153613748956,21.813005508828855,5,4,0.9340404868125916
GSM331445,30.209269641027337,8.610486192681341,-25.26336482547572,-15.764105222001934,9.247369475375592,32.34513287989816,-20.16760490378525,-11.133899837770716,-7.433323417384078,-4.655230950825098,5,1,0.9340479969978333
GSM331446,45.31107711067324,-24.88946955343126,9.763786544114883,5.421707442981143,4.185991381304242,9.17738473295879,-6.169563358041738,-23.893170144054746,-10.883812655308292,9.986029413708597,5,4,0.9326533675193788
GSM331447,52.93572091418863,-20.831404353177795,-2.5510538190340055,8.542787003019761,2.1786049012831796,-4.776261039687838,-2.945955999967558,-15.99306013366828,-14.052836165061587,11.518324083515802,5,4,0.93654203414917
GSM331448,52.67206116337432,-17.425250838634422,-14.285507379571124,4.577430800692422,5.1303016094604565,-8.252438597814342,1.2342550251190247,-15.90259892415887,-11.981897425887475,15.854471844582635,5,4,0.9326916933059692
GSM331449,45.917206107252035,-18.122555719943712,-3.743695050246181,-2.9420949776917524,4.4812904323289136,-4.103496199722782,2.0915706395199964,-20.52058750358061,-16.142370653205734,11.22449982780962,5,4,0.9332910776138306
GSM331450,44.04096877553682,-15.810895278072834,-14.300352103696044,0.49467787191693946,9.68276108434966,7.795342658933788,5.894821158149083,-14.849307887261167,-12.393756897470197,21.85609094370447,5,4,0.9378226399421692
GSM331451,19.03735640574701,-28.136317268436056,22.490201481694562,8.584661068409389,-1.7924447670964576,20.931820547408282,3.627684201366977,3.9294931450311563,0.9157880193063108,0.17735413389504842,5,4,0.9350492358207704
GSM331452,44.90577709987503,-25.83053806473292,9.12958368767662,9.159255708990537,5.1368012806924,8.477219034153379,-2.052012022538894,-18.896828518099532,-7.719656521767136,3.9845967458511606,5,4,0.9271946549415588
GSM331453,50.593762359894605,-11.428200951148433,-22.721999058647352,9.707968910663226,4.317497670567093,10.965439318088345,-10.566977053694828,-9.355248470315294,-0.05461440071023494,-3.571051425158693,5,4,0.9337177276611328
GSM331454,49.95296082665476,-8.800215725142008,-22.338210982455774,9.116420834756504,0.28683773223573084,4.397204404553788,-10.021272841069797,-17.419046334377587,-6.459022269693861,-10.016036281016401,5,4,0.9285485744476318
GSM331455,41.279186812713874,-7.103037345351144,-31.416214765392354,17.685662046299015,-11.115553874791317,1.1605543953563913,-4.042390494004291,7.367441781959626,1.3734935333344422,-18.270748444848834,5,4,0.9356898665428162
GSM331456,49.53415462930354,-4.794522976093964,-22.694369228654363,9.916962324076314,-10.249546624147616,-7.874546334388032,-13.779585626456575,-0.8418251107991506,1.1485052228176214,-9.7700947965818,5,4,0.936442494392395
GSM331457,46.22943368656738,-11.121910968429518,-18.505061160173042,5.827780626471966,1.2987623331147025,-4.899749135883148,-0.10002638349853045,10.580486154444564,6.493335445830755,6.8085777125630145,5,4,0.9354986548423768
GSM331458,50.03079022406297,-11.732123073048136,-23.57776937088087,18.172402393054334,-4.501803118487144,3.129398405320446,-8.489949545449281,-0.6781191249551995,0.8914866483361416,-6.5506400753305325,5,4,0.9322488903999328
GSM331459,50.342752312802006,-11.069206679526824,-22.215725491714583,9.792857768798134,1.2355962897054724,10.2856553429205,-11.00720002921085,-18.772172974179572,-10.348559897055358,1.905059863255097,5,4,0.9322488903999328
GSM331460,49.90348462929282,-19.574045744564813,-1.8497677386034426,9.627155874910027,6.897030493072267,1.4683201338327423,1.0682359310208618,-9.610316110817035,-1.429271881998133,7.352551787483427,5,4,0.9331334829330444
GSM331461,37.8356959151215,-14.955585343970581,23.92225402808194,11.732411748935176,-12.178426004242368,8.22988567701226,-12.711995503406065,0.11622309937200695,-1.9884542287901663,4.376346395012391,5,4,0.9313948154449464
GSM331462,45.3590087534462,-24.835642852858427,-15.437860106081501,15.161866690702622,9.786693810511306,14.069769652158342,1.8287196329993145,-7.319006395524847,-2.528730515940892,10.747108807975247,5,4,0.9346526265144348
GSM331463,40.31658861739887,4.49111152444232,-14.916082061760502,11.913622321620267,-26.7218360747712,-14.373698105004388,-18.807854747792973,6.813102079266548,2.0052258555257243,-4.817093412081692,5,4,0.8896030783653259
GSM331464,46.88637628121355,-9.225812217757458,-29.133348515759863,19.114839506294842,-8.46840083970454,-2.0870571370899147,-4.280109108575227,4.199871148750091,1.8578930857182032,-3.4010034881383673,5,4,0.9307788610458374
GSM331465,44.09837425857116,-6.247566016661239,-27.232464680229384,19.753593155862628,-17.85839491086706,-5.69242810850333,-12.475318558949466,5.9751218956705205,4.584943664517272,-17.875239106102917,5,4,0.9304285645484924
GSM331466,47.39721665088172,-16.74594982760335,1.8479092374047625,14.577786465168396,-9.340706880056985,-15.259035617993566,-0.981983404171294,1.2072134274825532,-2.4481971015876574,6.717361603350372,5,4,0.9382876753807068
GSM331467,10.959697607683674,-6.509803032698889,-21.301346618728058,9.471049683663688,-11.439103773802817,18.7221910704463,-9.661666728428138,19.785734749868606,3.5708530320450333,-21.21156287548999,5,4,0.9384509921073914
GSM331468,48.852675081552704,-15.418504195476327,-15.715307706995953,9.339620928350268,-2.508414825544219,-16.357966883182225,13.793827555048619,0.799169671969567,-9.841345588830077,-4.978148649666365,5,4,0.933176815509796
GSM331469,47.267470719418405,-31.096106447639208,-10.252996396090344,22.567204164982076,1.7995011363091737,-2.2987881189370127,9.622156111240605,4.579204762409778,1.8581162671570826,4.525221571326785,5,4,0.932612955570221
GSM331470,41.286206834571765,-23.093802020598577,17.893067380694955,24.149014900758367,-15.193268983282604,-7.665427394399453,-4.265581450532466,3.7931760702716697,1.9270273500988662,-12.03040956231701,5,4,0.9373709559440612
GSM331471,37.24034589126341,-14.479917717321605,-24.10021296843025,17.389238558507756,-8.617630101611791,0.2512833045228202,2.154527285827608,17.136324262156208,1.1886075387781512,-12.554399006784266,5,4,0.9332696199417114
GSM331472,43.2801121722971,-10.234423885897652,-11.970550377297204,16.248918576032484,-10.096735065819177,8.39063931328081,-14.630989542806589,-9.381605255598174,-1.9941130152640965,-12.580275019136034,5,4,0.9401402473449708
GSM331473,41.44757296463451,-26.0841182399415,9.324721032442373,4.805331025272822,5.050716602119704,-8.710082762404395,6.536078776411177,9.605591632247044,18.632871308313458,9.013820220040294,5,4,0.8751711845397949
GSM331474,45.328038675841555,-17.51775400857591,7.15334175120486,15.70618952700087,-8.952698343072802,0.6774182758645697,-5.717089307532786,-1.3412010427414989,0.0454806035750892,21.10924871354787,5,4,0.9433578252792358
GSM331475,41.63432555814186,-19.150868445518668,11.29930393409029,13.435784434173751,-1.904792723252428,7.044553172097667,-5.166689337650519,4.86709755558017,7.459975788889752,-6.087327428946188,5,4,0.9328942894935608
GSM331476,43.65127642749673,-22.86771522426769,3.540710374431647,22.67966755534417,-2.772020767427329,6.862477844094876,-3.495414478636061,14.419128352794344,11.782513586728625,9.2397329334264,5,4,0.9328872561454772
GSM331477,47.473537329798035,-7.3618835300143495,-29.300287326730878,18.120391645435912,-12.501621398907439,-2.028770346059289,-8.58384921548696,8.230257814056838,0.8198416511619336,-15.986340114609105,5,4,0.9379029273986816
GSM331478,43.652562883972045,-12.481372457158567,-16.2661619092018,3.0139755948472637,1.2826136878258467,12.130042387433463,-11.269011105625117,-10.351933227202284,-1.5160933471206304,0.6657454424154693,5,4,0.9389492869377136
GSM331479,41.631651449514784,-19.421400959227306,6.788569961387941,15.898812040916793,-1.8646300885589506,6.152532627739823,0.27611493061276476,16.022075670848906,13.228376766136215,9.536459581168554,5,4,0.934249460697174
GSM331480,42.628281046477404,-25.2654106622995,0.9558033100316327,17.11542009149868,-3.2325695667517653,-3.98025981645741,6.997454967597371,1.9214038750250426,-6.492168799358822,-12.111534058776291,5,4,0.9390555024147034
GSM331481,52.8111807198178,-23.26693917024022,-11.144399325380661,26.66454436029826,-8.149622878125761,-8.533700166314848,-5.464661799290191,-4.116817902867966,0.0942858717705812,4.139528087566761,5,4,0.9304913878440856
GSM331482,21.60737874898511,-11.593327277890742,-26.811162991315225,15.948382121492651,1.4156125703903222,27.72649728855642,-2.977630162578834,9.276384192256035,1.8310509268816417,-16.99619385842319,5,4,0.9298459887504578
GSM331483,46.82199617380245,-19.23354017940402,3.6192145138868956,12.59182177552354,3.6350507062117647,-5.849592444663042,7.5738242694050655,2.8651678317379354,5.809345526594215,6.73195466591292,5,4,0.9341596364974976
GSM331484,44.265070420631275,-25.85649478630823,5.402063562773754,4.580906086054501,12.915155239038265,-3.933202037666379,12.32825260947311,-19.662950426257567,0.5694791650354717,17.023020600006387,5,4,0.8720324635505676
GSM331485,45.183446644465185,-12.199841207997778,-24.02340663244182,19.987892023734794,-6.374741123601385,0.6806888947956864,-13.705000115192567,-11.755184038732928,-3.128891648679773,-5.427072110469608,5,4,0.9285486340522766
GSM331486,38.64123429363943,-26.258260461373467,7.764686823599399,10.402387391368755,6.834186831905004,12.202197515507791,-1.1141717426102147,-9.165706262989575,0.9507553060135633,20.00961748906305,5,4,0.9351346492767334
GSM331487,51.572130085302334,-18.140860780626102,-6.189137611541096,21.80818170461889,-8.249074904203535,1.0070070586104019,-9.905056151177183,-2.4101545091656003,4.460703571333883,3.760642310914298,5,4,0.9417697787284852
GSM331488,40.433396529825785,-19.723190238857132,4.204625039748078,9.190675781247158,-2.9278594742055764,-3.8815518099515365,0.9348312716120358,3.3396071862715337,-0.16236473998473086,-0.03133282619389262,5,4,0.8818036317825317
GSM331489,44.58734479423588,-12.52018813887839,-29.958414479795454,15.022378150738763,-3.300070577874359,5.7339336576712565,-4.829880246584661,-4.127988833192212,-2.8988243276756185,-12.200902928795395,5,4,0.935041844844818
GSM331490,48.42765229588496,-9.761686142572211,-29.248128607873547,14.541079503311375,-4.447185884113963,3.05613829142568,-9.35768693902771,-6.4055208553233856,-1.2133736135604531,-13.177377121615336,5,4,0.9272325038909912
GSM331491,47.81663360180278,-9.984646169030036,-20.301954010488274,1.7955309555931351,8.931886382312795,4.776476504094534,0.28927510651333516,-19.114565456933608,-4.127380898885422,-4.89408869548523,5,4,0.9275649785995485
GSM331492,42.58559469437643,-17.790030093058515,9.065637353053488,24.33528385535029,-12.704678391872724,-4.698673893954748,-2.329182011016113,11.070531298713707,6.801476110560392,-9.130756006665047,5,4,0.9322479963302612
GSM331493,48.746951701892485,-9.659587269188675,-30.173150573585882,13.300302893196438,-4.108655090170322,-1.7305415105720152,-5.998512514266053,-7.853637643869694,-2.3656313285305943,6.129600430706714,5,4,0.9320027232170104
GSM331494,52.7876408564834,-20.867916176278047,-2.2525371545624004,18.35834044327097,-7.1964157242980695,-13.606523800962696,-1.671423554379895,-6.668811609331887,-1.5242810439291647,5.208511476808524,5,4,0.9301122426986694
GSM331495,48.907593569445204,-14.8424522273662,1.6023746892343844,30.215164723761436,-23.38498095887734,-8.457437662382635,-19.84637822878897,0.797787665970309,8.685961543918555,-2.9381626156364136,5,4,0.9392317533493042
GSM331496,41.35498994661396,-24.00897438055414,4.512868806244514,16.91852509653232,0.1313523317401146,12.689483385957889,2.4235524832417443,10.666283872778028,10.494522239479332,11.030356278982469,5,4,0.9427672624588012
GSM331497,32.73471118525889,-15.190080646487289,15.622080431201491,6.557404393462659,4.9549154944074365,11.637912633641319,6.501171866193966,3.6320738085158557,-0.7960710446357845,3.678633135117482,5,4,0.8718164563179016
GSM331498,48.97571344021863,-11.340695828221332,-32.63264804268258,18.50425426121375,-8.610751021282258,-4.700264985677092,-2.8003833549066734,-0.3216032677525582,-2.7842123494179014,-5.595769652201483,5,4,0.9312262535095216
GSM331499,42.55921561379177,-9.939372523369984,7.152157214022151,3.085740976084037,-6.04779383115608,-9.388277303932503,-1.860085613293526,5.8686041198646635,4.953045548042551,-1.5602018383620717,5,4,0.8508992791175842
GSM331500,43.854587173234655,-8.256636514541398,-30.737311743395516,19.055457203831143,-13.086021317125072,-1.2478777100277922,-5.89205319675137,7.823726610007319,-3.2973769494774277,-13.572224661754774,5,4,0.93317049741745
GSM331501,43.172440343109315,-22.587252569521116,3.4889331172010203,11.962229224913392,5.059016939450873,8.95485584383475,0.7994123525820903,-6.593235203647142,-0.6486509282072839,13.636021772636601,5,4,0.933130145072937
GSM331502,44.06902130611998,-22.250546073137972,9.276409114959867,25.87237688123631,-17.884929739562725,-5.711409757226455,-8.826634736291258,0.3163817436794254,4.813522983805188,0.37940361965025976,5,4,0.9343475699424744
GSM331503,41.84405802272017,-9.734294474646363,-25.697235494949794,9.998920817054731,5.823814109270856,22.75179638086008,-11.583266460755082,-1.6270409975652613,0.6569440532042715,-7.443078133159694,5,4,0.9356532096862792
GSM331504,47.902940201684586,-11.78659954873447,-30.715155713563362,9.847169537690613,-1.170170053436945,-4.981628727854986,-1.3138150200163738,-9.82428948515687,-3.005109541554293,-7.467496166664622,5,4,0.933905065059662
GSM331505,48.487992706738055,-16.43693802829778,-20.6221882205159,17.833724820410314,-3.9887698717212485,-11.444424094190524,2.3848599651749534,12.109703170868247,5.924970534910379,1.048997585337214,5,4,0.9397905468940736
GSM331506,38.93407027379223,-10.14916535790884,-24.4490564625942,6.285134363270036,8.861794036853697,19.161882627012616,-8.495799642605967,-1.3953894808953353,2.806712084371679,-7.834923569848653,5,4,0.9424395561218262
GSM331507,29.755100099311893,-29.736724052023202,19.14640551920566,24.426367182687613,-9.58608545338764,7.568773768096298,0.7260952067079426,6.88014506941442,5.7046024063766225,1.1865908288197164,5,4,0.9329556822776794
GSM331508,43.87602824666545,-15.91246770863054,6.766868892339228,19.361499407539995,-17.510341749304935,-0.8748668558873817,-13.310700511838826,10.269627989797184,6.969770418412869,-4.57489444685475,5,4,0.9312329292297364
GSM331509,42.845007568953925,-24.656736701713154,16.244177816070103,14.676615225268598,-1.3082980595818041,3.675885229199885,-1.0706390388096945,5.410462724397188,12.325878229825571,0.008470275463584915,5,4,0.9344004988670348
GSM331510,46.575119989794985,-23.728707819211632,14.770044477320772,16.45797649900296,-9.05746740557348,-12.623401697872104,-0.4281728880824834,4.894193878066465,5.908575148409504,1.3505122092204416,5,4,0.932184875011444
GSM331511,42.58241419063049,-16.76374117681517,3.196769380688989,15.006146045896426,-13.500833350285939,-5.966005319908888,-5.9382772870653175,6.265086385813044,-3.825747455889772,-3.7317933632473754,5,4,0.9346736073493958
GSM331512,40.20898303629217,-21.302965715229334,11.50497325604128,13.234126337807439,-4.066337425139711,7.757953170988135,-6.058294352088736,-1.4672159006315995,-1.5405380727856983,-4.807925759089418,5,4,0.9346147775650024
GSM331513,52.146613728656405,-10.322247494771132,-19.40171838720439,14.614452837442759,-11.627930015131978,-17.064975784760545,-2.453130662713999,3.348045663550675,-4.617244900655968,-5.709522212912787,5,4,0.938804566860199
GSM331514,52.305497630411004,-13.830719590572434,-23.360899508372892,9.350872430778084,2.4198467472266034,1.4432551934515756,-4.0118872021648855,-11.417908246855594,0.08261194496326735,3.5307843706386715,5,4,0.9444552659988404
GSM331515,48.02154632319677,-18.192166543831576,11.370037563924111,12.392788921384058,-1.5837695187336502,5.086021252827758,-11.673342122432548,-11.793799114851003,1.3217086095406647,3.7619384639114397,5,4,0.934311032295227
GSM331516,39.07379690837898,-22.64112704224928,13.83431972497765,16.03002133914757,-11.74944587161368,2.8880695587238066,-8.300065342647937,6.197803807737863,5.238984519449158,4.485286654017478,5,4,0.9354541897773744
GSM331517,44.33224919943066,-16.116394410405388,7.623777622088879,2.732352522355998,8.476357259669241,10.521188139173908,-4.160383162084606,-19.553420275371064,-12.041070941753793,7.863511020210852,5,4,0.9336649179458618
GSM331518,33.93230334335714,-26.22408741896363,20.844440033471756,23.28354607270428,-14.617503735528679,0.0492468618401354,-4.2713038229487035,1.0076147983086496,4.378919346269089,2.6194584309601314,5,4,0.9306254982948304
GSM331519,47.46348182470264,-13.796670513375457,-28.658253917981718,20.997535984468264,-11.699430893313746,-8.043649200909964,-3.4266113654439048,-2.1658830985039907,-0.9247678593514962,-14.258991283440011,5,4,0.9328075647354126
GSM331520,49.3708924251681,-10.131420604906435,-27.74208248197094,16.647230920779396,-8.224217195556378,1.838903168410913,-10.745988733968007,-9.584726134106708,-2.414798571628465,-8.795218827084092,5,4,0.933821976184845
GSM331521,47.21728277811526,-19.926202646322285,-10.833461730628553,12.302512708230118,2.447025348309631,-0.2639787360739253,5.454445099644259,9.791362798091239,2.6377153519449053,6.36861378504845,5,4,0.9398719668388368
GSM331522,23.836219655828693,-12.781036878775886,-6.135063991776448,7.54323018195508,12.878095928593126,21.193789601195373,9.837565664311139,-9.76407242891415,0.32707916399633646,-10.10789052532011,5,4,0.9315767884254456
GSM331523,46.32575685334348,-9.517113738747577,-24.235120327182017,23.108978398390796,-16.352192300741393,-8.732378740586139,-9.112016919287251,3.7679522485833195,4.850555563398097,1.410409754113316,5,4,0.9312262535095216
GSM331524,56.07920522476651,-16.918118848364397,-14.485497252597552,15.973825716642411,-3.043515554778947,-15.088941859311806,0.9634506385546878,-9.237974905341687,-1.0482178373945101,-6.468435571139778,5,4,0.942884922027588
GSM331525,33.292176864289964,-25.667673176994946,15.064566636582924,9.370515959980642,14.086003207965302,17.07045356407231,2.3044459053332984,-2.724475310200049,8.57910688280844,12.620699973670712,5,4,0.9362739324569702
GSM331526,32.91744324555496,-1.8565630457043576,-22.674359998953097,11.695623563367157,-11.388898950544665,5.945221835245301,-12.7170882209092,19.280233265370516,5.0708903406982735,-0.6474543884511755,5,4,0.8288987874984741
GSM331527,44.64921894012396,-10.674446715153476,-32.43298887472034,9.270566479838987,0.9297193465230266,-0.8389730716163087,1.9563297271835716,-0.8306997223188423,-1.462292088582016,-17.842230347270036,5,4,0.9388723373413086
GSM331528,42.60366745000042,-26.196691430455527,-15.193314715764092,11.988852946204634,7.893878431566351,-12.83209925430837,20.27969846004626,1.3148734342568917,-1.3230484547438495,0.6802798536423291,5,4,0.9350948333740234
GSM331529,47.07377992521756,-23.79660636247209,15.273446298049787,10.077218512126064,8.0886670188056,10.20429688285409,-2.479380980426672,-10.985893609797106,3.563531335870416,10.08104144252954,5,4,0.9329777359962464
GSM331530,45.15525994633992,-8.400897189533913,3.448239159237135,20.492681179614475,-25.759263836918873,-19.29056820965362,-17.146751851636903,1.7130750556937844,5.179648154594525,-4.613396194547894,5,4,0.936372458934784
GSM331531,44.098551939248225,-22.274950142116456,-1.2653701250930893,16.055145388487475,0.29716233956094584,8.96928163681277,-0.6058470737698213,-3.512771990962001,0.1212001318716043,16.523802364266146,5,4,0.935500144958496
GSM331532,38.543161691855474,0.8792228498773701,-11.77286679358792,1.5227062592567073,-6.073031097517668,-2.445285464121962,-4.302411746332193,8.970311788935986,-1.0010047709710648,-8.923424321432007,5,4,0.8228947520256042
GSM331533,44.548410838976444,-26.494239410193625,0.0020684255836421516,3.358379441489908,16.40520482721279,10.633089689522219,10.225440553913229,-8.68998237535694,-9.543223248513586,-3.1479599166090955,5,4,0.9354181289672852
GSM331534,47.96294521617925,-8.092645040267346,-27.94613067654639,0.8136593758956926,-0.5923778789111136,-8.725673494278583,-2.267884672264245,-13.757855987241646,-6.610744669352763,5.078814885487565,5,4,0.9396725296974182
GSM331535,46.19797970154164,-8.590555622454144,-31.540939278501536,10.842111671090052,-1.238809606502472,5.69685297572537,-3.6598017545699646,-5.631422007136869,-4.824702141802189,-6.999138988221419,5,4,0.9365594387054444
GSM331536,45.70960083665986,-24.937134084110724,-12.593500506028096,9.850740456318366,10.431133712709103,-1.8899342622714443,12.167145726217669,2.7067718974749795,7.322749166048585,10.53461919460662,5,4,0.9397985339164734
GSM331537,46.901373802475526,-2.1945116253453416,-18.82052542903021,13.189277060165889,-12.801754094459804,-1.571107732704704,-18.341372012700244,-8.872505002999711,-4.709348715134438,-7.301474955145588,5,4,0.9326250553131104
GSM331538,28.242968509895007,-5.571615434615872,-25.246183476492256,23.824951631300433,-11.955754970863124,17.83971304639602,-15.495967922994783,10.802878476989337,7.476601126465778,-15.715192274677165,5,4,0.9383110404014589
GSM331539,50.93002666394424,-15.047673220917455,-20.34946392035982,22.915849288993307,-10.743956260230053,-1.202905714353879,-13.456876308700082,-8.249386209515793,-0.04044082106263241,-8.807722520948273,5,4,0.9383516311645508
GSM331540,25.004737907265778,-12.363152548803262,18.805779274599317,8.61075224145606,-17.141839894425825,7.072759357977112,-17.063595949709985,17.885822838260683,8.678262722180383,0.37101053280335033,5,4,0.9288039207458496
GSM331541,45.562226443233506,-15.092432797295807,-24.230248580604762,17.32501914276495,-1.2130172460400344,7.890957809416761,-3.0295794800201383,2.4479885233153516,-3.318769048038199,0.6504077862267924,5,4,0.9278549551963806
GSM331542,46.385701680082825,-15.390053028395911,-33.7558683098473,15.392152793381443,0.25750701427404643,4.9482763262528096,1.1479346439599516,-1.9615822765421487,-0.9845790475397255,1.065250905048447,5,4,0.9331520795822144
GSM331543,40.225570625714674,-1.4334363358655242,-28.696376199513168,-2.5005230044609403,2.866113254095544,4.370385950200475,-4.506817936977937,2.084832541984394,-2.294210365606998,0.29536343515676605,5,4,0.9351646900177002
GSM331544,41.77758147750693,-9.341265493253282,-30.10950009336804,19.13200557966583,-2.312622865414407,10.104308565722688,-8.930263028716706,-4.556873751774835,-1.566739231262844,-12.76120464821549,5,4,0.9356898665428162
GSM331545,40.88656338830598,-14.926240685632234,-33.734158118223455,16.730977561586077,3.674517144467351,13.044395707320177,-0.5441445943233892,3.622175945144617,-1.5626190899062633,3.1623934293127354,5,4,0.9307868480682372
GSM331546,46.81149287450317,-10.349965386814516,-31.937160005896725,17.44811693321944,-7.683544358846537,-0.6049654834962213,-6.373285133234221,-0.3974037002627935,-1.5294944037751934,3.4896520809516773,5,4,0.9305465817451476
GSM331547,29.72003024020563,-31.641165993760463,34.84639856061029,18.0120922853352,-9.999274351321462,3.89510820753948,-3.4610634196676675,-4.1806663020547195,4.692378098903721,6.039314494174569,5,4,0.9296030402183532
GSM331548,46.409109516533206,-31.073754508706262,12.362622209758724,22.200134438782122,-0.4677687512111485,-2.997160618429213,10.145272888030084,2.5731379356011224,2.1699319494141975,10.256209271213867,5,4,0.9365004301071168
GSM331549,38.24214699509647,-20.04871482675015,16.44644312601434,16.299526008667176,-11.37471706799768,0.03771270219982458,-6.72717984985098,4.893524524540226,4.261003292456341,-1.0732012767746675,5,4,0.9338182806968688
GSM331550,48.20854944894541,-22.57781476526835,5.955194904382006,23.767386981286155,-7.302082024450265,-3.2255338619170537,-1.5018734829779263,2.102109485642214,4.174810539482685,11.530324860703963,5,4,0.9300491213798524
GSM331551,49.96599079221017,-16.886895887254827,8.022897117373084,11.596010521506239,-6.127807609217418,-1.057308172639587,-15.237833417045838,-6.7084900239531144,-0.29018756099114884,-0.2764966304571607,5,4,0.9383015036582948
GSM331552,47.752217456689856,-8.535228102425148,-29.533769760352694,5.436993136048029,0.9869490734696716,4.324095160041166,-8.421412825351613,-10.996969024142912,-4.372783313255908,-8.713590075531215,5,4,0.9490983486175536
GSM331553,38.811175847823414,-13.530211393445192,-16.09545319758258,14.62237177609376,-0.7735993111451303,7.795886536827327,-1.9710426935050462,9.176266646700014,2.9806474152366156,-5.307109917786641,5,4,0.9352314472198486
GSM331554,33.21608172179997,-22.02182303076707,14.092576394561002,23.49395004171308,-18.012283679065614,-7.24710270397679,3.0270501930724207,17.658897123005225,5.437432855155863,-5.0358220704842465,5,4,0.9328180551528932
GSM331555,43.861249273144374,-21.88470947447916,-1.2683821789449214,22.38047188524063,-5.784287132595429,6.163426760557857,-2.722344226003862,-1.4037069260561126,0.3533960223487739,-12.480388637674888,5,4,0.934418559074402
GSM331556,52.25482327309983,-26.574710513928597,1.915777110880875,19.005327439100427,2.8327537865132095,-5.492470367720717,10.020654869702588,-3.249809501886146,-1.7189229295047872,12.231091230786319,5,4,0.9337390065193176
GSM331557,46.78901306844796,-16.250006879530453,-20.70845244670474,12.373332015355858,5.44426712806111,9.080485009326832,0.20218405611633536,-2.772627000820207,-3.3995832957612593,5.946914141221884,5,4,0.9341636300086976
GSM331558,6.9424284945980395,-14.4796860496627,-25.68034023861358,3.4905038943647426,6.888220660132632,36.69302064089686,5.210655087505249,11.643218234729376,-5.249623952115825,-18.998700283610834,5,4,0.8786591291427612
GSM331559,53.688250629478226,-19.99954428686783,-20.446661556702967,14.119763011868468,-1.3478794653871096,-10.538874695385301,0.8894190692352919,-4.833972760054286,-3.2779825132486424,-2.7243572638005955,5,4,0.9323102235794068
GSM331560,40.38230660391526,-9.634900435996995,-23.34706690556486,9.60981020332577,-3.8331454154298563,4.012954304211718,-10.040907008929432,-2.4719289899642836,-4.162320716319019,-12.703884106744376,5,4,0.9331288933753968
GSM331561,44.58521144714764,-18.321903236322065,-1.7232515295733102,20.114643883036134,-0.3187010002747018,2.875077920564257,-1.4796307806082267,4.459239792981669,4.633182798560668,2.963354798958236,5,4,0.9404760599136353
GSM331562,45.25123708002195,-12.716932029039214,14.333390702700868,5.0564486141708755,-0.8125871133528139,1.5564895645191452,-7.374117723633167,12.396810895073022,1.9395854116914455,3.3434984654553364,5,4,0.6050747632980347
GSM331563,43.16929005756625,-28.254388206373015,-6.110735574207269,14.186473068868457,6.0000740547812885,7.6010822796220125,11.414505052243697,-0.3869540576428192,-3.384374258842114,9.930142171060899,5,4,0.941076636314392
GSM331564,28.500074856390682,-22.947890389049924,28.101267090559954,22.48080584691721,-21.134848190305547,-1.9628717771564472,-18.82585174856391,-6.352038502920475,6.247866661957479,2.682417467646552,5,4,0.880486786365509
GSM331565,48.86901295100542,-10.382098591971205,-22.813372684759784,13.265901781861414,-1.448204411405444,7.9757284766048455,-8.734621198358226,-8.084858036291012,-4.611592794017862,-10.689661097400613,5,4,0.929497003555298
GSM331566,48.9692526030605,-24.516466191314787,-5.113380342956557,22.189996408017393,-4.441700337207223,-6.781278543542757,4.900386060163076,0.9766539508312383,2.081391769225404,9.51013761742945,5,4,0.9324935674667358
GSM331567,46.7264860443922,-7.6712595121107805,-18.74092274416818,18.455235337915884,-18.332924605375574,-10.312140481866463,-11.375296834984479,-0.20379888370737625,4.7676694358785925,-10.79577626501615,5,4,0.9344109892845154
GSM331568,49.07107386055771,-22.21434448788105,-0.3120468911154234,21.936971005676195,-3.6966004866916706,4.37012217245317,-3.6536202392494963,-0.5623727516946874,3.1480965301452293,6.37263957198648,5,4,0.9327033758163452
GSM331569,47.8423339511235,-13.977279257976747,-27.39061842219903,10.357356674199579,-1.1759576857542058,-3.435424093208786,1.1180850308468409,-7.442334046387961,-1.7989983621531502,-13.159034742441682,5,4,0.935041844844818
GSM331570,33.55738591016719,-5.777772103269952,-24.75306605759997,-3.4477805543427014,11.067626763277257,23.250303572992994,-6.303762880589398,-0.9362688602084478,0.5688527821008824,-7.183210075910326,5,4,0.932959258556366
GSM331571,39.84950809566237,-11.40226308794007,4.37597605621267,21.190214808268642,-1.6484993705478073,3.421970061358925,-7.272712073442487,-1.3930150140984734,-0.6683580244432828,-4.380086171265906,5,4,0.942557156085968
GSM331572,29.862138131684876,-13.644607390078752,-25.97587004690917,-2.7621179239561586,16.47219475744651,28.846090490119373,5.128280300169362,1.8932502870256143,-2.539546583381026,-7.940666062826843,5,4,0.9326316118240356
GSM331573,49.27020485486396,-14.195993987898431,-27.243176780467355,9.981539606517693,4.799658243661049,-3.046737174728063,2.3977461139519374,-10.243075873485521,-2.0414446558539394,2.50019142390149,5,4,0.9337471127510072
GSM331574,34.23790369428073,-29.11503756597963,32.00201555929839,15.275314707020236,2.362710248146797,19.21512794489967,-10.641895060810317,-8.68834980616395,3.6621780505933983,6.1063110233036735,5,4,0.9272478818893432
GSM331575,34.64740646508683,-6.097968335821897,-34.209777591029734,10.087494857180472,-1.4136164891265752,13.587410436771972,-0.933488414864123,10.654815701955819,-1.5066640236439783,8.78031284848864,5,4,0.8861838579177856
GSM331576,38.588841172860775,-18.83016476814427,-15.63272254598371,22.50783104847959,-5.2536956611458585,6.258699879071588,0.8706502901385802,6.637894394151497,1.0307089868768315,-12.207927830905637,5,4,0.93404221534729
GSM331577,33.07982499579106,-5.439178094630301,-23.658951022099618,-2.299844989816693,10.069086309785659,30.19532549051796,-6.351992275293027,3.456372079892184,-5.380509174270861,-1.922978271961665,5,4,0.9344509840011596
GSM331578,28.6026532448072,-8.588379958317395,-28.66716311650813,7.423185797758903,1.8170033885988441,14.015074001140807,2.1212588158057666,17.130169153597002,1.9730754040768324,-5.385562406954191,5,4,0.9335183501243592
GSM331579,34.33974785032691,-5.700362324586217,-21.865998585944592,-0.03743140257201116,11.321892787389073,19.963676567647354,-6.953494183660049,1.7742291523635652,-1.4448434146038471,-2.803364465956729,5,4,0.9318140745162964
GSM331580,51.958266660006416,-29.107342319978358,4.859937923596433,16.272728522835585,-0.08856354837766278,-8.725640844060878,0.1893066959806297,-10.137697658541306,0.07994025788975961,3.6073527011704853,5,4,0.9394150376319884
GSM331581,40.48350284407877,-5.461224415956948,-26.16148598978057,10.977253832448348,-12.370373390198688,-4.6483869626733725,-2.5727767402672628,6.115946961566873,4.810183599234311,-15.011976170849321,5,4,0.9351001977920532
GSM331582,39.97347715521869,-13.358543020017894,10.319171599263928,11.29546428350613,-7.796558041571625,-2.6579523936524123,-3.0283147946115743,18.27947245892493,6.285499038992443,3.982945175375311,5,4,0.9326378703117372
GSM331583,47.53752673428064,-20.94399185671066,0.06677039107438694,24.286197863989667,-3.7150263303166136,0.3812564055327393,-2.754486426132567,0.8759926204180583,3.76445001248357,8.90377470589737,5,4,0.9325932860374452
GSM331584,23.456905844100202,-25.165164225278186,5.5281825766421475,2.5053124434380916,3.715704266757245,17.730110501107866,17.617816677148255,-0.19887830198566303,5.324290715209539,10.068453149080927,5,4,0.9307427406311036
GSM331585,40.68558435692426,-9.376467440411066,-25.841042109026017,-1.7629285702505166,14.582233656944561,23.956858966027557,-11.595732661293072,-15.492202023656123,-0.7185480539064952,-0.9291580304823357,5,4,0.9355450868606568
GSM331586,28.99577513426764,-18.98236334581029,-23.624794272757224,5.933123559514255,16.061972314419535,22.916875122002676,7.245860609779323,8.090808986074807,7.730647221944312,-7.982318969239149,5,4,0.9402238130569458
GSM331587,43.552520793039136,-28.013604479823975,20.261346306417256,24.64057434556454,-11.318252085274969,-7.3692230758637765,-4.353380263456589,-0.5527171689596807,0.7702197240698837,4.0467532723431425,5,4,0.9328065514564514
GSM331588,26.760881065956312,-25.18801920305401,0.08819090159506933,8.266468343790933,11.277874287230782,27.836639663887137,3.5894344064164247,-3.844507680088737,-5.723383594311102,-5.128508806741273,5,4,0.8840513229370117
GSM331589,42.348660716549496,-14.060649128089906,-29.241848711984225,16.796182683086645,-1.2533371652920713,3.923464133774451,-2.7160635855973148,-2.8384815816291105,-2.8602187244156383,-12.341053109157949,5,4,0.9287955164909364
GSM331590,50.39141859207439,-16.732906602982034,-0.16626383781889478,27.758625966665836,-19.197467646755157,-8.965643284230437,-11.591307184085807,3.53541669287218,7.85093760950901,-0.09570191240575118,5,4,0.933303952217102
GSM331591,51.851978641244344,-19.52827282082382,-6.87677197023731,15.491062723792487,-2.6657567452361874,-22.766967782139098,9.262970241577523,8.884533626232875,2.833993184616343,-2.4769138049774213,5,4,0.9322234392166138
GSM331592,50.2958847805014,-19.454193247304747,-14.635749651539241,16.689699999787276,-4.679283696479533,-10.70563281881394,3.2194264630945146,-2.460934025478253,0.617889430265479,-6.137964620743119,5,4,0.9311469197273254
GSM331593,38.03425203635937,-20.41841227205278,12.741406496688493,16.01128157279424,-3.2151845823090346,3.981559895144843,4.8793729135225234,4.18303996228474,8.519706404898683,-0.6067589670217719,5,4,0.9353188276290894
GSM331594,41.890034011717894,-25.161317660132447,12.08335663170967,5.957626968278473,9.196823744038184,3.2301177437731403,8.420589753152472,1.7102171366889996,-0.7518935103323839,7.658692529381106,5,4,0.8889555335044861
GSM331595,39.240945312799994,-3.2161783559493244,-16.533819767652215,4.558264454521757,-9.900426199393769,0.9328869337596668,-20.005365678809735,-1.7813486372223086,8.52602938094558,-2.540227429510193,5,4,0.8870010375976562
GSM331596,45.27897079049345,-27.707010827614543,4.538958995342854,9.564215241624774,8.427251844433336,1.9861192191564914,6.494104235341911,-8.469795061955901,0.0019865633442073386,-3.607372597391672,5,4,0.93514221906662
GSM331597,45.195482799487515,-3.518822690786219,-21.111286065339243,19.487843252305908,-21.004757374620123,-6.38021893339496,-16.59112307191255,0.8808051929574494,-0.252799632399907,-15.222266020006828,5,4,0.9344168305397034
GSM331598,45.50259345619649,-7.78885904954934,-23.363768217800594,6.568998998631417,-3.5846462213012,9.11053925771869,-11.708430259875398,-5.684818828729877,-9.642904897756639,-8.687586210853242,5,4,0.9331520795822144
GSM331599,48.41881458129725,-28.02099589540636,-5.357514060763887,15.523455346020924,6.188410470659876,-4.634329965615526,8.706976069504645,-9.600006426276739,0.6867638323450627,18.666424925740372,5,4,0.932985544204712
GSM331600,51.94716075146479,-13.110856004124562,-20.191413508595257,14.924339391265777,-2.080926533251126,-2.258263192411404,-5.814469482077077,1.231189275736288,0.7200370548175442,-5.175715564798996,5,4,0.9283207058906556
GSM331601,41.34110221635536,-24.099714357551715,13.277956419648865,16.776534500774797,-5.4905698527708,4.46796348914076,-2.974127970221851,4.016434845860026,8.736532035192122,0.5820567114548423,5,4,0.9392251968383788
GSM331602,45.060511069851934,-11.620996605046201,-11.343023220655981,17.66129552473029,-14.210261820445147,-12.486380569124702,-4.906234216897634,6.689236154681135,-0.7719848647846208,-8.031231945672246,5,4,0.9405831694602966
GSM331603,27.81207758410389,-19.992628035822023,4.414901640015707,22.608646086099853,-4.666548468892236,8.783069084135414,-2.9669269568195706,8.731981666758179,7.776985146494972,7.792694827638905,5,4,0.9294785261154176
GSM331604,48.58771150726325,-10.74695256573372,-28.703219873714755,10.234131670393475,0.773891115533253,-3.7607144351856703,-6.125332159786902,-12.106617168513191,-2.641077428504061,9.339430090092609,5,4,0.9313983917236328
GSM331605,50.31718093380521,-15.86383216437552,-18.674634152150926,23.75699208181118,-15.530976622901658,-10.744245192331439,-6.553372933749122,2.0807174860143585,2.4607447569468697,-4.179668791789196,5,4,0.9344437122344972
GSM331606,12.631402471041458,-20.208447420992073,-22.133795750042054,-9.867191674611082,25.061335667213722,29.849183932257485,13.8951231039711,6.52725325558346,3.4734610756079793,-8.636895444335197,5,4,0.885997474193573
GSM331607,43.46062093491242,-21.445263622639022,-1.4444034112875086,16.22418083888699,-6.167066306992933,-12.17915941930557,4.336741722368715,1.3152014990913574,-4.862768628652589,-3.7742988896611247,5,4,0.9334232807159424
GSM331608,31.696393094431322,-31.89059108864557,4.924341611636501,5.032944589889051,18.397996259587472,16.840610532898936,13.910394421306563,3.2241405422670897,10.53836370680369,13.33811130097755,5,4,0.9345438480377196
GSM331609,47.400907537968095,-2.1577877045921356,-24.696202077246273,13.551769183605588,-15.838618572018742,-5.287098580426172,-18.993264425533482,3.9873338059782517,2.5958242591790626,2.3581826833202055,5,4,0.9395485520362854
GSM331610,45.521583026738064,-23.52787688071831,-17.44896438729657,7.766597771365697,11.909201043953875,1.2601803442166066,12.238075251437774,-10.401408981173391,-2.274414821106497,11.305174155390946,5,4,0.9334232807159424
GSM331611,32.058174294793524,-18.309782985567708,22.93814098699977,26.825153023145518,-25.696672053951357,-6.080077464340637,-18.126346366328985,7.090874939107012,8.123668589759886,-6.026547378831808,5,4,0.8975889086723328
GSM331612,44.77855655027622,-23.50523080841654,11.190561815960132,21.56627886639239,-7.787741022867435,-2.5840582314474596,-3.2809141867213745,7.797469704197289,8.194018649762793,2.791743908192505,5,4,0.9354612231254578
GSM331613,44.37817038872462,-18.14517860094764,10.695130435395297,28.04196793317249,-15.696388045782939,-1.7216064960742543,-6.779742078039803,15.615252321175712,11.495538991713222,-6.713578231541627,5,4,0.9337653517723083
GSM331614,45.35637085162881,-12.94019394450886,-23.65857353568961,18.002730591275267,-7.073930214786585,4.2398887723263705,-9.78199525098849,-12.089505595810133,-3.0801708084296058,-9.753267619946087,5,4,0.9347543120384216
GSM331615,44.48450286242046,0.17244577817547146,-24.228027874913955,17.800213084310958,-25.687426740637395,-11.533501434747519,-16.544887464367918,6.40900765297063,1.0255292354066654,-3.3243908518219727,5,4,0.8972241878509521
GSM331616,41.753282050222566,-5.976443059548856,-23.00581452000267,6.226668847723179,-5.098648211300019,-7.385953098091293,2.1230717676017394,12.855669862513249,0.18694792917642886,-8.409475885508954,5,4,0.9356851577758788
GSM331617,41.48343865438443,-19.883490925668486,-23.699910352110912,1.951910917751635,19.670263872189278,17.311073989806225,7.712897941903953,-3.639687987737145,-0.8537066548207616,3.529596013987309,5,4,0.922987699508667
GSM331618,39.05079957334577,4.515318396719192,-17.424908287776386,-7.8700498601220295,7.5674404471391865,8.37630858986215,-17.49668193873274,-2.9357980805714914,-0.3104259462836006,-1.278702079260672,5,4,0.7267051339149475
GSM331619,44.393675274774154,-10.18375953686654,-1.5735927691487606,2.4502306666824736,-2.9688219009680616,2.178155383146779,-7.275257628091105,-11.505069505768406,-15.097986871331798,-0.7321333085985545,5,4,0.9335737824440002
GSM331620,48.51832325907135,-9.58249800160673,-22.428585468270985,19.061450021859418,-10.905359116783327,-1.9131920471952588,-9.207446307386647,1.1716688278753709,2.468823118656128,-5.14644637658925,5,4,0.9304727911949158
GSM331621,44.14154902669363,-6.848770049307528,-25.227408656590903,1.8693132318270833,-5.552807782156584,-0.8716165106079629,-8.972712097035288,-9.659902237123573,-4.5966209016233055,-4.004244769805322,5,4,0.9288970232009888
GSM331622,36.23272845456055,-14.214585037543683,-28.197980578990897,10.089003805259255,8.445735788338334,27.14472720418346,-6.677789503926509,-3.564899281091347,-1.9268197435249088,-2.9047926027999798,5,4,0.9358994364738464
GSM331623,30.05831129890317,-31.066517267476854,18.1103493415372,20.331870559995057,-4.477793712895377,2.838739280827647,9.392261510862191,14.102596712075599,6.290254111952873,-5.577409119413482,5,4,0.931783139705658
GSM331624,42.3368808928705,-25.34773151371427,10.003153896741836,24.230749544327576,-11.860960193452266,1.098652490926505,-3.230415384361883,11.37534838917595,7.4509760701243195,-8.846354309874,5,4,0.9324935674667358
GSM331625,19.52546980811487,-17.6001234142068,-27.766995613386104,5.328844711873414,9.987022564339021,22.6285092795637,10.487367237485257,18.047611896867295,-1.771783632194756,-8.466939415354396,5,4,0.8727110624313354
GSM331626,34.210471096924145,4.645672279801486,-27.775635757602533,9.505294164452591,-2.5255764975875477,7.087502079255661,-4.762594944474863,2.4406518543183724,0.39473748854228613,-17.57460731230365,5,4,0.9358247518539428
GSM331627,33.415885724667355,-3.360794322518148,-23.29771547286896,11.947640357221657,-4.844388988960997,17.58444135248634,-12.214396816839269,9.224096863781293,2.724615731425568,-17.656567529641638,5,4,0.931755781173706
GSM331628,50.797077310628694,-18.960347062949662,-0.6324113918140912,19.37325555828801,-5.15285504605337,-7.0061075123884375,-7.285622171530839,-9.057052588258028,-2.346932967959234,4.377026714639321,5,4,0.9394916892051696
GSM331629,26.620559676493585,-11.05895282526617,-6.984953332956152,18.23061597352118,11.173835000630957,16.8556468795521,2.3555281559689383,-2.191749979816047,1.8705856811024901,-13.260174158935705,5,4,0.9299167394638062
GSM331630,36.795166646649825,-6.212763164422973,12.19213609867758,16.39047200297437,-16.83462611263862,0.5738519209553257,-15.275705508278069,15.645910192877649,10.67388640598525,-6.088513797054758,5,4,0.9336020350456238
GSM331631,40.79833132996155,-14.121817602242714,-33.76235928844722,15.552976317780804,-0.8659327280211946,3.210725216890792,4.425066555395898,4.745341818337635,-0.2903143632894262,-6.5597906242099375,5,4,0.9346821904182434
GSM331632,46.44273994452084,-9.614332730020651,-30.341971196565854,19.94759448169674,-8.437510476056568,0.5287100588251468,-11.199123775845582,0.3885852576470803,-0.3683953327191714,0.21275727748439272,5,4,0.9340242743492126
GSM331633,46.59017492170549,-13.102553476150874,-24.20402451808961,7.313318471256646,0.7417473859243269,-1.527508216373947,-1.549878659427721,-2.760341171659815,0.8831634917679182,-3.6550612327103615,5,4,0.9413074851036072
GSM331634,42.9637575604713,-5.998665345375372,-13.673215603680555,17.015171546398463,-15.099450614266352,1.7180722350801492,-8.167738401235809,6.1052927086232165,-5.476514239563956,-15.869582945421682,5,4,0.9296342730522156
GSM331635,41.2751019594218,-6.348051058764173,-32.06759633328916,7.870727636789178,0.87407811610689,0.8953223754569607,-0.8933749218805438,10.912239960164548,2.9722351010999386,-7.119565881165934,5,4,0.9356653094291688
GSM331636,43.28836918974279,-3.7200592373446253,-24.606927478146996,4.6701450996849605,-1.920985622345222,3.7789923403592476,-4.0385913810392475,-6.81994186974982,-10.380210248684554,-8.571574756058848,5,4,0.9320899844169616
GSM331637,40.100336748883386,-8.602098692630895,-25.32901490813001,7.2593133912904255,7.071696093332437,20.44895149985454,-6.639670998899726,2.636320145748393,1.2575889521994548,-8.759594458218263,5,4,0.9370694756507874
GSM331638,43.32337058091999,-20.941319747795315,5.284168895111532,21.976685270901868,-9.767646987017715,2.5540630933565613,-4.594335908554266,0.8127939129131432,3.544041330445199,-3.553401715508006,5,4,0.9305320382118224
GSM331639,43.12011381829041,-7.438992851253131,-24.125006854864953,22.506101708814004,-15.601728090319735,-1.868316484889081,-10.92474052997394,0.8226306709438015,3.765357663385304,-14.380077776552762,5,4,0.9433185458183287
GSM331640,40.334771152130244,-12.776170925280958,-16.772034557002854,11.36608550399601,-4.844364330940605,-2.324534680433838,2.003131617027285,5.40274634562292,1.309354798401929,-15.77628078793079,5,4,0.9332985281944276
GSM331641,33.54119603256731,-12.93851723510009,-32.825372654612195,12.984375243795721,0.25117054115201953,14.743329231892288,1.2178845456543752,5.983081620038705,-4.888213640677568,-15.755969636991688,5,4,0.9355376362800598
GSM331642,24.743674155455857,-24.151584990669704,29.050525023010465,15.959864190069316,-15.526596567895288,4.988918933540766,-17.532548706871893,0.40943089360626483,6.177515452042799,3.022962224497044,5,4,0.8790096044540405
GSM331643,48.321036615449074,-19.496756569466022,5.541343729444794,14.410498499504001,-3.103123939831068,-1.8369649344726324,-1.9039167713212855,-9.415711407765723,-1.9778108641931602,10.872409327548194,5,4,0.9310153722763062
GSM331644,34.02391849762245,-9.319971341547793,-30.247283119740292,4.963713028704353,9.404336594688804,26.082070848306635,-5.7531659548068355,0.09324346961944502,-1.6336853619441507,-4.5236822513375765,5,4,0.9338836073875428
GSM331645,18.898316586327162,-9.679453641353124,-20.515849477093216,-6.866197494246192,13.55118344541775,24.111373996719998,12.985995804802677,19.82261812044322,-3.779578420326755,-16.714583882082437,5,4,0.8729619383811951
GSM331646,39.541160010147074,-17.205255892523553,4.7605660187108265,24.186393752039532,-16.23337782087145,2.111061231222344,-7.876215140676952,12.151728058667869,8.07677617576808,-10.372737640658263,5,4,0.9342809915542604
GSM331647,43.889395171403336,-26.628377998931306,11.835241070764479,23.03571613908397,-11.4725053587549,-6.038143138342599,1.359115038755724,9.170379821733206,6.489526621783651,-2.01001443881471,5,4,0.928165078163147
GSM331648,48.997283322701946,-10.956412103087759,-28.47987704496475,8.082234864027026,1.7883363652187059,6.989257736542167,-10.53832852921897,-5.449812780129516,2.4434223982888934,-7.931573891012729,5,4,0.9372835159301758
GSM331649,51.02276354410005,-12.74451735370944,5.160854660743425,21.92690535149391,-19.67216096018744,-22.97101504308577,-6.043974229124791,5.355793817971707,4.063123075380202,-1.2582675220350776,5,4,0.932959258556366
GSM331650,49.691470440455966,-9.137244204855852,-32.55909443246054,18.184656582184115,-6.571078404651208,3.622506081307342,-11.602609920796242,-5.205570565832846,-1.0386270750139712,1.2160902770957784,5,4,0.9289224147796632
GSM331651,36.82984557487874,-19.169139226393266,20.380424799802107,20.84649779070437,-18.315994587588214,5.268931129648823,-15.272268299222953,2.227701451457659,9.250702869279817,-2.060488286017915,5,4,0.9326735138893129
GSM331652,51.728916502131455,-26.500445927913237,13.547293449051244,15.478472179817505,-2.9596609202636506,-13.487832831122594,-0.040736634821559856,-2.6753401161506334,1.7629684152580853,6.389910200268019,5,4,0.9376505613327026
GSM331653,41.202534460848135,-22.557851235568183,-5.437793355005318,21.131738647876194,-5.557468007638618,3.4473314233519834,4.646653496593677,9.665520557299033,-1.769979031893011,-16.251815746012344,5,4,0.93404221534729
GSM331654,48.78658185849736,-9.742249041284918,-23.068316356826482,0.4235797999350458,-4.0888925000350245,-6.591075079360501,-10.528923148288687,-7.77013872202924,0.591378953205698,8.508086411164735,5,4,0.934940218925476
GSM331655,44.23843387389274,-3.5432928275554807,-28.62766618523253,11.196209098162884,-8.392594210562331,-2.2401759611675134,-10.045485904329059,-1.9592218871272489,-5.0928918249685005,-12.26334139868108,5,4,0.930838406085968
GSM331656,31.029759292961366,-7.7400113233052314,-26.61852324187647,10.129872385864356,1.7522941261966976,19.356319227656492,-1.1421624770254606,14.476148448184816,6.267771472580254,-9.792799585033242,5,4,0.9390283226966858
GSM331657,47.122026542488605,-0.894106419678308,-30.674054916968704,2.977922856039981,-4.332317027917885,-3.9600525783551555,-16.257206584759146,11.446914676743361,5.162825062475486,6.267680657991363,5,4,0.713196873664856
GSM331658,48.78427731911996,-16.401858036241492,-22.43789284469921,7.856367621026949,6.165635607913134,4.480635904665524,0.17029643603476494,-7.872886583099482,-0.20504757480969776,-6.303413954101924,5,4,0.941289722919464
GSM331659,48.05409751287743,-14.682762564816876,-25.86074085050193,1.639713934545332,13.197593462899267,4.883153822286395,-1.1423953130457518,-13.901384231836001,-0.22597452578885777,6.881444000603181,5,4,0.9334679245948792
GSM331660,47.952870648583165,-23.090029663757637,3.627213388432123,24.123672665933807,-9.600644107948268,-5.203127840797311,-3.377387600392646,-3.0616258189440346,-0.40065982049860815,-0.5743580485218303,5,4,0.9325932860374452
GSM331661,37.05292738644377,-11.794171722696658,-23.25961741435525,11.216905251824334,5.6280479626798705,21.59814151760417,-3.965661809488829,5.905819504820426,2.245242686414867,-3.350923708046605,5,4,0.9327585101127625
GSM331662,46.64506755704689,-24.945258403812964,17.54202557468555,24.8031018218944,-14.113593693394277,-6.515337347607577,-6.475104054014861,4.657854471998034,4.583312079500989,-0.06309121695200082,5,4,0.9320259690284728
GSM331663,42.86163875501885,-20.95668955553151,-17.347133102610698,21.831475950019016,-4.149305752953698,-3.2934410265899174,7.667286417565368,-1.8454858638654499,-6.028799107762214,-7.717036290567348,5,4,0.9406296014785768
GSM331664,48.143576443971554,-28.45258527136088,17.49805395947977,13.508356958647427,5.693003106705623,2.592086727306977,0.9832988036083391,-1.9272418493006414,7.638453437252313,11.22419268542642,5,4,0.9319943189620972
GSM331665,40.68588015594559,-24.01072223718043,-11.79779920577544,15.318410428858108,6.612864579990987,13.853296010249881,0.5462894891259304,-8.824246373606528,-4.382046325218661,23.541297701982298,5,4,0.9380696415901184
GSM331666,41.70327369891971,-16.814708301797452,5.470590260837143,20.483290473488758,-3.82756701541248,20.134815258783185,-15.899680984493147,-0.30211692108648247,4.601882826408983,-2.6771852590349225,5,4,0.939029335975647
GSM331667,-5.961769826917441,-33.228693176619664,-1.2298629136836792,1.8703503274732256,1.8236589814267015,5.463254957354481,30.647120801978286,9.493538531272055,-5.313208652865488,-5.949989481179892,1,2,0.6905031204223633
GSM331668,46.25168935496001,-24.670789044591185,6.303700819352206,20.70337037760898,-9.242094798999116,-8.651674465991873,1.139180637063996,-2.106281450055134,-1.3692565026126824,-5.623697869046864,5,4,0.9330435991287231
GSM331669,48.22513006414355,-20.638407952329487,-12.312224807281952,18.737749701003963,4.509030579577609,6.61742906927159,0.44163998064913706,-3.0169466410069457,-1.3301496580015586,12.961762223129421,5,4,0.9385870099067688
GSM331670,22.61267083756551,-7.005188683932958,-12.06971241995332,11.79466513104419,10.147281240965127,15.927366033833612,7.118038164546865,-1.1070116803718586,0.5944997938706942,-12.559353138289037,5,4,0.9322785139083862
GSM331671,43.218470309804786,-21.270996185092677,-3.4557449885468987,16.050794412852223,7.541259024079,2.0612230819935125,8.196589046811482,4.706374349972207,4.262696560607072,17.001062056284713,5,4,0.93478524684906
GSM331672,28.252569634285855,-20.330479961241608,-33.4932891212441,11.76319860719528,6.388357807978549,-0.527949663864768,19.22579895192102,7.334738753563248,-1.9954961935707667,0.5621212016828587,5,4,0.9324028491973876
GSM331673,39.60314752056792,-16.5425982093225,-14.33648539317533,14.94152001055489,4.793492966616598,20.650372978996927,-7.884474420170047,-1.8308442861611456,-0.5125729085109276,3.1658944827308564,5,4,0.9380759596824646
GSM331674,46.78868168054904,-29.6290375117102,-15.792599248182258,18.85260946036376,4.541756696203839,2.0677791593005774,13.379855026604067,1.9892160448654244,-3.520544899424037,9.849860104850197,5,4,0.9343973398208618
GSM331675,18.5949245834175,-14.372448483536287,-24.684561119742817,6.976891184158022,12.258382789121537,31.852744407872947,5.98838400638764,7.280548518964202,0.4569302056349925,-4.835358566778393,5,4,0.9401522874832152
GSM331676,41.60655012242945,-28.925641727220462,-19.683435410204495,19.461459521900377,8.574174391749137,-6.371817742947837,13.50231226175204,-3.9690711883208145,-5.9181283891386816,-0.24045443989195198,5,4,0.9300147294998168
GSM331677,45.59905280875097,-19.338661016525066,-21.918313756150525,21.915195866007636,-4.442414388219509,-12.730888579165171,9.42268760660488,-0.15385570496756784,-5.24815177595956,-6.162721220340986,5,4,0.9279971718788148
GSM331678,43.25547374636513,-26.269241524216806,9.047519000483234,22.39209410912189,-9.25661557951623,1.0096933195738542,-0.8119944942907931,-3.4623195579504578,0.8845866545238201,1.35607162112491,5,4,0.9312329292297364
GSM331679,34.659838723919485,-34.94406433636599,-4.7105091497301075,15.662017313070292,9.200709605731115,8.004343323501779,23.583206877808273,6.717214313838277,2.515916661273895,13.062175932624964,5,4,0.9360713362693788
GSM331680,37.313396979461075,-14.47505530526875,11.763629570346993,18.411990993174044,-10.384125917651708,19.618226841856647,-21.611287609998687,2.0686462807899813,10.004428347826293,1.811261548265544,5,4,0.9296568036079408
GSM331681,20.816181497966035,-6.794241538987631,-27.23253401481476,2.046400555974358,14.299514639834788,29.86851309828257,1.4803581386108964,-1.202628732688505,-1.560496889369763,-11.547167891529117,5,4,0.9318106174468994
GSM331682,29.487185956052535,-9.218967472766403,-26.672188739455578,10.38620169938653,5.759893144699692,20.576753276638023,-1.3796111248618836,11.163158490077087,3.977485390291646,-8.01252438500565,5,4,0.93404221534729
GSM331683,37.24222047903477,-30.66855740603119,12.976646194242216,17.62057660850925,-1.776221523915716,3.754689807952943,5.444741230658449,-1.6827053984999816,0.6769303893286523,10.500852589369357,5,4,0.9349353313446044
GSM331684,33.883519266987534,-13.224632356982466,-23.33487555030796,12.332258018739095,6.563169844766312,26.12680247853062,-3.461746653844277,3.109623412110117,1.1590843390098302,-6.813758835415385,5,4,0.9310677647590636
GSM331685,39.148336434306195,-27.009392896526357,20.595628875420687,21.906437722195772,-4.694823958651515,7.283894596140571,-2.9331516439632694,-1.2851230416072466,3.5032126653356945,10.463803121584416,5,4,0.932526171207428
GSM331686,31.475504292825775,-7.972593993176862,-33.0875393806302,6.036083620791979,8.048139835303262,15.330260393116758,5.491424890934173,8.652118742908748,0.9252892268523165,4.909134163410366,5,4,0.9325697422027588
GSM331687,50.47442511581954,-21.00410069912919,-13.629132926743972,24.244001487240897,-6.61900918676547,-12.620007390893967,0.32873378025495326,0.19314093328464405,-2.8108231786587825,-2.467074085653093,5,4,0.9312829971313475
GSM331688,38.10892345817887,-24.371166190914916,-1.4593215140970999,18.43412332714217,-6.958540294399813,-8.489192088278676,11.261581257404732,5.0577364535737965,-0.05332731737829217,-3.951296804821315,5,4,0.9315841794013976
GSM331689,29.581881178177003,-30.194316256363194,9.871815656193537,18.975276209886797,-1.07606296009151,8.543285778509805,8.334943507715215,1.6791642975251408,-1.0752720038655146,-7.4480658630186,5,4,0.9335219860076904
GSM331690,37.95864755633917,-16.255209385392124,-7.028119995494502,5.636892689514743,6.41186446893981,15.329382307798575,-14.176222821675292,-28.989276574383638,-7.045855180595832,0.44977408079025677,5,4,0.9369301199913024
GSM331691,15.770007139836475,-8.306893827289484,12.602601034843897,20.46474242138244,-25.311879671269754,8.7151867066721,-26.33077126857227,1.1516414642530053,13.200514920967176,-17.478210264933796,5,4,0.8844217658042908
GSM331692,21.938640985586485,-19.69610433436552,-26.76401273630098,5.377120319260643,10.922692538787318,31.069671997740635,12.128147706728464,11.707804188921797,0.5541441395859772,-6.112657400248075,5,4,0.936533272266388
GSM331693,34.400055199162935,-9.080809699958436,-30.827674056011833,11.781748973964064,7.323826341871983,18.590329640129855,-4.769842018587827,2.3814952173048636,2.103039974631247,-2.6498305166161527,5,4,0.9339869022369384
GSM331694,29.950536353564594,-19.785891681623564,9.03525043807883,20.8083476605723,-8.177537029211939,18.103297429281522,-8.713044271116052,13.51006636385701,12.508613830269756,-6.896757169261899,5,4,0.9298374652862548
GSM331695,48.328032256629314,-18.30570491822102,2.6586227540204073,27.864250484334335,-19.974385368004153,-11.47446750676949,-14.858626871920421,-0.19674524420358577,4.946854923375456,-2.490097903307404,5,4,0.9371992349624634
GSM331696,46.691870515019914,-21.95167605092108,2.7670167255880784,16.955251255353765,-5.548417128900385,-7.538834286244294,-0.6284131258345138,-11.761190589948992,-4.751042187395343,-3.137008356997697,5,4,0.9309917092323304
GSM331697,43.49212040590608,-14.250570448360211,-22.005249828621075,20.623780739232398,-4.208025178901859,-7.853378070430159,0.7549165010633221,-5.907036047305951,-5.447616122052392,-0.4399531952764613,5,4,0.934311032295227
GSM331698,42.1208185528789,-11.284778110122756,-29.87064192097068,15.68433122874816,-3.0704357948147116,-0.9726656446961781,-1.0417212564297722,-6.6749481364789345,-5.439988504237042,-12.924286734488403,5,4,0.9311015009880066
GSM331699,46.95282154379777,-19.078362979530816,-12.422336351680968,25.593662046742626,-10.479346510314597,-5.401387958287784,-0.4056204376165248,12.555577810608922,5.893230649576145,-2.726197284212759,5,4,0.9331658482551576
GSM331700,39.27270553900094,-29.579482597028637,-6.882892367848672,14.717164828630306,11.13753117374785,19.85542511205768,2.465569395733607,-7.891772937525189,-3.556253167065571,13.932351895073083,5,4,0.9352845549583436
GSM331701,41.60318223264436,-10.200178024077662,-19.124426387240504,7.1307116858573565,9.339122258941764,11.51372038664375,0.5046719048648538,-15.885439144033283,-6.602831028335139,-7.414594449954664,5,4,0.9341648817062378
GSM331702,31.79331239022362,-6.836268654926005,-34.83871258867328,8.070625580962234,11.361433227274395,22.60116333582099,-2.156794996806989,0.675917179391397,-0.21537652009113104,2.9664451722678646,5,4,0.944581151008606
GSM331703,52.40288361982883,-11.554384858001798,-6.402167971562573,27.274372535962762,-23.171296108917293,-19.8760687123438,-13.715433690101802,-0.6480649581464054,4.1791466841636495,0.04294862349467161,5,4,0.9334232807159424
GSM331704,32.44055268583534,-11.003016890067641,-28.84854038722042,5.58031157546232,10.47037809257954,19.90058682960883,3.6501037784148633,-4.049079339319199,-2.936453386774908,-4.493228181491343,5,4,0.9303765892982484
GSM331705,34.98278120936785,-11.883629127600473,-22.509932017098656,11.502463665990017,4.0577446421047965,19.032318927886713,-3.194975714944566,8.76567939052955,2.8461466713494827,-3.439205741135083,5,4,0.9354987144470216
GSM331706,27.762222967775244,-12.19168943695983,-22.890766967880065,9.716140911489703,4.262058360922586,10.115840037142737,5.3348550049783485,-6.389610003609352,-7.211008489435561,-11.102194747985168,5,4,0.9342322945594788
GSM331707,47.9985945354694,-19.201429963977557,-12.099610333648616,21.756590930219723,-3.666941044364871,1.9813156206990592,0.8347898702269281,12.91567145595843,4.752192135993232,9.823387575874255,5,4,0.9294381141662598
GSM331708,45.12721241656326,-21.726660426610188,10.05187771604581,19.93413556055854,-6.77986506387442,4.24020987309966,-6.017584030025267,0.4527513680621362,4.427408641639252,8.062927664722174,5,4,0.9397376179695128
GSM331709,44.34478252942634,-18.78139700664193,-9.762219092297446,16.654981743205404,-1.5114344333659142,-2.5183871623637906,4.006215145687273,-3.746550435211801,-3.8731285975154344,-6.042497382538765,5,4,0.9305320382118224
GSM331710,19.008325773721047,-9.863679532415937,-20.286612245064347,7.185077699850109,12.245988111869757,29.014387889625233,1.0402994632703326,-2.3765474359764123,-1.6854964339571985,-11.682584196721253,5,4,0.935773491859436
GSM331711,52.44591485930214,-22.548796985427312,3.443508774491982,21.288967091391076,-7.9969164869162235,-7.672067779905941,-12.241131554425705,-9.618582329599475,-0.12205201883784514,1.624767098518256,5,4,0.942090630531311
GSM331712,26.70715776634853,-7.480149410230256,-30.86700817201081,8.487646049753195,7.143047088695256,24.160638727233643,-0.5768519276011925,3.850738802257346,1.1527431212691182,-7.57972249887121,5,4,0.931458055973053
GSM331713,37.66246381161557,-14.291045644349278,-11.732250933981172,16.093409075832447,6.808368401341698,19.29395234334732,-7.323623918927708,-1.3111178332934872,0.5963569171232836,6.751531774091434,5,4,0.9328012466430664
GSM331714,47.678029504573104,-26.44543725644807,9.008927364862743,21.69748996990219,-2.724373759672176,-2.2731543782594534,-1.224261511884794,-4.72660007591349,-1.2306083786330726,6.748125472740372,5,4,0.9388944506645204
GSM331715,45.53795448100743,-15.705306801140795,-19.250035051178116,20.017791666309872,-5.745493177871464,-2.199199411555005,-0.9928546949206255,-2.3415711386646234,-1.8842820811848577,-13.314360789640933,5,4,0.938825786113739
GSM331716,33.74627094301589,-11.064680663116356,-29.796780454845834,9.223084693145989,9.575729077961235,12.008892074338899,5.013129470527001,3.3235785120691452,-1.7544904490347024,2.0875833387477276,5,4,0.9350109100341796
GSM331717,35.604277828642715,-10.370271257703676,-31.668220605653694,8.176342797473117,10.9000963050466,20.642684393511317,-0.3912487593987243,-1.048130528036678,-2.556592708302474,3.7650043138082725,5,4,0.9268661737442015
GSM331718,42.12974847807539,-23.314228909050296,2.5200619708160676,12.71124703337816,4.451218116839623,7.250438082456844,4.011694495149554,-3.3907625449785948,1.4983537871910735,14.86152201591202,5,4,0.9339869022369384
GSM331719,30.264575876296064,-10.539809388830777,-28.745534460634875,4.594541796564188,10.867753601483859,27.476296412505896,-0.47495982734055475,-2.0975394651822103,-2.0590134081351343,-4.358301387658297,5,4,0.9403165578842164
GSM331720,35.508581164495816,-19.520065322237738,13.235197143641953,19.223528541558448,-4.090983097864281,23.16732290996354,-13.9703928920401,2.3804555699146306,7.628974735859737,5.673882021750324,5,4,0.9325323700904846
GSM331721,49.748781114349605,-18.33929131260032,-9.068232638344929,17.88408583696564,-2.8757690642278346,1.3825021588640831,-2.771286354944737,4.0765585237153275,2.8652141381379748,-3.4124892085330667,5,4,0.9318222403526306
GSM331722,38.27969209724279,-20.247091151249307,15.971399596552498,11.988814033076101,1.0622290305709587,17.926524132628487,-6.035461415547373,-3.9056496127777445,7.469005411054814,-2.742569386032321,5,4,0.9286713600158693
GSM331723,32.19283113962596,-13.166712332655399,-11.516393163498147,12.555280147594006,2.8579123527548047,13.938397090592268,-0.19681591738385426,11.78995876532265,5.737598222439936,-8.22494973448648,5,4,0.930753767490387
GSM331724,31.83494526683658,-14.735435246796063,-24.97546567960345,10.749457348811779,11.253886096589286,23.635033727216552,-0.061759908028445436,-2.448350177182247,-2.6132555982151437,5.001261931664589,5,4,0.931594967842102
GSM331725,42.27139734325145,-24.344113879819734,-4.185916937007853,12.184025760617457,8.40125433977123,7.526659357938234,7.731847717987726,-5.811687482700792,-2.49592895924662,17.030527635665262,5,4,0.934182584285736
GSM331726,47.25525835219845,-20.133106135132817,-0.019842539077254043,24.21154700656354,-11.318650264626484,-5.2892102239402075,-5.708991832544469,-2.983757967503363,-0.43099342990380973,-0.1938843320797338,5,4,0.9323523640632628
GSM331727,39.228793096815465,-27.894669940081926,10.491336174882376,23.491336231050877,-3.7505863412070535,5.043532985858668,3.8280661923063732,6.231638705752066,1.651016918526439,3.2735725042470247,5,4,0.9358895421028136
GSM331728,43.400237140475866,-24.58172717539543,3.625678851138998,24.396022544925557,-6.548304886188791,-3.3120085800105477,1.1444517998535375,-9.319611048984047,-4.327263110844467,-3.4790788433018784,5,4,0.92760968208313
GSM331729,42.20536910958608,-22.048433261934093,2.486254401689756,22.892288979779874,-4.772634195342182,2.218127996217995,-0.33785402372416873,-9.422395983005229,-3.08361753924533,-4.291936752097905,5,4,0.9338598251342772
GSM331730,46.9300413178729,-4.863230033918119,-22.039561352821664,10.536854504846577,0.13443675934569183,12.177325317376049,-17.635439256050375,-8.416832210526541,0.3640353101982825,-1.781012791469144,5,4,0.9385546445846558
GSM331731,51.35307618890216,-24.727208619434467,5.696251460935266,19.38920661562709,-4.241830544304773,-6.622218691685901,-6.521511666738863,-10.013015148449787,-3.9222621878831143,3.364379285565638,5,4,0.9358526468276978
GSM331732,37.77287415248179,-21.099144658837176,-13.340093741292794,16.18631880634332,0.8366610544736242,5.572500124735067,8.847767979419785,-1.2015727426426441,-6.174105518555054,-3.558514187897259,5,4,0.9340860843658448
