gene,representative_probe,n_probes_for_gene,mean_expression
HFE,206087_x_at,15,0.35087514
CD44,212063_at,13,0.7568687
CFLAR,209939_x_at,13,0.63206685
DNAH1,228111_s_at,13,0.44271678
ARHGEF12,201334_s_at,13,0.47919175
GNAS,200780_x_at,12,0.87361515
ZBTB20,205383_s_at,12,0.49046716
TCF3,209153_s_at,12,0.67597526
MAGI1,215372_x_at,12,0.3732303
ARL17A,229028_s_at,12,0.45292142
SPTBN1,212071_s_at,11,0.7199877
FGFR2,208229_at,11,0.16342272
OFCC1,1565027_at,11,0.3109629
KMT2A,212080_at,11,0.5111277
RUNX1,209360_s_at,11,0.54187894
AKAP13,221718_s_at,11,0.6362849
NRP2,1555468_at,11,0.26936355
PAPPA,201982_s_at,11,0.19704352
SLC8A1,235518_at,11,0.24468283
CALD1,212077_at,11,0.22877626
IGHA1,214916_x_at,11,0.47897896
IGHG1,228518_at,11,0.32785407
PDE4DIP,214129_at,10,0.32445872
IDS,212221_x_at,10,0.5911149
DLEU2,1556821_x_at,10,0.43873116
MDM2,229711_s_at,10,0.6027221
MSI2,225240_s_at,10,0.63433325
PML,211012_s_at,10,0.4530233
IGKC,224795_x_at,10,0.76863545
QKI,212265_at,10,0.70709735
HIPK2,225368_at,10,0.5237823
RGS12,242079_at,10,0.302471
PDLIM5,212412_at,10,0.43361357
STRN,230734_x_at,10,0.49715003
NF1,212676_at,10,0.45725638
DST,215810_x_at,10,0.25400764
PTGER3,210374_x_at,10,0.25925803
MEG3,229557_at,10,0.2496377
ERICH1,227016_at,10,0.55285305
SLC25A37,226179_at,10,0.62502754
TRIO,209012_at,9,0.39405045
PBRM1,223238_s_at,9,0.6072969
PIK3C2A,213070_at,9,0.553174
DCAF8,202250_s_at,9,0.4969378
GART,212378_at,9,0.43583632
ZDHHC21,229240_at,9,0.35266787
ARHGEF7,202548_s_at,9,0.6104365
NAV1,224772_at,9,0.39914033
EGFR,211551_at,9,0.25693062
GOSR2,235041_at,9,0.41766056
MED28,228992_at,9,0.6287446
ESR1,211234_x_at,9,0.21610507
ACTG1,224585_x_at,9,0.8678472
PTBP1,216306_x_at,9,0.7423416
SOBP,218974_at,9,0.26657796
RIF1,236620_at,9,0.53075045
FAM120A,200774_at,9,0.765039
HMGA2,1567224_at,9,0.21738987
VPS53,1557112_a_at,9,0.39242226
SMARCA4,208794_s_at,9,0.6272815
HNRNPD,221481_x_at,9,0.7921204
FBXO9,212987_at,9,0.6999214
POLR1HASP,215985_at,9,0.2742189
PPARA,223437_at,9,0.3776404
TNPO1,221829_s_at,9,0.72271055
TRPM3,220463_at,9,0.17656186
CSNK1A1,213860_x_at,9,0.7230549
RASAL2,227036_at,9,0.24684723
IKZF1,227346_at,9,0.6642343
PIAS2,214442_s_at,9,0.4403289
MACF1,208634_s_at,9,0.638283
FAAP20,229113_s_at,9,0.4990355
NPAS3,220316_at,9,0.14575036
FOXP2,1564876_s_at,9,0.20989238
LRRFIP1,211452_x_at,9,0.75782144
ASPH,224996_at,9,0.34559864
ZNF207,200829_x_at,9,0.7541958
YME1L1,201352_at,9,0.73576057
NTRK3,217377_x_at,9,0.29057992
PTEN,225363_at,8,0.6942781
TOR1AIP2,214801_at,8,0.6275268
APLP2,208248_x_at,8,0.66784096
N4BP2L1,213375_s_at,8,0.55582696
TNRC18,226691_at,8,0.52897525
GPATCH2L,229520_s_at,8,0.440721
KLF12,227261_at,8,0.4801607
KDM4B,212496_s_at,8,0.587955
PAX8,121_at,8,0.445256
GGA2,208914_at,8,0.54512024
CDC14B,221556_at,8,0.28576088
HLA-DQB1,212998_x_at,8,0.6470448
MLLT10,225992_at,8,0.5754662
GGT1,211417_x_at,8,0.40784597
DNAH6,1561616_a_at,8,0.1954854
RPL13,212734_x_at,8,0.9071666
FOXP1,224837_at,8,0.7395621
SKAP2,204362_at,8,0.58653176
MBP,210136_at,8,0.5706184
RORA,210426_x_at,8,0.39446893
RNF213,225929_s_at,8,0.503357
DIP2A,215529_x_at,8,0.5268062
CDK12,225694_at,8,0.5292033
ALDOB,214423_x_at,8,0.29546183
NKTR,202379_s_at,8,0.68810445
NFIB,209290_s_at,8,0.1992653
NF2,218915_at,8,0.5048737
GLS,221510_s_at,8,0.57604665
NEAT1,224565_at,8,0.76673985
ARSD,225286_at,8,0.43626547
DTNA,210736_x_at,8,0.21399102
SRSF1,211784_s_at,8,0.7437247
MCF2L,35147_at,8,0.2635849
DR1,209187_at,8,0.6537443
NUCKS1,229353_s_at,8,0.7490722
DOCK5,230263_s_at,8,0.3917563
HAPSTR1,225199_at,8,0.72193795
WTAP,203137_at,8,0.7423725
ABI2,225098_at,8,0.49905688
BRWD1,225446_at,8,0.48296207
FRMD4A,225168_at,8,0.3303991
TCF4,212386_at,8,0.66846365
RHEB,201453_x_at,8,0.73228675
PDE5A,1562228_s_at,8,0.34256527
PDXDC1,212053_at,8,0.57686126
PAWR,226223_at,8,0.3359426
CD84,230391_at,8,0.5508126
ITSN1,35776_at,8,0.3442472
GARS1-DT,1558459_s_at,8,0.45639023
AFF4,225229_at,8,0.6219123
SLC6A2,239394_at,8,0.15330052
DCN,201894_s_at,8,0.6370406
MALAT1,1558678_s_at,8,0.91879106
COL6A1,213428_s_at,8,0.25100762
TLK1,202606_s_at,8,0.6673801
RBM26,218422_s_at,8,0.68486553
UBE3A,211285_s_at,8,0.6612664
ADAM22,208237_x_at,8,0.22245638
IGH,217022_s_at,8,0.7083549
UBE2H,222420_s_at,8,0.56386024
CALM1,209563_x_at,8,0.8124821
CAPRIN1,200723_s_at,8,0.70112985
PLD1,232530_at,8,0.37489364
IGLC1,209138_x_at,8,0.7643503
RBBP6,212781_at,8,0.6358552
CBX5,212126_at,8,0.54925436
CCDC171,1559672_a_at,8,0.21037893
CREBZF,202978_s_at,8,0.53173876
PPIA,212661_x_at,8,0.8748954
CFAP91,1561430_s_at,8,0.21263655
PSEN1,203460_s_at,7,0.49944323
TP63,207382_at,7,0.19357687
CFAP410,203996_s_at,7,0.38137764
TNRC6B,229036_at,7,0.56649244
SLC19A1,211576_s_at,7,0.4183604
AAK1,205434_s_at,7,0.6438195
FN1,214701_s_at,7,0.22960694
ZNF91,206059_at,7,0.5993917
CHDH,230484_at,7,0.3324392
MS4A6A,223280_x_at,7,0.4833912
CREB1,225572_at,7,0.5510072
TIA1,201448_at,7,0.5717971
TTLL5,214672_at,7,0.45829308
KLHDC4,221219_s_at,7,0.44447365
TOR1AIP1,212408_at,7,0.69646186
ZMYM2,202778_s_at,7,0.66885024
ZMYM6,227594_at,7,0.43308267
SOX6,228214_at,7,0.27877066
KIAA1217,237167_at,7,0.26272976
ANK1,240363_at,7,0.39293784
THADA,54632_at,7,0.48243773
PMS2P1,215667_x_at,7,0.5888082
MAST4,225613_at,7,0.44088998
RAB3IP,223471_at,7,0.4077196
ACTR2,200728_at,7,0.75792485
FUT6,211465_x_at,7,0.3781965
SCAF11,213850_s_at,7,0.6842618
N4BP2L2,202258_s_at,7,0.6888339
APBB2,212970_at,7,0.31716165
EHD4,209536_s_at,7,0.4864853
LRCH3,214739_at,7,0.41825986
ELK4,225159_s_at,7,0.5612099
NAP1L1,213864_s_at,7,0.8125948
TPSAB1,216474_x_at,7,0.32695538
CELF1,221743_at,7,0.7347795
CELF2,202157_s_at,7,0.78927654
POU2F2,227749_at,7,0.4629654
TTC3,208073_x_at,7,0.707056
SLC38A10,212890_at,7,0.5428945
G3BP1,225007_at,7,0.6225182
CASP2,226032_at,7,0.678611
IL6ST,212195_at,7,0.60259205
EFCAB14,201778_s_at,7,0.621425
EIF1,211956_s_at,7,0.8938817
ETNK1,225290_at,7,0.51515126
LPP,202822_at,7,0.55174154
ARID1B,225181_at,7,0.54018897
GM2A,212737_at,7,0.5991916
EFCAB6,233600_at,7,0.1647185
TPGS2,212055_at,7,0.5451444
TMEM67,1563646_a_at,7,0.27819932
FOXN3,222494_at,7,0.6676468
RUFY2,219957_at,7,0.49439692
RUFY3,227802_at,7,0.46064118
SRC,1558211_s_at,7,0.21928892
EEF1A1,213614_x_at,7,0.9140216
GAB1,225998_at,7,0.4409674
MAP3K2,226979_at,7,0.68175244
MAP3K20,225665_at,7,0.45288113
RBM33,226732_at,7,0.63188547
UBE2B,202333_s_at,7,0.6850398
TTBK2,213922_at,7,0.3760714
NFIA,224975_at,7,0.2653225
ESS2,32032_at,7,0.5598638
NIN,225921_at,7,0.6230531
RUNX1T1,216832_at,7,0.23950171
ARRB1,43511_s_at,7,0.46396178
ZBTB10,228562_at,7,0.5924171
CLN6,1567080_s_at,7,0.38901433
CDK13,232266_x_at,7,0.6697337
MBNL1,201153_s_at,7,0.76320624
UBA6,222602_at,7,0.5610683
RBM15,219286_s_at,7,0.6858783
DYNC1H1,211928_at,7,0.6201276
PTGR3,1554239_s_at,7,0.5030085
PRLR,243755_at,7,0.1834117
NR6A1,227496_at,7,0.26125684
SERBP1,210466_s_at,7,0.7781643
XIST,221728_x_at,7,0.4064952
ATP6V0E1,214150_x_at,7,0.72429496
RRBP1,201204_s_at,7,0.5332135
RREB1,203704_s_at,7,0.6375048
ATXN3,235240_at,7,0.47253436
XIAP,228363_at,7,0.5682778
RBMS3,206767_at,7,0.22499023
RBM25,212033_at,7,0.6954902
MAPK1,224621_at,7,0.66467535
TCP11L2,1559413_at,7,0.3745364
CAND1,207483_s_at,7,0.5762371
CAMSAP1,212711_at,7,0.44888753
FBXO32,225803_at,7,0.32386246
MAP4,212566_at,7,0.6132596
NSD3,222544_s_at,7,0.7147083
ST3GAL3,1555181_a_at,7,0.3400871
SLAIN2,224844_at,7,0.5461376
KALRN,227750_at,7,0.2610515
NUDT3,212608_s_at,7,0.6471607
NUDT4,212181_s_at,7,0.6999144
AKT2,225471_s_at,7,0.5382245
AKT3,212607_at,7,0.35456058
WWC1,213085_s_at,7,0.18619905
RPAIN,228183_s_at,7,0.59840876
DNAJC21,238337_s_at,7,0.5833897
RC3H2,225813_at,7,0.53700006
TBX3,225544_at,7,0.14463015
LMF1,46142_at,7,0.38418514
WNK1,211992_at,7,0.6187773
STK4,225364_at,7,0.69802386
DNASE1,1558546_at,7,0.37957427
CDK6,224847_at,7,0.63720226
JRK,216309_x_at,7,0.43541774
DMAC2L,213995_at,7,0.5470408
BBIP1,228993_s_at,7,0.56096095
OBSL1,212775_at,7,0.30337304
BCL2L11,1553096_s_at,7,0.5564976
HDGFL3,216693_x_at,7,0.36313757
BBX,232008_s_at,7,0.566449
HCG18,232975_at,7,0.43774235
SMARCA2,206542_s_at,7,0.5699094
HIF3A,1556069_s_at,7,0.18314925
CA12,210735_s_at,7,0.2338187
PHF20L1,227523_s_at,7,0.4765553
CYP2C9,216025_x_at,7,0.2684283
CYLD,221903_s_at,7,0.5900601
UGGT2,235749_at,7,0.19797598
PIK3C3,204297_at,7,0.5515436
DLGAP1,210750_s_at,7,0.1667134
DLG1,202515_at,7,0.5679632
FGFR1,222164_at,7,0.47848532
FGFR1OP2,233898_s_at,7,0.5508869
METTL15,238773_at,7,0.35141712
PVR,1556582_at,7,0.3692358
PRDM11,229687_s_at,7,0.27978566
RNF130,217865_at,7,0.6692365
DAB2,201278_at,7,0.31905976
RFFL,228980_at,7,0.58562875
PDLIM7,203370_s_at,7,0.39526615
TCF7L2,212761_at,7,0.53962827
LINC01128,1557055_s_at,7,0.40052077
CYP19A1,203475_at,7,0.15164346
SESN3,225123_at,7,0.5166344
BLTP1,212779_at,7,0.62521785
SVEP1,236927_at,7,0.25623482
BRD4,202102_s_at,7,0.7400446
PARVA,215418_at,7,0.2186801
PANK2,218809_at,7,0.57523984
TMCC1,213349_at,7,0.392354
CD6,213958_at,7,0.48971337
LZTS1,1569159_at,7,0.22179629
AFDN,224685_at,7,0.3609862
HNRNPU,200594_x_at,7,0.7942811
SYNRG,64418_at,7,0.54922
USP34,212066_s_at,7,0.6656251
PDE1A,233547_x_at,7,0.11883557
ITGB1,211945_s_at,7,0.7456857
FGD2,1553906_s_at,7,0.56829554
MAP3K13,226190_at,7,0.49661955
GATM,203178_at,7,0.30504674
PCBP1-AS1,235482_at,7,0.44378567
SYNCRIP,217833_at,7,0.69126207
SYNJ2,212828_at,7,0.38208842
SYNPO2,225721_at,7,0.28524283
COL4A3,222073_at,7,0.20697598
ITGB3,204628_s_at,7,0.24896115
RHOJ,235131_at,7,0.31909418
ADRA1A,211489_at,7,0.18290569
PCNX1,229287_at,7,0.47616518
USP49,229351_at,7,0.43443882
DCAF7,224748_at,7,0.5112877
SNTB2,205315_s_at,7,0.3555571
ZNF224,229123_at,7,0.3898556
MTHFD2L,238762_at,7,0.4567506
SDHC,215088_s_at,7,0.64511245
EPG5,227638_at,7,0.4931701
ZNF148,203318_s_at,7,0.5647929
SORBS2,204288_s_at,7,0.13326971
MYEF2,232676_x_at,7,0.34854355
ANKH,223092_at,7,0.43820697
MYH11,201497_x_at,7,0.20957541
CHD9,229586_at,7,0.63389313
FNDC3B,225032_at,6,0.5364625
CHML,226350_at,6,0.5855638
CHD2,228999_at,6,0.65167785
MED14,202610_s_at,6,0.5299225
CPM,235019_at,6,0.31546718
INO80D,227931_at,6,0.497758
INPP4A,227087_at,6,0.5387738
TTLL3,210129_s_at,6,0.47228563
CR1,244313_at,6,0.39613566
CREM,209967_s_at,6,0.4220564
PRRC2C,211946_s_at,6,0.7555714
PSPC1,226574_at,6,0.61002475
TMF1,227685_at,6,0.52383083
GPR180,231871_at,6,0.32285476
SOS2,212870_at,6,0.59455544
ZMYND8,209049_s_at,6,0.61158097
SOX4,201417_at,6,0.66033345
EML4,223068_at,6,0.5165773
MYLIP,228098_s_at,6,0.70503616
FKBP15,31826_at,6,0.5623501
PPP4R3B,233759_s_at,6,0.60523874
RAB18,224787_s_at,6,0.63157976
LAMA3,1563772_a_at,6,0.2761505
L3MBTL1,213837_at,6,0.3175985
ITCH,239101_at,6,0.4599741
RAB2A,208734_x_at,6,0.6323567
HRK,237187_at,6,0.30104217
RHOQ,212120_at,6,0.56468004
DCUN1D1,218583_s_at,6,0.5243069
PCSK6,211263_s_at,6,0.21539457
PCM1,202174_s_at,6,0.6393692
RHOBTB3,225202_at,6,0.38420495
DBT,205370_x_at,6,0.74171585
TACC1,200911_s_at,6,0.7258099
PDE7A,223358_s_at,6,0.6179288
ERCC6L2,229710_at,6,0.4217806
PDE1C,207303_at,6,0.2360308
PDE4D,204491_at,6,0.3750856
PPP2R5C,201877_s_at,6,0.6080708
ACER3,227776_at,6,0.46951544
ACRV1,207969_x_at,6,0.24789779
CD24,209771_x_at,6,0.73367864
PPP2R2C,228010_at,6,0.23147011
TBL1XR1,223013_at,6,0.696407
C2CD6,1554831_x_at,6,0.11685427
MAN1A2,217922_at,6,0.5866262
PGK1,200738_s_at,6,0.8030269
AFF3,227198_at,6,0.50895816
SGCD,214492_at,6,0.2038378
PCBP2,204031_s_at,6,0.82460636
PATZ1,209431_s_at,6,0.47262806
TMED5,202194_at,6,0.69401705
VSTM4,1553458_at,6,0.16313745
FRYL,212548_s_at,6,0.57666785
FHAD1,1563639_a_at,6,0.30708182
CD47,213857_s_at,6,0.7909835
ITPRIPL2,227792_at,6,0.35410684
TRIM8,223132_s_at,6,0.6397366
TRIOBP,216210_x_at,6,0.55444056
CNOT9,213179_at,6,0.5713118
HNRNPDL,201993_x_at,6,0.81022686
GATAD2A,234294_x_at,6,0.5598694
SLC6A8,213843_x_at,6,0.3463855
HNF4A,230772_at,6,0.20332898
C11orf58,201784_s_at,6,0.73565745
DDX3X,201210_at,6,0.80145264
BUB3,201457_x_at,6,0.70612
MACROH2A1,207168_s_at,6,0.8135173
BMP1,202701_at,6,0.30928102
OTUD7B,229488_at,6,0.2614855
VTI1A,242356_at,6,0.5522875
CLTA,200960_x_at,6,0.73252666
TMEM165,226825_s_at,6,0.54547393
HNMT,204112_s_at,6,0.2788321
VPS13A,214785_at,6,0.40831155
PATJ,223681_s_at,6,0.20482706
DENND1B,219696_at,6,0.48247007
SETDB2,235339_at,6,0.42973697
SLFN5,238430_x_at,6,0.5371264
MKLN1,225526_at,6,0.49473247
HNRNPM,1555844_s_at,6,0.79798985
VRK3,218022_at,6,0.5409029
HNRNPC,200014_s_at,6,0.7878362
PAPOLA,222035_s_at,6,0.73044646
SEZ6L,211894_x_at,6,0.1811716
GFM1,225153_at,6,0.57207406
PFKFB2,226733_at,6,0.3559714
TAPT1,227407_at,6,0.62283134
PDS5B,207956_x_at,6,0.5637232
C21orf58,1555198_x_at,6,0.24014072
TAOK1,224769_at,6,0.6174049
PDXK,218019_s_at,6,0.47565192
PDPK1,224986_s_at,6,0.5809936
RGS5,1558785_a_at,6,0.2453088
TBRG1,226318_at,6,0.63537747
ADD2,206807_s_at,6,0.29795516
AGFG2,222126_at,6,0.2997399
PAK2,208877_at,6,0.59962237
DGCR5,228804_at,6,0.21264625
BMP2K,59644_at,6,0.49556464
OGT,209240_at,6,0.76651627
WDR27,235298_at,6,0.3483102
BCLAF1,201084_s_at,6,0.7699156
SIRT5,219185_at,6,0.389186
MCAM,211042_x_at,6,0.5251352
TMEM132A,216721_at,6,0.22316583
CNIH4,223993_s_at,6,0.6640252
CDH11,207173_x_at,6,0.17049281
TRIM2,202342_s_at,6,0.2053582
SUB1,212857_x_at,6,0.8072361
DHX30,212674_s_at,6,0.5486632
AGPAT3,225440_at,6,0.44936475
SET,200630_x_at,6,0.80281204
RNASET2,217983_s_at,6,0.78801656
BNC2,230722_at,6,0.26063788
BPNT2,224743_at,6,0.49829412
PHLDA1,217996_at,6,0.39433944
TBCD,211052_s_at,6,0.47099066
C5orf24,224876_at,6,0.6051008
ICA1,210547_x_at,6,0.32125962
HYDIN,1554907_a_at,6,0.2022964
TBL1X,213400_s_at,6,0.4611249
RBM8A,222443_s_at,6,0.6465801
RBMS1,215127_s_at,6,0.67447585
RBMS2,225776_at,6,0.30982965
RBPMS,209487_at,6,0.21751237
BICD1,1554020_at,6,0.39251152
ORAI2,1558426_x_at,6,0.62352854
SMAD2,203075_at,6,0.5937996
HERC4,225988_at,6,0.4992199
WDR33,222763_s_at,6,0.5735739
BCL2L14,1552841_s_at,6,0.13651752
LMNA,212086_x_at,6,0.4925734
NUP50,213682_at,6,0.680439
PTPN2,213136_at,6,0.6744586
FOXO3,224891_at,6,0.70138454
BCAP29,225677_at,6,0.49091303
HECTD1,224481_s_at,6,0.67075807
SMG1,224842_at,6,0.69062847
LUC7L3,208835_s_at,6,0.7463163
GH1,208068_x_at,6,0.3249333
HECTD4,211034_s_at,6,0.52438486
LMBR1,242035_at,6,0.35662845
WNK2,229547_s_at,6,0.25074774
WSB1,201296_s_at,6,0.7413546
SERPINB13,211362_s_at,6,0.17058101
WAC,222390_at,6,0.7622692
DICER1,213229_at,6,0.61672395
SMCHD1,1558747_at,6,0.67214686
UBE2W,222657_s_at,6,0.48503
CADPS,1568604_a_at,6,0.17194453
FBRSL1,225703_at,6,0.6048549
SLC39A8,209267_s_at,6,0.61297065
SHANK2,213307_at,6,0.1882304
CACNA1E,240650_at,6,0.16014747
CACNB2,207776_s_at,6,0.21498707
PIEZO2,219602_s_at,6,0.17895697
UBE3B,212403_at,6,0.48557544
FGF18,231382_at,6,0.23302309
PPIL2,217407_x_at,6,0.37809843
LARP1B,226750_at,6,0.46512002
LARP4B,208954_s_at,6,0.47589424
TSHZ2,235815_at,6,0.29088536
B4GALT1,201883_s_at,6,0.5882247
NSD2,209054_s_at,6,0.53223073
NSFL1C,232520_s_at,6,0.63021207
ATP6V0A2,229572_at,6,0.4328781
NTRK2,207152_at,6,0.25694054
NRG1,208232_x_at,6,0.24903762
ZNF81,234111_at,6,0.40111732
ACACB,1552615_at,6,0.3987359
JMJD1C,221763_at,6,0.6946006
KPNB1,213507_s_at,6,0.7353345
KRR1,203203_s_at,6,0.5929178
PRKCB,209685_s_at,6,0.72376716
CDH6,210601_at,6,0.22129518
LST1,214574_x_at,6,0.67746824
SERP2,240667_at,6,0.15045387
AIG1,223136_at,6,0.41816792
AK2,212174_at,6,0.5823677
LSAMP,229244_at,6,0.14469005
AZI2,218043_s_at,6,0.47869155
DOCK9,212538_at,6,0.32736972
AURKAIP1,225552_x_at,6,0.6754178
IRGQ,1555833_a_at,6,0.4970219
COPS8,202141_s_at,6,0.63973707
UBE2D3,200668_s_at,6,0.8062637
TCL6,219840_s_at,6,0.19097392
IGFBP5,203425_s_at,6,0.25573102
MAP2K5,211370_s_at,6,0.3765689
SLC44A1,224596_at,6,0.6028807
FBXO3,218432_at,6,0.45013103
ATP9B,214934_at,6,0.45222092
AVL9,212474_at,6,0.4814362
NRXN1,237535_x_at,6,0.17990652
SEPTIN7P14,242305_at,6,0.39274728
SRSF3,208672_s_at,6,0.83168125
RSF1,222540_s_at,6,0.6197096
SRPK2,203181_x_at,6,0.5742988
PTPN11,212610_at,6,0.68001324
SLC11A1,210423_s_at,6,0.4068811
MCL1,200797_s_at,6,0.8292748
KPNA1,202059_s_at,6,0.5357814
XPNPEP3,226501_at,6,0.4194896
RPRD1A,225953_at,6,0.5077594
AKR1C1,216594_x_at,6,0.36536968
ZNF395,218149_s_at,6,0.61196095
NR2F2,209121_x_at,6,0.13992928
ATP2B2,216120_s_at,6,0.16182381
ATP11A,230875_s_at,6,0.5545325
SSX2IP,203016_s_at,6,0.4166371
SSBP2,203787_at,6,0.5809238
PRMT2,221564_at,6,0.5277653
ATM,212672_at,6,0.538404
GK,207387_s_at,6,0.30863586
MR1,235352_at,6,0.48329103
SREK1,212721_at,6,0.6670042
SRGAP1,1569269_s_at,6,0.16024254
NLN,234762_x_at,6,0.70441794
YY1,200047_s_at,6,0.7595026
NKAPD1,218314_s_at,6,0.45148405
MPRIP,212197_x_at,6,0.615139
MPZL1,201874_at,6,0.43285912
SEPTIN6,212414_s_at,6,0.6911311
ATP11B,212536_at,6,0.5714013
DTWD1,236649_at,6,0.37474832
NOL4L,225224_at,6,0.5231635
NOS1,207309_at,6,0.29052797
CLEC7A,221698_s_at,6,0.452506
KMT2C,222415_at,6,0.60943985
FBXL18,227500_at,6,0.269587
CTBP2,201220_x_at,6,0.5988961
CACUL1,225192_at,6,0.52673185
UBE2J1,222435_s_at,6,0.69565845
TSC22D2,204094_s_at,6,0.56434643
PPM1L,228108_at,6,0.27458426
METTL26,227378_x_at,6,0.56290114
ACVR1B,213198_at,6,0.5119199
MATR3,214363_s_at,6,0.81666684
FTCD,233741_at,6,0.27843472
PLEKHA8,233943_x_at,6,0.31449792
IGLJ3,214677_x_at,6,0.7825489
GABRB3,229724_at,6,0.16011214
KMT2D,227527_at,6,0.6463573
GSPT1,215438_x_at,6,0.68662393
ESR2,210780_at,6,0.2266947
SNCA,204466_s_at,6,0.5396584
SQSTM1,201471_s_at,6,0.66032445
GUCY1A2,230665_at,6,0.16947322
NFYA,204108_at,6,0.45372987
NFYC,202215_s_at,6,0.48832056
ASXL1,244519_at,6,0.54716367
ASXL2,218659_at,6,0.5389599
AMACR,209425_at,6,0.31131017
EXOSC3,227916_x_at,6,0.44768032
SMIM7,219097_x_at,6,0.54281074
RUNX2,232231_at,6,0.5059728
GTSE1,211040_x_at,6,0.6419233
ZC3H14,204216_s_at,6,0.49990648
CLIP1,201975_at,6,0.54283065
MAPT,203928_x_at,6,0.24533768
ADAMTSL1,229585_at,6,0.14969869
RBBP4,210371_s_at,6,0.6696747
CARD14,220599_s_at,6,0.20410812
CAMK2G,208095_s_at,6,0.74165714
CAMTA1,225692_at,6,0.66597086
CCDC88A,219387_at,6,0.5810062
IQCH,239813_at,6,0.20647693
LCP2,205269_at,6,0.6279172
LEPR,209894_at,6,0.3650241
NFATC3,225139_at,6,0.55711335
ASB4,217228_s_at,6,0.15924515
SPG7,214494_s_at,6,0.5930225
GSN,200696_s_at,6,0.6207306
NENF,218407_x_at,6,0.56768435
ZBTB7A,226554_at,6,0.62116593
PRPF40A,218053_at,6,0.71297616
GNA11,213944_x_at,6,0.36528787
LRATD1,234331_s_at,6,0.1605143
SAP30L,219129_s_at,6,0.51205426
ZNF333,1569251_a_at,6,0.32074544
SELENOH,228332_s_at,6,0.7737097
EDA,211130_x_at,6,0.3081372
ARPP21,1556599_s_at,6,0.27276263
ARNT,218221_at,6,0.40737653
NEBL,216882_s_at,6,0.27370754
ARMC8,219094_at,6,0.49234778
ARMC9,1568691_at,6,0.1904211
GRIK2,1563754_at,6,0.15685932
SLC13A3,230686_s_at,6,0.21005765
KCNJ5,211304_x_at,6,0.2948244
NFATC2IP,229235_at,6,0.6062215
NAV2,222598_s_at,6,0.23557495
SARDH,210063_at,6,0.23149423
PTMA,211921_x_at,6,0.90181136
TPM4,235094_at,6,0.6031526
LGALS8,208933_s_at,6,0.58389884
RARS2,225264_at,6,0.56170344
FXR1,201637_s_at,6,0.7163811
CAST,212586_at,6,0.64340085
PLIN5,241368_at,6,0.2858561
CSRNP3,235017_s_at,6,0.17929533
SLC35E1,220796_x_at,6,0.68878967
CRIPT,227942_s_at,6,0.5247793
POLH,233852_at,6,0.31359434
LINC00205,226995_at,6,0.35153872
CLASP2,212306_at,6,0.43727362
TMEM259,225247_at,6,0.507435
NAA15,219158_s_at,6,0.5612884
SCAMP1,212416_at,6,0.580307
ELP2,231713_s_at,6,0.5326626
GPR161,232350_x_at,6,0.27790657
EMSY,222806_s_at,6,0.4165764
ENAH,222433_at,6,0.2729217
EHF,232360_at,6,0.16537769
EIF5,208705_s_at,6,0.78409135
EIF3B,208688_x_at,6,0.6646663
ARIH1,201880_at,6,0.60544693
ARHGEF40,58780_s_at,6,0.39544642
SAMHD1,235529_x_at,6,0.56545985
NCOA3,207700_s_at,6,0.5473523
ZFHX3,226137_at,6,0.40216872
ARHGEF28,1554003_at,6,0.23852825
NCAM1,227394_at,6,0.30354044
ARHGAP24,230802_at,6,0.4109711
EIF5B,201024_x_at,6,0.6318099
ANAPC5,200098_s_at,6,0.7391352
ANKRD11,238538_at,6,0.6271221
THSD4,226506_at,6,0.2583728
PNISR,212176_at,6,0.7446073
PLXDC2,226865_at,6,0.3717264
PPM1A,203966_s_at,6,0.65641135
FUS,200959_at,6,0.71775293
MARCHF6,201736_s_at,6,0.69077224
SIK3,213034_at,6,0.575103
LDLR,202068_s_at,6,0.50352997
TTC17,224849_at,6,0.59062403
ZNF704,223366_at,6,0.282345
SP100,202864_s_at,6,0.6529233
NADK,208919_s_at,6,0.62924755
ABHD2,225337_at,6,0.49854833
TNFRSF25,219423_x_at,6,0.356601
CHRM3,242488_at,6,0.1712461
CFTR,217026_at,6,0.111284286
EPS15L1,222113_s_at,6,0.42264813
SNX5,229980_s_at,6,0.7328385
TNRC6A,234734_s_at,6,0.5223442
TNRC6C,222820_at,6,0.36740825
SLC1A2,208389_s_at,6,0.19444916
FLT1,232809_s_at,6,0.42415005
SEC22C,225460_at,6,0.56069905
EMP1,201324_at,6,0.4052441
SCN8A,235969_at,6,0.16547406
MYNN,224206_x_at,6,0.49878126
LIG3,229861_at,6,0.46488735
TTN,208195_at,6,0.32319832
EPHB2,210651_s_at,6,0.30746287
ERC1,226049_at,6,0.4464553
MTAP,231984_at,6,0.31238535
MTHFSD,218879_s_at,6,0.31615278
EPOR,396_f_at,6,0.42691025
ZXDC,225964_at,6,0.49002454
GPATCH2,219078_at,6,0.40183043
ANTXR1,227660_at,6,0.24999982
CEP89,1560599_a_at,6,0.2599669
CEP41,225484_at,6,0.4297643
TPM1,210987_x_at,6,0.44312432
CEP152,239413_at,6,0.49739
MYH14,219946_x_at,6,0.21604508
GPLD1,215554_at,6,0.25885436
ERAP1,209788_s_at,6,0.5172422
EPB41L4B,220161_s_at,6,0.22554146
TNPO2,221506_s_at,5,0.53331745
MECOM,221884_at,5,0.14928013
ZNRF1,223382_s_at,5,0.48466334
ZSCAN30,228125_at,5,0.36733058
SEC14L2,232894_at,5,0.24410497
MED23,218846_at,5,0.54078364
ABCC9,1557374_at,5,0.16720387
MEAK7,236078_at,5,0.20377101
KIDINS220,212163_at,5,0.56880885
MTG2,226606_s_at,5,0.3467597
MTF2,203345_s_at,5,0.61835164
ERBB3,1563253_s_at,5,0.24015544
EPB41,225051_at,5,0.72243875
FOSL2,225262_at,5,0.53383857
SLC16A1,202236_s_at,5,0.4043412
TNXB,217413_s_at,5,0.22145817
KIF6,1556233_s_at,5,0.21750635
MCM4,222036_s_at,5,0.59073395
FNIP1,228768_at,5,0.569914
SLC12A4,209402_s_at,5,0.2579254
SLC22A7,1555553_a_at,5,0.2255697
KDM6B,41386_i_at,5,0.5232498
TOX4,201684_s_at,5,0.5197385
KLF6,1555832_s_at,5,0.7919643
TMPO,224944_at,5,0.71320754
SDCCAG8,227785_at,5,0.41120118
EP400,212375_at,5,0.44942468
EPS8L1,218778_x_at,5,0.2835329
EPPK1,208156_x_at,5,0.20250036
ANKRD44,226641_at,5,0.55383074
SNX24,222716_s_at,5,0.24318036
ERAP2,227462_at,5,0.5327385
MTHFR,226929_at,5,0.45167974
ABCC3,239217_x_at,5,0.21855529
ABLIM2,1567622_at,5,0.23335187
MCPH1,228778_at,5,0.4184192
MDM4,225740_x_at,5,0.7374328
CEP70,224150_s_at,5,0.3973156
CEP68,212675_s_at,5,0.5737079
MTO1,233665_x_at,5,0.535382
LOC283788,228247_at,5,0.41139483
ZNF160,214715_x_at,5,0.6870087
MTDH,212251_at,5,0.760418
MSRB3,225782_at,5,0.3853715
KDM5B,211202_s_at,5,0.5556464
KDM5A,202040_s_at,5,0.6515299
PSMG4,228217_s_at,5,0.563314
KLHDC10,210111_s_at,5,0.5525522
KLF9,203542_s_at,5,0.51517504
KLF7,204334_at,5,0.5386077
KLHL24,221986_s_at,5,0.56273806
KLHL22,49329_at,5,0.40473837
CEP57,203494_s_at,5,0.62501067
CEP43,214124_x_at,5,0.48910725
CEP128,244033_at,5,0.33479613
KCNJ15,210119_at,5,0.25281614
CIMAP1B,238327_at,5,0.40212542
TMEM63A,228549_at,5,0.48709974
CIRBP,200810_s_at,5,0.7867287
MVB12B,52975_at,5,0.38351446
EPHA4,229374_at,5,0.2259157
GPALPP1,223606_x_at,5,0.4574588
SON,226465_s_at,5,0.7893655
ANKS1B,227440_at,5,0.12364267
SNX19,202358_s_at,5,0.38518554
SORBS1,207436_x_at,5,0.5657641
GOLGA8A,208798_x_at,5,0.5956676
KCTD15,222668_at,5,0.36297804
PTBP3,224617_at,5,0.7233909
SLC25A36,201919_at,5,0.6884662
MCM3AP,212269_s_at,5,0.53037596
AP1S3,1555733_s_at,5,0.2380268
GOPC,225022_at,5,0.47001472
MUC4,235055_x_at,5,0.27853474
MCTP2,229021_at,5,0.49732715
MEIOC,1566480_x_at,5,0.24834149
TRAF3IP2-AS1,243553_x_at,5,0.32965276
TPM3,222976_s_at,5,0.82405394
TPD52,201690_s_at,5,0.5393041
TPCN2,242554_at,5,0.35995978
KLHL5,232297_at,5,0.4705947
TMEM33,225492_at,5,0.5607419
TRA2A,204658_at,5,0.65836555
KLK4,1555737_a_at,5,0.28106
CLCN5,226274_at,5,0.3147033
CLCN4,214769_at,5,0.2205124
TMEM50B,225182_at,5,0.5827331
TPR,201730_s_at,5,0.6786009
CEACAM1,209498_at,5,0.39774367
CELF4,223653_x_at,5,0.13608654
GPATCH4,224634_at,5,0.47792944
ENOX2,32042_at,5,0.3225823
SOD2,215223_s_at,5,0.663549
AP5M1,218139_s_at,5,0.56597835
ZNF131,221842_s_at,5,0.6085661
CDS2,228456_s_at,5,0.592364
TRAK1,214924_s_at,5,0.5661368
PROM2,1562378_s_at,5,0.31455287
TPT1-AS1,227710_s_at,5,0.30840084
TPT1,212869_x_at,5,0.94118136
MESD,224675_at,5,0.5805416
ZNF827,243618_s_at,5,0.5230942
SOS1,212780_at,5,0.5094739
MYOZ3,1553070_a_at,5,0.19226167
ENSA,202596_at,5,0.7454313
MRTFA,212748_at,5,0.5145075
MRS2,218538_s_at,5,0.41633603
ANKHD1,208773_s_at,5,0.641127
SNX13,227031_at,5,0.40886247
KCNAB1,210471_s_at,5,0.22575483
KCNIP3,1555694_a_at,5,0.18565492
CLN8,219340_s_at,5,0.39587253
PTP4A1,200732_s_at,5,0.68909454
PTPRC,212588_at,5,0.7500275
CLIC5,219866_at,5,0.23684368
KRAS,204009_s_at,5,0.6723626
PTPN21,222092_at,5,0.11967484
KANSL1L,239682_at,5,0.33920375
CDKN1C,213348_at,5,0.4252405
KANK1,213005_s_at,5,0.36487684
ZNF814,60794_f_at,5,0.3206005
MYO10,1554026_a_at,5,0.23716858
MYO5A,227761_at,5,0.53722644
SP110,208012_x_at,5,0.6223087
SNRPN,201522_x_at,5,0.65994924
SNX29,225624_at,5,0.48484597
SDK2,242064_at,5,0.3995217
MYCN,209757_s_at,5,0.3219137
MYL12A,201318_s_at,5,0.81258744
MYLK3,1562411_at,5,0.21556425
MYLK,224823_at,5,0.37129733
MBNL2,203640_at,5,0.50034857
SLC25A27,1554161_at,5,0.13520166
FRAS1,220910_at,5,0.16683891
KAT6B,212462_at,5,0.60187644
PRKCA,213093_at,5,0.41917923
PRKAR2A,204842_x_at,5,0.6393177
KREMEN1,227250_at,5,0.20119256
MRPS22,219220_x_at,5,0.6064839
ANKRD13C,223418_x_at,5,0.41333053
SCML4,1569225_a_at,5,0.312985
ZMAT3,228315_at,5,0.5326975
API5,201687_s_at,5,0.5841296
PRKD3,218236_s_at,5,0.5300634
KPNA4,225268_at,5,0.65578824
PVT1,1558290_a_at,5,0.5697568
PTPRN2,203029_s_at,5,0.24944457
SLC11A2,203124_s_at,5,0.465184
ZNF780B,242969_at,5,0.26363394
ABTB1,229164_s_at,5,0.5244586
EMC1,212396_s_at,5,0.39292306
ZFYVE16,203651_at,5,0.43259346
AQP4,210906_x_at,5,0.109271765
APOE,212884_x_at,5,0.43702814
ZNF24,203247_s_at,5,0.61728686
ZNF8,227508_at,5,0.3930618
FHL1,201540_at,5,0.6026637
TRIM13,203659_s_at,5,0.587681
TRIM38,235084_x_at,5,0.5885523
CDC42,208728_s_at,5,0.7031548
PRKAA2,238489_at,5,0.23357639
PRKAA1,209799_at,5,0.5001986
PRIM2,205628_at,5,0.35479856
CDC42SE1,218157_x_at,5,0.7018732
PUS7L,238565_at,5,0.37482294
CD58,205173_x_at,5,0.6487073
PRDM2,203057_s_at,5,0.6673025
PWWP2A,226720_at,5,0.50785756
NADSYN1,232946_s_at,5,0.5814375
SAR1B,226742_at,5,0.5359316
APC,203525_s_at,5,0.4321528
ELOA,202818_s_at,5,0.5141468
ELMOD2,226502_at,5,0.44407207
PURB,225120_at,5,0.56426835
PURA,204020_at,5,0.54364705
TMEM107,239824_s_at,5,0.4456285
JAK1,201648_at,5,0.6967859
JAG1,209099_x_at,5,0.38402393
CDC14A,205288_at,5,0.36563474
PRKAG2,222582_at,5,0.41516718
PRDM15,230777_s_at,5,0.43413645
TMED4,224680_at,5,0.53786606
SBF1,39835_at,5,0.5238282
SEC63,201916_s_at,5,0.67046994
MZF1,40569_at,5,0.54170054
NAALAD2,233815_at,5,0.13262008
SP3,238035_at,5,0.67170495
SAV1,234491_s_at,5,0.447876
SCAF4,222310_at,5,0.50911546
CNOT6L,226153_s_at,5,0.6771189
CNOT4,203291_at,5,0.43523514
CDC42BPA,214464_at,5,0.2922758
MEX3C,218247_s_at,5,0.68309337
MBD1,203353_s_at,5,0.62182605
SLC2A13,227176_at,5,0.26538113
SKIL,225227_at,5,0.514067
SKIC8,221532_s_at,5,0.63153327
FGF14,233185_at,5,0.22304235
ANK3,209442_x_at,5,0.25970152
GNB5,204000_at,5,0.46930653
SBNO1,230407_at,5,0.4913009
FGD6,219901_at,5,0.2198885
CD36,209555_s_at,5,0.4567359
CDC20B,1564674_a_at,5,0.18082725
CD59,200985_s_at,5,0.55458105
COBLL1,203642_s_at,5,0.37300876
TMC5,219580_s_at,5,0.23019232
ZNF782,228156_at,5,0.48183212
PPP3CC,32541_at,5,0.53197557
ITGBL1,1557080_s_at,5,0.20424742
SLC30A5,218989_x_at,5,0.48876965
ACOX1,227962_at,5,0.37675074
ZNF775,225909_at,5,0.4494966
ZNF771,219781_s_at,5,0.21508504
ITPKB,203723_at,5,0.44687244
QPRT,242414_at,5,0.42720485
COL1A1,217430_x_at,5,0.31986225
ITGB8,211488_s_at,5,0.1981775
ITGB4,204990_s_at,5,0.21143824
COL27A1,225293_at,5,0.28848147
GPRIN3,240173_at,5,0.28232154
ZEB1,208078_s_at,5,0.60057384
ANKRD10,223251_s_at,5,0.67636234
TRIQK,225603_s_at,5,0.37520245
SLC29A2,204717_s_at,5,0.2477876
ITFG1,1556151_at,5,0.5655119
PPP2R1B,202883_s_at,5,0.4449226
LAMA4,216081_at,5,0.26540828
TRPM7,223324_s_at,5,0.41164696
CCPG1,221156_x_at,5,0.44727865
TM2D1,213883_s_at,5,0.57803357
RAB30,228003_at,5,0.34628108
COL12A1,234951_s_at,5,0.1907439
ARHGAP27,225618_at,5,0.54428935
NBN,202907_s_at,5,0.58003235
NCBP3,218896_s_at,5,0.4805119
NCAPH2,205086_s_at,5,0.42392936
NAPEPLD,238722_x_at,5,0.31264263
NAP1L4,201414_s_at,5,0.5388146
SPAG9,212470_at,5,0.52780235
TM9SF3,222399_s_at,5,0.6539708
PPP1R12B,201957_at,5,0.35424888
ACSS1,224882_at,5,0.52054393
METTL6,1553689_s_at,5,0.30999222
ZNF75D,213659_at,5,0.34104565
FCRL5,224406_s_at,5,0.30821744
SIKE1,228026_at,5,0.45632917
CCNG2,202769_at,5,0.70134944
TRUB1,226339_at,5,0.48647848
COMT,208818_s_at,5,0.6238986
IRF2BP2,224569_s_at,5,0.817169
ARHGAP5,233849_s_at,5,0.39996305
ARHGAP35,229394_s_at,5,0.5166577
GNAQ,202615_at,5,0.65042937
NAV3,1552658_a_at,5,0.16191973
RAB11FIP4,225739_at,5,0.39439142
TM4SF1,209386_at,5,0.2352744
CCNY,224647_at,5,0.64651984
LARP4,212714_at,5,0.45618182
RAB3GAP2,202373_s_at,5,0.5767361
LDB3,216887_s_at,5,0.18483216
RAB28,227003_at,5,0.54499686
PPM1K,226773_at,5,0.5683333
LDLRAD4,207996_s_at,5,0.42784184
PPFIBP1,203735_x_at,5,0.4324468
MAX,209332_s_at,5,0.7231631
MAU2,227465_at,5,0.6046947
SEC16B,1555289_at,5,0.24558969
NCS1,230146_s_at,5,0.22728054
ARID5B,212614_at,5,0.5544751
EIF4EBP2,208770_s_at,5,0.5547964
EIF4E,201437_s_at,5,0.57497776
GRIA3,208032_s_at,5,0.13463214
FCRL2,1563674_at,5,0.39300078
TLE4,204872_at,5,0.6566269
RAB27A,209515_s_at,5,0.590681
TLE1,228284_at,5,0.53464234
RAB3B,205925_s_at,5,0.15101664
IPO5,211954_s_at,5,0.59928143
NDE1,227249_at,5,0.5799241
NDUFA10,217860_at,5,0.6311953
NCOR2,207760_s_at,5,0.6631875
NCOR1,200854_at,5,0.5425849
LPCAT4,40472_at,5,0.3752869
SEC62,208942_s_at,5,0.7500997
PPA2,220741_s_at,5,0.61183465
PPHLN1,225073_at,5,0.6668664
CCDC57,227783_at,5,0.42893964
CCDC50,225331_at,5,0.5054335
LEPROT,202377_at,5,0.6054245
TSPAN3,200972_at,5,0.667579
INSR,213792_s_at,5,0.45414168
CCDC40,220593_s_at,5,0.25106448
INTS4,233193_x_at,5,0.5471889
IQCA1,1562130_at,5,0.25056386
IPP,219843_at,5,0.26776004
ACTR3,213101_s_at,5,0.7942991
ZNF710,39891_at,5,0.41903782
ZNF709,242028_at,5,0.3780339
EHD1,209039_x_at,5,0.5869158
ZFAND5,210275_s_at,5,0.77213275
ZEB2,203603_s_at,5,0.52553886
EIF3M,202231_at,5,0.78632075
ZNF688,213527_s_at,5,0.43752316
TIMM23,225535_s_at,5,0.71284133
RAD1,204461_x_at,5,0.5709637
INIP,223559_s_at,5,0.55318534
CPD,201941_at,5,0.47125977
RABGAP1L,213982_s_at,5,0.5879978
RABEP1,225092_at,5,0.48437583
INTS11,217994_x_at,5,0.6095773
FYB1,211795_s_at,5,0.5766993
CCDC169,1570153_at,5,0.1723484
POLR2J4,216242_x_at,5,0.5963228
LIFR,229185_at,5,0.17638765
SPATA6L,1554707_at,5,0.21433815
SAMD14,1559995_at,5,0.26496056
SPDEF,214403_x_at,5,0.34935158
GRIN1,210782_x_at,5,0.29558405
LIMS1,212687_at,5,0.64417964
LIMD1,222762_x_at,5,0.5604984
RAB7A,211961_s_at,5,0.6096418
RALGAPA1,213049_at,5,0.51974946
THRA,1316_at,5,0.38260633
FBXW2,209630_s_at,5,0.5781342
MAPK1IP1L,212643_at,5,0.7860778
MASP1,210680_s_at,5,0.23845123
MFAP3L,1569300_at,5,0.2609474
SPN,206056_x_at,5,0.60519224
ETV1,217061_s_at,5,0.18719119
MRPL41,227186_s_at,5,0.61241025
AMBRA1,219141_s_at,5,0.44743806
ADAM12,204943_at,5,0.17730455
RALGPS2,227224_at,5,0.50681823
RALGPS1,1555452_at,5,0.36543342
CREBRF,225957_at,5,0.5569415
POLDIP3,212100_s_at,5,0.5891371
TUG1,222244_s_at,5,0.7010661
PNN,210183_x_at,5,0.7980997
TUSC3,209228_x_at,5,0.14343877
ILF3,211375_s_at,5,0.67003655
FCAR,207674_at,5,0.3311834
RANBP2,201713_s_at,5,0.64270926
RARB,205080_at,5,0.1980443
CRLS1,223978_s_at,5,0.516651
RARA,203749_s_at,5,0.49900433
NEK6,223158_s_at,5,0.42343584
EFCAB13,1553626_a_at,5,0.26833722
ZC3H7B,206169_x_at,5,0.4176224
NEDD9,202149_at,5,0.45142883
ARL10,228843_at,5,0.34730852
ARK2N,226406_at,5,0.5564862
ARIH2,227932_at,5,0.61227596
THBS1,201110_s_at,5,0.37489262
RALGAPA2,225499_at,5,0.45559606
RAP2A,225585_at,5,0.4956993
RASEF,1553185_at,5,0.67930865
TFPI,210664_s_at,5,0.30983636
CBFA2T2,207625_s_at,5,0.4369196
ESYT2,224698_at,5,0.6394628
NFATC2,226991_at,5,0.47649664
NFATC1,211105_s_at,5,0.4669193
ARMH1,238365_s_at,5,0.655863
NDUFS1,203039_s_at,5,0.5409074
NEK1,213328_at,5,0.4453136
ARMCX4,227444_at,5,0.31448415
TUT7,236155_at,5,0.5172283
PMS1,213677_s_at,5,0.547245
TGOLN2,212043_at,5,0.77441925
CRTAP,1555889_a_at,5,0.6373114
PLPBP,209384_at,5,0.55910206
CRYZL1,226151_x_at,5,0.49677473
TGFB2,228121_at,5,0.21385208
TFRC,208691_at,5,0.78614336
CSHL1,208293_x_at,5,0.20814504
IL1RN,212657_s_at,5,0.44551125
RAPGEF2,203097_s_at,5,0.658416
MARCKS,201669_s_at,5,0.5951495
MARCHF7,202653_s_at,5,0.67133206
ZBTB38,225512_at,5,0.4383176
SPTBN4,224297_s_at,5,0.31174204
RUBCN,212733_at,5,0.57945645
GTDC1,219770_at,5,0.41913792
SEMA6A,223449_at,5,0.23694639
GLP1R,208390_s_at,5,0.2630064
CASR,240886_at,5,0.19236481
CASZ1,220015_at,5,0.4525252
CBL,225231_at,5,0.5888277
TWF1,201745_at,5,0.5716215
CSMD1,1562330_s_at,5,0.20653825
CSPP1,227105_at,5,0.46410993
CSH1,208356_x_at,5,0.19258007
MRPL30,224971_at,5,0.59343934
ETV5,203348_s_at,5,0.33783227
GSK3B,226191_at,5,0.5475095
SPON1,209436_at,5,0.26914594
SPPL3,224639_at,5,0.51954305
CASC2,1564372_s_at,5,0.13729386
G2E3,223256_at,5,0.41925445
CSNK1E,202332_at,5,0.56263584
TXLNGY,223646_s_at,5,0.33986253
ADAMTS9-AS2,1562295_at,5,0.17324476
FBXO11,222119_s_at,5,0.6170657
CASP1,209970_x_at,5,0.5879862
CASK,211208_s_at,5,0.4166443
LINC00662,1558256_at,5,0.29933727
UBASH3B,238587_at,5,0.5172297
CANX,200068_s_at,5,0.75714886
SPTLC2,203127_s_at,5,0.632746
SPTAN1,215235_at,5,0.5472763
NFX1,202584_at,5,0.48891827
ETFBKMT,1563475_s_at,5,0.16577691
PLCE1,1566739_at,5,0.28029513
PKNOX1,221883_at,5,0.3485592
LINC00689,243261_at,5,0.31288376
TERF2,203611_at,5,0.536452
U2SURP,212058_at,5,0.6704186
CALHM6,229390_at,5,0.66598225
CALML4,64408_s_at,5,0.35046896
FBXL20,226842_at,5,0.51103413
MAP4K4,218181_s_at,5,0.56634736
MAPK8IP3,213178_s_at,5,0.63236415
MAPK8,226048_at,5,0.5166765
FBXO28,202272_s_at,5,0.50249034
FBXO22,225734_at,5,0.39374694
LINC00674,227567_at,5,0.52364594
PKP4,201928_at,5,0.4124036
CTDSPL,201906_s_at,5,0.32483932
EXOC5,225084_at,5,0.56307775
EZH1,32259_at,5,0.56875956
ZAN,224265_s_at,5,0.2558978
ASAP1,224791_at,5,0.62427074
ASAH1,213702_x_at,5,0.7482776
ZBTB44,226148_at,5,0.67977154
ZBTB43,227991_x_at,5,0.49450007
SPRING1,234983_at,5,0.50024456
CTSB,200839_s_at,5,0.6849649
IGF1R,225330_at,5,0.45180893
IGF1,211577_s_at,5,0.17128281
IGHM,209374_s_at,5,0.71829116
IGHD,213674_x_at,5,0.5143545
CAMK2D,225019_at,5,0.40082735
CAMK2B,34846_at,5,0.37885872
CALU,200757_s_at,5,0.4885328
UBE2D4,51774_s_at,5,0.4690821
PITPNC1,219155_at,5,0.53990495
GTPBP1,219357_at,5,0.59019536
GULP1,223837_at,5,0.17122196
NFIX,227400_at,5,0.34166443
EXOC7,212034_s_at,5,0.5965509
ALG13,222808_at,5,0.63039786
CTNNA1,210844_x_at,5,0.5832377
CTLA4,231794_at,5,0.2911603
UBE2I,213535_s_at,5,0.7232388
CACTIN,214892_x_at,5,0.4390815
CUX1,214743_at,5,0.6270018
GABRA2,207014_at,5,0.124820895
GAD2,206780_at,5,0.15435624
ADARB1,203865_s_at,5,0.35345358
GYPA,211821_x_at,5,0.38702893
RSU1,201980_s_at,5,0.58173746
SRGAP2,227649_s_at,5,0.4257333
DYNLRB1,217918_at,5,0.72352767
ASCL1,213768_s_at,5,0.15613224
ASMTL-AS1,244875_at,5,0.33988416
MAP2K7,226053_at,5,0.52892387
ADAMTS9,220287_at,5,0.22259869
FBLN1,207835_at,5,0.27110532
CADM4,229335_at,5,0.14559458
CADM2,1552752_a_at,5,0.2287605
CADM1,209030_s_at,5,0.29971117
UBE4B,202317_s_at,5,0.5284473
CTTN,201059_at,5,0.3133383
MPHOSPH9,221965_at,5,0.5194014
NIPBL,213918_s_at,5,0.6385406
NIPAL3,225876_at,5,0.37951073
YWHAZ,200639_s_at,5,0.81152266
NLRP1,210113_s_at,5,0.4146631
RBM48,221596_s_at,5,0.49963623
RBM47,222496_s_at,5,0.42724505
SHB,1557458_s_at,5,0.23202102
ADCY1,215348_at,5,0.18509261
FAS,204781_s_at,5,0.48541155
GALNT5,236129_at,5,0.18325153
CYB561,217200_x_at,5,0.41200304
PIGL,213889_at,5,0.34759828
GLIPR1,214085_x_at,5,0.6169255
RTF2,234926_s_at,5,0.623911
DYRK1A,209033_s_at,5,0.7681576
YTHDC1,212455_at,5,0.72947687
CACNA1G,211315_s_at,5,0.17941579
TCAIM,1555906_s_at,5,0.4045205
PICALM,212506_at,5,0.63628936
PHLDB2,225688_s_at,5,0.26122653
UBN2,225445_at,5,0.43535775
TCAF1,204403_x_at,5,0.60116684
CACNA1A,214933_at,5,0.3976993
UBE3C,201817_at,5,0.45800826
LINC00957,1564207_at,5,0.36423317
UBR4,211950_at,5,0.6503889
MIER3,228961_at,5,0.49953204
ZNF638,213775_x_at,5,0.5955884
RSBN1,222788_s_at,5,0.59103537
NOTCH2,202443_x_at,5,0.60145056
NPAS2,205459_s_at,5,0.20125417
ALDH6A1,221589_s_at,5,0.45004794
FAF1,224217_s_at,5,0.5583226
MGST1,224918_x_at,5,0.49680316
FARP1,201910_at,5,0.27009
TBX1,207662_at,5,0.20195451
PHF20,206567_s_at,5,0.55580145
REL,235242_at,5,0.6546433
RECQL5,221686_s_at,5,0.31400403
RECK,216153_x_at,5,0.5380209
ID4,209293_x_at,5,0.30228856
UBTF,225982_at,5,0.5561345
FARP2,225652_at,5,0.4190411
UCKL1,218533_s_at,5,0.5708756
PGM2L1,229553_at,5,0.4636871
PHC3,226508_at,5,0.6747754
CYP3A4,205998_x_at,5,0.3996032
ATG10,223677_at,5,0.31558195
ATP2A3,213036_x_at,5,0.7020066
ATF7,228829_at,5,0.42946663
SRP72,208801_at,5,0.7347859
PHF3,217952_x_at,5,0.6269005
PHTF2,209780_at,5,0.5491349
UNC5C,240958_at,5,0.14145567
TASOR2,218331_s_at,5,0.5465621
RERE,200940_s_at,5,0.5642008
TBC1D16,1554701_a_at,5,0.25126868
HYCC1,227239_at,5,0.47792625
CYP4A11,211231_x_at,5,0.19581804
C6orf89,225729_at,5,0.49049383
MIB2,226644_at,5,0.42311123
SH3BP2,209370_s_at,5,0.50051737
MORN1,213755_s_at,5,0.2824619
ALB,1568589_at,5,0.1501729
SRSF10,206095_s_at,5,0.69386005
SRRT,222047_s_at,5,0.76422995
DTYMK,1553984_s_at,5,0.51211655
DTX3,235721_at,5,0.31531742
SLC4A4,210739_x_at,5,0.27236602
UGGT1,231968_at,5,0.5907323
PHACTR2,227947_at,5,0.44715053
HUWE1,207783_x_at,5,0.8551091
PGAP1,220576_at,5,0.34154782
HSPD1,200807_s_at,5,0.794563
DAAM1,216060_s_at,5,0.46629536
PEX13,235093_at,5,0.4243655
PERP,222392_x_at,5,0.23729879
C1orf21,223125_s_at,5,0.31287965
PDLIM4,214174_s_at,5,0.27457032
PDK3,228959_at,5,0.53728175
TAGAP,229723_at,5,0.7073242
TAF9B,226037_s_at,5,0.4835868
TAF6L,213209_at,5,0.32473463
RRP12,216913_s_at,5,0.48576206
NPIPB3,211996_s_at,5,0.7705455
SEMA6D,220574_at,5,0.1825278
SEPTIN2,200015_s_at,5,0.7519627
GLCCI1,225706_at,5,0.5820932
LRRC8C,223533_at,5,0.5238438
LRRFIP2,218364_at,5,0.47855675
PECAM1,208982_at,5,0.6548622
DAZAP2,200794_x_at,5,0.8323768
USF3,227435_at,5,0.5637697
NR3C1,201865_x_at,5,0.73771816
SSH2,226080_at,5,0.53833896
DPH5,219590_x_at,5,0.55132854
RPUSD3,1555916_at,5,0.47919142
H3-3A,213828_x_at,5,0.8920523
GAS5,224741_x_at,5,0.8203011
MIPOL1,1570052_at,5,0.08324433
MAGIX,1563318_s_at,5,0.29795182
ADGRV1,223582_at,5,0.12566005
ZNF568,1568900_a_at,5,0.23457655
TAF8,229412_at,5,0.40440902
DCAF5,224703_at,5,0.5600621
USP25,220419_s_at,5,0.57262874
USP22,200083_at,5,0.6941028
USP31,227256_at,5,0.29051653
SEPSECS,227982_at,5,0.38266128
SSR1,200891_s_at,5,0.7778956
DCAF1,204377_s_at,5,0.43489456
USP36,227093_at,5,0.52014047
PDCD4,212593_s_at,5,0.69560665
PDE4A,204735_at,5,0.4582475
USP48,220079_s_at,5,0.67553246
USP47,221518_s_at,5,0.6142638
USP42,226176_s_at,5,0.5359924
C18orf54,229442_at,5,0.27536365
RHBDD1,233164_x_at,5,0.40284044
GATA4,230855_at,5,0.22413757
MINK1,214246_x_at,5,0.60918367
DCTN5,209232_s_at,5,0.4936287
PCDHGC3,211066_x_at,5,0.3872793
VAPA,208780_x_at,5,0.781797
DDX17,208718_at,5,0.79789495
DDX11,208159_x_at,5,0.5632095
NRF1,204651_at,5,0.44610837
HPS1,203308_x_at,5,0.5288305
PDCD6,203415_at,5,0.59373444
PCGF5,227935_s_at,5,0.64210564
PCNX2,229202_at,5,0.39481407
PDCD2,213581_at,5,0.56396097
PCMTD1,226119_at,5,0.56476694
BTF3L4,225976_at,5,0.5994629
BUB1,209642_at,5,0.35455894
VCAN,221731_x_at,5,0.5206089
BTRC,224471_s_at,5,0.3835927
DCLRE1C,219678_x_at,5,0.6855383
SYT7,231025_at,5,0.18821985
DDHD1,225971_at,5,0.46963924
HOOK3,226395_at,5,0.4571181
HOXB-AS3,230743_at,5,0.22735344
SLC6A15,239352_at,5,0.13529952
SFT2D1,225849_s_at,5,0.6477057
GAS7,202192_s_at,5,0.5483672
RPLP0,211720_x_at,5,0.8831148
AVPR1A,242680_at,5,0.16140148
LUZP1,1558173_a_at,5,0.5730032
ZNF397,228927_at,5,0.3408546
ZNF396,1554985_at,5,0.2450722
MAF,209348_s_at,5,0.35782677
SLC7A1,212295_s_at,5,0.5870098
RHOB,212099_at,5,0.6791412
RIMKLB,229344_x_at,5,0.55509996
SYNE2,202761_s_at,5,0.52083635
SYNE1,209447_at,5,0.4437465
SYN2,210247_at,5,0.25489897
FAHD2A,222056_s_at,5,0.501849
GIT2,204982_at,5,0.5737271
EZR,208623_s_at,5,0.71018547
NSMAF,203269_at,5,0.59224343
DPY19L1,212792_at,5,0.3226155
ST3GAL2,217650_x_at,5,0.45653468
RPL35A,225190_x_at,5,0.88359547
BTNL9,230992_at,5,0.3102338
PCDH7,210273_at,5,0.19475085
SF3B1,201071_x_at,5,0.808287
SEZ6L2,238406_x_at,5,0.33174813
SLC7A8,216092_s_at,5,0.28966838
SFTPC,38691_s_at,5,0.26194906
VASH1,203940_s_at,5,0.33274636
BTBD7,224945_at,5,0.44524503
PATL1,225466_at,5,0.53928876
PARVB,37965_at,5,0.4222858
WWOX,219077_s_at,5,0.45026845
NUB1,1569030_s_at,5,0.5881051
AVIL,233333_x_at,5,0.4059295
AKAP8L,218064_s_at,5,0.5352542
LSM14B,219653_at,5,0.35564762
FAM13A,202973_x_at,5,0.42290473
SYDE1,44702_at,5,0.36525324
VPS13D,212323_s_at,5,0.42779654
SLC9A7,226550_at,5,0.5072057
LYRM2,227712_at,5,0.553123
RIN3,60471_at,5,0.6123533
HNRNPA1,200016_x_at,5,0.8807803
PARD3B,1553190_s_at,5,0.23698923
RIT1,209882_at,5,0.5093299
HMGB1,200680_x_at,5,0.8475067
RIOK3,202130_at,5,0.7519643
SFPQ,214016_s_at,5,0.77316725
GDF11,216860_s_at,5,0.34792185
DENND5B,228551_at,5,0.34832326
VPS35,217727_x_at,5,0.6769254
PAIP1,209063_x_at,5,0.5945384
RPL13A,210646_x_at,5,0.9396593
RPL31,200963_x_at,5,0.9442802
RPL3,201217_x_at,5,0.91647303
NUMA1,200747_s_at,5,0.59799546
ST8SIA4,230836_at,5,0.4003317
ST7L,230079_at,5,0.37216428
STAM2,209649_at,5,0.42426634
PALM2AKAP2,226694_at,5,0.632706
PAPOLG,222839_s_at,5,0.4682406
BPTF,207186_s_at,5,0.6445145
BLVRA,211729_x_at,5,0.5554467
BLTP3B,213118_at,5,0.47465962
VSIG10,226485_at,5,0.35168827
SUGP2,214092_x_at,5,0.63307285
MMP28,224207_x_at,5,0.24851704
MOBP,207659_s_at,5,0.22222714
NUP210,213947_s_at,5,0.55101675
DOCK1,203187_at,5,0.25862232
HLA-DOA,226878_at,5,0.5330606
SUPT20H,226330_s_at,5,0.5623981
SUN1,212074_at,5,0.5901756
DENR,231896_s_at,5,0.69044113
SETD5,221806_s_at,5,0.60108376
AGFG1,218091_at,5,0.61063594
MLX,213708_s_at,5,0.5722545
RPL22,221775_x_at,5,0.8644869
LNPEP,225176_at,5,0.6045864
GIMAP1,1552316_a_at,5,0.3929833
GIGYF2,212261_at,5,0.467109
ZNF451,1556060_a_at,5,0.5795208
SLF2,203481_at,5,0.40761346
DGKH,227415_at,5,0.30835417
DGKE,238694_at,5,0.38169214
SUGT1,223329_x_at,5,0.6676382
STYXL1,232353_s_at,5,0.5196518
HM13,232209_x_at,5,0.456348
DESI2,212371_at,5,0.5513091
BMPR1A,213578_at,5,0.21699221
VWA1,228651_at,5,0.17615089
OXR1,222553_x_at,5,0.49745142
BIVM,222761_at,5,0.3851428
VWA3B,1555298_a_at,5,0.19382663
BMPR2,225144_at,5,0.3862153
HIC2,212964_at,5,0.51163363
HIVEP3,235122_at,5,0.34274742
SMAD5,225219_at,5,0.44960076
SMAD4,235725_at,5,0.50734127
GGCX,214005_at,5,0.5398097
GGA1,50277_at,5,0.6692671
LMO4,209205_s_at,5,0.5537125
SMCR8,227305_s_at,5,0.68008065
HBA1,211745_x_at,5,0.8584787
DNAJC4,228622_s_at,5,0.6050659
STAT5B,212549_at,5,0.606196
STK24,208855_s_at,5,0.77119684
MMAA,236347_at,5,0.32026958
DIDO1,218325_s_at,5,0.5109908
HGSNAT,218017_s_at,5,0.5029817
HINT1,1555961_a_at,5,0.8204089
FAM162A,223193_x_at,5,0.6574433
ROCK1,213044_at,5,0.7394327
RPE,225040_s_at,5,0.41657776
STK38,202951_at,5,0.60376865
STK35,225649_s_at,5,0.6345143
BBS9,37549_g_at,5,0.35608873
DNAJC10,225174_at,5,0.6003926
BAIAP2-DT,1566558_x_at,5,0.3209821
BAHCC1,1559048_at,5,0.40111956
LINC02591,232346_at,5,0.29227576
BIN1,210201_x_at,5,0.56965387
DLC1,210762_s_at,5,0.28694868
DKK3,214247_s_at,5,0.16048564
RNF187,212155_at,5,0.5984913
OSBPL10,219073_s_at,5,0.36710835
AHI1,221569_at,5,0.42900947
ZNF503-AS2,237044_s_at,5,0.19859052
BCAS4,239278_at,5,0.39009032
DNAI4,1559576_at,5,0.18610407
FAM124A,1553239_at,5,0.23627709
DISC1,206090_s_at,5,0.35323426
DIS3,222607_s_at,5,0.53748477
STX6,212799_at,5,0.4770797
STXBP4,1554329_x_at,5,0.19365631
HGF,209961_s_at,5,0.32838184
WDR1,200609_s_at,5,0.7357533
ONECUT2,207676_at,5,0.16502257
OR2H1,1556986_at,5,0.14670627
AGO2,225569_at,5,0.5605685
ZNF496,225335_at,5,0.4500162
AHNAK,211986_at,5,0.60653824
STX17,222708_s_at,5,0.43988514
MMP16,207013_s_at,5,0.20598231
SMIM14,227052_at,5,0.4975453
WIPI2,202031_s_at,5,0.6520729
BACH1,204194_at,5,0.637259
HDLBP,221767_x_at,5,0.6390787
HELQ,1554342_s_at,5,0.44683057
HELLS,227350_at,5,0.47461882
DIO2,231240_at,5,0.2525908
RNF17,221033_s_at,5,0.15021564
OGA,200899_s_at,5,0.65112084
LINS1,228348_at,5,0.4899338
RO60,212852_s_at,5,0.70381004
HDAC9,205659_at,5,0.41999397
RNF207,1555870_at,5,0.26215023
STRBP,223245_at,5,0.5686675
HEATR1,218595_s_at,5,0.49922022
AKAP12,210517_s_at,5,0.31262928
LUC7L,223295_s_at,5,0.6044967
DLGAP4,233056_x_at,5,0.5334933
WDR26,218107_at,5,0.66474444
BCL11A,222891_s_at,5,0.59185576
BCL2L13,217955_at,5,0.48041335
OCIAD1,223011_s_at,5,0.7274341
DNAH3,220725_x_at,5,0.5093355
GNL1,228857_at,5,0.4450834
LOC389834,226558_at,5,0.40705535
CHAF1A,214426_x_at,5,0.5165234
MED16,43544_at,5,0.5285123
MED13L,212209_at,5,0.649978
TNS1,221748_s_at,5,0.44336098
TNK2,203839_s_at,5,0.52251923
SLC1A4,212811_x_at,5,0.47705507
SLC16A7,207057_at,5,0.43273947
PSIP1,209337_at,4,0.6830234
ABCC13,233371_at,4,0.25174457
FLOT1,210142_x_at,4,0.6558339
FMO5,205776_at,4,0.28086683
KLC1,213656_s_at,4,0.6669455
KIZ,228291_s_at,4,0.57977927
KITLG,226534_at,4,0.19367431
KIAA2026,228446_at,4,0.4757513
MTHFD1L,225520_at,4,0.45439258
MTERF4,1557965_at,4,0.517879
ERBB4,206794_at,4,0.17951919
ERCC6L2-AS1,227893_at,4,0.32215202
CHD7,226123_at,4,0.59424746
CHD6,225026_at,4,0.4211287
SLC22A23,223194_s_at,4,0.28292793
SLC25A16,210686_x_at,4,0.60942787
FNBP4,212232_at,4,0.6748022
FNBP1,212288_at,4,0.69196475
PSMF1,201052_s_at,4,0.62775266
CFL1,200021_at,4,0.8568264
MLXIP,225157_at,4,0.611917
MMP24OS,78047_s_at,4,0.5461598
LUC7L2,220099_s_at,4,0.6276674
DMD,203881_s_at,4,0.2461225
OGFR,202841_x_at,4,0.47834587
BCL2L1,212312_at,4,0.5250823
BCL2,203685_at,4,0.51591724
WDR59,218505_at,4,0.51471066
OCLN,227492_at,4,0.41430548
LIPJ,238634_x_at,4,0.1690407
OBSCN,229854_at,4,0.3008191
WDR72,1563874_at,4,0.17240855
BBLN,41047_at,4,0.670032
SEC14L1,202084_s_at,4,0.6025176
GOLGA2,225672_at,4,0.4797599
SNX25,227408_s_at,4,0.33788368
LINC02981,240194_at,4,0.19689359
BCL6,203140_at,4,0.6623389
DLL3,230568_x_at,4,0.19714734
DIMT1,204405_x_at,4,0.6349186
WIPF1,202664_at,4,0.68755215
ODF2L,228577_x_at,4,0.3437265
DNAH14,242283_at,4,0.24114685
HEMK1,52159_at,4,0.4523851
HELZ2,232787_at,4,0.32976395
RNF24,204669_s_at,4,0.556524
BCOR,223566_s_at,4,0.5008691
WIPF3,229849_at,4,0.1706506
WIPF2,212050_at,4,0.53346705
GFPT1,226886_at,4,0.45296267
AKAP10,236007_at,4,0.52738917
AKAP1,201675_at,4,0.48028046
STXBP6,220995_at,4,0.2325789
STX16,221500_s_at,4,0.7014104
DLG3,212729_at,4,0.30718863
BCORL1,219444_at,4,0.44751254
BCL6B,228311_at,4,0.27061066
SMARCC1,201074_at,4,0.64864296
FAM149B1,213463_s_at,4,0.35748792
SMC3,209257_s_at,4,0.6470932
HECTD2,227568_at,4,0.3160968
STOX2,226822_at,4,0.22588801
STON2,227461_at,4,0.29022884
WRNIP1,222489_s_at,4,0.6032103
BACE1,222462_s_at,4,0.3285846
WNT2B,236123_at,4,0.20792128
RNGTT,204207_s_at,4,0.44752157
RNF7,224439_x_at,4,0.6461498
FAM120AOS,225395_s_at,4,0.5306738
SMARCE1,211988_at,4,0.72996825
FAM153B,214945_at,4,0.2780961
DIS3L2,238602_at,4,0.3922523
STX7,212631_at,4,0.51030886
RNF216,227065_at,4,0.5116379
HGD,214308_s_at,4,0.20997876
WDFY3,212602_at,4,0.33126476
WDFY2,228159_at,4,0.5602123
OGFOD1,225110_at,4,0.52108055
OPA1,212213_x_at,4,0.543237
DLGAP2,1554978_at,4,0.16873646
AGO1,218287_s_at,4,0.48498708
MMP14,160020_at,4,0.4274325
WDR48,221735_at,4,0.54134464
STS,203769_s_at,4,0.3047262
AGPS,225114_at,4,0.48923907
AIF1,215051_x_at,4,0.71374285
SMAD3,218284_at,4,0.42595768
SMC1A,201589_at,4,0.6381767
BCAT1,225285_at,4,0.5183337
BAZ1B,208445_s_at,4,0.5203351
WHAMMP3,213908_at,4,0.42231286
DNAJB12,202866_at,4,0.49295747
DNAJA4,225061_at,4,0.42507362
STK32A,229866_at,4,0.17830448
AK4,225342_at,4,0.298986
AKIRIN1,222459_at,4,0.6126489
AHCYL1,200850_s_at,4,0.64734966
AJUBA,225806_at,4,0.19622885
AJAP1,215149_at,4,0.16678643
AGRN,212285_s_at,4,0.32768422
BICD2,213154_s_at,4,0.59541255
SUFU,224203_at,4,0.28863397
DHX36,223139_s_at,4,0.6300738
DIPK2B,241381_at,4,0.17729902
BIRC5,202095_s_at,4,0.45843518
OR4M2-OT1,1564856_s_at,4,0.18117708
LINC02693,1557346_a_at,4,0.22318667
LINC02806,1562674_at,4,0.26758385
OSBPL8,212585_at,4,0.655557
BHLHE41,231242_at,4,0.24374038
RNF141,226106_at,4,0.6002626
HEXA,201765_s_at,4,0.5699849
OSTM1,218196_at,4,0.43050334
OSGIN2,1554414_a_at,4,0.35540074
AGTPBP1,204500_s_at,4,0.60806173
ZNF493,240155_x_at,4,0.53340185
HHIP,1556037_s_at,4,0.22793597
DHFR,202534_x_at,4,0.6329226
RNF150,227657_at,4,0.17748855
HIP1,226364_at,4,0.3804148
RNF144B,228153_at,4,0.479088
FAM161A,242584_at,4,0.31038967
ROPN1,231535_x_at,4,0.16795826
HBEGF,203821_at,4,0.4878041
BAIAP2L1,222676_at,4,0.21101263
BAIAP2,205294_at,4,0.24790427
BAZ2A,201353_s_at,4,0.49654132
NUP62,202153_s_at,4,0.5952162
WAPL,212267_at,4,0.59631664
OTUD4,203480_s_at,4,0.66884524
OTUB2,219369_s_at,4,0.13663287
WASL,224813_at,4,0.425224
NXPE3,243606_at,4,0.3808127
LLGL1,236594_at,4,0.3804874
LMO7,241140_at,4,0.20994179
DNAJC3,225284_at,4,0.595748
DNAJC27,227859_at,4,0.3772282
HBB,211696_x_at,4,0.8338744
HAVCR2,1554285_at,4,0.28062937
STAU1,207320_x_at,4,0.6987329
RPL10,200725_x_at,4,0.8765177
SERPINB6,211474_s_at,4,0.5105021
LYPLA2,202292_x_at,4,0.4998684
AGO4,227930_at,4,0.6107844
AGO3,219426_at,4,0.41257563
DIAPH3,229097_at,4,0.36894482
DIAPH1,209190_s_at,4,0.6588995
HIPK1,212293_at,4,0.65978587
PAFAH1B1,200815_s_at,4,0.59169495
DERL3,228897_at,4,0.37090203
DERL1,222543_at,4,0.6302905
HLA-DQA1,212671_s_at,4,0.5866418
RNASEH2B,229210_at,4,0.47762078
RNASEH1,218496_at,4,0.5742813
OTUD7A,1560399_a_at,4,0.21693668
P2RX2,221372_s_at,4,0.18834086
BLCAP,201032_at,4,0.5664625
BMP7,211260_at,4,0.28830582
PABIR3,239047_at,4,0.3458565
PACS2,1555823_at,4,0.5296308
BMS1P1,239151_at,4,0.41650966
DHRS7,210788_s_at,4,0.6203084
SMARCA1,203873_at,4,0.16942415
NUP58,241425_at,4,0.5272433
SERP1,200971_s_at,4,0.80035466
ZNF44,215359_x_at,4,0.55327064
SLMAP,225243_s_at,4,0.52125514
SERTAD4,233907_s_at,4,0.13372141
SMAD6,209886_s_at,4,0.1932585
RMND5A,230588_s_at,4,0.63620454
STYX,228853_at,4,0.5296805
SULT1C2,211470_s_at,4,0.11730624
HKDC1,237323_at,4,0.14428277
HIPK3,226297_at,4,0.7251736
DGCR8,218650_at,4,0.4623993
PALLD,200897_s_at,4,0.30289847
VTA1,224437_s_at,4,0.5566144
WASH3P,226340_x_at,4,0.7108056
PACRGL,235260_s_at,4,0.36489052
PAH,242375_x_at,4,0.15139416
HLA-G,211528_x_at,4,0.8023797
SUN5,242668_x_at,4,0.36590463
HLA-DRB4,208306_x_at,4,0.7910224
AGGF1,222661_at,4,0.52707845
ZNF506,221626_at,4,0.41102988
MKI67,212021_s_at,4,0.41827223
LYST,203518_at,4,0.56434953
RPL23A,208834_x_at,4,0.9605807
HAUS2,220071_x_at,4,0.68098575
LMO3,204424_s_at,4,0.15452309
WIZ,52005_at,4,0.3790561
LMLN,244881_at,4,0.33175868
BAGE,207712_at,4,0.17908227
FAM117B,226431_at,4,0.49553362
GGNBP2,233936_s_at,4,0.6157876
SERPINA1,211429_s_at,4,0.5893258
VPS50,226031_at,4,0.45780465
BLZF1,203840_at,4,0.35463715
MOB3B,226844_at,4,0.356131
NUFIP2,224958_at,4,0.5826313
WWP2,204022_at,4,0.4838759
BAG6,210208_x_at,4,0.7371096
HAPLN1,230204_at,4,0.19985254
DNHD1,229631_at,4,0.34360108
RPL5,213080_x_at,4,0.9152317
RPL37,200092_s_at,4,0.9108861
STK17B,226525_at,4,0.72006524
HBS1L,209316_s_at,4,0.5856796
RPL17,200038_s_at,4,0.8872256
RPL15,221475_s_at,4,0.89599884
HLA-C,216526_x_at,4,0.8618628
HMCN2,241650_x_at,4,0.25242737
RPL14,213588_x_at,4,0.86352855
B4GALT6,235333_at,4,0.45189506
WNT6,71933_at,4,0.31591728
NUMB,209073_s_at,4,0.46196604
NSL1,209484_s_at,4,0.5771651
NT5E,203939_at,4,0.31997567
NT5DC1,223177_at,4,0.50491893
DOP1A,213271_s_at,4,0.43699276
STAT3,208991_at,4,0.6545012
BRCC3,229436_x_at,4,0.48430052
VSX1,224074_at,4,0.15762927
PAPPA2,211918_x_at,4,0.2876991
DEUP1,1558894_a_at,4,0.13635887
SUMO2,213881_x_at,4,0.83968157
HNRNPA3P1,211931_s_at,4,0.7639856
BRAF,226391_at,4,0.48225874
BTD,214116_at,4,0.35100874
BTBD9,235248_at,4,0.32873306
HNRNPA2B1,205292_s_at,4,0.81222945
DELE1,227056_at,4,0.5002965
DEPDC1,220295_x_at,4,0.31881058
BRD7,222737_s_at,4,0.6146963
PANX1,227107_at,4,0.4572306
PARD3,221526_x_at,4,0.28029588
SUPT6H,208420_x_at,4,0.48690674
HNRNPLL,225386_s_at,4,0.4589439
SFI1,36545_s_at,4,0.49034742
PAOX,238333_s_at,4,0.32883206
BRF1,203754_s_at,4,0.33412296
PAK1,226507_at,4,0.5234223
BRAP,213473_at,4,0.5253342
LINC02210,1553399_a_at,4,0.29581723
VCPIP1,1556228_a_at,4,0.38670075
VIL1,1554943_at,4,0.292994
VPS13C,218396_at,4,0.68725675
VPS13B,236254_at,4,0.57755804
VEZT,223090_x_at,4,0.544604
MMP11,203878_s_at,4,0.2905518
LYRM7,228841_at,4,0.53557855
MACC1,1559361_at,4,0.17881635
M1AP,234498_at,4,0.1731235
GBP1,202270_at,4,0.40726185
FAM20C,226722_at,4,0.26866594
FAM20A,242945_at,4,0.18025024
GEMIN2,211115_x_at,4,0.42870006
SVIP,226278_at,4,0.60032856
SVIL,202565_s_at,4,0.46200323
BTF3,211939_x_at,4,0.8457943
PARP10,229350_x_at,4,0.52783465
SV2C,1562372_at,4,0.16682172
DDX52,213637_at,4,0.49978882
DDX28,40255_at,4,0.45386842
SUZ12,212287_at,4,0.69643676
WWC2,1554762_a_at,4,0.2327982
AXIN2,222696_at,4,0.290384
B3GNT7,1555962_at,4,0.34001884
NUDT16,228341_at,4,0.3406745
DOCK8,232843_s_at,4,0.62455803
AK7,241326_at,4,0.22156501
MOSMO,230296_at,4,0.44555506
LTBR,203005_at,4,0.40742427
LTBP4,210628_x_at,4,0.30052495
MOB1A,214812_s_at,4,0.7231808
SYK,226068_at,4,0.6553407
BTN2A1,203944_x_at,4,0.5372757
PCDH9,219737_s_at,4,0.42410848
PCDH17,230537_at,4,0.3116442
PCDH10,228635_at,4,0.10781965
SYS1,224669_at,4,0.44482902
VEPH1,232122_s_at,4,0.1568002
RIMBP2,241771_at,4,0.23215398
SLC6A6,228754_at,4,0.5718634
SF3A1,201356_at,4,0.68084574
SLCO3A1,210542_s_at,4,0.35387108
AGAP4,221850_x_at,4,0.5206375
LZTFL1,218437_s_at,4,0.4754127
SFTPB,213936_x_at,4,0.42883056
FAM204A,222617_s_at,4,0.6012376
RIOX2,213188_s_at,4,0.43671858
HNRNPH3,208990_s_at,4,0.7288492
RIMKLA,235948_at,4,0.23695451
VEGFA,210512_s_at,4,0.45294175
VDR,204254_s_at,4,0.36239934
PAX3,207680_x_at,4,0.17069732
PBX2,202876_s_at,4,0.47992608
PBX1,212151_at,4,0.23846039
SEPTIN9,41220_at,4,0.7919941
SERPINB1,212268_at,4,0.7225273
B3GALNT2,226233_at,4,0.46177703
NSMCE4A,219067_s_at,4,0.58282113
NRP1,212298_at,4,0.13804594
ST6GALNAC4,220937_s_at,4,0.46438575
DPF3,219746_at,4,0.23967727
ST18,1557583_at,4,0.13591497
STAB1,38487_at,4,0.3911917
SYMPK,1554595_at,4,0.46520242
SFRP1,202037_s_at,4,0.23511092
SGCB,226112_at,4,0.2743823
RPP30,203436_at,4,0.53867
RPS16,226131_s_at,4,0.94257927
NTNG1,238133_at,4,0.1670138
NSD1,219084_at,4,0.40539026
NRXN3,215021_s_at,4,0.15699732
SERINC2,224762_at,4,0.22027968
SERF2,224625_x_at,4,0.816415
GINS4,240778_at,4,0.27015615
LSM8,219119_at,4,0.6216162
MOG,214650_x_at,4,0.261873
GJC1,208460_at,4,0.18964505
MIR9-1HG,222301_at,4,0.31681335
RICTOR,226312_at,4,0.6379261
RIC1,226222_at,4,0.50093514
ATRX,208859_s_at,4,0.6073737
ATP2C1,212255_s_at,4,0.5081701
NR2C1,204791_at,4,0.5341303
NREP,201310_s_at,4,0.6247919
USP6,206405_x_at,4,0.49338764
PCIF1,222044_at,4,0.5808525
UVSSA,233893_s_at,4,0.44477496
DDR2,227561_at,4,0.3110155
DDR1,210749_x_at,4,0.44295043
DDX3Y,205000_at,4,0.4820858
DDI2,225780_at,4,0.5187088
DCP2,212919_at,4,0.66131306
SYT9,1555053_at,4,0.18258381
DDX18,208895_s_at,4,0.6509084
LINC01949,217342_x_at,4,0.30256644
SFSWAP,202774_s_at,4,0.58952814
HPGD,203914_x_at,4,0.27924544
PCGF3,212753_at,4,0.56651217
PCGF2,203793_x_at,4,0.29757768
VANGL1,229997_at,4,0.3060121
HP1BP3,224591_at,4,0.7340336
SMG7,201794_s_at,4,0.56365716
SMURF2,205596_s_at,4,0.5894511
SMURF1,232665_x_at,4,0.58702314
ATXN7L1,227732_at,4,0.4495321
NSUN4,230023_at,4,0.41627797
XYLB,1569683_at,4,0.25944886
XRN1,225814_at,4,0.5873033
NR5A2,210174_at,4,0.16111295
RPS6KA5,204633_s_at,4,0.44059637
ATP6V1D,208899_x_at,4,0.5381576
ATXN1,203232_s_at,4,0.42313278
TACSTD2,202286_s_at,4,0.2974772
TACR1,208048_at,4,0.15461585
DCBLD2,213873_at,4,0.23695305
PDIA6,208638_at,4,0.7003635
SZT2,215364_s_at,4,0.4038994
GATAD1,213018_at,4,0.4563245
SFXN5,226373_at,4,0.40401283
SFXN4,225143_at,4,0.48556712
MACROD2,235278_at,4,0.3551616
MINDY2,226873_at,4,0.38842216
MALT1,210017_at,4,0.4639406
MALSU1,226385_s_at,4,0.66722244
ADH4,223781_x_at,4,0.3688609
ZNF555,1553286_at,4,0.31849635
TAB3,227357_at,4,0.5906349
RHOF,219045_at,4,0.551654
PDE3A,206388_at,4,0.17215028
PDGFB,216061_x_at,4,0.2585121
PDE8A,212522_at,4,0.45916188
LINC01588,1569274_at,4,0.2349636
DCT,205338_s_at,4,0.19241814
TACC2,1570025_at,4,0.16093472
HS2ST1,203285_s_at,4,0.43628758
HS1BP3,219020_at,4,0.40672162
HRH3,1555715_a_at,4,0.3624408
UTP25,204699_s_at,4,0.34423086
UTP23,227402_s_at,4,0.53493834
PDE12,231839_at,4,0.564314
PDE11A,221110_x_at,4,0.18100727
SZRD1,212004_at,4,0.5670089
SYTL3,238423_at,4,0.4022463
HS6ST3,232276_at,4,0.15719947
DRD2,206590_x_at,4,0.32908598
SSU72,223051_at,4,0.6426829
SSTR2,239031_at,4,0.27173626
ST3GAL6,210942_s_at,4,0.33003065
DSE,218854_at,4,0.415586
USP53,231817_at,4,0.3079799
USP15,210681_s_at,4,0.6448967
DCAF13,225676_s_at,4,0.61596715
DCAF10,222804_x_at,4,0.4591519
DCLK1,215303_at,4,0.1443439
GALNT10,212256_at,4,0.44423756
GALNT1,1568618_a_at,4,0.65228236
PDE4C,206792_x_at,4,0.7117853
USP46,203869_at,4,0.32823187
PDGFRA,203131_at,4,0.13328265
USP4,202682_s_at,4,0.66156834
MIEF1,204593_s_at,4,0.5111696
SLC5A3,213164_at,4,0.5345258
RGS6,210270_at,4,0.140833
TAF1,227205_at,4,0.53805804
DCAF15,91952_at,4,0.4391323
USP2,229337_at,4,0.1843463
USP32,226505_x_at,4,0.6090117
RPS6,201254_x_at,4,0.92865103
SSX2,215881_x_at,4,0.24177843
HACD3,222405_at,4,0.6091348
HABP4,233919_s_at,4,0.32238874
H6PD,226160_at,4,0.4269548
RPS10,211542_x_at,4,0.9263861
SERINC3,221472_at,4,0.60439044
SSPN,204963_at,4,0.16745715
DSC2,226817_at,4,0.31248674
H3-3B,211999_at,4,0.85978794
DBF4B,238508_at,4,0.30137253
HSD17B14,228713_s_at,4,0.26293522
HSD17B12,217869_at,4,0.6268674
HSP90B1,200599_s_at,4,0.7727699
HSP90AA1,214328_s_at,4,0.8483855
RGMB,226989_at,4,0.27534884
C2CD3,36552_at,4,0.4558069
PER1,36829_at,4,0.5832059
GAPVD1,212802_s_at,4,0.56744295
FAM83A,239586_at,4,0.3256909
FAM76B,226753_at,4,0.6077913
ZNF551,211721_s_at,4,0.3517241
ADH1B,209613_s_at,4,0.10599742
ADGRL3,209866_s_at,4,0.10411669
ZNF567,235648_at,4,0.44203192
RHBDL3,1553268_at,4,0.19637263
PDSS2,1555886_at,4,0.41165975
UQCRB,205849_s_at,4,0.8061863
PDS5A,212138_at,4,0.61726797
PDPN,226658_at,4,0.19485381
RHBDL2,219489_s_at,4,0.2971126
XKR6,243260_x_at,4,0.1743663
YBX3,201160_s_at,4,0.796824
SSH1,221752_at,4,0.45891228
RPS19,213414_s_at,4,0.9268938
RPS6KA6,220737_at,4,0.19802397
NPEPL1,89476_r_at,4,0.4400615
NPC1,202679_at,4,0.4424419
NPL,223405_at,4,0.42091113
SS18,202817_s_at,4,0.42344472
H2AJ,225245_x_at,4,0.5791767
SSR3,222411_s_at,4,0.63210094
XRCC4,205072_s_at,4,0.32142848
ATP5MG,208746_x_at,4,0.82014936
ATP6V1C1,202874_s_at,4,0.44859028
NPRL3,214273_x_at,4,0.48709837
ATP2B3,207026_s_at,4,0.13941418
SEPTIN7,213151_s_at,4,0.78974295
SEPTIN4,210348_at,4,0.13705543
SEPTIN11,201307_at,4,0.5146901
TANK,207616_s_at,4,0.57649255
UQCC1,217935_s_at,4,0.40848082
C2orf68,238768_at,4,0.4928678
PER3,221045_s_at,4,0.2262711
URI1,214173_x_at,4,0.64819366
DAGLB,226640_at,4,0.44640097
RGS3,203823_at,4,0.402456
SLC4A8,228175_at,4,0.30221522
SLC4A7,209884_s_at,4,0.39126024
TAX1BP3,209154_at,4,0.6198382
HTATIP2,209448_at,4,0.5406737
HSDL2,209513_s_at,4,0.46684197
HSPA9,200691_s_at,4,0.7019259
TAL1,206283_s_at,4,0.4257469
UPB1,224042_at,4,0.24341543
PFDN6,233588_x_at,4,0.470957
PEX5L,241833_at,4,0.11415758
HSPA8,221891_x_at,4,0.83122087
HSPA4,208815_x_at,4,0.6487259
RFX3,243868_at,4,0.34105903
TAP2,225973_at,4,0.53384656
PDZD8,213549_at,4,0.5595076
DAPP1,219290_x_at,4,0.61866105
FANCM,242711_x_at,4,0.32926202
UMPS,215165_x_at,4,0.42098686
ULK4,231149_s_at,4,0.3300406
ULK2,204062_s_at,4,0.28291485
TBC1D1,212350_at,4,0.60718155
REXO2,218194_at,4,0.6284823
REV1,218428_s_at,4,0.5484407
RETREG2,221984_s_at,4,0.67111015
RETREG1,218532_s_at,4,0.3573358
CYTH3,225147_at,4,0.4036454
UNC13C,1562074_a_at,4,0.19517384
PGPEP1,223469_at,4,0.41820404
UPF3A,214323_s_at,4,0.67297846
LINC01278,212957_s_at,4,0.3452741
PGLS,218388_at,4,0.66030616
SH3GLB2,224907_s_at,4,0.3699666
MANEA,222805_at,4,0.35490552
MIB1,224720_at,4,0.48666266
FANCB,243597_at,4,0.20125039
FANCA,203805_s_at,4,0.37603998
GAREM1,237262_at,4,0.2832198
LSM11,226826_at,4,0.38699937
DSTYK,229017_s_at,4,0.46199122
H2AZ2,202487_s_at,4,0.72924453
NOX1,210808_s_at,4,0.2680303
NOVA2,206477_s_at,4,0.24259147
NPEPPS,201454_s_at,4,0.59715676
NOL3,1558738_at,4,0.20219442
SRSF11,200686_s_at,4,0.805077
SRSF8,214789_x_at,4,0.6711547
SRSF7,214141_x_at,4,0.77594316
FAM86B3P,1562903_at,4,0.39386448
TBC1D2B,212796_s_at,4,0.46580577
ICA1L,230454_at,4,0.36432683
IDI1,208881_x_at,4,0.7126954
RDX,212397_at,4,0.49784967
PHTF1,215285_s_at,4,0.43164584
PHF21A,203278_s_at,4,0.5564339
C3orf38,226524_at,4,0.54515743
PGGT1B,235615_at,4,0.4891278
UHMK1,224691_at,4,0.74378854
IBA57,1558896_at,4,0.35494432
HYCC2,229460_at,4,0.5179361
ICOSLG,213450_s_at,4,0.34603202
ICMT,201609_x_at,4,0.4308444
ICE2,218713_at,4,0.51044106
CYP2A6,211295_x_at,4,0.3179131
FANCD2,242560_at,4,0.5054255
UCHL5,219960_s_at,4,0.48468038
C5orf63,230404_at,4,0.29468894
CYP3A5,243015_at,4,0.1806224
CYP3A43,211440_x_at,4,0.25978792
DUSP16,1555399_a_at,4,0.23063363
ATP5F1C,213366_x_at,4,0.7907907
ATF7IP,231825_x_at,4,0.66990185
ATP2A2,209186_at,4,0.6670042
SRRM2,208610_s_at,4,0.71854156
SRR,219205_at,4,0.34256238
ATP13A4,240242_at,4,0.23372126
NMT2,205005_s_at,4,0.34513256
NMNAT2,1562818_at,4,0.18676744
ATF6B,203168_at,4,0.36270702
ATN1,40489_at,4,0.26239774
RSBN1L,226387_at,4,0.46245027
F11,206610_s_at,4,0.15761213
EYA3,226170_at,4,0.49819013
ADGRF1,238689_at,4,0.16213353
FBLIM1,1555480_a_at,4,0.1834582
SH2D1A,210116_at,4,0.3362238
CYB5RL,235991_at,4,0.18756625
CYP1B1,202436_s_at,4,0.32574585
TBC1D9B,212052_s_at,4,0.5849987
RECQL,212918_at,4,0.555202
TBX2,205993_s_at,4,0.2721941
TBX18,1559840_s_at,4,0.11095522
CYBB,203923_s_at,4,0.5693375
PHYKPL,226519_s_at,4,0.55021316
PHKB,202738_s_at,4,0.5093688
UEVLD,230176_at,4,0.36853552
GALNT2,217788_s_at,4,0.5908781
UBR2,212760_at,4,0.5516298
ZNF589,219968_at,4,0.34358633
ZNF587,219981_x_at,4,0.58849186
ADD1,208030_s_at,4,0.69272727
ZNF599,228093_at,4,0.28880605
ZNF639,222623_s_at,4,0.64713895
ZNF585A,227674_at,4,0.4346903
RRP7A,33307_at,4,0.480578
NOP16,214011_s_at,4,0.5157143
NNT,202783_at,4,0.5212162
NOL7,202882_x_at,4,0.73256546
NOL6,218199_s_at,4,0.37491155
MPHOSPH8,225041_at,4,0.6227155
LRRC7,233499_at,4,0.10569971
ZNF407,227768_at,4,0.39704898
F11R,223000_s_at,4,0.6965734
YIPF5,224934_at,4,0.6264339
YIPF4,209551_at,4,0.3741378
ATE1,225497_at,4,0.47883332
CACNA1D,1555993_at,4,0.22378317
CACNA1C,242973_at,4,0.18015704
RDH13,225467_s_at,4,0.35115623
RDH11,217776_at,4,0.57061553
CUTALP,231828_at,4,0.43382293
CUL7,36084_at,4,0.39381754
CUL5,203531_at,4,0.61315817
RDH10,226021_at,4,0.35707688
IDUA,205059_s_at,4,0.4733721
PIAS1,217864_s_at,4,0.61986995
CYB5B,201634_s_at,4,0.4205126
CYB5A,207843_x_at,4,0.51254386
UBR3,230029_x_at,4,0.49432874
CXADR,203917_at,4,0.2255003
TBXA2R,207554_x_at,4,0.34666252
TBX5-AS1,239919_at,4,0.13599047
TBX5,211886_s_at,4,0.21872483
RCHY1,212749_s_at,4,0.576669
RCC1L,221247_s_at,4,0.42038694
IFNAR1,225661_at,4,0.32252815
SENP2,222523_at,4,0.44424903
RSPH3,1568613_at,4,0.36194736
GUCY1A1,221942_s_at,4,0.419837
YLPM1,212787_at,4,0.62347054
YIPF6,212341_at,4,0.5077658
ATG7,224025_s_at,4,0.35492823
DYRK2,202968_s_at,4,0.4877404
DYNLT2,1557945_at,4,0.33337083
ATL2,222700_at,4,0.5804048
RBM5,201395_at,4,0.70820206
LINC00869,222001_x_at,4,0.63086957
PKN2,212629_s_at,4,0.55045277
CACYBP,211761_s_at,4,0.6633708
PIP4K2B,201080_at,4,0.46308038
SLC39A9,222445_at,4,0.53407687
SLC39A6,202088_at,4,0.60053647
SLC46A1,1552279_a_at,4,0.33223328
MICAL3,212715_s_at,4,0.3409723
MICAL2,212473_s_at,4,0.44719958
ADCK2,44120_at,4,0.47971606
MAP3K7,206854_s_at,4,0.4642902
MGAT4A,1569136_at,4,0.49527135
MGAT3,209764_at,4,0.28527302
CUL4B,202214_s_at,4,0.55627614
CUL4A,201424_s_at,4,0.5643499
IGF2BP3,203820_s_at,4,0.3566142
CWF19L2,237040_at,4,0.48028713
PIGG,218652_s_at,4,0.52956134
LINC00944,1560818_at,4,0.3682511
ZBED3-AS1,1564475_s_at,4,0.19687925
YTHDC2,213077_at,4,0.53441405
ATAD3B,223617_x_at,4,0.46224248
ATAD2,228401_at,4,0.49828035
SREK1IP1,1553581_s_at,4,0.62674075
ALOX5,204446_s_at,4,0.70611584
ZNF391,1562446_at,4,0.25230372
NKD1,232203_at,4,0.20283464
ATG2B,226684_at,4,0.54973376
SQLE,209218_at,4,0.4832096
GYPB,216833_x_at,4,0.40396413
IFT80,1558956_s_at,4,0.511445
GADD45B,207574_s_at,4,0.6834085
MIA2,215930_s_at,4,0.43263733
SRGAP3,209794_at,4,0.26829845
DYNC2LI1,203763_at,4,0.38741732
DYNC1LI2,224616_at,4,0.67643356
SRSF4,201696_at,4,0.6796286
NFYB,218127_at,4,0.48323056
NHSL1,226490_at,4,0.18398699
EBF1,227646_at,4,0.37945
EARS2,1563796_s_at,4,0.3175817
ECPAS,214356_s_at,4,0.5512816
RTN4,211509_s_at,4,0.78856975
ADD3,201034_at,4,0.7398728
MAP9,228423_at,4,0.27763933
MAP6,228448_at,4,0.1819875
SLC44A5,1552779_a_at,4,0.17614794
EBP,202735_at,4,0.5327632
NLK,222589_at,4,0.46098867
ATF6,226941_at,4,0.5352812
ATF5,204998_s_at,4,0.42198014
NKAIN4,228017_s_at,4,0.21350308
SMIM8,213314_at,4,0.36440295
SNAP23,209130_at,4,0.6815258
EWSR1,209214_s_at,4,0.76239437
EXOSC4,58696_at,4,0.44163617
MPP7,238778_at,4,0.36196327
CTU2,226410_at,4,0.39778417
CTNNA3,236576_at,4,0.11615484
TEAD2,238322_s_at,4,0.33029264
UBE2J2,225209_s_at,4,0.59264505
TCP11L1,226793_at,4,0.42854926
SH3RF2,235768_at,4,0.19140182
CTSC,201487_at,4,0.6025164
GLG1,207966_s_at,4,0.6188451
GLS2,1564706_s_at,4,0.107207276
GLRX3,209080_x_at,4,0.5749737
NFIC,226895_at,4,0.60782796
ASXL3,233686_at,4,0.20546229
GTF2H5,213357_at,4,0.49434185
RUFY1,218243_at,4,0.6148345
ECHDC1,223087_at,4,0.5851633
IGF2BP2-AS1,1562832_at,4,0.16945788
RBMX,213762_x_at,4,0.7327939
UBE2L3,200682_s_at,4,0.7382258
PIN4,204571_x_at,4,0.5644085
PKD1L2,1559261_a_at,4,0.22463433
PKD1,202328_s_at,4,0.4017416
GTF3C3,218343_s_at,4,0.49684283
TEPSIN,227668_at,4,0.5391598
UACA,236715_x_at,4,0.5820436
U2AF2,218381_s_at,4,0.6668063
GABRB1,207010_at,4,0.1055187
SHC3,222302_at,4,0.34090468
FBXL17,227203_at,4,0.44123444
ADAMTS5,235368_at,4,0.1749913
ADCY2,217687_at,4,0.21245858
FBXO31,224162_s_at,4,0.40683004
LINC00667,226235_at,4,0.47842693
CALCOCO2,210817_s_at,4,0.6312461
UBE2G2,1557053_s_at,4,0.6147783
UBE2F,225787_at,4,0.5816809
CALCA,210727_at,4,0.17436479
CAMK1D,226382_at,4,0.51754886
CTDSPL2,239133_at,4,0.50027454
LRRC41,201932_at,4,0.4865275
CARD8,1554479_a_at,4,0.5536397
RBL1,205296_at,4,0.29574645
RBM4,200997_at,4,0.68282986
RBM39,208720_s_at,4,0.801253
RBFOX2,216215_s_at,4,0.24778284
RBBP9,226696_at,4,0.3981834
RBAK,228571_at,4,0.49742505
CAMKK2,213812_s_at,4,0.5152802
UBAP2L,201377_at,4,0.60491395
CAPS,226424_at,4,0.42884633
PKNOX2,63305_at,4,0.23555636
PLA2R1,240039_at,4,0.1728665
IFT56,235949_at,4,0.25746495
CTBP1,212863_x_at,4,0.7281081
TEF,225840_at,4,0.26859215
LINC00665,242462_at,4,0.29804713
LINC00663,216126_at,4,0.24541324
CASC15,229280_s_at,4,0.26634696
CARS2,218153_at,4,0.60517323
CARS1,212971_at,4,0.70451957
GTPBP4,218239_s_at,4,0.6618657
GTPBP10,234311_s_at,4,0.47031415
NHLRC2,219353_at,4,0.35375044
LOC101928658,1560384_a_at,4,0.17285292
NFRKB,213028_at,4,0.42911786
SNHG4,1564907_s_at,4,0.22821091
EVI5L,226411_at,4,0.26424098
EVI5,209717_at,4,0.3571608
ALPK1,207133_x_at,4,0.4163674
AMMECR1,204976_s_at,4,0.49956554
MROH1,227778_at,4,0.5079125
TYSND1,225877_at,4,0.31523302
PLGLB2,214415_at,4,0.3407134
PLG,230931_at,4,0.22092414
CARMIL1,219573_at,4,0.2857008
RBM17,224781_s_at,4,0.7196323
GABBR2,209991_x_at,4,0.18036383
MARCHF1,229383_at,4,0.42912453
MAPRE3,203842_s_at,4,0.18630536
MFSD4A,239304_at,4,0.23964235
ADAM28,205997_at,4,0.41364184
ADAM23,206046_at,4,0.17357416
FBXO10,227222_at,4,0.2889766
TFE3,212457_at,4,0.6179275
IKZF4,226761_at,4,0.38243222
CSNK2A1,212072_s_at,4,0.56359005
U2AF1,202858_at,4,0.74733514
RASGRP2,208206_s_at,4,0.6757188
RASGRF1,1554992_at,4,0.19335765
TFDP2,226157_at,4,0.54966205
CASP6,211464_x_at,4,0.47194576
LINC00470,224181_at,4,0.15753965
FZR1,209416_s_at,4,0.39988717
PLEKHG3,212823_s_at,4,0.33242548
CAPZB,37012_at,4,0.68377197
IGSF3,202421_at,4,0.29344255
RASSF8,207754_at,4,0.19508214
RASSF4,226436_at,4,0.41078123
CSNK1G1,226888_at,4,0.46001652
TFB2M,218605_at,4,0.5973698
TFAM,203177_x_at,4,0.5675544
TF,214063_s_at,4,0.23199172
TEX9,1562259_at,4,0.26391977
CARHSP1,218384_at,4,0.52805674
CASP10,205467_at,4,0.31284863
CSH2,207770_x_at,4,0.27281305
CSF2RA,211286_x_at,4,0.25928116
IL13RA1,201887_at,4,0.4577194
LRRC28,227423_at,4,0.41045526
LRRC27,228886_at,4,0.33577
ALKBH7,223318_s_at,4,0.57567286
SNED1,213488_at,4,0.25989553
ETV6,225764_at,4,0.59117043
SRCAP,212275_s_at,4,0.3351792
NEMF,1569594_a_at,4,0.6455189
SPIRE2,227706_at,4,0.22284332
SPIRE1,224995_at,4,0.2559574
SPOCK3,206433_s_at,4,0.20751384
RYBP,201845_s_at,4,0.62936527
ZNF678,232028_at,4,0.34060678
ZNF677,228974_at,4,0.35222024
ARSB,1554030_at,4,0.2856674
NFE2L2,201146_at,4,0.6285205
SPPL2B,225248_at,4,0.42838842
SNAPC3,204001_at,4,0.40008098
GLYR1,218506_x_at,4,0.54689664
MRPS15,226296_s_at,4,0.73782337
MRPS12,204331_s_at,4,0.51095915
LRCH4,90610_at,4,0.6861257
LRIG1,211596_s_at,4,0.3959415
LRPPRC,211971_s_at,4,0.6607415
SLC38A7,56821_at,4,0.35151255
SHMT1,224954_at,4,0.45397004
FZD3,239082_at,4,0.3444741
PLPP5,226150_at,4,0.565121
PMS2P3,216525_x_at,4,0.60148495
TGM2,201042_at,4,0.2443578
RANBP9,202582_s_at,4,0.74059933
LINC00486,1556999_at,4,0.17617947
PLXNA4,232317_at,4,0.15538497
PLXNA3,203623_at,4,0.27008322
CSF1,209716_at,4,0.4107003
CSE1L,201112_s_at,4,0.6406347
RASA4,212706_at,4,0.51816976
IL17RA,229101_at,4,0.5689696
IL1RL1,242809_at,4,0.2671957
RAPGEF5,204681_s_at,4,0.26469037
SHLD1,243507_s_at,4,0.35430148
ZNF652,225266_at,4,0.5087357
ZNF641,226509_at,4,0.41722083
MAPKAP1,217808_s_at,4,0.44079867
CC2D1A,58994_at,4,0.4208116
TFG,217839_at,4,0.6374599
CBARP,231019_x_at,4,0.14420882
CBX3,200037_s_at,4,0.77992666
PMCHL1,224419_x_at,4,0.22139299
CCBE1,242324_x_at,4,0.26690295
ERVH-6,1555743_s_at,4,0.39473557
NFASC,230242_at,4,0.24316102
ARL4C,202207_at,4,0.6041899
NETO1,1552736_a_at,4,0.21439096
NECTIN2,203149_at,4,0.3745829
NECTIN1,225211_at,4,0.36944017
NEGR1,229461_x_at,4,0.27847448
NEDD4L,241396_at,4,0.3459826
NELFCD,225865_x_at,4,0.63623357
PLXNC1,213241_at,4,0.5038785
THAP6,230169_at,4,0.3450152
RAPH1,225188_at,4,0.1507541
RAPGEF6,230078_at,4,0.61310697
NEU3,235474_at,4,0.45140666
SAMD4A,212845_at,4,0.25828922
SPIN3,1555883_s_at,4,0.27516875
SPIDR,212523_s_at,4,0.34247985
EFCAB2,223608_at,4,0.4030786
EEPD1,1569640_s_at,4,0.32219422
GRK5,204396_s_at,4,0.44624996
SALL3,1553411_s_at,4,0.15587765
SPEN,201997_s_at,4,0.63300943
RAP2B,213923_at,4,0.7013975
RAP1GDS1,209444_at,4,0.5527641
RAP1A,202362_at,4,0.7221824
IL5RA,211516_at,4,0.1639715
GLUL,215001_s_at,4,0.7706043
SLC35D2,213083_at,4,0.47161928
SIAH1,202981_x_at,4,0.6412693
FBXO42,47773_at,4,0.45753902
TTLL11,228172_at,4,0.2638342
CCDC13,1554023_s_at,4,0.30458695
CBX2,240084_at,4,0.34176436
PMP22,210139_s_at,4,0.2655905
LIN7A,227929_at,4,0.31907967
POLR1B,220113_x_at,4,0.45117185
POFUT2,209578_s_at,4,0.479498
CC2D2A,234936_s_at,4,0.25852886
THOC2,222122_s_at,4,0.62600386
RANBP10,53987_at,4,0.4727489
FBXW7,229419_at,4,0.5699922
RANBP3,202640_s_at,4,0.48173207
TUBA1B,211058_x_at,4,0.8484579
FBXW10B,208280_at,4,0.15138002
MAPK14,202530_at,4,0.6044802
MFF,222832_s_at,4,0.66561466
ADAM17,213532_at,4,0.6006364
EEF1D,214394_x_at,4,0.8492532
GRK4,208365_s_at,4,0.23358066
GRK3,228771_at,4,0.49174517
GRSF1,201520_s_at,4,0.60230935
SAMD4B,229871_at,4,0.5260825
ARPC5L,220966_x_at,4,0.70501757
ARPC5,211963_s_at,4,0.7133404
ESPN,242327_x_at,4,0.2852206
ANGPT2,236034_at,4,0.18401857
LRP1,200785_s_at,4,0.23511262
LRIG2,205953_at,4,0.4231734
RAD52,205647_at,4,0.33502373
THSD7A,230008_at,4,0.21666946
RAD18,238670_at,4,0.32874605
LILRB3,210784_x_at,4,0.47519094
LINC00032,1559293_x_at,4,0.24529031
CREBBP,202160_at,4,0.67497426
CREB5,229228_at,4,0.2824553
THUMPD3-AS1,232052_at,4,0.4457759
THUMPD3,223804_s_at,4,0.51794565
THRAP3,222439_s_at,4,0.6879765
RAD51B,210255_at,4,0.28860196
ING5,228287_at,4,0.43419272
ING3,205070_at,4,0.5493174
RAD23B,201222_s_at,4,0.70175785
CCDC181,1555112_a_at,4,0.16809629
TTC7A,224912_at,4,0.52853316
RAC1,208641_s_at,4,0.759061
TTL,224896_s_at,4,0.4495858
ESD,215096_s_at,4,0.72997767
ESCO2,235588_at,4,0.30453897
GMEB1,235233_s_at,4,0.49659246
EIF1AX,201019_s_at,4,0.6817665
SPATA6,220299_at,4,0.21167716
GRK6,210981_s_at,4,0.6141677
NDFIP2,224801_at,4,0.31991467
SPG11,203513_at,4,0.62508965
SAP30,204900_x_at,4,0.5731525
ARID1A,218917_s_at,4,0.68163705
ARID4B,221230_s_at,4,0.66191775
ZDHHC18,212860_at,4,0.48978242
LIMCH1,232457_at,4,0.22022857
CCDC149,226139_at,4,0.24708438
INTS10,229632_s_at,4,0.5862461
TIMM17A,215171_s_at,4,0.663215
CP,228143_at,4,0.22163291
RAB4B,228521_s_at,4,0.5505431
INKA2,220476_s_at,4,0.21072201
ING1,208415_x_at,4,0.5731058
INF2,218144_s_at,4,0.44338125
LILRA5,215838_at,4,0.34151787
LILRA2,207857_at,4,0.6122405
POM121L1P,1553900_s_at,4,0.19568092
TTC28,215146_s_at,4,0.34869877
CPT1A,203633_at,4,0.6437209
SIAE,224391_s_at,4,0.3299648
TIAM2,227866_at,4,0.27519706
TIAL1,202406_s_at,4,0.70641387
INPP4B,235046_at,4,0.2828655
ZNF71,226514_at,4,0.25107902
ZNF765,1558943_x_at,4,0.45934325
ZDHHC14,219247_s_at,4,0.24444988
ZCCHC2,219062_s_at,4,0.5442244
SPATS2L,222154_s_at,4,0.46178567
SPATS2,222593_s_at,4,0.4857585
EFNA5,214036_at,4,0.22145237
EHBP1L1,221755_at,4,0.48348078
EGLN1,223046_at,4,0.5596078
ARHGAP26,205068_s_at,4,0.40388212
ARHGEF10,216620_s_at,4,0.3778444
ARHGDIA,211716_x_at,4,0.7035473
ZER1,202452_at,4,0.38275468
EIF4G3,201935_s_at,4,0.4826224
ACTN2,203864_s_at,4,0.23311076
SLC38A1,224579_at,4,0.69402647
TIMP3,201149_s_at,4,0.23166561
TLE3,212770_at,4,0.49576622
INVS,210114_at,4,0.40819195
TTC22,235651_at,4,0.18724544
CCDC80,225242_s_at,4,0.15120684
POLR3E,218016_s_at,4,0.5381966
LHX9,1560253_at,4,0.11482558
TJP2,202085_at,4,0.4503936
TIRAP,1552360_a_at,4,0.30070814
TIPRL,1554351_a_at,4,0.5039162
CPEB4,224831_at,4,0.5466172
CPEB3,205773_at,4,0.28163013
IPO9,217885_at,4,0.53394824
SILC1,1553797_a_at,4,0.11448681
SLC33A1,203164_at,4,0.46202073
ZNF7,205089_at,4,0.43043742
IQCK,213392_at,4,0.29021794
CCHCR1,37424_at,4,0.3953743
PPARD,37152_at,4,0.4761005
PPIE,210502_s_at,4,0.46158636
SIK2,223430_at,4,0.40277225
FSD1L,242807_at,4,0.3014876
RAB6A,201047_x_at,4,0.65022
TSR3,213105_s_at,4,0.4516492
TSR1,218155_x_at,4,0.55408466
CCDC93,209688_s_at,4,0.4746882
POU2F1,206789_s_at,4,0.47495586
TTC23,219838_at,4,0.18468772
CCDC71L,229521_at,4,0.5343152
POSTN,210809_s_at,4,0.13967437
POU6F1,205878_at,4,0.267213
PPARGC1B,232181_at,4,0.31330973
IREB2,225892_at,4,0.592749
COX15,219547_at,4,0.4805242
RAB3GAP1,213531_s_at,4,0.570572
RAB3C,241977_s_at,4,0.18257084
IPO7,200993_at,4,0.6211591
IPO5P1,227234_at,4,0.3650666
EIF3K,212716_s_at,4,0.7871722
ZDHHC3,218078_s_at,4,0.47942212
NDUFA2,209224_s_at,4,0.71833795
NDOR1,227739_at,4,0.38857424
GNAL,206355_at,4,0.16701943
ZNF3,212684_at,4,0.43873483
MRPS31,212603_at,4,0.523026
LONP2,221834_at,4,0.5095849
LPCAT2,239598_s_at,4,0.41316742
AMOTL1,228840_at,4,0.26414323
MAVS,226495_at,4,0.5320412
SIRPA,202897_at,4,0.42421946
SNHG7,229050_s_at,4,0.6453971
SNRNP200,200058_s_at,4,0.7416307
SEL1L3,212314_at,4,0.5156574
ZDHHC2,222731_at,4,0.63728625
ARHGEF2,209435_s_at,4,0.68134373
EIF4E3,225940_at,4,0.48246714
EIF4E2,213571_s_at,4,0.5936732
SAMM50,201570_at,4,0.5719115
SPATA13,225564_at,4,0.55209416
EIF3C,200647_x_at,4,0.7676119
SIPA1L3,213600_at,4,0.4125223
COX5B,213735_s_at,4,0.80122405
COX4I1,202698_x_at,4,0.83461446
INTS6,218819_at,4,0.48120412
PPP1R11,201500_s_at,4,0.657834
PPP1CB,228222_at,4,0.6785853
RAB21,203885_at,4,0.55347896
TK2,204276_at,4,0.38193583
TLR4,221060_s_at,4,0.32345927
CCDC82,223300_s_at,4,0.48272008
CCN4,235821_at,4,0.14729178
TSGA10,220623_s_at,4,0.21016853
IQSEC3,213834_at,4,0.20755479
IQGAP3,229538_s_at,4,0.3289906
CCNL1,220046_s_at,4,0.7824377
LCOR,228454_at,4,0.6062863
FUBP1,214093_s_at,4,0.66775846
ACTN1,208636_at,4,0.6101218
MAST2,215903_s_at,4,0.43368945
ACSM2A,214069_at,4,0.12639777
COPA,208684_at,4,0.54837006
TLK2,212997_s_at,4,0.5223605
ARHGAP32,203431_s_at,4,0.27267337
NCOA1,209107_x_at,4,0.59595335
NCKIPSD,218697_at,4,0.41119826
NCK1,211063_s_at,4,0.55375296
GNAO1,231951_at,4,0.35915318
ARHGAP42,223595_at,4,0.21857572
ARGLU1,218067_s_at,4,0.78357166
ARG1,206177_s_at,4,0.5055012
ARFGEF3,228051_at,4,0.0863656
NBR1,201384_s_at,4,0.51189476
NBPF14,226740_x_at,4,0.771598
NCR2,217045_x_at,4,0.3519669
IRF1-AS1,230405_at,4,0.5213557
PPIG,208993_s_at,4,0.63901305
CCSER2,209378_s_at,4,0.42282596
CCSAP,225904_at,4,0.5693832
TRO,211700_s_at,4,0.31248316
LATS2,227013_at,4,0.54706275
LATS1,227772_at,4,0.49907964
FERMT1,229545_at,4,0.3220841
FRMD8,227964_at,4,0.54833704
FSTL1,208310_s_at,4,0.5123157
MBD4,209579_s_at,4,0.63019127
SIN3A,238005_s_at,4,0.5607764
TRNAU1AP,218977_s_at,4,0.41624874
TRMT9B,1558541_at,4,0.13132088
TRPS1,222651_s_at,4,0.33393452
PPFIA1,202066_at,4,0.5119807
PPM1F,37384_at,4,0.58347553
TSC22D1,215111_s_at,4,0.65614545
QSER1,226265_at,4,0.4498103
TRPM6,221102_s_at,4,0.16242625
CCND2,200953_s_at,4,0.6628763
TMBIM4,223892_s_at,4,0.71534085
ARHGAP29,203910_at,4,0.2377531
ZFAS1,226227_x_at,4,0.83953106
NBPF1,212854_x_at,4,0.7016994
NCOA2,212867_at,4,0.6234512
ARHGAP22,1560821_at,4,0.19368865
ZFP36L2,201368_at,4,0.8221216
ZFP36L1,211962_s_at,4,0.66080815
GPR89B,223531_x_at,4,0.49928358
SAT1,210592_s_at,4,0.80828977
CCNT2,213743_at,4,0.5192093
LARP1,212137_at,4,0.7127226
LARGE-AS1,1563039_at,4,0.10193781
LAPTM4B,214039_s_at,4,0.4581213
PPP1R2,202166_s_at,4,0.6497121
PPP2R2A,202313_at,4,0.62072223
CD22,38521_at,4,0.43786684
COMMD5,223198_x_at,4,0.43276846
COMMD10,222637_at,4,0.4569305
ITGA9,227297_at,4,0.32249928
ITGA8,214265_at,4,0.20574436
ITFG2,226295_at,4,0.42052305
ISYNA1,222240_s_at,4,0.4180011
ISY1,223429_x_at,4,0.5212775
LAMP1,201553_s_at,4,0.80753875
LAMP2,200821_at,4,0.66847193
LARS1,217810_x_at,4,0.6298683
LAMA2,205116_at,4,0.19841017
TRPC4,224220_x_at,4,0.09956183
COL3A1,215076_s_at,4,0.18623592
SART3,209128_s_at,4,0.52521205
GPSM2,221922_at,4,0.37255648
GRB10,210999_s_at,4,0.4235788
GRAPL,239074_at,4,0.23153114
ZFP28,231943_at,4,0.29360682
ARHGAP1,202117_at,4,0.70425665
GNG4,1566513_a_at,4,0.24935758
GNG2,224964_s_at,4,0.6900168
ANAPC16,224664_at,4,0.73553413
MS4A1,228592_at,4,0.54709303
ZNF286A,227077_at,4,0.44100213
ZNF326,227680_at,4,0.6261191
ANKFY1,224900_at,4,0.49150506
TRIP11,210760_x_at,4,0.3555069
CD300LG,1555656_at,4,0.22326495
CNTNAP4,232388_at,4,0.2063454
CNTNAP3,223796_at,4,0.19871955
CNTNAP2,219301_s_at,4,0.22241858
SLC2A5,204430_s_at,4,0.5009788
SLC2A4RG,218494_s_at,4,0.5209821
SLC2A3,202499_s_at,4,0.6647942
ACP1,201630_s_at,4,0.7219662
ZNF777,1553172_at,4,0.399299
ACSL6,211207_s_at,4,0.31200254
FEZ2,215000_s_at,4,0.54559886
TMCO3,226050_at,4,0.5290908
TMCO1,208716_s_at,4,0.5943875
QRSL1,218949_s_at,4,0.5098065
RAB1A,208724_s_at,4,0.79365134
ITGB6,239517_at,4,0.22089677
ITGB5,201125_s_at,4,0.28365433
IVD,225311_at,4,0.4780478
CD8B,207979_s_at,4,0.29428998
TRIM33,210266_s_at,4,0.6067366
SKP1,200718_s_at,4,0.8288931
METTL14,235552_at,4,0.48586667
COL14A1,216865_at,4,0.18905139
PPP2R5E,203338_at,4,0.61301816
PPP1R9A,221088_s_at,4,0.19394681
PPP4R1L,223733_s_at,4,0.2567884
KTN1,200915_x_at,4,0.72111136
KSR1,235252_at,4,0.47333494
CNTN1,211203_s_at,4,0.19359362
ITGA4,213416_at,4,0.6336753
ITGA2B,206493_at,4,0.34666026
COA1,209445_x_at,4,0.47827616
CNTROB,228633_s_at,4,0.40074417
ZFP64,218968_s_at,4,0.4486732
ARAP2,213618_at,4,0.521516
AR,226197_at,4,0.21915382
AQR,212584_at,4,0.52450997
FRZB,203697_at,4,0.16892254
FRY,204072_s_at,4,0.4196707
CD40,35150_at,4,0.4574092
PPP6R2,202791_s_at,4,0.48343837
TMED3,208837_at,4,0.5108262
KYNU,217388_s_at,4,0.40828472
KY,1564254_at,4,0.35037392
CNST,1554661_s_at,4,0.51475906
CNR1,1560225_at,4,0.20102406
TMEM106B,226529_at,4,0.55817205
PWRN1,1569819_at,4,0.093513794
ITIH4,37201_at,4,0.37550563
CNOT2,222182_s_at,4,0.6982758
TMEM108,234818_at,4,0.168438
CDADC1,233647_s_at,4,0.5762966
CDC42EP3,225685_at,4,0.55472887
TRIM3,213885_at,4,0.28606558
METTL9,217868_s_at,4,0.76993644
MBD2,202484_s_at,4,0.70876366
ANK2,202920_at,4,0.1630286
ELAVL4,241424_at,4,0.2095096
ELAVL1,201726_at,4,0.66300124
ELMO2,55692_at,4,0.5710648
ELL2,226099_at,4,0.47740415
ARHGAP23,226638_at,4,0.3359542
ELP6,223277_at,4,0.45543733
SPART,212526_at,4,0.47506794
ELFN2,1561369_at,4,0.2738637
CDC27,217878_s_at,4,0.5856267
PPP6C,203529_at,4,0.7327555
PRDM16-DT,237108_x_at,4,0.21179041
CD99L2,223041_at,4,0.35665157
CNPY3,217931_at,4,0.6351989
CNPY2,202857_at,4,0.62884885
CNOT7,225053_at,4,0.73267245
ZFX,214678_x_at,4,0.4885126
NAMPT,217739_s_at,4,0.67355776
ARFGEF2,218098_at,4,0.63402385
ELOVL5,208788_at,4,0.7579533
GPRC5B,203631_s_at,4,0.18941073
SEL1L,202061_s_at,4,0.54017764
MYT1L,210016_at,4,0.1713782
ZFTRAF1,223421_at,4,0.39547503
ARF1,200065_s_at,4,0.79481184
PXK,225796_at,4,0.59815425
TMEM144,228624_at,4,0.23023623
TMEM135,208810_at,4,0.6578772
CMTM6,217947_at,4,0.77889776
CDH26,233391_at,4,0.21884659
CDH23,232846_s_at,4,0.1577903
PRCP,201494_at,4,0.55715233
PRDX2,39729_at,4,0.69543374
TRIM36,1565814_at,4,0.14657238
CNNM2,1554522_at,4,0.3893282
CNTLN,239989_at,4,0.2825998
PWWP3A,223347_at,4,0.41459513
ITPR3,201189_s_at,4,0.38782609
ITPR2,202660_at,4,0.46295938
ITPR1,203710_at,4,0.5058911
JAK3,227677_at,4,0.59257126
PRICKLE1,232811_x_at,4,0.3770711
PREX2,220732_at,4,0.12760544
PREPL,212215_at,4,0.45884076
JADE1,218517_at,4,0.541216
TMEM106A,1552302_at,4,0.36720368
APOL6,1557116_at,4,0.44161323
NAAA,227135_at,4,0.52827936
NAA30,225679_at,4,0.42679763
SCD,200832_s_at,4,0.4147852
SP1,224754_at,4,0.57318926
SPAG11B,1553582_a_at,4,0.1850673
ZKSCAN3,235840_at,4,0.28191623
ZKSCAN1,225221_at,4,0.5450102
ZGRF1,228859_at,4,0.3651174
ZMIZ2,54970_at,4,0.5916618
SCAND2P,215670_s_at,4,0.32715246
LOXL2,202998_s_at,4,0.25387186
MRPS25,226848_at,4,0.48794365
ZNF800,227101_at,4,0.5737877
CMAHP,205518_s_at,4,0.45921165
CNBD2,235206_at,4,0.36662748
IVNS1ABP,206245_s_at,4,0.6210695
CLUHP3,219442_at,4,0.3822027
CLU,208792_s_at,4,0.3849853
PRKCE,226101_at,4,0.37025133
TRIM14,203147_s_at,4,0.5126315
TRIM10,221627_at,4,0.36460733
TRIM4,224159_x_at,4,0.52518016
TRIM24,213301_x_at,4,0.5256336
CDK1,203213_at,4,0.49446294
CDC5L,209056_s_at,4,0.62608194
CNKSR3,227481_at,4,0.2475672
PTPRG,244574_at,4,0.2384257
PTPRF,200636_s_at,4,0.1920026
TMEM161B,227861_at,4,0.47258475
TMEM151B,1564067_x_at,4,0.28414062
FGFR4,204579_at,4,0.230315
MBTPS2,226760_at,4,0.41080785
ZNF789,235231_at,4,0.42298064
EMC3,217882_at,4,0.6357367
SCARB2,224983_at,4,0.57211065
SCARB1,1552256_a_at,4,0.46299052
N4BP1,32069_at,4,0.5734475
SEC23IP,209175_at,4,0.41052747
GNL3L,205010_at,4,0.39728442
SEC22B,209206_at,4,0.5351499
ZNF280D,221213_s_at,4,0.41932654
ZNF277,218645_at,4,0.52678555
CDH4,220227_at,4,0.25793868
KRIT1,216713_at,4,0.41814893
PRKAR1A,200603_at,4,0.7142288
ANGPTL2,213004_at,4,0.25408566
SOX2,213721_at,4,0.20120336
ZFR,201857_at,4,0.70235157
ZIC1,234716_at,4,0.15584423
APPBP2,202629_at,4,0.4881677
APOOL,213282_at,4,0.4830442
GPR107,211979_at,4,0.43252814
GPR173,1556039_s_at,4,0.15427934
SCEL,1554921_a_at,4,0.10982353
SCD5,220232_at,4,0.43798348
SCML1,218793_s_at,4,0.29662248
KPNA6,212101_at,4,0.5619059
CMIP,224992_s_at,4,0.52167857
SLC25A29,225306_s_at,4,0.53955925
ACAN,207692_s_at,4,0.2463646
ACOT11,1555321_at,4,0.20894997
METTL17,223988_x_at,4,0.62784857
MYO7A,33197_at,4,0.23651814
EML2,204398_s_at,4,0.39653817
MYL4,210395_x_at,4,0.51131254
MYO19,225947_at,4,0.508952
EOLA1,214112_s_at,4,0.61192805
ENOSF1,204142_at,4,0.52660143
FHIP1A,242687_at,4,0.34775826
CLMN,213839_at,4,0.33396626
CLEC2D,233500_x_at,4,0.3823863
KAT6A,202423_at,4,0.6534748
CLTB,211043_s_at,4,0.53749233
CDH8,210518_at,4,0.19402099
METAP1D,227805_at,4,0.34100384
PTPN4,205171_at,4,0.45532623
PTPN22,236539_at,4,0.48380378
TRAPPC9,56829_at,4,0.46344566
CDK19,212899_at,4,0.53623164
KMT5A,228443_s_at,4,0.49684674
TMEM182,238867_at,4,0.20118788
CLK4,210346_s_at,4,0.6299259
CLSPN,243840_at,4,0.2570506
KANSL3,224318_s_at,4,0.5767072
KCMF1,217938_s_at,4,0.74000317
JUND,203752_s_at,4,0.8426565
JUN,201464_x_at,4,0.7640455
CDKAL1,214877_at,4,0.3010561
JMJD6,212723_at,4,0.6746427
CLOCK,227531_at,4,0.40954003
FNTB,225851_at,4,0.41981372
SLC25A42,226737_at,4,0.3651259
FOXK1,226715_at,4,0.510916
TMEM245,223008_s_at,4,0.5824362
TMEM242,222638_s_at,4,0.43121806
KCNB1,217637_at,4,0.21220526
PTP4A2,208616_s_at,4,0.8191476
PTN,209466_x_at,4,0.31599775
PTPRD,214043_at,4,0.19415088
PTPRB,217177_s_at,4,0.1630078
CDS1,226187_at,4,0.16456507
KNL1,228323_at,4,0.4480194
PROX1,242119_at,4,0.25911745
TMEM19,226860_at,4,0.44217303
KAZN,213478_at,4,0.27761728
KATNBL1,222745_s_at,4,0.50821775
CENPBD2P,232899_at,4,0.5322819
METTL16,226744_at,4,0.6246183
ABCG1,204567_s_at,4,0.44893074
MCF2,217004_s_at,4,0.16327491
MCOLN3,229797_at,4,0.23252735
MCM8,224320_s_at,4,0.41018358
FKBP4,200895_s_at,4,0.49231145
SOX5,238009_at,4,0.18517016
ZMYM5,215948_x_at,4,0.53645813
ZMYND11,202136_at,4,0.61597896
ENDOV,238402_s_at,4,0.36680532
ENTPD1,209473_at,4,0.4630553
MRTFB,218259_at,4,0.4229866
MRPS5,224333_s_at,4,0.5779571
ANKRD20A12P,1566147_a_at,4,0.2548193
SNRPA1,206055_s_at,4,0.72645056
PTPN1,202716_at,4,0.5377437
KLK2,1555545_at,4,0.3077266
KLK15,234495_at,4,0.14284968
SNX1,213364_s_at,4,0.5383183
ERGIC2,218135_at,4,0.5261327
ERGIC1,224576_at,4,0.6060659
ERG,213541_s_at,4,0.39665684
GPM6B,209167_at,4,0.2926037
ENPP1,205066_s_at,4,0.16085503
AP4S1,235647_at,4,0.45464042
AP4E1,228164_at,4,0.4491305
AOPEP,1559723_s_at,4,0.23355468
ZNF12,226015_at,4,0.5122524
ZNF117,207605_x_at,4,0.4634437
TRAFD1,35254_at,4,0.48058066
KLHL9,213233_s_at,4,0.56492734
KCND3,213832_at,4,0.16866484
TMEM37,1554483_at,4,0.2738078
FLI1,204236_at,4,0.61801887
TRA2B,200893_at,4,0.8129123
TRAPPC10,209412_at,4,0.5148054
KLHL29,229310_at,4,0.2187504
TMEM234,223656_s_at,4,0.35299128
CIZ1,205516_x_at,4,0.5246646
CLCN3,201734_at,4,0.52733314
CLCA2,206166_s_at,4,0.14565904
TPPP,230104_s_at,4,0.25209486
TRAF4,202871_at,4,0.45288754
TRAF3IP3,213888_s_at,4,0.59339666
KCNIP2,223727_at,4,0.28226438
PTGS1,205128_x_at,4,0.38586846
PTPN14,244533_at,4,0.24137637
MUC5AC,217187_at,4,0.25556028
MUC20,226622_at,4,0.23355967
MVK,36907_at,4,0.5085067
METAP2,209861_s_at,4,0.6625067
KCNQ1OT1,243435_at,4,0.2334575
TMEM43,217795_s_at,4,0.53067094
CENPN,219555_s_at,4,0.5088729
TPP2,203375_s_at,4,0.5856031
TPP1,200743_s_at,4,0.75016403
PRR14L,1558097_at,4,0.51871216
KLHL6,228167_at,4,0.48464984
CLDN18,214135_at,4,0.25501215
TMEM39A,222690_s_at,4,0.5066359
KCNJ12,232289_at,4,0.19698797
PTK2,208820_at,4,0.3658567
KCNK1,204679_at,4,0.18671963
FLCN,1552664_at,4,0.39466012
FOXK2,203064_s_at,4,0.51314634
FOLH1,217487_x_at,4,0.2307147
FILIP1,231945_at,4,0.22366779
FIGN,242828_at,4,0.18821472
ACAD10,219986_s_at,4,0.36557704
AP2A2,212159_x_at,4,0.50963306
AP2A1,223237_x_at,4,0.3310933
AP1S2,230264_s_at,4,0.68179196
EPC1,234969_s_at,4,0.69681835
EPB41L5,225855_at,4,0.24492456
EMP2,204975_at,4,0.21608587
ANKRD12,212286_at,4,0.5374389
GON4L,223555_at,4,0.4933294
MTUS1,212096_s_at,4,0.20509256
MTSS1,203037_s_at,4,0.5430222
KCNMA1,228414_at,4,0.15436722
TMOD3,223077_at,4,0.5513106
EPHA7,229288_at,4,0.16859557
SOCS3,227697_at,4,0.45593846
SCRN3,222849_s_at,4,0.40931222
GPD1,1563034_at,4,0.19139527
MTMR1,216095_x_at,4,0.6115576
SOCS1,210001_s_at,4,0.37247995
GP2,206681_x_at,4,0.16366877
GOSR1,204630_s_at,4,0.540964
TMEM59,200620_at,4,0.7456981
TMEM97,212282_at,4,0.475525
KCNMB4,219287_at,4,0.31949347
KCTD1,226245_at,4,0.31726855
PTCH1,209815_at,4,0.30231106
PTCD3,217895_at,4,0.55109715
ZNF252P,233399_x_at,4,0.4686981
KDM6A,203992_s_at,4,0.5327904
KDM4C,209984_at,4,0.5110048
TMPRSS2,205102_at,4,0.23858683
CHRNA4,206736_x_at,4,0.14523484
CFAP74,215788_at,4,0.2516506
TP53BP1,203050_at,4,0.47700536
TP53AIP1,223919_at,4,0.34125862
TPM2,204083_s_at,4,0.38062635
KLHL23,213610_s_at,4,0.29372793
KLHL20,204177_s_at,4,0.4090101
CERT1,226277_at,4,0.5422847
CERS6,212442_s_at,4,0.5236958
CEP57L1,1554019_s_at,4,0.25026911
CEP350,213165_at,4,0.6069251
CENPI,214804_at,4,0.23758951
CEP295,1569302_at,4,0.4711221
TMEM87A,212204_at,4,0.6489269
CHURC1,233268_s_at,4,0.62736475
KCNN3,231103_at,4,0.18499678
PRR5L,1555486_a_at,4,0.37637666
CHST12,218927_s_at,4,0.50936234
SCUBE3,230253_at,4,0.22205774
ANTXR2,225524_at,4,0.5170293
MTPAP,222794_x_at,4,0.6244604
MTMR7,221390_s_at,4,0.18501967
EPB41L4A,228256_s_at,4,0.23395261
MTCL2,215852_x_at,4,0.3522108
MTBP,1552518_s_at,4,0.18332453
MSR1,214770_at,4,0.14803962
MSH6,202911_at,4,0.6453949
ZNF254,242602_x_at,4,0.51644975
PRSS23,202458_at,4,0.1678392
KLF3,225133_at,4,0.548926
CFAP43,243896_at,4,0.07633529
CFAP221,231043_at,4,0.24253477
SNTB1,226438_at,4,0.43855238
SNX3,210648_x_at,4,0.80005234
ANXA2,201590_x_at,4,0.6789322
ANKS6,226586_at,4,0.31479433
ANKRD28,226025_at,4,0.63501483
ZNF226,219603_s_at,4,0.44458348
SDF4,232032_x_at,4,0.69493383
MTRF1L,225215_s_at,4,0.48974073
KHSRP,204372_s_at,4,0.66953737
CHROMR,228714_at,4,0.34658414
TMTC1,226931_at,4,0.15310967
MET,211599_x_at,4,0.28341404
CHEK1,238075_at,4,0.4246063
TNKS2,218228_s_at,4,0.64053714
TNKS,202561_at,4,0.408499
TNIK,211828_s_at,4,0.25975803
ABHD6,45288_at,4,0.2321078
ABHD5,213935_at,4,0.41218662
SLC24A1,206081_at,4,0.30789667
FNIP2,225924_at,4,0.4698808
SLC12A2-DT,235628_x_at,4,0.35055622
FKBP1A,200709_at,4,0.7016802
TMT1A,207761_s_at,4,0.6793592
TNFRSF10C,234644_x_at,4,0.27265084
TNFRSF10B,209295_at,4,0.5682468
PSME3IP1,222460_s_at,4,0.5737098
PSME3,209852_x_at,4,0.5732376
TOX3,230745_s_at,4,0.18104531
KIF13A,235072_s_at,4,0.4071605
SLC23A2,209236_at,4,0.44643453
ABCC4,203196_at,4,0.387648
FMNL3,227844_at,4,0.29250386
MED1,203497_at,4,0.5517703
FMN2,230946_at,4,0.16381149
ABCA1,203505_at,4,0.50877553
FNDC3A,202304_at,4,0.55149966
PSG3,215821_x_at,4,0.22546522
MEF2A,212535_at,4,0.58856976
MEF2C,209199_s_at,4,0.61496454
ABCB5,1569072_s_at,4,0.17797175
KIF9,231319_x_at,4,0.45225808
KDSR,202419_at,4,0.5270259
KIR3DL2,207314_x_at,4,0.20593473
PRUNE1,209586_s_at,4,0.45545653
MTMR3,202197_at,4,0.56963545
LOC389906,1569629_x_at,4,0.37352479
LOC389831,225046_at,4,0.29761937
PSMB2,200039_s_at,4,0.68088835
PSMD4,200882_s_at,4,0.69940305
KIF1B,225878_at,4,0.39399815
TOLLIP,217930_s_at,4,0.39287543
CFAP97,226254_s_at,4,0.5625767
CFAP68,222785_x_at,4,0.49850544
TNFSF13,209500_x_at,4,0.54878175
ZNF846,1569157_s_at,4,0.37328705
MELTF,235911_at,4,0.32301992
MED13,201987_at,4,0.63299555
MED12,211342_x_at,4,0.49830937
ZNF93,215758_x_at,4,0.48704255
CHD1L,212539_at,4,0.6506379
MED6,207079_s_at,3,0.53811914
MED31,222867_s_at,3,0.4332516
MED30,227787_s_at,3,0.6829878
MED27,51176_at,3,0.51039535
SLC17A9,219559_at,3,0.5012685
FMNL2,226184_at,3,0.28607833
FMN1,1570156_s_at,3,0.25824732
FNDC5,226097_at,3,0.2666771
SLC17A1,206872_at,3,0.10796548
ABHD12,224742_at,3,0.4285216
ABHD11,221927_s_at,3,0.3673711
ZNF92,235170_at,3,0.5635999
SLC25A13,203775_at,3,0.42412502
SLC1A7,210923_at,3,0.22867054
SLC1A6,1554592_a_at,3,0.0982775
FLRT2,204358_s_at,3,0.22707747
FLYWCH1,223950_s_at,3,0.42600003
FLVCR2,222866_s_at,3,0.27517095
FLT4,229902_at,3,0.24423808
SLC16A5,206600_s_at,3,0.43873674
CHASERR,225951_s_at,3,0.82699454
PSMC2,201068_s_at,3,0.740177
PSMB4,202244_at,3,0.7904195
KIF2A,203087_s_at,3,0.50442904
KIF26B,220002_at,3,0.20775954
KIF25-AS1,207963_at,3,0.16532771
TNR,206990_at,3,0.25253665
CGGBP1,224599_at,3,0.7011935
CGAS,242077_x_at,3,0.48673066
PSMA3-AS1,225724_at,3,0.63120204
PSMA3,201532_at,3,0.6572354
PSMA1,211746_x_at,3,0.780252
KIF20B,205235_s_at,3,0.45187473
KIN,205664_at,3,0.51374453
PSG9,209594_x_at,3,0.25337076
TNPO3,212318_at,3,0.60558623
KIAA1549L,235486_at,3,0.17093149
KIAA1549,238885_at,3,0.24702652
KIF1C,238477_at,3,0.29079455
KIF1A,203849_s_at,3,0.22149844
TOM1L2,226198_at,3,0.4243976
CFDP1,203166_at,3,0.5963493
CFC1,223753_s_at,3,0.15201446
PSG6,208106_x_at,3,0.20049524
TONSL,1558329_at,3,0.31573752
CFAP92,1554852_a_at,3,0.26925847
CFAP70,229170_s_at,3,0.25346383
CFAP69,1554919_s_at,3,0.21531585
CFAP65,1556969_at,3,0.08649694
CFAP61,1554657_a_at,3,0.19803865
TNFSF10,202688_at,3,0.474199
TNFRSF9,207536_s_at,3,0.23312217
PSD3,203355_s_at,3,0.34712604
KIF5C,1557089_at,3,0.18231395
KIF5B,201991_s_at,3,0.76721936
CHIC1,228345_at,3,0.37766138
CHI3L1,209396_s_at,3,0.39780608
CHORDC1,218566_s_at,3,0.59624153
CHN2,213385_at,3,0.31469908
TNFRSF14-AS1,232190_x_at,3,0.41619474
CHFR,218803_at,3,0.6002928
CHERP,202230_s_at,3,0.62104744
TNIP2,48531_at,3,0.57452077
TNFSF8,235735_at,3,0.4029894
CHD4,201184_s_at,3,0.65289354
CHCHD5,223479_s_at,3,0.44972736
PSMB1,214288_s_at,3,0.8076337
KIAA1656,1569365_a_at,3,0.15815684
CHM,227871_at,3,0.43661293
KICS2,1554067_at,3,0.35503924
KIAA2013,224706_at,3,0.5386757
KIAA1958,235112_at,3,0.35099512
KIAA1671,225525_at,3,0.25827637
TNC,216005_at,3,0.1441425
TNFRSF19,227812_at,3,0.15679057
CFL2,224352_s_at,3,0.42569527
TOB2,222243_s_at,3,0.48212686
TNXA,213451_x_at,3,0.21887767
CFAP100-DT,237272_at,3,0.21283248
CFAP47,1553466_at,3,0.24607132
CFAP46,1555573_at,3,0.09417395
PSG1,210195_s_at,3,0.21026213
PSEN2,204262_s_at,3,0.23699977
PSD4,203317_at,3,0.50610435
PTAR1,226110_at,3,0.588
TNFRSF10A,231775_at,3,0.4210178
KIF5A,223933_at,3,0.26607567
KIRREL1,225303_at,3,0.1803181
TOP3A,214299_at,3,0.3857935
TOP2A,201291_s_at,3,0.48232782
TP53TG1,210886_x_at,3,0.45711127
PRXL2A,228155_at,3,0.41623494
PRUNE2,212805_at,3,0.32005903
PRTG,229073_at,3,0.17158936
KIR2DL4,208426_x_at,3,0.21775587
KLC3,1570402_at,3,0.22965924
TNFAIP8,208296_x_at,3,0.66400236
CHMP3,222437_s_at,3,0.63148034
CHMP2B,202536_at,3,0.5968771
CHRNA10,220210_at,3,0.2039952
CHRNA3,210221_at,3,0.18853056
CHST5,221164_x_at,3,0.31535336
CHST3,32094_at,3,0.22970721
TMX4,201581_at,3,0.68328524
PTAFR,227184_at,3,0.48662204
KDM2A,208988_at,3,0.58136976
KHDRBS1,200040_at,3,0.7823906
KHDC1,230055_at,3,0.26341155
TMTC4,225666_at,3,0.4038228
TMTC3,226604_at,3,0.32737514
CHPT1,221675_s_at,3,0.69195014
KCTD20,228299_at,3,0.6921956
TNFRSF13C,243780_at,3,0.55161357
PSME4,212219_at,3,0.5928174
KDM8,220070_at,3,0.25227585
KIAA0930,217118_s_at,3,0.52929527
TP53INP1,225912_at,3,0.684836
CEP78,228774_at,3,0.51285577
CES3,220335_x_at,3,0.35882533
CHST15,203066_at,3,0.523595
CHST11,219634_at,3,0.5583937
CIBAR1,235391_at,3,0.3260925
PTGDR,215894_at,3,0.27137086
TMPRSS6,214955_at,3,0.29255134
TMPRSS3,223949_at,3,0.16006508
TOMM22,222474_s_at,3,0.5876495
TOR4A,219620_x_at,3,0.37945223
CEP192P1,235416_at,3,0.14476714
PRRT1,230054_at,3,0.23685062
PRRC2B,212069_s_at,3,0.5077637
PRRC2A,212081_x_at,3,0.53940403
CFAP251,1555007_s_at,3,0.2832237
CIAO1,217501_at,3,0.5271775
PTCRA,211252_x_at,3,0.43379593
KCP,1556956_at,3,0.26303396
KCNT1,1569461_at,3,0.1567375
KDELR3,207265_s_at,3,0.24633399
KDELR2,200700_s_at,3,0.6365071
KCTD7,213474_at,3,0.40765166
KCTD5,218474_s_at,3,0.49679193
KCNQ1,204487_s_at,3,0.3984855
TMLHE,222744_s_at,3,0.38841566
CFAP157,1557866_at,3,0.27746966
TOR1A,202348_s_at,3,0.52370083
TP73,232546_at,3,0.22182901
PRR5,47069_at,3,0.41820535
KLF13,225390_s_at,3,0.67911506
PRRX1,205991_s_at,3,0.23361456
PTCD1,218956_s_at,3,0.39267102
PTGR1,231897_at,3,0.30723658
TPI1,213011_s_at,3,0.75220174
KLF8,230986_at,3,0.27267066
KLHL28,228328_at,3,0.44847673
PRR11,232215_x_at,3,0.76917
TPH1,1553859_at,3,0.1614694
CES2,209667_at,3,0.51882577
CEP290,205250_s_at,3,0.4301306
CEP250,209495_at,3,0.4096387
CEP44,228334_x_at,3,0.48687205
CEP97,235918_x_at,3,0.38175452
CEP95,225705_at,3,0.5596671
TP53I11,203421_at,3,0.31495404
TMEM86A,242103_at,3,0.2290595
TMEM80,221951_at,3,0.4784373
CEP164,1558953_s_at,3,0.49336457
TMEM65,241370_at,3,0.49587622
KCNK7,224055_x_at,3,0.24183138
CHTOP,202560_s_at,3,0.6264169
TMEM74,1555159_at,3,0.19466704
TMEM70,219449_s_at,3,0.65642095
TMOD1,213161_at,3,0.4626494
TMEM64,225974_at,3,0.4043044
CIITA,205101_at,3,0.45000684
CISH,223377_x_at,3,0.40058434
CISD2,226689_at,3,0.5663464
TMEM53,1554077_a_at,3,0.32506317
PTGIS,208131_s_at,3,0.19448803
PTGIR,1563431_x_at,3,0.3662657
CIAPIN1,208968_s_at,3,0.59384024
PTCD2,1555910_at,3,0.3166031
KCNK3,228127_at,3,0.29070237
KCNS2,1554212_s_at,3,0.19128567
KCNQ3,206573_at,3,0.2515874
KCNQ2,210508_s_at,3,0.13496871
KCNJ3,207141_s_at,3,0.17478496
CIP2A,231855_at,3,0.30463406
CINP,218267_at,3,0.41028163
CKLF,219161_s_at,3,0.6580789
CEP126,235956_at,3,0.24698785
CEP112,213644_at,3,0.22201924
CEP104,204074_s_at,3,0.40175074
CEP63,219242_at,3,0.49766943
CENPU,218883_s_at,3,0.6626114
TPMT,203672_x_at,3,0.41516015
CENPJ,223513_at,3,0.46954918
CENPF,207828_s_at,3,0.5072238
KLHL42,225732_at,3,0.44347513
KLHL36,227319_at,3,0.50521445
PRPF38A,223230_at,3,0.60649276
PRPF31,202408_s_at,3,0.62295645
PRPF18,221547_at,3,0.55918396
CLDN19,1554804_a_at,3,0.38213748
TMEM38B,218772_x_at,3,0.4141647
PTGER1,231201_at,3,0.22612126
PTGDS,211748_x_at,3,0.38893476
PTHLH,210355_at,3,0.20801449
KCNH6,221023_s_at,3,0.20868301
KCNH5,1555304_a_at,3,0.15569358
KCNK10,220727_at,3,0.20497215
KCNE4,222379_at,3,0.13400306
KCNE3,227647_at,3,0.44273502
CKAP4,200999_s_at,3,0.63541096
CKAP2,218252_at,3,0.53420156
CITED2,207980_s_at,3,0.63283247
CLCC1,213628_at,3,0.43818906
TMEM267,219029_at,3,0.46438622
CELSR1,41660_at,3,0.32934368
CELF5,232416_at,3,0.23053598
CENPV,226611_s_at,3,0.45647687
CELA1,224198_at,3,0.17746738
TPST2,204079_at,3,0.58212966
TPTEP1,233469_at,3,0.24604501
TPCN1,217914_at,3,0.43459746
PRR14,45687_at,3,0.64227986
CEACAM3,208052_x_at,3,0.32514215
KLHL14,228377_at,3,0.3168893
KLHL8,226874_at,3,0.49285755
KLHL7,223250_at,3,0.4554354
KLHL18,212882_at,3,0.47261405
KLK13,217315_s_at,3,0.20277782
KLK12,234316_x_at,3,0.25800872
KMT2B,203419_at,3,0.4992796
KMO,211138_s_at,3,0.325048
KLRD1,210606_x_at,3,0.30129138
CECR2,223729_at,3,0.3311497
CEBPZOS,229746_x_at,3,0.4695617
PRPF4B,202127_at,3,0.6270704
KLHL35,1553611_s_at,3,0.20591836
KLKB1,226745_at,3,0.37456506
KLK8,206125_s_at,3,0.17119947
KLK3,231629_x_at,3,0.34519848
CLEC12A,1552398_a_at,3,0.448915
CLEC11A,211709_s_at,3,0.5916832
CLDND1,1554149_at,3,0.5791499
PTPN9,202958_at,3,0.36582276
PTPN5,233470_at,3,0.11820863
TMEM232,1568698_at,3,0.16825508
PTPMT1,223808_s_at,3,0.58323395
PTPA,208874_x_at,3,0.508591
KAZALD1,217511_at,3,0.23044413
KATNB1,203162_s_at,3,0.5523766
KATNAL2,1554234_at,3,0.17379776
KCNC4,228436_at,3,0.29885802
KCNC3,230531_at,3,0.24530125
TMEM218,226073_at,3,0.4883226
CLDN23,228707_at,3,0.12293309
PTPN18,213521_at,3,0.5884211
PTPN12,202006_at,3,0.65763456
CLCNKB,1554749_s_at,3,0.21705563
CLCN7,38069_at,3,0.6181425
CLNK,1562587_at,3,0.22373432
PTP4A3,209695_at,3,0.39826596
CLINT1,201769_at,3,0.72310346
CLIC4,201560_at,3,0.6320527
TRADD,205641_s_at,3,0.5016097
CEACAM7,206199_at,3,0.15117916
TRABD2B,241707_at,3,0.20248522
TRABD,232706_s_at,3,0.57624966
CDON,227526_at,3,0.18960069
TRAPPC2L,218354_at,3,0.600382
PRKXP1,235987_at,3,0.2523887
KNOP1,213235_at,3,0.37490508
KNG1,217512_at,3,0.11890574
TRAM2,202369_s_at,3,0.501835
TMEM229B,227544_at,3,0.22722082
TMEM223,220934_s_at,3,0.4624186
KBTBD2,223584_s_at,3,0.5660335
JTB,210434_x_at,3,0.80273336
TMEM204,219315_s_at,3,0.315792
TRAM1,201398_s_at,3,0.7565573
CDKN2A,209644_x_at,3,0.44821966
CDYL,203099_s_at,3,0.44601855
CDV3,212010_s_at,3,0.79220957
CDK16,208823_s_at,3,0.4593476
CDK15,239201_at,3,0.1905131
CDK14,204604_at,3,0.501862
CDK11B,212401_s_at,3,0.69206434
CDKL5,227004_at,3,0.22987327
CDKL3,219831_at,3,0.26438385
CDKL1,235512_at,3,0.27656794
CDK9,203198_at,3,0.45438683
TMEM199,225374_at,3,0.4461223
CLN5,214252_s_at,3,0.50171626
KAT5,206689_x_at,3,0.50111073
TRAF7,223031_s_at,3,0.49615777
TRAPPC4,217958_at,3,0.6196755
CDK5RAP2,233540_s_at,3,0.4935567
CDK3,229468_at,3,0.4836419
CDK2,204252_at,3,0.4676605
PRKCQ-AS1,232001_at,3,0.42455307
PRMT5,1564521_x_at,3,0.5145839
KMT5B,222759_at,3,0.55036116
KMT2E,223190_s_at,3,0.70854414
PTPRS,226571_s_at,3,0.32075688
PTPRO,211600_at,3,0.84912676
KAT14,228544_s_at,3,0.4015625
KBTBD7,223412_at,3,0.40213218
KBTBD4,218570_at,3,0.53303856
PRKDC,208694_at,3,0.57405746
KPNA5,227934_at,3,0.48494285
PRKD2,38269_at,3,0.6583113
CDK8,204831_at,3,0.47463274
TRBV19,213193_x_at,3,0.6239476
CMPK1,217870_s_at,3,0.72463727
CMKLR1,210659_at,3,0.17442742
CLRN1,1555695_a_at,3,0.14079449
CLPTM1L,223020_at,3,0.64826715
TMEM178B,231143_at,3,0.18497188
PTPRJ,227396_at,3,0.5340495
PTPRE,221840_at,3,0.6228224
PUM1,201166_s_at,3,0.7253293
JMJD4,230810_at,3,0.22284803
KANK2,218418_s_at,3,0.4699881
CLYBL,238440_at,3,0.31074828
TMEM174,240114_s_at,3,0.31222063
TMEM170A,227586_at,3,0.5721274
CLTC,200614_at,3,0.72304785
TRERF1,229016_s_at,3,0.37360355
TREML4,1564052_at,3,0.20588546
KRT10,213287_s_at,3,0.7067272
PRKAG2-AS1,229156_s_at,3,0.2967716
TRDN,1552791_a_at,3,0.125628
TRDMT1,206308_at,3,0.35488883
TRIB1,202241_at,3,0.6659743
KRCC1,218303_x_at,3,0.54477817
TRAPPC13,236526_x_at,3,0.42584783
TRAPPC12,203122_at,3,0.47300854
TRAPPC11,218179_s_at,3,0.49655634
PRKN,1555668_a_at,3,0.20095204
PRKG1,228396_at,3,0.15961911
CDC73,218578_at,3,0.47140402
CDC42SE2,224709_s_at,3,0.7667071
CMTM4,225009_at,3,0.30414507
CMTM3,224733_at,3,0.6414844
CNKSR2,229116_at,3,0.19518736
PUS10,229362_at,3,0.27256432
JAM3,212813_at,3,0.34319904
JPT2,212115_at,3,0.48519555
JPH3,220188_at,3,0.15739931
JPH2,229578_at,3,0.15161802
CMBL,234981_x_at,3,0.7695143
CNDP2,217752_s_at,3,0.6174188
IWS1,224768_at,3,0.5865971
CLXN,1568930_at,3,0.13715719
CLUAP1,204576_s_at,3,0.32529587
TMEM164,220486_x_at,3,0.52019733
JARID2,203298_s_at,3,0.6704955
PUM2,216221_s_at,3,0.63771355
PXMP4,219428_s_at,3,0.4359228
TMEM134,218531_at,3,0.5011846
CDH19,206898_at,3,0.16392969
TRIM27,212118_at,3,0.5089396
TRIM42,1566851_at,3,0.16612788
TRIM23,204732_s_at,3,0.38938
CDC37L1,219343_at,3,0.36103112
CDK10,203468_at,3,0.4809941
CDIN1,224486_s_at,3,0.27684656
CDHR5,219796_s_at,3,0.11522443
PRKACB,202741_at,3,0.6133537
PRKAB2,225278_at,3,0.4701572
PRKCI,209678_s_at,3,0.50888497
PRKCH,218764_at,3,0.53992164
CNOT1,200860_s_at,3,0.637868
CNN3-DT,230433_at,3,0.20954241
TMEM132B,236468_at,3,0.24199834
PWWP2B,227999_at,3,0.44858137
JAK2,205842_s_at,3,0.4031143
JADE2,212660_at,3,0.5389773
CDCP1,218451_at,3,0.17903733
CD55,201925_s_at,3,0.64769936
CD53,203416_at,3,0.7722335
PRH1,236637_at,3,0.14198102
PREP,204117_at,3,0.40803027
PRELP,37022_at,3,0.29101944
PRELID3B,222441_x_at,3,0.6307791
TMEM127,219460_s_at,3,0.53795373
CNGB1,210769_at,3,0.21874693
JCAD,213316_at,3,0.15391687
PQBP1,214527_s_at,3,0.5707265
ITPRID2,202506_at,3,0.5731632
CNOT8,202164_s_at,3,0.6370659
CNOT3,203239_s_at,3,0.4275884
TMED2,200087_s_at,3,0.77103907
TMED10,212352_s_at,3,0.7128846
TMCO5A,1553637_s_at,3,0.26238817
TMEM116,227172_at,3,0.36559692
CDC42EP4,218062_x_at,3,0.36343163
TRIM15,36742_at,3,0.23525967
TRIM31,210159_s_at,3,0.1499475
TRIM29,202504_at,3,0.24756445
PRDM1,228964_at,3,0.3985304
PRDM6,232374_s_at,3,0.23064975
CD80,207176_s_at,3,0.27556133
CD79B,205297_s_at,3,0.5484575
CD9,201005_at,3,0.55182564
CD86,210895_s_at,3,0.4015578
TRIM66,229466_at,3,0.38526118
CD28,206545_at,3,0.2969387
CD276,224859_at,3,0.30920598
CD46,208783_s_at,3,0.6781312
TRIM62,58308_at,3,0.34431535
TRIM56,231876_at,3,0.5061331
TRIM50,231014_at,3,0.12102415
CDC25C,205167_s_at,3,0.28165618
CDC25A,204695_at,3,0.331944
CDC16,209659_s_at,3,0.6364482
PPP4R4,220672_at,3,0.14699854
PPP4R3A,223160_s_at,3,0.64064246
PRB1,211531_x_at,3,0.20682515
KRTAP5-AS1,1562681_at,3,0.28504446
COG1,227784_s_at,3,0.43634626
CD74,209619_at,3,0.83843434
TRIM44,217759_at,3,0.6365278
PPTC7,225213_at,3,0.7166925
PPP6R3,222467_s_at,3,0.6350416
CD300A,209933_s_at,3,0.51513785
LACTB,226354_at,3,0.5160952
L2HGDH,220089_at,3,0.24691153
KYAT1,206037_at,3,0.3306281
KXD1,200076_s_at,3,0.57615393
PPP3CA,202429_s_at,3,0.62173826
COCH,1554241_at,3,0.46607655
TMC8,227353_at,3,0.67072916
PWP1,201606_s_at,3,0.6468436
PYGO1,215517_at,3,0.14102335
ITSN2,209898_x_at,3,0.6896827
ITGB2,202803_s_at,3,0.7096686
ITGB1BP1,203336_s_at,3,0.5813389
ITPK1,210740_s_at,3,0.622545
COL13A1,211809_x_at,3,0.20051542
PPP2R3C,218852_at,3,0.6382721
TRIM7,223694_at,3,0.21184598
TRIM69,1568592_at,3,0.44388455
LAMB4,216622_at,3,0.15527016
PPP2CA,208652_at,3,0.7320454
PPP1R7,213465_s_at,3,0.6053616
PPP1R3F,229365_at,3,0.23860306
PPP1R3E,229001_at,3,0.41572788
PPP4R2,225519_at,3,0.65906423
CNTNAP5,1553013_at,3,0.17343411
COG5,203630_s_at,3,0.4751127
COG3,223450_s_at,3,0.469877
QSOX1,201482_at,3,0.46695834
PYROXD1,213878_at,3,0.51192856
PYM1,242304_at,3,0.5436022
COL4A4,229779_at,3,0.20090717
TRMO,47530_at,3,0.41912436
TRIP12,201546_at,3,0.63336545
LANCL2,218219_s_at,3,0.45238036
PPP2R3A,207749_s_at,3,0.19897492
TRMT61A,221907_at,3,0.44155356
TRMT44,1554192_s_at,3,0.32358587
TRMT1L,223404_s_at,3,0.3968399
TM9SF1,209150_s_at,3,0.47338527
TM7SF3,222477_s_at,3,0.5811366
TM6SF2,233403_x_at,3,0.20965084
TMEFF2,224321_at,3,0.55799526
TMED8,225343_at,3,0.64929736
PPP1R12A,201603_at,3,0.6381574
TRNT1,222754_at,3,0.42854857
COL4A6,213992_at,3,0.11982152
COMMD4,209132_s_at,3,0.45952904
RAB14,200927_s_at,3,0.57011026
RAB11A,200863_s_at,3,0.71925974
ITGA11,222899_at,3,0.181022
ITGA1,226731_at,3,0.18867265
QTRT2,219178_at,3,0.43443236
CD209,1555729_a_at,3,0.29121596
LACC1,228937_at,3,0.29259744
LARP7,212785_s_at,3,0.5874018
LARP6,236565_s_at,3,0.16638468
TRMT10A,230243_at,3,0.26197478
TRMT1,210463_x_at,3,0.5220056
TRPC1,205803_s_at,3,0.16409634
TM2D3,221702_s_at,3,0.6137458
RAB29,218699_at,3,0.5174776
COL25A1,224388_s_at,3,0.17215395
COL22A1,242326_at,3,0.21358009
COL1A2,202403_s_at,3,0.30546165
COL8A1,221152_at,3,0.14214449
COL6A6,242641_at,3,0.14696789
COL11A1,204320_at,3,0.13763763
COL5A1,212488_at,3,0.28181157
CD164,208405_s_at,3,0.78684795
CD163,203645_s_at,3,0.32356685
CD109,226545_at,3,0.3393761
CCNL2,222999_s_at,3,0.6908081
LARGE1,215543_s_at,3,0.21588695
LCA5,244401_at,3,0.2682692
PPP1R12C,223152_at,3,0.45008028
ISCA1,209273_s_at,3,0.6442683
RAB12,236019_at,3,0.5186346
RAB11FIP3,203933_at,3,0.41555515
RAB11FIP1,219681_s_at,3,0.6124821
RAB31,217764_s_at,3,0.56986207
PPP1R16B,41577_at,3,0.5287126
PPIL6,1560910_at,3,0.24659225
PPOX,204788_s_at,3,0.5133038
PPME1,49077_at,3,0.4883757
LAYN,228080_at,3,0.13731728
PPP1R3B,222662_at,3,0.37206334
PPP1R37,229262_at,3,0.23375164
TRPM1,206479_at,3,0.09786844
TSEN2,219581_at,3,0.31117022
TSEN15,225399_at,3,0.5332418
TSC22D3,208763_s_at,3,0.8193903
RAB27B,228708_at,3,0.3611254
IRAG1,226047_at,3,0.27373374
IQSEC2,237652_at,3,0.28722173
IRS1,204686_at,3,0.26217785
IRF6,202597_at,3,0.15798089
IRF5,239412_at,3,0.411773
COPB1,201358_s_at,3,0.76575726
PPM1H,212686_at,3,0.27451992
CCNJ,229091_s_at,3,0.44525468
CCNI,208655_at,3,0.82223207
LCORL,240592_at,3,0.4784445
LEF1,221558_s_at,3,0.6065787
PPFIA2,1558295_a_at,3,0.14590666
TLL2,215843_s_at,3,0.10671302
IRF4,204562_at,3,0.40143335
ISG20L2,212766_s_at,3,0.50431883
RAB23,223463_at,3,0.25722453
TSHR,215442_s_at,3,0.12066832
CCNB2,202705_at,3,0.5334271
LDAH,219008_at,3,0.34150165
TSPEAR,1552570_at,3,0.2332699
CCDC85B,204610_s_at,3,0.56469977
CCDC85A,233846_at,3,0.17552526
TSPAN5,209890_at,3,0.36776584
TSFM,212656_at,3,0.48679775
TSEN54,1558304_s_at,3,0.5156881
TSPAN2,227236_at,3,0.3783089
TSPAN16,242179_s_at,3,0.22222528
TLR3,239587_at,3,0.17985971
TLN2,212703_at,3,0.22953275
TLN1,203254_s_at,3,0.43725857
COPS7B,219997_s_at,3,0.4250172
TLCD5,1554076_s_at,3,0.24994293
IPO11,222659_at,3,0.3838081
IQGAP1,200791_s_at,3,0.68918
CORIN,239260_at,3,0.11864073
TSPAN12,230626_at,3,0.20345931
CCDC97,225257_at,3,0.48846748
CCL5,1405_i_at,3,0.62561417
CCL28,224240_s_at,3,0.3651914
CCDC90B,218288_s_at,3,0.5658763
CCDC88C,227228_s_at,3,0.5097371
TSPYL1,221493_at,3,0.73995954
COQ7,209746_s_at,3,0.34487233
TKT,208700_s_at,3,0.787708
TLE6,222219_s_at,3,0.23168783
IRAK3,220034_at,3,0.43077654
IRAK2,231779_at,3,0.3785874
TINCR,229385_s_at,3,0.23471412
TINAG,231154_x_at,3,0.1374249
CCDC7,220749_at,3,0.18444495
CCDC65,1552320_a_at,3,0.22732452
TTC28-AS1,244189_at,3,0.4440462
POMGNT1,217944_at,3,0.36738244
LETM1,222006_at,3,0.4315855
LGR4,218326_s_at,3,0.24645273
TSPY1,217162_at,3,0.13346007
TSNARE1,231317_at,3,0.27446464
TSN,201515_s_at,3,0.6629801
TTC12,1554531_at,3,0.20327403
POU3F3,228780_at,3,0.18620323
PPDPF,233571_x_at,3,0.77655715
LEISA1,239141_at,3,0.112564705
TSSK6,224409_s_at,3,0.1447798
INTS7,222250_s_at,3,0.37974003
RAB40C,227698_s_at,3,0.5453592
RAB40B,204547_at,3,0.31379366
TTC14,225180_at,3,0.61775863
POM121,213360_s_at,3,0.73247194
POLRMT,203782_s_at,3,0.44383934
POLR3H,225678_at,3,0.4252578
POLR3G,206654_s_at,3,0.3080284
PON2,201876_at,3,0.40419865
LHX4,232781_at,3,0.25258473
TTC39C,238480_at,3,0.47545734
TTC39B,242477_at,3,0.22026034
IPW,213447_at,3,0.4303972
RAB35,221819_at,3,0.54028213
RAB6B,221792_at,3,0.28153324
RAB5IF,217835_x_at,3,0.77387357
CPSF6,202469_s_at,3,0.6842327
CPSF2,225986_x_at,3,0.4358488
CPSF1,201639_s_at,3,0.6111491
TIFA,226117_at,3,0.60914785
CPEB2,226939_at,3,0.49556756
TINF2,224809_x_at,3,0.6383706
RABEP2,74694_s_at,3,0.55874383
INPP5F,203607_at,3,0.484759
INPP5D,203332_s_at,3,0.65054977
INPP5B,213804_at,3,0.44469494
INTS15,47083_at,3,0.5629641
RAB8B,226633_at,3,0.6879175
TIMM22,222841_s_at,3,0.4092717
COX11,211727_s_at,3,0.6237479
RAB5A,209089_at,3,0.69826156
RAB4A,203581_at,3,0.5352886
TIGD4,1552522_at,3,0.17132731
CPPED1,239135_at,3,0.42570594
CPNE8,228365_at,3,0.26623785
RAD17,207405_s_at,3,0.5493759
INSL3,1553594_a_at,3,0.40826607
INSIG1,201626_at,3,0.63122773
TTC39A,210652_s_at,3,0.14887528
TTC38,218272_at,3,0.30003303
CCDC198,1569434_at,3,0.22118694
CCDC197,1570111_at,3,0.18101726
CCDC61,228472_at,3,0.25196207
TTLL9,232357_at,3,0.15634774
LHFPL3-AS1,1554302_s_at,3,0.16209206
LILRB1,229937_x_at,3,0.48981848
POLR2D,203664_s_at,3,0.50904083
POLR2C,214263_x_at,3,0.5830167
THY1,208850_s_at,3,0.2134808
TIMP2,231579_s_at,3,0.62308484
INO80B,222093_s_at,3,0.34830284
RABL6,225377_at,3,0.5536912
RABL3,226090_x_at,3,0.4056253
RABGGTB,209181_s_at,3,0.73577803
RAD54L2,226624_at,3,0.41651922
RAD54B,235846_at,3,0.2775013
CCDC18,236665_at,3,0.39219177
CCDC174,225559_at,3,0.43686476
CCDC32,225397_at,3,0.45220605
POLR3A,227872_at,3,0.37511745
POLR2M,212243_at,3,0.54103416
LIMK2,202193_at,3,0.41433966
LIMK1,204357_s_at,3,0.28759804
CCDC150,232398_at,3,0.22478731
CRACDL,228067_at,3,0.21071906
CRACD,227230_s_at,3,0.24785061
CPXM2,226824_at,3,0.30759403
ILRUN,217925_s_at,3,0.46086976
INHBA,227140_at,3,0.25721648
RAD50,208393_s_at,3,0.40275633
CCDC186,229399_at,3,0.48430273
TTC6,1556665_at,3,0.21740977
TTC5,226557_at,3,0.32658327
TUBB,212320_at,3,0.7625305
CCDC144NL-AS1,1564360_a_at,3,0.12413245
TUBA1A,213646_x_at,3,0.84640145
TUB,210737_at,3,0.1783127
TTLL4,203702_s_at,3,0.30823424
CCDC14,225017_at,3,0.59778756
CCDC136,226972_s_at,3,0.2956897
POLR1D,218258_at,3,0.7474802
LIMA1,217892_s_at,3,0.34970635
LINC-PINT,228702_at,3,0.5886938
LIN9,235039_x_at,3,0.25933805
CREBL2,201989_s_at,3,0.48409232
CREB3L2,212345_s_at,3,0.60528517
CRK,202225_at,3,0.47202492
RALGAPA1P1,214855_s_at,3,0.4238952
RALBP1,202844_s_at,3,0.6117194
RAI1,226143_at,3,0.57160074
IL6R,226333_at,3,0.48593438
THRSP,1553583_a_at,3,0.26454434
THRB,207044_at,3,0.19852945
THPO,211831_s_at,3,0.15258913
CRACR2A,228752_at,3,0.48539925
CRHR1,214619_at,3,0.20054717
CRIM1,202552_s_at,3,0.36314958
CROT,204573_at,3,0.41583997
CROCCP2,211038_s_at,3,0.6239242
CROCC,206274_s_at,3,0.36184928
RAE1,201558_at,3,0.6691073
RANBP1,202483_s_at,3,0.664841
IL31RA,243541_at,3,0.16749844
THEM4,229253_at,3,0.3314455
CCDC168,1566665_at,3,0.16525403
TTLL10,1552419_s_at,3,0.30326563
POLK,223261_at,3,0.5133717
POLR3B,219459_at,3,0.40577435
POLR2B,1555837_s_at,3,0.692811
POLR2A,202725_at,3,0.6226459
POLR1H,228009_x_at,3,0.6130202
POLR1E,218997_at,3,0.45682302
PNKD,225298_at,3,0.5292221
PNPLA8,223310_x_at,3,0.66220737
TUBB4B,213726_x_at,3,0.7306971
TULP4,218184_at,3,0.3810573
CBR4,213626_at,3,0.44930652
LIN7C,223350_x_at,3,0.59831244
POLR1A,222704_at,3,0.289423
TTTY7,233151_s_at,3,0.11720352
POGK,218229_s_at,3,0.5043461
POF1B,219756_s_at,3,0.13458821
POLG,203366_at,3,0.5542065
POLE4,225844_at,3,0.5671409
TUBGCP3,203690_at,3,0.55697066
TUBGCP2,202477_s_at,3,0.5607193
TUBE1,226181_at,3,0.41518697
TUBD1,210389_x_at,3,0.38140932
LINC00301,1554765_a_at,3,0.1602896
LINC00342,1560661_x_at,3,0.4516816
LINC00334,1552877_s_at,3,0.24385026
TGM4,217566_s_at,3,0.19455941
CSAD,221139_s_at,3,0.4640313
TGS1,238346_s_at,3,0.54154146
IL27RA,222062_at,3,0.4301425
RANGAP1,212127_at,3,0.41384548
RARG,204189_at,3,0.19270158
TGFBRAP1,221235_s_at,3,0.56016314
TGFBR1,224793_s_at,3,0.60073173
THBD,203887_s_at,3,0.33456108
RALGAPB,221736_at,3,0.46472487
IL21R,237753_at,3,0.3317658
POLB,203616_at,3,0.58107895
TXLNG,227520_at,3,0.521811
RAPGEF1,225738_at,3,0.53087133
CAVIN1,208790_s_at,3,0.18632019
CATSPERG,231261_at,3,0.15432641
CATSPER2,217588_at,3,0.32802683
PLXDC1,214081_at,3,0.2794582
PLSCR1,202446_s_at,3,0.6389722
PMEPA1,222449_at,3,0.21295726
LINC00458,237275_at,3,0.12997293
PM20D2,225421_at,3,0.5956641
PLXND1,38671_at,3,0.5497402
CCAR2,225187_at,3,0.46578205
CCAR1,224736_at,3,0.72346467
PNO1,203622_s_at,3,0.54671454
POLA2,204441_s_at,3,0.39731094
PMS2P5,213893_x_at,3,0.58298975
LINC00304,1553450_s_at,3,0.15595494
TXNL4A,202836_s_at,3,0.73611796
TXNL1,201588_at,3,0.75327444
TFDP1,212330_at,3,0.6161313
TFCP2L1,219735_s_at,3,0.1689897
TFCP2,227637_at,3,0.47246146
IL18BP,222868_s_at,3,0.42719504
IL17RC,64440_at,3,0.4143363
IL17RB,224156_x_at,3,0.18480809
RASA3,225562_at,3,0.444891
RASA2,226392_at,3,0.6379069
RARRES1,206391_at,3,0.10063227
TFAP2B,215686_x_at,3,0.21891731
TGFA,205016_at,3,0.2440414
TFR2,210215_at,3,0.4530176
IL16,209827_s_at,3,0.5799764
IL20RA,222828_at,3,0.14239132
IL12RB1,1552584_at,3,0.4776622
TXNIP,201010_s_at,3,0.82555956
TXNDC9,211758_x_at,3,0.5692557
CAV2,203323_at,3,0.18517667
TYMS,202589_at,3,0.68725204
PLEKHH2,243650_at,3,0.15562749
PLN,204940_at,3,0.09111819
PLK4,204887_s_at,3,0.4230203
PLK3,204958_at,3,0.43735218
LINC00537,1554516_at,3,0.38327882
CAT,201432_at,3,0.7761404
CBLB,209682_at,3,0.50722456
LINC00491,1564281_at,3,0.18413176
PLPP3,212230_at,3,0.36284578
PLXNA2,227032_at,3,0.18614013
PLXNA1,221537_at,3,0.3666466
CSNK1D,208774_at,3,0.6022968
TFB1M,228075_x_at,3,0.42808196
TFAP2A,204654_s_at,3,0.1953174
CASP9,203984_s_at,3,0.49205443
CASP8,213373_s_at,3,0.62828904
TYW5,235181_at,3,0.40681106
PLEKHB1,209504_s_at,3,0.20832829
PLEKHA5,214989_x_at,3,0.68578845
PLEKHA3,223370_at,3,0.5221632
PLEKHM1,212717_at,3,0.5288101
TYR,206630_at,3,0.19619162
CSMD2,1570169_at,3,0.15770021
TFEC,206715_at,3,0.4063569
CSGALNACT2,222235_s_at,3,0.65173507
IKBIP,227295_at,3,0.4134314
IHO1,1569690_at,3,0.26846623
IKZF2,231929_at,3,0.3390413
IKBKB,209341_s_at,3,0.56972784
TES,202720_at,3,0.57633495
TEX26-AS1,1565763_at,3,0.15534769
CSNK1G3,227767_at,3,0.48803234
CASKIN2,61297_at,3,0.22560842
CASKIN1,1569737_a_at,3,0.15737993
CASD1,219342_at,3,0.43013254
UBE2D1,211764_s_at,3,0.5913025
LINC00598,1555264_a_at,3,0.1457334
PLCL2,213309_at,3,0.5907061
PLEKHG2,1558407_at,3,0.4277041
UBA5,218289_s_at,3,0.48901454
CARD10,210026_s_at,3,0.09790414
RASSF6,235638_at,3,0.15365964
CSDE1,219939_s_at,3,0.7543493
LINC00630,1569674_at,3,0.16081172
PLCB1,213222_at,3,0.37062207
PLEKHA2,225136_at,3,0.7048419
CAPN6,202966_at,3,0.15303189
CAPN3,210944_s_at,3,0.57175934
RBM34,212591_at,3,0.65200394
RASSF3,227167_s_at,3,0.62910455
RBIS,226165_at,3,0.7277232
RBFOX1,235070_at,3,0.26585633
RBM22,218134_s_at,3,0.6695164
RBM18,225236_at,3,0.55878204
RBM14,204178_s_at,3,0.5168487
IGHV1-69,211635_x_at,3,0.26897404
TENT5A,221766_s_at,3,0.6162248
TENT2,238706_at,3,0.5635056
IKZF3,227030_at,3,0.3455409
CST3,201360_at,3,0.60581857
CTAG1B,211674_x_at,3,0.14974031
CSTF3,203947_at,3,0.48993543
CTC1,219435_at,3,0.41527003
RBM10,215089_s_at,3,0.5793262
CARD16,1552703_s_at,3,0.59227824
PLAUR,210845_s_at,3,0.6033566
PLAGL1,209318_x_at,3,0.47753868
LINC00664,231470_at,3,0.19388677
PLAC4,214750_at,3,0.14376354
CAPZA2,201238_s_at,3,0.69378376
PLEKHB2,201410_at,3,0.65931344
CAMK4,229029_at,3,0.3135753
PLCH1,214745_at,3,0.25952548
PLCG2,204613_at,3,0.58722585
PLCG1,202789_at,3,0.44475195
UBE2D2,201345_s_at,3,0.72129357
UBE2U,242392_at,3,0.21749032
PKLR,222078_at,3,0.24000011
PKHD1,1553003_at,3,0.17217997
CAMSAP2,212763_at,3,0.27946225
CANT1,46323_at,3,0.52273405
PLAAT2,216759_at,3,0.21848759
PLAA,209533_s_at,3,0.4737602
PLA2G6,204691_x_at,3,0.437649
PLA2G5,206178_at,3,0.25015226
LINC00642,1557656_at,3,0.21305434
CAMK2N1,218309_at,3,0.24111553
IFT57,218100_s_at,3,0.5782138
TEX11,233514_x_at,3,0.12880264
TET3,235542_at,3,0.55994517
TET2,227624_at,3,0.50092924
CTNNB1,201533_at,3,0.6920616
TEAD1,214600_at,3,0.18798584
TDRP,226778_at,3,0.17481296
TDRKH,223530_at,3,0.22333409
TENM3,227050_at,3,0.14474474
TDH,1553493_a_at,3,0.21417955
TECPR1,227580_s_at,3,0.57492447
UBALD1,225874_at,3,0.41421372
CACNG8,231355_at,3,0.22253151
CALCRL,206331_at,3,0.16944377
UBE2G1,209142_s_at,3,0.6314503
IGFBP7,201163_s_at,3,0.6116517
IGF2BP1,227377_at,3,0.13159317
IGF2,202409_at,3,0.2168854
IGHMBP2,31861_at,3,0.4616797
CAPN13,229499_at,3,0.16581008
IFT43,226196_s_at,3,0.35900918
IFT27,205037_at,3,0.4075112
IGF2R,201393_s_at,3,0.51744264
TCOF1,202385_s_at,3,0.45787656
CALR,212953_x_at,3,0.7135168
CALN1,1555168_a_at,3,0.26074526
UBE2N,201524_x_at,3,0.7267851
UBE2K,202347_s_at,3,0.63204706
UBIAD1,229348_at,3,0.43851218
PITPNM2,232950_s_at,3,0.34025073
PITPNA,201190_s_at,3,0.56277335
PITHD1,223124_s_at,3,0.6571043
TDRD3,1569069_s_at,3,0.43387637
CTNND2,209617_s_at,3,0.2276964
CTNND1,208407_s_at,3,0.38057777
CTTNBP2NL,226000_at,3,0.2432132
RBM6,201967_at,3,0.5963975
IFNGR1,202727_s_at,3,0.704059
IFT74,219174_at,3,0.37115026
PIWIL2,239303_at,3,0.20017257
UBE2Q1,217978_s_at,3,0.6734226
PIK3R5,227645_at,3,0.47788063
PIK3R4,212740_at,3,0.4966804
PIK3R2,1568629_s_at,3,0.45619658
PIK3R1,212239_at,3,0.6540758
PIK3IP1,221756_at,3,0.58567446
PIP5K1A,207391_s_at,3,0.44080073
PIP4K2A,212829_at,3,0.63383156
LINC00908,241821_at,3,0.18477447
LINC00907,1558903_at,3,0.18094903
CACNA1I,221631_at,3,0.26682302
CTSS,232617_at,3,0.7073215
CA5B,238435_at,3,0.42218703
RC3H1,225893_at,3,0.6381643
RBSN,226581_at,3,0.4810514
TCP1,208778_s_at,3,0.75277185
CUL3,201371_s_at,3,0.7238049
CTXND1,215126_at,3,0.1856553
CADM3,211677_x_at,3,0.22947784
UBE2Z,217750_s_at,3,0.58125526
UBE2V2,209096_at,3,0.59262884
PIK3CG,239294_at,3,0.60318476
PIK3CA,204369_at,3,0.5123093
CABP4,1554202_x_at,3,0.3629715
TCF25,221495_s_at,3,0.6828586
RBPJ,211974_x_at,3,0.70841837
IFT25,215691_x_at,3,0.6931187
TDP1,219715_s_at,3,0.45243022
IFT122,220744_s_at,3,0.41253424
IFRD1,202146_at,3,0.6154805
RCBTB1,218352_at,3,0.56126124
RCAN3,226272_at,3,0.5314196
IFIH1,219209_at,3,0.43964958
IFNAR2,204785_x_at,3,0.60540545
RCAN1,208370_s_at,3,0.4876002
CACNG4,62987_r_at,3,0.27073085
CACNB1,210185_at,3,0.29520705
CA8,220234_at,3,0.20446447
PIKFYVE,213111_at,3,0.65084684
PIGX,1552291_at,3,0.42800274
LINC00997,232256_s_at,3,0.26424083
PIGO,209998_at,3,0.37853542
PIGM,223470_at,3,0.32687542
PIGK,209707_at,3,0.4653217
TCEANC2,208144_s_at,3,0.30352446
TCEANC,1553815_a_at,3,0.25754106
TCEA2,203919_at,3,0.41934404
CWF19L1,233568_x_at,3,0.44426322
CXCR4,217028_at,3,0.8474032
CXCL5,214974_x_at,3,0.18228504
CXCL2,209774_x_at,3,0.4315107
CXCL14,218002_s_at,3,0.08612728
UBE3D,227790_at,3,0.30246252
PIEZO1,202771_at,3,0.60242
LINC00960,1559827_at,3,0.25402278
LINC01016,1557276_at,3,0.3706529
PID1,219093_at,3,0.2155213
UBR5,208884_s_at,3,0.5585421
C9orf72,225919_s_at,3,0.50490016
IFT140,232844_at,3,0.25701913
TCEA1,216241_s_at,3,0.75324124
TCAF2,1564027_a_at,3,0.27485737
CABP1,208321_s_at,3,0.14386548
CABLES1,225532_at,3,0.36698148
CAB39L,225914_s_at,3,0.36154357
UBQLN1,222990_at,3,0.7543419
LINC01089,1556042_s_at,3,0.48511502
PHLDB3,1557948_at,3,0.42374867
PHLDB1,212134_at,3,0.28297532
PI4KB,206138_s_at,3,0.59994644
LINC01004,235217_at,3,0.32416785
PI4K2A,209345_s_at,3,0.46859252
TC2N,1553132_a_at,3,0.25031397
CXXC5,224516_s_at,3,0.6686657
CYLC1,216809_at,3,0.21598113
CYGB,1570410_at,3,0.35119775
IFI16,208966_x_at,3,0.726405
UBXN4,212007_at,3,0.7068169
C8orf34,231380_at,3,0.16824996
PIGC,202846_s_at,3,0.57520545
LINC01210,1556507_at,3,0.34758925
PHLDA2,209803_s_at,3,0.3145289
PHKG2,203709_at,3,0.4549206
PHKA2,209439_s_at,3,0.4808336
PHIP,213074_at,3,0.67910343
C9orf85,238912_x_at,3,0.44833604
UBXN10,230092_at,3,0.3271169
TCF12,208986_at,3,0.587092
TCERG1,202396_at,3,0.68115354
IFITM10,227863_at,3,0.28567567
RCOR3,222605_at,3,0.59780777
RCL1,218544_s_at,3,0.49653888
IDH1,201193_at,3,0.5228986
CYP2B6,217133_x_at,3,0.19383939
PHF8,212916_at,3,0.43837708
PHF7,221611_s_at,3,0.3192216
PHACTR1,226397_s_at,3,0.50486875
PHF19,227212_s_at,3,0.53773755
PHF14,228095_at,3,0.49777472
LINC01138,1556033_at,3,0.40457153
C5orf22,203738_at,3,0.49900952
C7orf50,224478_s_at,3,0.4268468
C7,235979_at,3,0.18279196
TBCB,216194_s_at,3,0.6364615
REG4,223447_at,3,0.21608321
CYCS,208905_at,3,0.7468923
IDE,203327_at,3,0.4305476
ID2,201565_s_at,3,0.6920121
HYI,223769_x_at,3,0.51543546
RET,205879_x_at,3,0.265514
REST,212920_at,3,0.58729875
C6orf62,208809_s_at,3,0.7198113
C6orf52,239417_x_at,3,0.15464585
PGM5,226303_at,3,0.14913309
PGM2,225367_at,3,0.58048135
PHC2,200919_at,3,0.6527023
LINC01191,243795_s_at,3,0.10649831
PHAX,235767_x_at,3,0.40058604
C4A,214428_x_at,3,0.38047826
C5orf58,1554115_at,3,0.28400677
TBC1D30,215186_at,3,0.2033634
ICAM1,202637_s_at,3,0.44550312
IDH3B,210014_x_at,3,0.6292859
IDH3A,202069_s_at,3,0.4452855
C4orf3,224604_at,3,0.71762645
CYTH2,209158_s_at,3,0.50883836
CYSLTR1,230866_at,3,0.41829598
TAT,206916_x_at,3,0.30486688
TASOR,209284_s_at,3,0.55838543
RER1,202296_s_at,3,0.57691234
HTR7P1,236115_at,3,0.31621903
REPS2,205645_at,3,0.32076252
REPS1,224366_s_at,3,0.63644177
REPIN1,219041_s_at,3,0.68657935
RFC3,204127_at,3,0.4853855
TBC1D22A,33778_at,3,0.5345077
TBC1D8B,1563272_at,3,0.18830356
TBC1D5,201814_at,3,0.6188268
CYP2U1,226393_at,3,0.3081046
CYP2R1,227109_at,3,0.48196185
HTR2A,207135_at,3,0.20758952
TAX1BP1,200976_s_at,3,0.70799476
CYTH4,219183_s_at,3,0.5342856
UGT3A1,236597_at,3,0.16003075
UGT2B15,207392_x_at,3,0.2314351
UNC13D,226678_at,3,0.37428802
PEX26,219180_s_at,3,0.49911836
LINC01360,1561213_at,3,0.099164344
UGCG,224967_at,3,0.6577246
UFM1,218050_at,3,0.68354917
PHAF1,223440_at,3,0.44522482
UNC5B,41856_at,3,0.37509775
PGD,201118_at,3,0.6138376
PGR,228554_at,3,0.12563147
UFL1,212633_at,3,0.56065285
C4orf33,1552370_at,3,0.35385194
RFX4,1552809_at,3,0.1574279
RFX2,242966_x_at,3,0.30883893
TBC1D22B,223375_at,3,0.45884097
HUS1,204883_s_at,3,0.43093055
HTR7,236281_x_at,3,0.18741417
HTR4,207578_s_at,3,0.33991638
RFC5,203209_at,3,0.50748307
RGL3,1556355_x_at,3,0.23515896
TAPBP,208829_at,3,0.72187614
CYRIB,217916_s_at,3,0.7203889
CYRIA,208092_s_at,3,0.45032072
DACH1,205471_s_at,3,0.31289586
DAB2IP,235966_at,3,0.24080983
DAB1,226020_s_at,3,0.46803907
CYP2E1,209975_at,3,0.2674643
REXO1,226144_at,3,0.41476634
TAMM41,234697_x_at,3,0.41762385
DAZAP1,226620_x_at,3,0.71075284
HSPA14,219212_at,3,0.57071173
HSPH1,206976_s_at,3,0.6031812
DAP3,208822_s_at,3,0.6650316
UNKL,229908_s_at,3,0.481751
UNK,228357_at,3,0.53406966
UNC93B1,220998_s_at,3,0.42023847
UNC80,230220_at,3,0.177229
PEX2,210296_s_at,3,0.5127496
PEX16,49878_at,3,0.6112523
PEX14,33760_at,3,0.4286585
PFKFB1,237777_at,3,0.25060356
PFDN4,205361_s_at,3,0.6609178
PEX3,203970_s_at,3,0.4158301
UQCC2,224448_s_at,3,0.5209615
RGS14,38290_at,3,0.48206142
RGS13,210258_at,3,0.17862558
RGS11,211872_s_at,3,0.13385269
RGS10,204319_s_at,3,0.6298854
TAOK2,204877_s_at,3,0.34943134
TANC2,224952_at,3,0.293262
C2orf72,1556464_a_at,3,0.3000781
C2orf49,226951_at,3,0.5057096
C1orf116,228865_at,3,0.19215584
PEBP1,210825_s_at,3,0.78560543
LINC01547,1555393_s_at,3,0.25622377
PEAK1,225913_at,3,0.46545425
PDZRN3,1555587_at,3,0.20023282
URB1,212996_s_at,3,0.34249115
C1orf56,223459_s_at,3,0.29332116
TANC1,234870_at,3,0.27079496
RGS1,216834_at,3,0.6155367
RGR,207070_at,3,0.19987072
RGPD5,212842_x_at,3,0.6110929
HSP90AB1,200064_at,3,0.78748196
RGS8,234297_at,3,0.33714443
RGS7,206290_s_at,3,0.13662316
C1orf43,223034_s_at,3,0.7546461
UQCRC2,212600_s_at,3,0.73363876
PELI1,218319_at,3,0.6737602
PDLIM3,240289_at,3,0.18234438
PDK4,225207_at,3,0.30793202
PDZD2,209493_at,3,0.12808171
PDXP-DT,1561419_at,3,0.12173616
TAFA5,229655_at,3,0.112405956
DAPK3,203891_s_at,3,0.35702044
RGS16,209324_s_at,3,0.29443705
DCLK2,227666_at,3,0.13374187
DBI,202428_x_at,3,0.77447784
RGS4,204337_at,3,0.11670422
RHEX,230381_at,3,0.36806956
RHD,210586_x_at,3,0.27033067
PDX1,210937_s_at,3,0.1384969
USH1C,221173_at,3,0.14907937
PDPR,224904_at,3,0.5587786
LINC01550,1559097_at,3,0.25946516
LINC01620,1570328_s_at,3,0.18202737
USF2,215737_x_at,3,0.5568515
USB1,1554016_a_at,3,0.4299997
UROS,203031_s_at,3,0.5316944
UROD,208970_s_at,3,0.70574445
HS3ST3B1,227361_at,3,0.3616711
HS3ST1,205466_s_at,3,0.21187833
DCTD,210137_s_at,3,0.5671846
DCAF6,217908_s_at,3,0.55705416
DCAF16,228106_at,3,0.5910238
TAF15,202840_at,3,0.55908096
TAF11,209358_at,3,0.6381665
TAF10,200055_at,3,0.7586808
TAGLN,205547_s_at,3,0.36845568
TAF1D,222728_s_at,3,0.7420856
USP24,212388_at,3,0.570606
USP21,232219_x_at,3,0.48689333
C17orf80,223351_at,3,0.39882353
C1GALT1,219439_at,3,0.4993255
USP28,230623_x_at,3,0.45555356
USP16,228822_s_at,3,0.67098665
USP14,201672_s_at,3,0.6693063
USP13,205356_at,3,0.42657182
HS6ST1,225263_at,3,0.443801
RHAG,206145_at,3,0.38707393
RHOT1,222148_s_at,3,0.6164073
DCC,242653_at,3,0.12731755
PDK1,226452_at,3,0.51277554
USP33,212513_s_at,3,0.6132178
PDE4B,203708_at,3,0.63752824
PDE3B,214582_at,3,0.38142532
USP38,223289_s_at,3,0.503518
USP37,232033_at,3,0.3619107
PDIA3,208612_at,3,0.74740595
PDHA1,1555864_s_at,3,0.63683075
PDE8B,213228_at,3,0.22949006
PDE7B,230109_at,3,0.16403227
PDE6D,204091_at,3,0.4784581
DCAKD,224522_s_at,3,0.41451484
DDAH1,209094_at,3,0.18804027
C15orf39,204494_s_at,3,0.5178823
C19orf25,226378_s_at,3,0.42339435
C19orf12,223983_s_at,3,0.45062163
USP45,238057_at,3,0.32907024
PCYT1B,210456_at,3,0.17870127
PCYT1A,225069_at,3,0.5130575
PDE10A,211171_s_at,3,0.20216352
UTP14A,221514_at,3,0.5217568
C12orf54,237701_at,3,0.14515689
USP9X,201100_s_at,3,0.68171877
DCUN1D5,223151_at,3,0.59046954
DCUN1D4,212855_at,3,0.43934906
SYTL4,227703_s_at,3,0.16536006
HR,241355_at,3,0.26692066
HS6ST2,1552767_a_at,3,0.1401077
HPS4,54037_at,3,0.4957877
HPS3,227139_s_at,3,0.512668
HOXB8,229667_s_at,3,0.14464651
HOXB7,216973_s_at,3,0.26983345
HOXB3,228904_at,3,0.3517867
SYT12,215860_at,3,0.23234014
USP7,201499_s_at,3,0.68435234
USP6NL,204761_at,3,0.44706282
PDCD6P1,1568763_s_at,3,0.5673449
PCMT1,205202_at,3,0.6090241
PCLO,213558_at,3,0.16085143
PCSK5,205559_s_at,3,0.22017236
PCNX4,219972_s_at,3,0.40756702
SYT11,209197_at,3,0.39085156
TAB2,212184_s_at,3,0.6041483
DDAH2,214909_s_at,3,0.54121804
DCTN4,222488_s_at,3,0.6518967
DCTN2,200932_s_at,3,0.6511134
DDX19A,202577_s_at,3,0.5285631
UTY,208067_x_at,3,0.4228754
UTRN,225093_at,3,0.6009618
C11orf54,223268_at,3,0.52261215
C12orf76,226583_at,3,0.43306434
PCNP,217816_s_at,3,0.74841565
PCMTD2,212406_s_at,3,0.6361371
VAPB,202550_s_at,3,0.53192073
BZW1,200777_s_at,3,0.71763957
HOXD3,206601_s_at,3,0.08951847
SYTL2,232914_s_at,3,0.35890833
TADA2A,209938_at,3,0.27772206
HOXD13,236681_at,3,0.12107757
HOXD10,229400_at,3,0.12596089
RHOA,200059_s_at,3,0.8384779
RHOT2,65770_at,3,0.54718053
RIMS2,215478_at,3,0.20001689
RIMS1,216184_s_at,3,0.13975388
HOXA13,238571_at,3,0.23085245
C11orf87,1557180_at,3,0.070356436
VAMP4,213480_at,3,0.55108297
VAMP3,201336_at,3,0.7186281
VAMP2,201556_s_at,3,0.54319596
BTG1,200921_s_at,3,0.8159277
VDAC1,212038_s_at,3,0.6302622
VAMP1,213326_at,3,0.6303937
VAC14,218169_at,3,0.3623436
VAV3,218807_at,3,0.5616426
VAV2,226063_at,3,0.40461308
DDX42,201788_at,3,0.6207543
SYNPO,235128_at,3,0.24011391
SYNJ2BP,227274_at,3,0.4449752
SYNJ1,212990_at,3,0.47413984
DDX6,225549_at,3,0.74714816
DDX59,223662_x_at,3,0.67158127
DDX54,219111_s_at,3,0.5046977
BTN3A3,204820_s_at,3,0.65380514
C10orf90,1562657_a_at,3,0.22785869
C10orf67,1553845_x_at,3,0.30084434
VASH2,1555092_at,3,0.21727403
BTG4,1569675_at,3,0.11787369
VGLL1,215730_at,3,0.16416036
PCBD2,223712_at,3,0.37141725
PCDH11X,208366_at,3,0.14304678
HOPX,211597_s_at,3,0.463756
HOMER3,204647_at,3,0.39857146
HNRNPUL2,225405_at,3,0.6242846
HOXA7,206848_at,3,0.42302552
RIGI,242961_x_at,3,0.42316207
RIPOR1,45749_at,3,0.6180574
HNRNPH1,201031_s_at,3,0.81406564
HOXA-AS2,242528_at,3,0.21182247
HOTTIP,1564069_at,3,0.402249
VDAC3,208845_at,3,0.7209908
BTG3,213134_x_at,3,0.6523392
PAXBP1,218515_at,3,0.5817987
PAX8-AS1,227474_at,3,0.399048
PAX1,214401_at,3,0.20939067
PBXIP1,214177_s_at,3,0.64973223
HNRNPA0,201054_at,3,0.65671176
SYNGR1,210613_s_at,3,0.5551034
SYNGAP1,226163_at,3,0.3419489
RMC1,221190_s_at,3,0.5790155
HMGN4,202579_x_at,3,0.68149513
DDX51,1554085_at,3,0.4176253
DDX50,221699_s_at,3,0.62243193
DDX49,31807_at,3,0.5442356
DDX31,235436_at,3,0.29337108
DDX27,215693_x_at,3,0.6115354
SV2B,244717_x_at,3,0.24983166
PCCA,203860_at,3,0.36665836
VIPR2,211598_x_at,3,0.42842534
BTN2A2,205298_s_at,3,0.43806598
BRI3,223376_s_at,3,0.6793592
BSND,1552548_at,3,0.20807482
VEZF1,202171_at,3,0.65251034
BRWD3,1553252_a_at,3,0.4165419
DEDD,215158_s_at,3,0.55303204
PARP2,215773_x_at,3,0.47324
SUPT7L,201837_s_at,3,0.58892447
RMST,1560834_a_at,3,0.07781848
HNRNPR,208766_s_at,3,0.7759803
SWAP70,209306_s_at,3,0.5814896
SVIL-AS1,228786_at,3,0.33704144
DENND2A,53991_at,3,0.19331266
BTBD8,214098_at,3,0.23187974
BRPF3,225217_s_at,3,0.38742664
BROX,226128_at,3,0.6523805
VNN3P,1553514_a_at,3,0.25669086
VPS37C,1560060_s_at,3,0.4928916
PARP11,229138_at,3,0.40312645
PASK,213534_s_at,3,0.44350156
PARVG,223562_at,3,0.6397647
RMDN1,218549_s_at,3,0.51667815
PAPSS2,203060_s_at,3,0.24704114
DENND4C,226867_at,3,0.5469031
DFFA,226116_at,3,0.52497345
SUMO1,211069_s_at,3,0.74771476
HNRNPA3,211929_at,3,0.70893836
SUSD4,223821_s_at,3,0.1697678
SURF4,222978_at,3,0.63895315
DENND10,222955_s_at,3,0.44385156
PART1,205834_s_at,3,0.18767448
PARPBP,220060_s_at,3,0.39814568
VMA21,225556_at,3,0.69537127
VIRMA,223110_at,3,0.49476722
VPS33A,227815_at,3,0.41680393
PARD6G,227204_at,3,0.281622
PARD6B,235165_at,3,0.23971957
PARP6,219639_x_at,3,0.6408882
HMG20B,210719_s_at,3,0.5449135
DENND6B,229739_s_at,3,0.34933662
PANX2,244471_x_at,3,0.3181013
BRD8,202227_s_at,3,0.59222883
PAIP2,222984_at,3,0.7593893
PAICS,201013_s_at,3,0.61275023
LINC02249,216596_at,3,0.15630916
VPS8,209553_at,3,0.4845696
VPS54,233656_s_at,3,0.51675457
BOLA2,209836_x_at,3,0.64383954
BSDC1,218004_at,3,0.56669486
BRD3,203825_at,3,0.5863448
BRD2,214911_s_at,3,0.70837426
VPS41,210849_s_at,3,0.4523379
PAM,212958_x_at,3,0.42929253
PALMD,232187_at,3,0.18122967
DES,214027_x_at,3,0.26770067
HLA-F,221875_x_at,3,0.7953589
HLA-E,200905_x_at,3,0.8336026
HMGCLL1,232305_at,3,0.09787368
RMDN2,235349_at,3,0.2770198
DGUOK,209549_s_at,3,0.62923384
SULF1,212354_at,3,0.18084557
BPNT1,232103_at,3,0.32823044
BOD1L1,225821_s_at,3,0.5565134
BOC,225990_at,3,0.228348
VSTM2A,230117_at,3,0.120608754
VSIR,225373_at,3,0.63852704
BNIP1,204930_s_at,3,0.42450798
BMS1P20,233132_at,3,0.49759376
HLA-B,209140_x_at,3,0.86293244
HMGA1,206074_s_at,3,0.6926241
HIGD1A,217845_x_at,3,0.7024676
HMBOX1,219269_at,3,0.5727327
HLF,204753_s_at,3,0.117800765
SULT1A1,203615_x_at,3,0.61564
DHRS12,204800_s_at,3,0.37136254
DHPS,207831_x_at,3,0.50753087
DHODH,213632_at,3,0.32884675
PADI2,1554385_a_at,3,0.3056953
PAK4,33814_at,3,0.4212621
PAK3,214607_at,3,0.20401382
WASF2,224562_at,3,0.7438682
PACRG,215472_at,3,0.19471225
PABPN1,201544_x_at,3,0.7775896
PAG1,225626_at,3,0.5987265
PAFAH1B2P2,1564533_at,3,0.121117786
PAFAH1B2,224777_s_at,3,0.6712846
RNASE7,234699_at,3,0.111482404
BMP8B,235275_at,3,0.2588196
VTI1B,209452_s_at,3,0.6296262
OTULIN,229268_at,3,0.44826865
P2RY10,1553856_s_at,3,0.38638225
PABPC1L,226670_s_at,3,0.52978635
WARS2,222734_at,3,0.34986538
PADI4,220001_at,3,0.45921394
BMP6,206176_at,3,0.20088546
PABIR2,222673_x_at,3,0.59267604
PABIR1,226443_at,3,0.49073017
P4HB,200654_at,3,0.7408075
PACSIN2,201651_s_at,3,0.6591526
BLTP3A,226135_at,3,0.5563675
BMPR1B,242579_at,3,0.25770506
RNF126,223332_x_at,3,0.4943736
BID,211725_s_at,3,0.6099732
SUCLG2-DT,1557338_x_at,3,0.21238667
SUCLG2,215772_x_at,3,0.51536995
DHX35,218579_s_at,3,0.33597276
HIF1AN,226648_at,3,0.48876074
HIVEP2,212642_s_at,3,0.44547713
HIVEP1,204512_at,3,0.47043732
RNF115,212742_at,3,0.54465073
RNF114,211678_s_at,3,0.6566977
DIO3OS,223757_at,3,0.15189935
DHRS9,219799_s_at,3,0.3955993
DIAPH2-AS1,217245_at,3,0.1434543
DHX9-AS1,215467_x_at,3,0.5075215
DHX9,202420_s_at,3,0.66811883
HLA-DRB1,209312_x_at,3,0.78996193
HLA-DPA1,211990_at,3,0.8034061
WDR12,218512_at,3,0.50623137
HHLA2,220812_s_at,3,0.14287135
DIAPH3-AS1,1555995_a_at,3,0.15519236
DHX8,203334_at,3,0.4769488
DHX34,214017_s_at,3,0.37664795
RNF145,226077_at,3,0.6311258
HIP1R,38340_at,3,0.46570757
HINT3,228697_at,3,0.45799217
BMAL2,223586_at,3,0.17032953
VXN,228701_at,3,0.14645275
PABPC1,215157_x_at,3,0.87041515
OTUD5,224745_x_at,3,0.5129177
OTUD1,226140_s_at,3,0.6723077
OTUB1,201245_s_at,3,0.5825389
WBP4,203597_s_at,3,0.4713225
WBP11,217822_at,3,0.69016075
DIP2B,224872_at,3,0.56836176
RNF14,201823_s_at,3,0.4261036
RNF180,242985_x_at,3,0.11119321
HIC1,230218_at,3,0.22139442
HIBADH,224812_at,3,0.4207382
BLOC1S6,224892_at,3,0.6985795
WASHC4,212795_at,3,0.6680506
WASHC2C,211068_x_at,3,0.6571465
OTULINL,219694_at,3,0.36925253
OSBPL1A,208158_s_at,3,0.39199272
OSBP2,223432_at,3,0.31428728
OSBP,201800_s_at,3,0.53166795
OSMR,226621_at,3,0.17928673
OSER1-DT,1558906_a_at,3,0.1749042
WDR20,227541_at,3,0.43337768
WDR19,220917_s_at,3,0.3967831
DIXDC1,1558340_at,3,0.24210796
DISP2,229579_s_at,3,0.17099899
STX3,209238_at,3,0.46297297
DIPK2A,226464_at,3,0.57478964
BGN,201261_x_at,3,0.28592607
BEST1,1554442_at,3,0.33965886
BEND7,227341_at,3,0.14607008
ORMDL1,223187_s_at,3,0.6920151
ORC5,204957_at,3,0.4401318
OSBPL7,227946_at,3,0.50004625
OSBPL6,223805_at,3,0.199319
BHMT2,219902_at,3,0.12981886
DLEC1,206798_x_at,3,0.14369301
DLAT,212568_s_at,3,0.41480383
DIPK1A,216044_x_at,3,0.3566478
DIP2C,212503_s_at,3,0.26732364
HELZ,225910_at,3,0.5809454
HELB,1570200_at,3,0.29312083
RNF170,226104_at,3,0.39133957
RNF217,226885_at,3,0.27427417
HERC2P7,235902_at,3,0.39735955
WDHD1,204728_s_at,3,0.26615766
WDFY3-AS2,1562953_s_at,3,0.14762226
OPA3,229624_at,3,0.34951445
OPRM1,211359_s_at,3,0.16573225
WDR41,222503_s_at,3,0.52672035
WDR4,241937_s_at,3,0.4061969
WDR37,211383_s_at,3,0.5316876
BDH1,211715_s_at,3,0.40625426
BCR,202315_s_at,3,0.54035115
DKC1,201479_at,3,0.66010094
STUB1,227625_s_at,3,0.7521502
HERC2,217902_s_at,3,0.49289033
HERC1,218306_s_at,3,0.60913754
STXBP5L,215518_at,3,0.19090082
STXBP5-AS1,238685_at,3,0.13333091
STXBP5,226794_at,3,0.39541256
STRA6,221701_s_at,3,0.2963473
DLX6,239309_at,3,0.09759366
BEST3,237003_at,3,0.28305405
OR2L2,1567240_x_at,3,0.16154258
OR51E2,236121_at,3,0.093136795
LINC03025,1570388_a_at,3,0.20657638
OGG1,205760_s_at,3,0.41037488
OGFRL1,226810_at,3,0.6262065
BCL2L15,236979_at,3,0.25138995
BECN1,208946_s_at,3,0.6052272
BDP1,226290_at,3,0.5634968
HES1,203394_s_at,3,0.28508845
HERPUD2,222751_at,3,0.6460746
RNF6,203403_s_at,3,0.6751873
DMPK,37996_s_at,3,0.3468147
STRADA,52169_at,3,0.5500454
OGFOD3,53071_s_at,3,0.5174442
OGFOD2,44617_at,3,0.41169557
BCL11B,222895_s_at,3,0.44090676
WDR74,221712_s_at,3,0.47598234
WDR73,213031_s_at,3,0.46729386
WDR62,215218_s_at,3,0.33381182
WDR55,219809_at,3,0.4741
WDR89,238650_x_at,3,0.36443362
RNF41,201962_s_at,3,0.45449758
RNF40,206845_s_at,3,0.5180924
HEATR6,218991_at,3,0.352839
RNF31,220788_s_at,3,0.4133955
DMAC2,45828_at,3,0.5836916
DMWD,33768_at,3,0.41067538
STMP1,224752_at,3,0.69608545
STMN1,200783_s_at,3,0.6303895
BCL10,205263_at,3,0.5394697
OLAH,219975_x_at,3,0.26188424
OIP5-AS1,225225_at,3,0.7059733
WDR90,227894_at,3,0.4252797
OBP2B,220959_s_at,3,0.11748714
OBP2A,220848_x_at,3,0.106359765
OGDH,1554151_at,3,0.33852333
ROBO2,226766_at,3,0.088551134
RNPC3,229903_x_at,3,0.53730637
HECW2,232080_at,3,0.20725428
HES2,231928_at,3,0.16028841
STK3,204068_at,3,0.38222438
HECW1,215584_at,3,0.26056433
HECA,218603_at,3,0.7153049
STON1,213413_at,3,0.2035103
STOML1,33736_at,3,0.3505203
STOM,201061_s_at,3,0.66274166
STN1,219100_at,3,0.50090915
OLFM1,213131_at,3,0.16842026
BCAN,91920_at,3,0.2841095
WNT3,229103_at,3,0.18681304
LITAF,200704_at,3,0.7259797
WFDC2,203892_at,3,0.2878278
DNAH11,1553159_at,3,0.14104371
DNAH10,229738_at,3,0.22489542
RNF34,219035_s_at,3,0.5230089
RNF32,1554642_at,3,0.20890136
DNAJC12,218976_at,3,0.2247708
RNH1,206050_s_at,3,0.67790407
RNFT2,1553209_at,3,0.24223821
RNFT1,227268_at,3,0.5071331
RORB,231040_at,3,0.19755244
DNAJB9,202842_s_at,3,0.6064317
BCCIP,227322_s_at,3,0.6077779
WDTC1,40829_at,3,0.53221995
WDR91,218971_s_at,3,0.41100097
WNK3,1555248_a_at,3,0.24910966
LMCD1,227317_at,3,0.2347409
LMBRD2,226779_at,3,0.47893655
LMAN1,224629_at,3,0.677731
NXF2,220257_x_at,3,0.27388486
OAZ1,200077_s_at,3,0.84972614
OAS2,228607_at,3,0.37889892
ROR1,205805_s_at,3,0.2621023
HDAC8,223909_s_at,3,0.37439355
HDAC6,206846_s_at,3,0.5291421
HDAC4,204225_at,3,0.39121482
STK36,231806_s_at,3,0.35927224
BARD1,205345_at,3,0.46296582
BBS1,218471_s_at,3,0.42724913
WFDC8,1554157_a_at,3,0.21578635
WRAP73,219322_s_at,3,0.44557878
BACE2,222446_s_at,3,0.39300418
BABAM2,205550_s_at,3,0.5623315
BANP,219966_x_at,3,0.5447042
BANK1,219667_s_at,3,0.53500104
DNAH9,210345_s_at,3,0.15308855
DNAH7,214222_at,3,0.25219178
DNAJC13,212467_at,3,0.5490681
DNAJC18,238115_at,3,0.3001767
DNAJC1,222620_s_at,3,0.59445953
HBP1,209102_s_at,3,0.6257081
RPA1,201528_at,3,0.6518071
RP9P,227035_x_at,3,0.5038426
RP9,227852_at,3,0.5672165
RPL12,200088_x_at,3,0.89424276
DNAJB14,219237_s_at,3,0.5697788
BAD,209364_at,3,0.41722402
B3GNT2,222870_s_at,3,0.6726957
NXPH2,232334_at,3,0.16703486
LLPH,224446_at,3,0.5170579
LLGL2,203713_s_at,3,0.37211806
DNAJC22,244193_at,3,0.33276564
STIMATE,227078_at,3,0.3532417
STIM2,234140_s_at,3,0.47565618
RPL10A,229563_s_at,3,0.90325737
RPH3AL,221614_s_at,3,0.26147905
RPF1,218462_at,3,0.70133424
HAUS6,222685_at,3,0.45682746
HAUS5,36888_at,3,0.49199438
HCFC1,202474_s_at,3,0.58492225
LMNTD2-AS1,1569453_a_at,3,0.28809294
WLS,228949_at,3,0.18924235
WWTR1,202132_at,3,0.2124097
LNPK,229173_at,3,0.41467157
LNCATV,236398_s_at,3,0.24895966
NUP98,210793_s_at,3,0.5997978
B4GALNT3,229909_at,3,0.19433558
STK17A,202693_s_at,3,0.68163705
STK11,231017_at,3,0.4465732
STK10,40420_at,3,0.6365658
LMOD3,243346_at,3,0.1190914
NUP188,212691_at,3,0.45075056
NUP160,212709_at,3,0.51515406
NUTM2A-AS1,227724_at,3,0.43919566
STC1,204595_s_at,3,0.17959514
DNAJC16,212908_at,3,0.40143967
DNAJC15,218435_at,3,0.61355555
DNAL1,226309_at,3,0.30639702
DNAJC9,213088_s_at,3,0.6924233
DNAJC8,205545_x_at,3,0.6482901
DNAJC5,224611_s_at,3,0.4798748
DNAJC30,223367_at,3,0.44631588
DNM3,209839_at,3,0.22817829
DNM2,202253_s_at,3,0.59575874
DNM1L,226154_at,3,0.677557
STAU2,204226_at,3,0.39797798
RPL32P3,1558969_a_at,3,0.4324453
B9D1,205662_at,3,0.22459595
WNT5B,223537_s_at,3,0.15203106
WNT4,1556689_a_at,3,0.10111071
B3GALNT1,223374_s_at,3,0.29017353
B2M,216231_s_at,3,0.89331913
NUP133,202184_s_at,3,0.5027755
NUFIP1,205135_s_at,3,0.50470686
BAG5,202985_s_at,3,0.631399
BAG4,228189_at,3,0.4835575
BAG2,209406_at,3,0.3361399
BAG1,202387_at,3,0.61345345
B3GNT5,225612_s_at,3,0.5150036
NUP54,218256_s_at,3,0.66758966
NUP214,202155_s_at,3,0.5400459
LMTK2,226375_at,3,0.4134814
STAT2,225636_at,3,0.64404225
DOCK6,55583_at,3,0.28628436
DOCK4,205003_at,3,0.19666134
DNTT,1566363_at,3,0.51422316
RPL27A,203034_s_at,3,0.9206392
RPL7A,217740_x_at,3,0.90554625
RPL7,200717_x_at,3,0.9125126
RPL4,211710_x_at,3,0.8834549
HAGLR,242042_s_at,3,0.23790678
HADHA,208630_at,3,0.6839067
HADH,201036_s_at,3,0.57331043
HAS3,223541_at,3,0.21823366
RPL38,202029_x_at,3,0.8717065
RPL37A,201429_s_at,3,0.9491322
DNPH1,39817_s_at,3,0.45444256
STK19,36019_at,3,0.5456783
ST8SIA3,230262_at,3,0.18308711
DNPEP,38703_at,3,0.5760002
DNMT3A,222640_at,3,0.5252597
DOK4,209691_s_at,3,0.23540424
DOHH,208141_s_at,3,0.36150128
STARD10,232322_x_at,3,0.35606092
STEAP4,225987_at,3,0.27192116
STAG2,209022_at,3,0.7359759
STAG1,202294_at,3,0.53950995
NTMT1,223369_at,3,0.42185658
NTM,241934_at,3,0.17077151
NUDCD3,201270_x_at,3,0.44613093
NUDCD2,226642_s_at,3,0.5851192
NUDC,210574_s_at,3,0.61907196
NUDT21,224830_at,3,0.6568392
LOC100287290,1565610_at,3,0.19899057
RPN2,213399_x_at,3,0.7524262
H4C8,232035_at,3,0.3199403
HAP1,211222_s_at,3,0.21964625
HAL,206643_at,3,0.37962314
RPLP2,200909_s_at,3,0.91144556
NTPCR,223272_s_at,3,0.46216834
NSF,202395_at,3,0.49235773
NSUN5P1,213460_x_at,3,0.59952676
AUTS2,212599_at,3,0.48017997
AURKA,204092_s_at,3,0.37904704
B3GALT5,239994_at,3,0.09366666
NSUN3,219458_s_at,3,0.4152209
NT5DC4,1560204_at,3,0.21191718
NT5DC2,218051_s_at,3,0.31380203
ATXN7,204516_at,3,0.60674053
RPS15A,200781_s_at,3,0.8789621
DPP9,226916_x_at,3,0.42726934
DPP8,220939_s_at,3,0.6602322
DPP7,224814_at,3,0.5956557
DPP6,207789_s_at,3,0.18957931
DPP4,203717_at,3,0.23984885
DOK6,241729_at,3,0.0994732
DPH6,238662_at,3,0.36484987
ST6GALNAC5,1562753_at,3,0.16943811
STAMBPL1,227607_at,3,0.46090227
STAMBP,202811_at,3,0.51189595
DPT,207977_s_at,3,0.14767163
DPPA4,232985_s_at,3,0.25843966
ST3GAL1,225033_at,3,0.51066476
ST14,202005_at,3,0.27726188
DOT1L,231297_at,3,0.49680054
RPP14,227005_at,3,0.42056155
ATP6AP2,201443_s_at,3,0.7602734
RPS6KA2,204906_at,3,0.40423393
DPYD,204646_at,3,0.48263273
DPY19L4,226721_at,3,0.4446665
ST8SIA5,236110_at,3,0.2397111
RPS14,208645_s_at,3,0.8961181
RPRD2,212553_at,3,0.5640791
RPS28,208904_s_at,3,0.87921655
RPS27L,218007_s_at,3,0.7442327
RPS27A,200017_at,3,0.8945009
ATP8B3,1554704_at,3,0.31106415
XAF1,228617_at,3,0.5928923
NRAP,207089_at,3,0.16668469
NRG2,206879_s_at,3,0.23176262
NSG1,209569_x_at,3,0.25700474
XPNPEP1,209045_at,3,0.61817044
ST13,207040_s_at,3,0.76567787
SSX4,210394_x_at,3,0.17082036
SSX3,211731_x_at,3,0.24506192
DPYSL4,205492_s_at,3,0.15995374
DPYSL3,201431_s_at,3,0.18163684
RPS20,214003_x_at,3,0.93142974
RPS2,203107_x_at,3,0.8919172
RPS17,201665_x_at,3,0.8859165
RPS6KB1,226660_at,3,0.57963294
ATRNL1,213744_at,3,0.22533293
ATR,209903_s_at,3,0.5632716
ATP6V0D2,1553153_at,3,0.28401518
ATP2C2,206043_s_at,3,0.23013367
ATP2B4,212136_at,3,0.5450998
NR2F1-AS1,229014_at,3,0.243172
NRDE2,227575_s_at,3,0.30445936
DRAXIN,1558368_s_at,3,0.20909978
DSG2-AS1,1556835_s_at,3,0.30242443
DSEL,232235_at,3,0.13031258
SSH3,51192_at,3,0.36437696
ATP8A2,219660_s_at,3,0.16378227
ATP8A1,213106_at,3,0.55559427
ATP6V1H,221504_s_at,3,0.5622528
YES1,202933_s_at,3,0.41381672
NR1H4,206340_at,3,0.16316167
NQO1,210519_s_at,3,0.302115
NPY2R,208379_x_at,3,0.18167914
NR4A3,209959_at,3,0.3113359
NR4A2,216248_s_at,3,0.5829154
NR4A1,202340_x_at,3,0.41844684
NR2F6,209262_s_at,3,0.2603866
XRCC5,208642_s_at,3,0.7032784
SSBP1,202591_s_at,3,0.72195077
RPS3A,201257_x_at,3,0.95590866
RRAD,204803_s_at,3,0.15286903
RPS9,217747_s_at,3,0.857349
SRSF5,203380_x_at,3,0.803919
ATP5MC3,207507_s_at,3,0.7643036
ATP4B,207546_at,3,0.13723202
ATP10A,214255_at,3,0.30706957
NPHP3,235410_at,3,0.4627073
NPHP1,206285_at,3,0.18833874
NPR3,219054_at,3,0.34590456
NPR2,214066_x_at,3,0.2984094
DSCAM,237268_at,3,0.11121256
DSC3,206032_at,3,0.21663353
DRP2,207648_at,3,0.202132
ST6GAL1,201998_at,3,0.5801028
DSTN,201022_s_at,3,0.64815336
RRN3P1,216908_x_at,3,0.46861166
RRN3,222204_s_at,3,0.52915525
H1-7,236876_at,3,0.13091412
H2AX,205436_s_at,3,0.6863637
RRAS2,212590_at,3,0.44734076
ATP2B1,215716_s_at,3,0.5428829
ATP5PO,200818_at,3,0.7972432
XPR1,222581_at,3,0.3699445
XPO7,212166_at,3,0.47504795
XPO5,223056_s_at,3,0.41674063
NOVA1,205794_s_at,3,0.14695883
NPC1L1,220106_at,3,0.11593989
NPAT,209798_at,3,0.48641616
NPM1,200063_s_at,3,0.8477287
RRAGC,218088_s_at,3,0.63784647
DUSP6,208891_at,3,0.6735887
DTNBP1,223445_at,3,0.537429
DUSP19,1555598_a_at,3,0.18929653
SRRM4,230010_at,3,0.12939699
YBX1,208628_s_at,3,0.85025996
YBEY,227421_at,3,0.49623573
ATP1A4,1564241_at,3,0.17268924
ATP5IF1,223338_s_at,3,0.70797753
ATP11A-AS1,1556855_a_at,3,0.114153154
ATG12,213026_at,3,0.6030038
ATP1B3,208836_at,3,0.7350867
YAP1,224895_at,3,0.17525642
YPEL1,228788_at,3,0.4036677
SRRM3,235880_at,3,0.1612223
SSBP4,229269_x_at,3,0.57612425
SSBP3,222482_at,3,0.49418163
DUSP3,201536_at,3,0.44715476
RS1,216923_at,3,0.17446055
RRP8,203171_s_at,3,0.46140486
RSRC1,219507_at,3,0.50349927
RSPRY1,225770_at,3,0.55160767
GYPE,207854_at,3,0.21548484
H2AC18,214290_s_at,3,0.7784858
NOP53,217807_s_at,3,0.85537124
YIF1B,226437_at,3,0.53327096
YWHAB,217718_s_at,3,0.7853533
NOP14-AS1,215141_at,3,0.17964093
NONO,200057_s_at,3,0.8193982
NOLC1,211951_at,3,0.68567634
NOL9,218754_at,3,0.5538178
SRSF2,200754_x_at,3,0.81090546
DUOX1,1565795_at,3,0.19151445
DUSP1,201041_s_at,3,0.83741355
DUT,208956_x_at,3,0.7780229
RSL1D1,212018_s_at,3,0.65477073
RTF1,212301_at,3,0.6438004
RTEL1,213829_x_at,3,0.33347774
GUSBP14,206565_x_at,3,0.48045173
GUSBP11,213502_x_at,3,0.7362571
GUSBP1,1558640_a_at,3,0.18766925
ATG5,202511_s_at,3,0.5985445
NMT1,201157_s_at,3,0.5982357
NMNAT1,229852_at,3,0.25428686
NODAL,230916_at,3,0.16505224
ATOH8,1558705_at,3,0.35035744
ATMIN,201854_s_at,3,0.49849957
SRPRB,218140_x_at,3,0.57840204
DUSP4,204015_s_at,3,0.2387892
E2F2,228361_at,3,0.4928784
DYNC1I2,211684_s_at,3,0.61657643
DYM,223171_at,3,0.53630346
DZIP3,213186_at,3,0.38910025
DXO,215982_s_at,3,0.49190223
DUXAP8,1558139_at,3,0.2586579
ATL3,224893_at,3,0.61180687
YIPF2,221939_at,3,0.37804052
ATF2,212984_at,3,0.6168507
ATF1,222103_at,3,0.5520488
YPEL2,227020_at,3,0.6141214
ATAD2B,213387_at,3,0.45030683
ATG4B,204903_x_at,3,0.5841754
SRD5A3,222750_s_at,3,0.44788718
GUCA1C,233902_at,3,0.1753721
GUCA1B,235528_at,3,0.3571026
NLGN3,219726_at,3,0.21080106
NLGN2,226288_s_at,3,0.34325156
NKX3-1,209706_at,3,0.29938188
NLRP3,207075_at,3,0.37982413
NLRC4,1552553_a_at,3,0.2524896
EBF2,1562477_at,3,0.13995767
SPTLC3,220456_at,3,0.22284688
GTF2H2,221540_x_at,3,0.5460169
GTF2H1,202451_at,3,0.44949478
GUCA1A,231700_at,3,0.22931036
GYG2,210963_s_at,3,0.20783986
SRGN,201859_at,3,0.8491187
SRGAP2B,228628_at,3,0.45276767
DYNLL2,225494_at,3,0.6462903
DYNC2I1,219251_s_at,3,0.37381366
DYNC2H1,219469_at,3,0.19888851
GTF3C4,219198_at,3,0.39591822
GTF3C2,204366_s_at,3,0.5819635
EBLN3P,226635_at,3,0.67322886
EBF3,227243_s_at,3,0.21216796
ATF3,202672_s_at,3,0.5522508
LOC101928651,1556917_a_at,3,0.103715956
NIFK,224714_at,3,0.60277176
NID1,202008_s_at,3,0.24101527
NIPSNAP3B,229015_at,3,0.3125631
NIPAL2,227001_at,3,0.44509193
ATG13,203364_s_at,3,0.50101054
ASPM,219918_s_at,3,0.41260296
NMD3,231870_s_at,3,0.711741
NNMT,202237_at,3,0.24397592
YWHAQ,213699_s_at,3,0.81572884
YWHAH,201020_at,3,0.57962465
GTPBP2,221050_s_at,3,0.45486844
RUNX3,204198_s_at,3,0.6360999
ASMTL,36553_at,3,0.61197054
NHLRC3,227040_at,3,0.42113632
ZBTB24,1554036_at,3,0.59778035
NFKBID,230052_s_at,3,0.48140377
NFKBIB,214448_x_at,3,0.43361822
LOC101928728,241668_s_at,3,0.22858188
NFKB2,207535_s_at,3,0.32503086
ASTN2,215407_s_at,3,0.13742423
ZBTB1,213376_at,3,0.65462816
ZBTB40,203959_s_at,3,0.4487367
NIBAN3,230983_at,3,0.51323
LOC101928551,1561451_a_at,3,0.18440223
EAF2,219551_at,3,0.6250555
SRD5A1,204675_at,3,0.3823643
GTF3A,215091_s_at,3,0.8102639
GTF2IRD2,228765_at,3,0.54909265
GTF2I,210891_s_at,3,0.75615263
NGRN,217722_s_at,3,0.63119423
ASB10,1564536_at,3,0.104029596
ASB1,212818_s_at,3,0.3774281
ASH1L,222667_s_at,3,0.6693638
ZBTB47,226500_at,3,0.39502895
ARVCF,217516_x_at,3,0.24434851
ZBTB46,227329_at,3,0.26667705
ZC3H15,201593_s_at,3,0.72290105
ZC3H13,212402_at,3,0.5351097
EDEM3,223243_s_at,3,0.4499245
EDDM3A,217568_at,3,0.11846107
GTF2F1,202355_s_at,3,0.54012525
GTPBP8,221046_s_at,3,0.49393994
EDNRB,204271_s_at,3,0.28921834
EDNRA,204464_s_at,3,0.1889428
EDN1,222802_at,3,0.31619358
SPTLC1,202277_at,3,0.6349611
RTTN,227072_at,3,0.45781407
RXRB,209148_at,3,0.5159506
RXFP1,231804_at,3,0.14894655
GTF2A2,202678_at,3,0.6908582
RUVBL2,1559946_s_at,3,0.65642136
ECT2,219787_s_at,3,0.38220826
ECSCR,227780_s_at,3,0.21682796
EEF1AKMT2,226631_at,3,0.4812202
EEA1,225885_at,3,0.4322238
EDRF1-DT,239483_at,3,0.17291813
EDRF1,213410_at,3,0.48355252
SRCIN1,1554759_at,3,0.1317686
SPOP,208927_at,3,0.59380364
RYK,202853_s_at,3,0.5590717
GSE1,212056_at,3,0.5256076
GSDMB,219233_s_at,3,0.3899021
EFEMP1,201842_s_at,3,0.12990141
SPRED2,212458_at,3,0.3437341
SPRED1,226837_at,3,0.20364377
ZBTB37,228216_at,3,0.36269912
ARTN,207675_x_at,3,0.24574216
ART1,207919_at,3,0.23354165
ARMH3,218891_at,3,0.45725253
ARSK,1569133_x_at,3,0.2595621
NFIA-AS2,231364_at,3,0.12557879
NFE2L1,200759_x_at,3,0.5574029
NFATC4,213345_at,3,0.27360216
SPPL2A,226353_at,3,0.60039085
NEK11,219542_at,3,0.25646862
ARPP19,221483_s_at,3,0.70368785
ARPIN,217548_at,3,0.2559795
EDIL3,225275_at,3,0.20085803
GSTCD,235387_at,3,0.34158793
SAFB,201748_s_at,3,0.63186574
SAE1,217946_s_at,3,0.57719415
GRN,200678_x_at,3,0.6805439
GRM8,216256_at,3,0.21881495
GRM7,217008_s_at,3,0.195791
NFAT5,224984_at,3,0.61089134
NEO1,225270_at,3,0.3130299
NEXMIF,244076_at,3,0.15414582
ZC3H11A,205788_s_at,3,0.75404775
ZC3H10,227430_at,3,0.3551309
ZC2HC1A,205308_at,3,0.29393566
GRK2,201401_s_at,3,0.56110674
S1PR5,230464_at,3,0.27541354
SAMD5,1569433_at,3,0.10628639
ARPC4,217817_at,3,0.627767
ARPC2,213513_x_at,3,0.79958117
ARL5A,218150_at,3,0.66193914
LOC102546299,240610_at,3,0.22130598
NDUFB8,201227_s_at,3,0.7452175
NEFL,221916_at,3,0.21044816
ZCCHC14,212655_at,3,0.3416371
ZCCHC10,1559399_s_at,3,0.5574181
ZC4H2,220040_x_at,3,0.4041418
ZC3HAV1,225634_at,3,0.6797649
NEDD1,1560116_a_at,3,0.55559856
NEK9,212299_at,3,0.54176617
NEK4,204634_at,3,0.4685479
GRM5,1565389_s_at,3,0.18929875
GRM1,210939_s_at,3,0.21889804
ZDHHC11,221646_s_at,3,0.2980327
NDUFB2,218200_s_at,3,0.7099628
NDUFAF8,225967_s_at,3,0.6356591
NDUFAF7,230379_x_at,3,0.4382564
LOC105369228,230653_at,3,0.4490093
LOC105369167,1559940_s_at,3,0.19944657
ARL1,201658_at,3,0.47937906
ARK2C,230143_at,3,0.22541368
ARL6IP6,225707_at,3,0.6433956
SPEN-AS1,227593_at,3,0.49890545
SPEG,232153_at,3,0.22821613
SPEF2,1552716_at,3,0.24498755
EEF1G,211927_x_at,3,0.8724908
EFHC1,225656_at,3,0.47498944
ZCCHC4,219917_at,3,0.257542
ZCCHC3,225091_at,3,0.5571913
SPCS2,201240_s_at,3,0.69467854
EHMT2,202326_at,3,0.51338875
EHMT1,225461_at,3,0.567742
EFNA2,238956_at,3,0.13324225
EHD2,205341_at,3,0.23562539
EGR4,207767_s_at,3,0.2593171
EGR1,227404_s_at,3,0.6273063
SPECC1,244461_at,3,0.33343086
EGLN2,220956_s_at,3,0.4873438
EID1,208669_s_at,3,0.68499124
EFR3B,215328_at,3,0.25861213
SAMD15,1557681_s_at,3,0.16636784
GRIK5,217509_x_at,3,0.40517503
GRIK1,214611_at,3,0.15505679
GRID1,1555268_a_at,3,0.25510937
GRIA4,208464_at,3,0.12354425
SAP18,208742_s_at,3,0.7880747
GREM2,235504_at,3,0.12631555
GREB1L,233977_at,3,0.24674256
GREB1,210855_at,3,0.15112077
GRIN2C,1569268_at,3,0.24894726
GRIN2B,210412_at,3,0.16534725
GRIN2A,206534_at,3,0.2514987
SPCS3,221844_x_at,3,0.7398239
NDUFAF6,235509_at,3,0.53618467
NDUFAF5,227160_s_at,3,0.49691755
NDUFS8,203190_at,3,0.6739283
ARID2,225490_at,3,0.5279371
ZDHHC17,212982_at,3,0.6205386
ZCCHC7,226496_at,3,0.6528046
EIF5A,201122_x_at,3,0.6773459
EHD3,218935_at,3,0.38741174
EIF2S3,224935_at,3,0.7279414
EIF2S1,201144_s_at,3,0.5861746
EIF2AK2,213294_at,3,0.6095698
EIF1B-AS1,1556248_at,3,0.2505001
EIF4A2,200912_s_at,3,0.8320282
EIF4A1,201530_x_at,3,0.8130919
NDUFA11,228690_s_at,3,0.71118706
NCOA7,225344_at,3,0.66352
NDST1,1554010_at,3,0.38618484
NDRG3,217286_s_at,3,0.5541987
NDRG2,206453_s_at,3,0.21967988
LOC105370178,1556296_at,3,0.2933857
NDFIP1,217800_s_at,3,0.57432884
GRAMD4,212856_at,3,0.505575
ELAPOR1,226248_s_at,3,0.16865203
EIF3F,200023_s_at,3,0.837218
ARHGEF4,211891_s_at,3,0.2017443
ARHGEF39,231892_at,3,0.2243506
NCR1,217095_x_at,3,0.16530885
ARHGAP33,213827_at,3,0.41261044
ARFGEF1,202956_at,3,0.62489253
NCLN,222206_s_at,3,0.43307203
NCKAP1L,238668_at,3,0.6553851
NCR3,210763_x_at,3,0.27465862
ARHGEF26,227197_at,3,0.21216957
ARHGAP25,204882_at,3,0.5984989
ARHGEF11,202913_at,3,0.25947925
ARHGDIB,201288_at,3,0.8391514
ARHGAP9,224451_x_at,3,0.7314779
EIF3A,200595_s_at,3,0.744877
SATB1,203408_s_at,3,0.6785767
SASH1,41644_at,3,0.17780437
GRB2,223049_at,3,0.7405948
GRASLND,1556797_at,3,0.22410846
ZFP1,226807_at,3,0.3923392
NBAS,202926_at,3,0.5023855
NCALD,210387_at,3,0.40679175
ARHGAP28,220381_at,3,0.11966908
ZFHX4,219779_at,3,0.2107534
ZFC3H1,213065_at,3,0.5711164
NCDN,209556_at,3,0.32490778
SPATA22,231114_at,3,0.16406316
GRIA2,241172_at,3,0.0689098
GRHPR,214864_s_at,3,0.6332857
SAMSN1,220330_s_at,3,0.63835
SAMD9L,226603_at,3,0.45984626
EIF4B,211938_at,3,0.7658736
ELF3,210827_s_at,3,0.24244453
ELF2,203822_s_at,3,0.58670676
ELAVL3,206338_at,3,0.09076412
EIF5A2,235296_at,3,0.22776833
ELL,204096_s_at,3,0.38087416
ARF6,224788_at,3,0.69544446
ARHGAP18,225171_at,3,0.3958426
ZFP42,243161_x_at,3,0.2188924
ZFP41,227898_s_at,3,0.26556936
NANS,218189_s_at,3,0.5583461
NASP,201970_s_at,3,0.657939
ZFPL1,209428_s_at,3,0.40040785
ZFP90,235698_at,3,0.47290614
SARM1,213257_at,3,0.29431322
EIF4G2,200004_at,3,0.82492405
SBF2-AS1,242786_at,3,0.23934959
SBF2,226169_at,3,0.42418024
SPANXA1,224032_x_at,3,0.17817143
SPAM1,216989_at,3,0.19206579
ELK1,203617_x_at,3,0.4385708
ARAP1,34206_at,3,0.51320845
AQP2,206672_at,3,0.24403565
ZFY,230760_at,3,0.33260733
NACA,208635_x_at,3,0.88164496
NABP1,222872_x_at,3,0.37514502
NAB1,209272_at,3,0.46014097
NALCN,242880_at,3,0.15648419
NAIP,204861_s_at,3,0.45138344
NAGA,202943_s_at,3,0.45591804
SAYSD1,222741_s_at,3,0.42772114
GPR39,229104_s_at,3,0.13910006
SCAMP5,212699_at,3,0.29031155
SCAMP4,213244_at,3,0.38098407
SCAI,228174_at,3,0.4557301
GPR82,1553316_at,3,0.14036354
SBSPON,235209_at,3,0.2173342
APTX,222658_s_at,3,0.42573774
ARF3,200011_s_at,3,0.64919186
AREL1,202128_at,3,0.46998078
AREG,205239_at,3,0.47132304
NAA50,217745_s_at,3,0.6976942
NAA35,220925_at,3,0.44661358
NAA25,236816_at,3,0.42000315
NAA16,219378_at,3,0.59501994
NADK2,228594_at,3,0.5623936
SPAG16,219109_at,3,0.31773996
SAR1A,201542_at,3,0.6488525
GPR135,217641_at,3,0.21800686
SCARF2,239454_at,3,0.2098421
GPR37L1,1556155_at,3,0.2166777
GPR26,244617_at,3,0.09729705
SCARA5,235849_at,3,0.10150409
ZFYVE28,232408_at,3,0.20536253
APOL4,224491_at,3,0.15655892
AQP3,39248_at,3,0.46444094
APOC2,231561_s_at,3,0.27925444
N6AMT1,234698_at,3,0.25166303
MYT1,215822_x_at,3,0.23264965
SCARA3,219416_at,3,0.19942112
SP2,204367_at,3,0.53918827
SP140L,214791_at,3,0.5383978
GPRC5A,212444_at,3,0.10429134
SCAND1,218206_x_at,3,0.6609887
GPHN,223319_at,3,0.2234809
GPR155,244509_at,3,0.27045083
ELOVL6,204256_at,3,0.3014358
EMILIN2,224374_s_at,3,0.5294071
EME2,1569868_s_at,3,0.43100032
EME1,234464_s_at,3,0.46627656
EMCN,227874_at,3,0.10775882
EMC8,227363_s_at,3,0.5955656
APP,200602_at,3,0.5971224
MYOZ2,211476_at,3,0.09115944
APOBEC3G,204205_at,3,0.60243636
APBB1IP,230925_at,3,0.70908165
ZNF101,239231_at,3,0.4991653
SOX13,38918_at,3,0.21395174
SCAPER,209741_x_at,3,0.38291654
GPR137,43934_at,3,0.36566454
SOX1,230982_at,3,0.26283833
SCN11A,220791_x_at,3,0.33874017
SCLY,221575_at,3,0.43528846
SCLT1,236487_at,3,0.3962709
SCIN,222272_x_at,3,0.3204822
ZMIZ1,212124_at,3,0.6487663
ZKSCAN8,226102_at,3,0.4984174
APH1A,218389_s_at,3,0.5131464
MYO15B,59375_at,3,0.578586
MYOF,201798_s_at,3,0.28121385
MYO9B,214780_s_at,3,0.52279013
MYO9A,219027_s_at,3,0.45222458
MYO7B,235383_at,3,0.3321834
MYO6,203216_s_at,3,0.14417008
MYO5B,225299_at,3,0.22263052
SCNN1A,217264_s_at,3,0.29331416
SOCS5,208127_s_at,3,0.48592797
EML3,203442_x_at,3,0.48454222
ENO1,201231_s_at,3,0.7824261
SORT1,224818_at,3,0.4421099
SORL1,212560_at,3,0.65973884
SORD,201563_at,3,0.46939802
MYO3B,1552578_a_at,3,0.11069375
MYO3A,244364_at,3,0.19799265
MYSM1,225760_at,3,0.5572426
MYRF,217462_at,3,0.2271492
ZMYM4,202051_s_at,3,0.5294048
ZMYM3,207559_s_at,3,0.4962718
ZNF10,216350_s_at,3,0.33686695
AP4B1,231714_s_at,3,0.573137
AP3S2,202399_s_at,3,0.5482542
AP3D1,206592_s_at,3,0.66388613
ENTPD4,204076_at,3,0.68909514
GPBP1L1,222452_s_at,3,0.5626993
GPM6A,209470_s_at,3,0.21301988
SCN2B,210364_at,3,0.13559079
SCTR,1565737_at,3,0.16924757
EOLA2-DT,215057_at,3,0.2953357
APCDD1L-DT,1556900_at,3,0.2613323
MYO1C,214656_x_at,3,0.4803842
MYO1B,212365_at,3,0.24619226
MYLK4,1561503_at,3,0.25891593
LOC105376944,234704_at,3,0.16391636
AP1G2,201613_s_at,3,0.62489307
AP1G1,225771_at,3,0.5742553
ENY2,218482_at,3,0.6798335
SOCS7,228662_at,3,0.4977007
SOCS6,227542_at,3,0.3267146
MXD4,210778_s_at,3,0.46739924
MXD1,226275_at,3,0.60253376
EPHA5,216837_at,3,0.19391118
EPHA3,206071_s_at,3,0.1760147
EPHA10,243717_at,3,0.21941693
SOX11,204915_s_at,3,0.142308
GPAA1,215690_x_at,3,0.5943924
GPD2,225447_at,3,0.44152007
GPCPD1,224826_at,3,0.6716448
ENTR1,218427_at,3,0.44403028
AP1AR,219023_at,3,0.35394257
APAF1,204859_s_at,3,0.52358484
ZNF107,205739_x_at,3,0.48559576
ZNF169,1560922_s_at,3,0.35715532
AP2S1,211047_x_at,3,0.7082857
ENTPD5,226594_at,3,0.38606086
SOAT1,228479_at,3,0.49323347
SNX8,223241_at,3,0.39642248
EPHA1,205977_s_at,3,0.25531012
EPN1,226667_x_at,3,0.39423674
EPB41L3,211776_s_at,3,0.21732278
EPB41L2,201719_s_at,3,0.43168923
ENPP3,222938_x_at,3,0.2688673
SDC2,212157_at,3,0.26419744
SDAD1,228408_s_at,3,0.503664
GPAT4,224776_at,3,0.5361927
MUSK,207633_s_at,3,0.14278105
MYCBP2,201960_s_at,3,0.7028895
MYCBP,203359_s_at,3,0.5197392
MXRA7,212509_s_at,3,0.5771207
MTSS2,1555894_s_at,3,0.24540679
MTRFR,223477_s_at,3,0.42423484
ANKRD9,230972_at,3,0.4391631
ANP32A,201051_at,3,0.7177829
SNX20,228869_at,3,0.5695476
SNX2,202114_at,3,0.68611765
SOCS2,203373_at,3,0.5553284
GORASP2,208842_s_at,3,0.66731316
SCYL3,41329_at,3,0.3792413
SCYL2,224960_at,3,0.6108527
AP1S1,209635_at,3,0.31242314
ANPEP,202888_s_at,3,0.48463085
ANP32E,221505_at,3,0.75113696
MTRF1,219822_at,3,0.41381532
MTREX,227447_at,3,0.57841897
MTMR9,204837_at,3,0.47739312
MUC1,213693_s_at,3,0.3435112
ZNF19,228958_at,3,0.25621128
ERBIN,217941_s_at,3,0.66564053
EPM2AIP1,202909_at,3,0.65542054
EPM2A,205231_s_at,3,0.36404616
EPB41L1,212336_at,3,0.10786537
EP400P1,229892_at,3,0.43586037
EPS8L2,218180_s_at,3,0.23837376
EPRS1,200842_s_at,3,0.6397335
ANO4,236420_s_at,3,0.13653387
ANXA11,206200_s_at,3,0.75290823
MTUS2,244676_s_at,3,0.2093859
LOC155060,213367_at,3,0.37162125
ZNF208,1568646_x_at,3,0.13698672
ZNF232-AS1,236075_s_at,3,0.46876928
ZNF174,210290_at,3,0.28016767
ZNF219,219314_s_at,3,0.3312238
ZNF214,243457_s_at,3,0.13234395
SNX21,1553961_s_at,3,0.23564637
ERBB2,216836_s_at,3,0.30561584
GNS,212334_at,3,0.57298464
GNRHR,216341_s_at,3,0.17972457
GNPTAB,212959_s_at,3,0.6383903
GOLM2,224619_at,3,0.67611545
GOLIM4,238002_at,3,0.44102633
EPN2,203464_s_at,3,0.28644857
ERCC1,203720_s_at,3,0.55646414
LOC285847,1557724_a_at,3,0.21378131
MTARC2,221636_s_at,3,0.30733615
MTA3,223311_s_at,3,0.32706895
MTFR2,228069_at,3,0.44602925
MTFR1,203208_s_at,3,0.38490185
LOC374443,240572_s_at,3,0.5540139
MTF1,227150_at,3,0.50235456
SNTG1,234919_s_at,3,0.18859243
EPHB1,210753_s_at,3,0.13005212
GNG7,228831_s_at,3,0.49927887
GOLGA3,202106_at,3,0.533547
GOLGA2P5,233198_at,3,0.40648833
GOLGA2P10,223327_x_at,3,0.32741457
MTMR2,203211_s_at,3,0.45971912
ANKRD40,227064_at,3,0.5056786
ANKRD36BP2,1556183_at,3,0.36461043
ANKUB1,1561928_s_at,3,0.17040098
ANKIB1,224687_at,3,0.47882998
MSX2,210319_x_at,3,0.17714857
MSTO1,222584_at,3,0.4470763
ZNF230,205791_x_at,3,0.31483215
ANKRD50,225731_at,3,0.40469253
SNX22,230509_at,3,0.38956952
MSANTD4,227418_at,3,0.4004712
MS4A7,223343_at,3,0.45673183
ANKRD24,233895_at,3,0.17289002
SNX12,224684_at,3,0.481306
EQTN,232868_at,3,0.15379465
ERGIC3,216032_s_at,3,0.65461975
ERG28,202562_s_at,3,0.50432366
ERLIN2,221543_s_at,3,0.48508373
ERLEC1,224628_at,3,0.6028911
MST1,216320_x_at,3,0.37567064
MS4A4A,219607_s_at,3,0.31384158
MSRB2,218773_s_at,3,0.5275023
MSL3,207551_s_at,3,0.54301405
MSL1,212708_at,3,0.6712734
ANKRD17,225852_at,3,0.53475744
SNU13,201077_s_at,3,0.746324
SEC24A,212900_at,3,0.50886106
SEC23B,210293_s_at,3,0.5691296
GNB1L,220762_s_at,3,0.34875664
GNB1,200746_s_at,3,0.76592004
ZNF280B,229360_at,3,0.2697966
MRPS30,218398_at,3,0.6277788
LOX,204298_s_at,3,0.18953784
MRPS18C,228019_s_at,3,0.5796888
ANGPTL3,219803_at,3,0.13643387
ANGPTL1,224339_s_at,3,0.10784215
ANKRD13D,244756_at,3,0.49644062
ANKRD13C-DT,234665_x_at,3,0.4167874
ANKRD30BP3,1561225_at,3,0.15316044
ANKMY1,210486_at,3,0.27222845
ANKLE2,212200_at,3,0.47431898
MSH3,205887_x_at,3,0.58366895
GNAI3,201180_s_at,3,0.6734144
SEC61A2,228747_at,3,0.38131788
ERI2,213365_at,3,0.40478477
ERP44,208959_s_at,3,0.6690447
ERCC8,205162_at,3,0.35049793
GNA13,224761_at,3,0.8017133
GNG12,212294_at,3,0.16605419
ANAPC1,231973_s_at,3,0.56694186
ZNF287,216710_x_at,3,0.2115366
ZNF281,222619_at,3,0.6177106
ANKFN1,244095_at,3,0.18696158
ZNF271P,211009_s_at,3,0.4675585
SNRPE,203316_s_at,3,0.7948396
ERO1A,225750_at,3,0.58257073
ERN1,227755_at,3,0.47044536
SEC24D,202375_at,3,0.42476156
MRPL4,218105_s_at,3,0.5167802
ETS2,201328_at,3,0.5551185
ETS1,224833_at,3,0.6655862
ESCO1,226866_at,3,0.5481191
GNB4,225710_at,3,0.6202287
GMDS-DT,233063_s_at,3,0.34525225
GMDS,214106_s_at,3,0.4554306
ZNF268,209989_at,3,0.3982808
ZNF264,205917_at,3,0.40438756
ZNF302,218490_s_at,3,0.44653374
LRCH1,226795_at,3,0.46129617
LONRF1,226038_at,3,0.54381233
LPIN1,212276_at,3,0.52667
LPGAT1,202651_at,3,0.57969433
MRPL57,204386_s_at,3,0.7339192
ZNF292,212368_at,3,0.63506377
GLYAT,231683_at,3,0.20644763
GLIDR,228040_at,3,0.393027
SNCAIP,237833_s_at,3,0.24714206
SNAPC5,213203_at,3,0.53538156
SNRK,209481_at,3,0.6852226
ERVK13-1,1561942_x_at,3,0.3833071
ESRRB,223858_at,3,0.16917859
SNORA74A,1567682_x_at,3,0.14813003
AMN,220989_s_at,3,0.33576778
ANGPT1,205608_s_at,3,0.35355356
ANGEL2,221825_at,3,0.5320239
ANGEL1,213099_at,3,0.39708138
ALMS1,214707_x_at,3,0.5639956
LRP12,219631_at,3,0.21855001
LRP10,201412_at,3,0.6882734
MRPL42,217919_s_at,3,0.5429367
GMPS,214431_at,3,0.6167984
GMPPB,219920_s_at,3,0.42285576
SELENOI,1555274_a_at,3,0.42630088
SEMA5A,213169_at,3,0.16924812
SEMA4F,210124_x_at,3,0.30934858
GLYATL1,227695_at,3,0.22291858
MRPS10,218106_s_at,3,0.58261746
LPAR1,204038_s_at,3,0.29182595
ZNF335,221890_at,3,0.4530068
MRPL20-AS1,225920_at,3,0.34305903
MRPL50,225581_s_at,3,0.49232733
MRPL43,224332_s_at,3,0.51662797
LRPAP1,201186_at,3,0.5838364
LRP8,228955_at,3,0.41447923
LRP6,225745_at,3,0.23803738
ZNF346,236267_at,3,0.43999255
ESYT3,239770_at,3,0.08581502
EVC,210887_s_at,3,0.18909581
EVA1B,220134_x_at,3,0.40633106
SNHG14,1559343_at,3,0.22719374
SNHG12,223773_s_at,3,0.6367297
SNHG10,244786_at,3,0.3698198
ZNF341,240449_at,3,0.33968925
AMER3,1553350_at,3,0.10651672
AMER2,235465_at,3,0.108184196
MRO,224323_s_at,3,0.27463245
MRPL19,203465_at,3,0.47126624
MROH2B,1569730_at,3,0.26089075
MRPL35,218890_x_at,3,0.4572195
ALKBH5,234302_s_at,3,0.69534695
ETV3,227200_at,3,0.5397127
EXD3,220838_at,3,0.3145866
ALG5,218203_at,3,0.65144664
EXOC6,226259_at,3,0.43668216
EXOC4,224926_at,3,0.49365497
EYA4,207327_at,3,0.11309767
EXD2,218363_at,3,0.32204828
GLI4,227023_at,3,0.19921656
GLI3,205201_at,3,0.27213916
GLI2,228537_at,3,0.28559303
GLE1,225371_at,3,0.51752675
GLRB,205279_s_at,3,0.15762708
GLRA3,216021_s_at,3,0.14867525
SEMA3F,35666_at,3,0.3553494
SEMA3A,206805_at,3,0.13369152
SNAP29,218327_s_at,3,0.49540386
SNAP25,202507_s_at,3,0.2981713
SNHG29,225065_x_at,3,0.7123974
EXOSC1,222609_s_at,3,0.55235505
EXOG,205521_at,3,0.31225392
SMU1,222618_at,3,0.4857195
SMTN,207390_s_at,3,0.2864948
ALS2CL,229887_at,3,0.3141368
ALS2,226291_at,3,0.39121506
ZNF33B,215022_x_at,3,0.35276693
ZNF33A,231864_at,3,0.5418266
LRRC8B,212978_at,3,0.44552925
LRRC74A,233941_at,3,0.192352
MPPE1,213727_x_at,3,0.54108226
MRE11,205395_s_at,3,0.4361328
LRRC37A,229821_at,3,0.4607871
LRRC52-AS1,1556801_at,3,0.19227922
ZNF385B,229019_at,3,0.10559651
ZNF37BP,215358_x_at,3,0.35249838
ALDH7A1,208950_s_at,3,0.3060217
ALDH3B1,211004_s_at,3,0.40356296
SMPD1,209420_s_at,3,0.38958156
SMOX,210357_s_at,3,0.44235647
SEPHS1,208939_at,3,0.49689123
SENP6,202318_s_at,3,0.61389035
SENP5,213184_at,3,0.5034737
SENP3,203871_at,3,0.45900345
GKAP1,234192_s_at,3,0.50318927
GK5,238121_at,3,0.36923605
GLMP,225401_at,3,0.40745023
EXT1,201995_at,3,0.31248164
EXPH5,213929_at,3,0.23584014
SMYD2,212922_s_at,3,0.5723473
EXOSC6,227696_at,3,0.5328881
EXOSC2,209527_at,3,0.41965294
GJB3,215243_s_at,3,0.2931012
SMG9,221335_x_at,3,0.33084133
SMUG1,223684_s_at,3,0.32231385
SEMA6B,224182_x_at,3,0.26762244
MPZL2,230518_at,3,0.30771613
LRRC43,1553730_x_at,3,0.21413615
LSG1,221536_s_at,3,0.56096685
MORF4L2,201994_at,3,0.77513355
ALCAM,201952_at,3,0.5621583
ALG10B,238475_at,3,0.37782583
ZNF362,226820_at,3,0.6144539
MRAP,1555741_at,3,0.20853598
MPZL3,227747_at,3,0.3161518
MPL,207550_at,3,0.23513003
LRRN2,216164_at,3,0.2155644
ZNF41,1553217_s_at,3,0.19971177
FABP7,216192_at,3,0.14489031
FABP6,210445_at,3,0.12442705
FAAP100,221800_s_at,3,0.47626108
SERHL2,217276_x_at,3,0.21851629
SERGEF,232983_s_at,3,0.37640306
GINS2,221521_s_at,3,0.4859692
ALDOA,214687_x_at,3,0.81917906
ZNF398,228145_s_at,3,0.4608116
MON1B,227116_at,3,0.5112474
LSS,202245_at,3,0.51998353
MOXD1,1554474_a_at,3,0.25199452
ZNF385D,230773_at,3,0.21747018
ZNF431,244663_at,3,0.3917638
ZNF426-DT,1561595_x_at,3,0.21356013
AKR1E2,1559982_s_at,3,0.21106412
AKR1C2,211653_x_at,3,0.33553216
LTN1,215596_s_at,3,0.5692634
LTBP3,219922_s_at,3,0.43947965
MORC2,203956_at,3,0.49382025
FAM110B,228790_at,3,0.1967326
FAM135B,224001_at,3,0.22777805
FAM135A,223497_at,3,0.32853413
SMC5,212927_at,3,0.53333634
F5,204714_s_at,3,0.36437201
SEPTIN8,208999_at,3,0.33877268
SEPTIN7P2,1569974_x_at,3,0.40639734
GIGYF1,226768_at,3,0.40209174
GHSR,224554_at,3,0.14441152
GHRHR,211544_s_at,3,0.16294603
SMIM11,228239_at,3,0.39087918
SMIM10L1,221847_at,3,0.6742704
FADS1,208964_s_at,3,0.4842634
FAM118B,223386_at,3,0.36583644
GGT7,226470_at,3,0.23296763
GIMAP5,64064_at,3,0.43305612
ZNF460,216279_at,3,0.28101906
MON2,212754_s_at,3,0.5342677
ZNF440,241731_x_at,3,0.3295426
MMRN2,219091_s_at,3,0.21161425
MOCS1,211673_s_at,3,0.25033695
LTB4R,210128_s_at,3,0.46155646
ALDH3A2,202053_s_at,3,0.410802
ALDH1L2,1559393_at,3,0.12232826
AKAP7,205771_s_at,3,0.44808617
AKAP9,210962_s_at,3,0.5849458
LSM5,211747_s_at,3,0.70090455
LSM4,202737_s_at,3,0.6144514
LSM14A,212131_at,3,0.72284585
FAM149A,214889_at,3,0.11933014
FAM171B,227370_at,3,0.19771813
FAM170B-AS1,1563255_at,3,0.14083053
SMC4,201664_at,3,0.6502379
SMC2,204240_s_at,3,0.41479608
SMIM13,227124_at,3,0.41835737
SMDT1,225794_s_at,3,0.74109757
FAM131A,221904_at,3,0.4019623
AKNAD1,1552933_at,3,0.13487081
AKIRIN2,223144_s_at,3,0.63303006
AHDC1,205002_at,3,0.40592986
AIMP2,209971_x_at,3,0.54379624
AIMP1,202542_s_at,3,0.66254216
AKAP17A,203624_at,3,0.71389306
AKAP14,237281_at,3,0.100086756
FAM163A,222095_s_at,3,0.1397079
SLX4IP,229615_at,3,0.38150173
SERPINE1,202627_s_at,3,0.16993186
SERPINB9,209723_at,3,0.5346553
GFRA1,205696_s_at,3,0.12802102
GFOD3P,213340_s_at,3,0.50723517
GHITM,209249_s_at,3,0.7228422
GEMIN8,230758_at,3,0.35982457
GEMIN7,222821_s_at,3,0.54754156
SMARCC2,201321_s_at,3,0.6124416
AK9,1564002_a_at,3,0.37659505
ZNF443,205928_at,3,0.42298117
MMP25-AS1,240054_at,3,0.36158878
MMP24,208387_s_at,3,0.16432735
MMP2,201069_at,3,0.33724406
LY9,231124_x_at,3,0.5087142
LY86-AS1,1556365_at,3,0.19732021
ZNF503,227195_at,3,0.30501893
LYPD6,239028_at,3,0.14120156
MMAB,225826_at,3,0.4272943
AGAP1,228240_at,3,0.26330954
AGA,204332_s_at,3,0.54876024
AGMAT,221648_s_at,3,0.31936374
ZNF500,213639_s_at,3,0.39041358
AGK,222132_s_at,3,0.4584299
ZNF483,1570534_a_at,3,0.14815743
ZNF479,1555368_x_at,3,0.25942954
AGXT,210327_s_at,3,0.16936567
AGTRAP,225059_at,3,0.5276618
AGTR2,222321_at,3,0.15558754
AHSA2P,226334_s_at,3,0.6084066
ZNF471,230578_at,3,0.15309198
ZNF462,226575_at,3,0.15508449
LYNX1,1559388_a_at,3,0.19742157
LYN,202625_at,3,0.68262726
SLF1,223542_at,3,0.45801273
SLX1B,218317_x_at,3,0.5523351
SLITRK6,232481_s_at,3,0.13560662
SESTD1,226763_at,3,0.52864504
GDF15,221577_x_at,3,0.23739183
GFM2,225392_at,3,0.55091834
GFAP,203539_s_at,3,0.0868883
GET4,223811_s_at,3,0.41653106
SETX,201965_s_at,3,0.5672832
FAM222B,218464_s_at,3,0.4419245
SLIT3,203812_at,3,0.22721913
FAM181B,231128_at,3,0.16168563
SMARCA5,213251_at,3,0.66770065
GGACT,232422_at,3,0.30150324
AFF1,201924_at,3,0.7033165
SLIT2,209897_s_at,3,0.2038199
FAM219B,224804_s_at,3,0.48354527
GCLM,203925_at,3,0.46979356
FAM210A,230739_at,3,0.42189988
SETMAR,206554_x_at,3,0.41181648
GDPD1,238681_at,3,0.31895444
SETD4,213989_x_at,3,0.39076218
SETD3,212465_at,3,0.5542934
FAM234B,213234_at,3,0.34346104
AGBL5,218480_at,3,0.39304498
AHCTF1,214766_s_at,3,0.50547916
ZNF507,226327_at,3,0.40152463
ZNF548,1553718_at,3,0.53246224
MLLT6,224784_at,3,0.5951111
MLLT3,204917_s_at,3,0.3317128
FAM3C,201889_at,3,0.56096756
FAM200B,227466_at,3,0.5880182
FAM199X,225216_at,3,0.54458594
SETD2,212493_s_at,3,0.61230594
SFN,33322_i_at,3,0.47242352
GDAP1,226269_at,3,0.2916408
SLC9B1,1553633_s_at,3,0.2659534
MLH3,214525_x_at,3,0.36347076
ZNF519,1568873_at,3,0.24009427
ZNF518B,226909_at,3,0.4498729
ZNF518A,244132_x_at,3,0.43961152
AFF2,206105_at,3,0.24902242
ZNF536,206403_at,3,0.1403509
MKRN2,218071_s_at,3,0.50316846
LZTS2,224473_x_at,3,0.42499697
MKNK1,209467_s_at,3,0.5617409
SLC7A6,203580_s_at,3,0.5330647
SLCO2B1,203473_at,3,0.21804523
SLCO1A2,211481_at,3,0.16275173
AGBL3,232395_x_at,3,0.27196696
AGAP3,225789_at,3,0.4007229
AGAP2,206152_at,3,0.2708535
MIS18A,228597_at,3,0.4908633
MAD2L1,203362_s_at,3,0.5691926
MIRLET7BHG,232480_at,3,0.22661854
MIR99AHG,1559901_s_at,3,0.19086023
MLF1,204784_s_at,3,0.19632779
MKX,239468_at,3,0.09409873
ZNF546,240429_at,3,0.17753911
ADRB1,229309_at,3,0.22269742
AFG3L2,1557820_at,3,0.6511092
FAM227B,216411_s_at,3,0.27235192
GARNL3,223604_at,3,0.26057187
AFG3L1P,1552287_s_at,3,0.4896068
AFG2B,222163_s_at,3,0.51467156
AFG2A,229075_at,3,0.30173042
MAGI2-AS3,227554_at,3,0.28087988
MAGI2,209737_at,3,0.2080968
MIR1915HG,1555922_at,3,0.23263456
MAFIP,229748_x_at,3,0.37928623
MIR3681HG,237321_at,3,0.20015377
ZNF529,231940_at,3,0.51493055
ADI1,222400_s_at,3,0.62393165
MIR646HG,236846_at,3,0.22582176
SLC9A5,232564_at,3,0.22006464
SLC9A3,225457_s_at,3,0.40781733
GCLC,202922_at,3,0.52236366
SF1,208313_s_at,3,0.7345159
FAM53A,1558890_at,3,0.26662385
GATA3,209604_s_at,3,0.48335624
GATA2,209710_at,3,0.40833998
SFXN3,220974_x_at,3,0.4883675
SFXN1,218392_x_at,3,0.435545
SGSM3,214779_s_at,3,0.528088
MIR503HG,229784_at,3,0.24062075
MITF,207233_s_at,3,0.29493472
MIS18BP1,206500_s_at,3,0.6056846
MINCR,244411_at,3,0.33150327
ADPRH,238505_at,3,0.29257393
SLC6A11,207048_at,3,0.24436648
SLC7A2,230658_at,3,0.1691749
SLC7A14-AS1,1562353_x_at,3,0.21696438
SLC7A11,217678_at,3,0.22193189
GCC1,218912_at,3,0.45345783
SGPP2,226560_at,3,0.2611852
GAPDH,212581_x_at,3,0.87450725
GAP43,216963_s_at,3,0.18036829
GAS2L1,31874_at,3,0.36128563
SGPL1,212322_at,3,0.43807566
MIR124-2HG,238661_at,3,0.13022244
MAGI3,226770_at,3,0.23116322
ADGRL1,47560_at,3,0.26720735
ADGRG6,213094_at,3,0.15955803
ZNF594-DT,1554666_at,3,0.21184057
MIER2,44822_s_at,3,0.37960383
MIER1,225475_at,3,0.6182396
FAM98B,225086_at,3,0.55931836
SLC5A12,231424_at,3,0.13943098
SLC6A4,207519_at,3,0.13701716
FAM66C,1570395_a_at,3,0.10328248
MAP1A,203151_at,3,0.39742714
MIAT,228658_at,3,0.3334986
FANCC,205189_s_at,3,0.38404635
FAN1,203678_at,3,0.48991218
FASTK,214114_x_at,3,0.55510414
SLC6A19,231021_at,3,0.21464576
SGMS2,227038_at,3,0.24212913
GALNT7-DT,240212_at,3,0.2651675
GARIN4,1552383_at,3,0.31071588
GARIN3,1555586_at,3,0.13643672
GALNT13,236536_at,3,0.19673884
SLC66A1,1555781_at,3,0.33501646
FANCI,213007_at,3,0.4938869
GANC,236077_at,3,0.36531302
SGSM2,36129_at,3,0.60798734
SGSM1,242921_at,3,0.20242111
FBF1,1555288_s_at,3,0.3862616
GAMT,1552474_a_at,3,0.33392668
GALT,203179_at,3,0.4685518
SH2D3C,226673_at,3,0.5198079
SH3PXD2A,224817_at,3,0.43082693
SH3KBP1,223082_at,3,0.7030936
SLC4A5,1555277_a_at,3,0.2722033
MIDN,225954_s_at,3,0.5005468
MAGT1,224899_s_at,3,0.64765453
MAN2C1,203668_at,3,0.49302253
MAN2A1,226538_at,3,0.5915494
MIOS,211724_x_at,3,0.54969364
MAP3K12,230921_s_at,3,0.39475787
MAML3,242794_at,3,0.40330315
MAP1LC3A,227219_x_at,3,0.40507868
MAP1B,212233_at,3,0.26376075
FASTKD2,216996_s_at,3,0.48473093
FBXL14,213145_at,3,0.5331645
FARSB,223035_s_at,3,0.5441516
SH3GLB1,209091_s_at,3,0.641149
SH3GL3,211565_at,3,0.17427076
SH3GL1P2,1567028_s_at,3,0.20128334
GAK,40225_at,3,0.67335784
GALNT16,232548_at,3,0.18559399
GALNT15,236361_at,3,0.22481668
ZNF592,227507_at,3,0.47005004
ADGRA3,210473_s_at,3,0.302039
ZNF614,227045_at,3,0.3911315
ZNF609,212620_at,3,0.4359595
ADCY9,204497_at,3,0.32084247
FAR2,220615_s_at,3,0.40206465
FAR1,224866_at,3,0.53591454
FBXL21P,1555413_s_at,3,0.11449178
FAXDC2,48030_i_at,3,0.43818742
GALE,202528_at,3,0.32118416
SH3TC2,219710_at,3,0.14022769
SLC48A1,48106_at,3,0.44421816
MICALL2,219332_at,3,0.3165506
MAOB,1561010_a_at,3,0.16515197
MAOA,204389_at,3,0.17643997
ZNF621,1558620_at,3,0.4250659
MAP2K3,215499_at,3,0.6518468
MAP2K2,202424_at,3,0.6878279
MAP3K6,219278_at,3,0.22944407
MGAT2,203102_s_at,3,0.551112
MIA3,212305_s_at,3,0.47244716
SLC45A4,225597_at,3,0.37754658
FAT3,1558964_at,3,0.15240772
FARS2,204283_at,3,0.43597436
SHISA6,217481_x_at,3,0.25011075
SHFL,53720_at,3,0.5952136
GABPB1,204618_s_at,3,0.51419777
GADD45GIP1,212891_s_at,3,0.46573582
SLC41A2,235299_at,3,0.18448392
MGST3,201403_s_at,3,0.62016857
ADD3-AS1,217380_s_at,3,0.16342793
MAPK10,204813_at,3,0.29422262
MAP7D3,219576_at,3,0.3885496
MAP7,202890_at,3,0.29768375
MAP6D1,242838_at,3,0.33817163
ZNF626,235687_at,3,0.33180952
FBN2,203184_at,3,0.31238386
FBN1,202766_s_at,3,0.28920212
FBXL4,209943_at,3,0.4550375
FBXO21,212229_s_at,3,0.53496754
FBXO2,219305_x_at,3,0.32367483
SLC3A1,205799_s_at,3,0.26937196
GAD1,206669_at,3,0.17895997
GABRB2,1557122_s_at,3,0.18793744
GABRA5,217280_x_at,3,0.18627477
ADAMTS8,220677_s_at,3,0.12758206
ADAMTS7,220705_s_at,3,0.22600016
ADAMTS6,237411_at,3,0.2609757
MAP4K1,214339_s_at,3,0.59376925
MAPK8IP2,205050_s_at,3,0.35019428
ZNF618,226590_at,3,0.35747933
ZNF664,1558816_at,3,0.3230462
ZNF655,225945_at,3,0.65518796
ZNF654,241348_at,3,0.4085863
ADAM9,202381_at,3,0.4886228
SLC35C2,225037_at,3,0.50571555
SLC35B4,225881_at,3,0.42821607
SLC38A2,222982_x_at,3,0.7800332
SHOX2,210134_x_at,3,0.16816637
SHMT2,214096_s_at,3,0.6680153
FXYD5,218084_x_at,3,0.7654175
SLC36A1,242619_x_at,3,0.34419698
SLC35G1,231012_at,3,0.28452173
SLC35F6,225695_at,3,0.40714684
SLC39A3,223917_s_at,3,0.51784897
MAPK4,204708_at,3,0.1339627
MAP3K3,203514_at,3,0.5575836
MAPT-AS1,237331_s_at,3,0.25948814
MAPRE2,202501_at,3,0.64592993
ADAMTS2,214535_s_at,3,0.1824391
SLC39A14,212110_at,3,0.32748717
FUT10,235472_at,3,0.27209392
FBXO45,225099_at,3,0.48187098
FBXO41,44040_at,3,0.49954864
FXYD2,205674_x_at,3,0.3594026
G3BP2,208841_s_at,3,0.6378711
FZD8,227405_s_at,3,0.2959419
ADAMTS17,1552727_s_at,3,0.20346268
MGC12916,224507_s_at,3,0.23145024
MAP4K5,203552_at,3,0.52430797
MAPKAPK5-AS1,1553987_at,3,0.55816984
MAPKAPK5,212871_at,3,0.45194888
MAPKAPK2,201460_at,3,0.664176
MAPK9,203218_at,3,0.51195055
MARK1,221047_s_at,3,0.21139449
MARCHF8,221824_s_at,3,0.6323735
SHISA9,1556619_at,3,0.17443883
FDFT1,208647_at,3,0.73036915
FBXO4,223493_at,3,0.446692
FBXO38,221257_x_at,3,0.5249422
FCRL4,224403_at,3,0.110993996
FCGR2C,211395_x_at,3,0.40813914
FCGR2A,203561_at,3,0.46598026
ADAM7,211238_at,3,0.16208589
MAPK12,206106_at,3,0.28671834
MAPK11,211499_s_at,3,0.24598877
MASP2,207041_at,3,0.2637733
MFAP5,209758_s_at,3,0.24076425
MGA,235409_at,3,0.45021826
MFSD9,213393_at,3,0.34483534
MFSD8,228282_at,3,0.38708618
ADAM10,202603_at,3,0.6752369
SLC35D1,209711_at,3,0.4512633
SLC35A2,209326_at,3,0.47230032
FZD1,204451_at,3,0.30063042
FYN,210105_s_at,3,0.6203755
FUT9,214046_at,3,0.10216199
SHROOM3,225548_at,3,0.13760208
SHROOM1,239435_x_at,3,0.2508842
ADAL,239711_at,3,0.32859153
ZNF672,218068_s_at,3,0.49292687
MFSD4B,242851_at,3,0.33691365
ZNF736,235027_at,3,0.49057695
ZNF718,1553269_at,3,0.27083904
ZNF717,229986_at,3,0.324505
SLC31A1,203971_at,3,0.36341703
SLC35F5,225872_at,3,0.42265794
FCF1,215567_at,3,0.41758138
FDX1,203647_s_at,3,0.6101781
FGF12,207501_s_at,3,0.15314071
FEM1B,212373_at,3,0.5140617
FCRLA,235372_at,3,0.3935857
SIGLEC8,216327_s_at,3,0.16671753
SIGLEC7,207224_s_at,3,0.27553988
SIGLEC6,206520_x_at,3,0.24768728
SIRPB1,1554624_a_at,3,0.3378644
ACVR2B,236126_at,3,0.28042433
MFNG,204153_s_at,3,0.58764505
MFN2,201155_s_at,3,0.5388719
MFN1,207098_s_at,3,0.47840288
MARVELD3,239350_at,3,0.16365622
MARS1,213671_s_at,3,0.64798474
MARK3,202568_s_at,3,0.5904306
MAZ,212064_x_at,3,0.6413507
SLC35A3,206770_s_at,3,0.52632976
FERMT2,214212_x_at,3,0.2255726
FER,227579_at,3,0.32492235
SIPA1L2,225056_at,3,0.3335374
SIPA1L1,202255_s_at,3,0.4223185
FST,204948_s_at,3,0.23292686
SIN3B,39705_at,3,0.42371148
ACTA2,200974_at,3,0.4121067
ACSM5,89977_at,3,0.16343011
MBD6,227833_s_at,3,0.5781636
MBD5,220195_at,3,0.28161845
METTL3,209265_s_at,3,0.6107755
METTL2B,225253_s_at,3,0.42562318
ZNF75A,227670_at,3,0.5418443
ACSF3,227464_at,3,0.37135988
SIM2,206558_at,3,0.123972856
SIM1,1552796_a_at,3,0.18076204
FGD4,227948_at,3,0.3041066
FGA,231671_at,3,0.2531862
SLC2A9,219991_at,3,0.29881194
SLC30A7,226217_at,3,0.5255662
SLC30A6,226161_at,3,0.39998505
ACRBP,223717_s_at,3,0.42739803
ACTB,200801_x_at,3,0.87704015
ACHE,210332_at,3,0.17901857
ACP3,204393_s_at,3,0.31491408
ZNF778,220730_at,3,0.31436974
ACSL4,202422_s_at,3,0.40802443
ACSL3,201662_s_at,3,0.5498499
SLC30A4,227193_at,3,0.30799913
SLC30A1,212907_at,3,0.54559827
FEZF2,233897_at,3,0.09244846
FCN2,208439_s_at,3,0.22070266
MEX3A,227512_at,3,0.27817994
METTL8,1554667_s_at,3,0.49453193
MBD3,41160_at,3,0.57038426
FH,214170_x_at,3,0.5821095
SLC26A2,224959_at,3,0.46417394
SIX3,206634_at,3,0.1338183
SIX1,228347_at,3,0.1280118
SIVA1,210792_x_at,3,0.56563157
FRG1CP,215160_x_at,3,0.5957131
FRS2,226045_at,3,0.37228012
FRRS1L,213904_at,3,0.15504074
SLC2A11,1558540_s_at,3,0.31089935
FGF1,208240_s_at,3,0.18291359
FGF7,205782_at,3,0.16981325
FGF5,210311_at,3,0.18826179
FECH,203116_s_at,3,0.54028887
ACAT1,205412_at,3,0.56691426
FHL5,1555191_a_at,3,0.15981765
FOXRED2,231846_at,3,0.27668968
FRMD4B,213056_at,3,0.43817803
FRMD3,230645_at,3,0.31880954
SIRT3,49327_at,3,0.45402262
SKP2,203625_x_at,3,0.5320366
SLC26A7,1552827_s_at,3,0.18633074
FGF22,221315_s_at,3,0.13286985
ZNF747,228856_at,3,0.37790617
ZNF740,227331_at,3,0.40190333
ZNF785,1554770_x_at,3,0.25211647
MBTD1,226797_at,3,0.58646077
METTL13,212405_s_at,3,0.4069486
MFAP3,213123_at,3,0.42871666
MEX3D,222042_x_at,3,0.17019607
MCM10,223570_at,3,0.33606502
FHIP2B,218337_at,3,0.45904833
FITM2,226805_at,3,0.35159183
FIP1L1,221007_s_at,3,0.54192615
SKIC3,203049_s_at,3,0.55063653
FOXO1,202723_s_at,3,0.57553613
FOXN4,241009_at,3,0.21427824
FRA10AC1,226398_s_at,3,0.50241685
FILIP1L,204135_at,3,0.25679412
MC2R,208568_at,3,0.23513035
ACKR2,206887_at,3,0.20609231
ACAA2,202003_s_at,3,0.5042149
ZNF791,1553703_at,3,0.5789587
ZNF79,216486_x_at,3,0.31288993
ZNF770,225517_at,3,0.55948704
ZNF805,238436_s_at,3,0.42759058
MERTK,206028_s_at,3,0.32046854
FKBP8,208255_s_at,3,0.43678415
FKBP7,224002_s_at,3,0.32915267
FKBP5,224840_at,3,0.65889466
SLC10A7,235143_at,3,0.3768033
FOXP3,221334_s_at,3,0.23055935
SLAMF7,222838_at,3,0.28425357
SLAMF1,206181_at,3,0.32321626
SLC25A28,223192_at,3,0.59829074
ACAP2,212476_at,3,0.6678484
ACAP1,205213_at,3,0.61460656
ACLY,201128_s_at,3,0.6649411
ZNF821,41397_at,3,0.3099854
METTL21A,235177_at,3,0.52642727
MBOAT7,209179_s_at,3,0.5795268
MBNL3,229498_at,3,0.62709683
FOXA2,214312_at,3,0.19604252
ABL2,226893_at,3,0.40789217
ABI3BP,1559077_at,3,0.1552723
ABI1,209027_s_at,3,0.66912454
MCM3AP-AS1,220459_at,3,0.28267533
MDGA1,232237_at,3,0.15650794
MDFIC,211675_s_at,3,0.5790086
MCTS1,218163_at,3,0.59553945
MEI1,230011_at,3,0.39280552
METRN,232269_x_at,3,0.2502162
MCHR1,230498_at,3,0.12247324
MCFD2,212245_at,3,0.61514306
MESP1,224476_s_at,3,0.21800357
MCCC2,209623_at,3,0.5045824
MCMBP,222464_s_at,3,0.5597581
MCM9,219673_at,3,0.44643453
ME1,204059_s_at,3,0.2055768
MDN1,212693_at,3,0.49641377
ABCF2,209247_s_at,3,0.42421883
SLC24A4,1568870_at,3,0.2251104
FKSG49,211454_x_at,3,0.56295365
FLNA,200859_x_at,3,0.63892365
FLJ42627,220352_x_at,3,0.47919935
FNTA,200090_at,3,0.7311991
FOXD3,241612_at,3,0.08613454
SLC12A6,226741_at,3,0.6632793
SLC12A3,215274_at,3,0.19485766
FKBP14,230728_at,3,0.34505525
FKBP11,219117_s_at,3,0.6605133
FLII,212024_x_at,3,0.6016162
SLC13A4,238273_at,3,0.38437322
SLC12A9,220371_s_at,3,0.45945856
SLC16A3,217691_x_at,3,0.44218537
SLC16A10,219915_s_at,3,0.20662016
SLC16A1-AS1,1568799_at,3,0.23327704
SLC15A4,225057_at,3,0.5492688
SLC15A2,205316_at,3,0.42635491
ABHD18,241968_at,3,0.41498104
ABHD17B,227551_at,3,0.652763
ZNHIT2,219050_s_at,3,0.26921502
MELTF-AS1,243629_x_at,3,0.34379208
MED12L,1556579_s_at,3,0.28619352
ZNF875,231836_at,3,0.41926792
ABR,212895_s_at,3,0.5438047
ABO,216929_x_at,3,0.22209005
MCTP1,220122_at,3,0.37373468
MEAF6,218165_at,3,0.61644
ME2,209397_at,3,0.61886406
MED26,227538_at,3,0.61421037
ZSCAN18,218312_s_at,3,0.5279682
ZSCAN12,206507_at,3,0.39416364
AASDHPPT,202169_s_at,3,0.56285787
ABCB9,1555323_at,3,0.23867449
AAMDC,221599_at,3,0.4396095
ABCB1,209994_s_at,3,0.325748
ZPR1,200054_at,3,0.50177175
ABCA9,242541_at,3,0.20903562
ABCA8,1565778_at,3,0.12509088
ZXDA,243521_at,3,0.366502
ZRANB1,225138_at,3,0.6030932
ZZEF1,212601_at,3,0.56558776
ZYX,215706_x_at,3,0.58991945
ZYG11B,225350_s_at,3,0.56460816
MED7,204350_s_at,3,0.48814544
ABCC6,214033_at,3,0.31157133
ABCC5,209380_s_at,3,0.42861015
ZSCAN20,1552498_at,3,0.23966426
MEF2D,225641_at,3,0.5316476
MECP2,202618_s_at,3,0.42254415
ZSCAN25,228138_at,3,0.4251303
ABCA2,212772_s_at,3,0.42863363
ABCA13,1553605_a_at,3,0.22464994
ABAT,209459_s_at,3,0.4226476
ZRANB3,239538_at,3,0.3200448
ZRANB2,223716_s_at,3,0.71432513
MED17,221517_s_at,3,0.5792664
MEGF11,1569879_a_at,3,0.23812324
MEGF10,232523_at,3,0.14383577
MED8,213127_s_at,3,0.44162595
MED25,1553993_s_at,3,0.63213813
ZSCAN16-AS1,244730_x_at,2,0.35431296
AASS,210852_s_at,2,0.18845165
AASDH,235435_at,2,0.47781602
AARS2,231845_at,2,0.37299323
ABCB8,229539_at,2,0.30318314
ABCB6,203192_at,2,0.28104672
ABCB4,207819_s_at,2,0.29496706
ABCB11,211224_s_at,2,0.1006404
ZSCAN32,218937_at,2,0.41645798
ZNF880,235913_at,2,0.38524792
ZPLD1,1561969_at,2,0.11917675
ABCA5,213353_at,2,0.41250658
ABCA4,1569102_at,2,0.115465164
ABCD3,202850_at,2,0.47077
ABCC8,210246_s_at,2,0.07638726
ZNRF2,226261_at,2,0.38610992
SLC17A5,223441_at,2,0.41463375
FMO2,228268_at,2,0.29112208
FMNL1,204789_at,2,0.5544962
SLC17A4,207051_at,2,0.17128201
SLC20A1,201920_at,2,0.63998216
SLC22A6,210343_s_at,2,0.08409821
SLC22A5,205074_at,2,0.28818
SLC22A3,242578_x_at,2,0.4863878
SLC22A25,1561093_at,2,0.31671053
FLJ32255,235291_s_at,2,0.44188672
FMC1,226780_s_at,2,0.51302
FLVCR1,228191_at,2,0.48697805
FLT3LG,210607_at,2,0.35483593
SLC22A17,218675_at,2,0.1574991
SLC22A16,232232_s_at,2,0.4517961
FLRT3,222853_at,2,0.20617017
FOXA1,204667_at,2,0.08865886
FOLR2,204829_s_at,2,0.25758824
FOLR1,211074_at,2,0.7398107
SLC15A1,211349_at,2,0.23574108
SLC18A2,205857_at,2,0.20010187
SLC25A12,203340_s_at,2,0.38165018
SLC25A11,207088_s_at,2,0.4799205
SLC24A3,57588_at,2,0.20844263
SLC24A2,220867_s_at,2,0.21150324
FLAD1,212541_at,2,0.4961507
FLACC1,239458_at,2,0.15385091
FKRP,227882_at,2,0.3916319
FLNB,208614_s_at,2,0.39425948
FLJ40288,1553464_at,2,0.22611411
SLC23A3,230949_at,2,0.29079473
SLC17A7,204230_s_at,2,0.28392288
SLC25A30,226782_at,2,0.45319155
FOCAD,218503_at,2,0.3636195
FOXE1,206912_at,2,0.09879398
FOXD4,1567341_at,2,0.17401387
FOXD2-AS1,224457_at,2,0.17134768
SLC12A2,225835_at,2,0.4471391
SLC12A1,1554842_at,2,0.15749761
SLC16A6,230748_at,2,0.38984942
SLC22A8,231352_at,2,0.14923686
SLC25A24,204342_at,2,0.56772625
SLC25A23,226010_at,2,0.22965904
FKBP1B,206857_s_at,2,0.33803317
FLJ12825,233008_at,2,0.19673501
FLG-AS1,1570423_at,2,0.10901394
SLC25A17,211754_s_at,2,0.39997187
SLC16A11,1552761_at,2,0.26685873
SLC14A1,205856_at,2,0.31467384
SLC13A2,207567_at,2,0.19443612
SLC13A1,220502_s_at,2,0.08536646
FOXC2,239058_at,2,0.21097822
FOXC1,213260_at,2,0.29396877
FOXN3-AS1,227887_at,2,0.3316858
FOXN2,226711_at,2,0.634015
FOXN1,1558687_a_at,2,0.11377757
FOXL1,243409_at,2,0.12877163
SLC25A15,218653_at,2,0.42294875
SLC25A14,204587_at,2,0.48684382
SLC25A4,202825_at,2,0.361175
SLC25A35,236064_at,2,0.37479416
SLC25A34,1559977_a_at,2,0.345387
FIGNL1,222843_at,2,0.45022967
FKBP3,218003_s_at,2,0.691075
FOXJ3,206015_s_at,2,0.6559692
FOXJ2,203734_at,2,0.50231993
FOXH1,207644_at,2,0.16605517
FOXG1,207658_s_at,2,0.13654959
FOXP4,227120_at,2,0.33865657
SLAMF8,219385_at,2,0.18708669
SLA2,232234_at,2,0.43043074
SLC25A3,200030_s_at,2,0.82618034
SLC26A1,1552843_at,2,0.067977704
SLC25A6,212826_s_at,2,0.83762366
SLC25A53,1561578_s_at,2,0.15993619
SLC25A51,238574_at,2,0.39503333
SLC25A5-AS1,239242_at,2,0.3015434
SLC25A48,1554542_at,2,0.28859437
FHIP2A,226155_at,2,0.59206694
FIZ1,226967_at,2,0.39564344
SLC2A2,232325_at,2,0.062865414
SLC2A12,244353_s_at,2,0.12899539
SKIDA1,1559266_s_at,2,0.18105395
FREM1,236031_x_at,2,0.14769323
FPR3,230422_at,2,0.14440896
SKI,229265_at,2,0.5898411
SKA2,225684_at,2,0.566298
FGFR3,204379_s_at,2,0.17888188
FIBIN,226769_at,2,0.18156892
FIBCD1,238943_at,2,0.11515129
SLC25A46,212833_at,2,0.6403601
SLC25A45,236436_at,2,0.40031466
SLC25A44,32091_at,2,0.55120885
SLC25A40,227012_at,2,0.5300962
SLC27A5,219733_s_at,2,0.29256904
SLAMF9,1553770_a_at,2,0.20387007
FPR1,205119_s_at,2,0.52200127
FRMD6,225464_at,2,0.19776963
FRMD5,1569470_a_at,2,0.17811978
FRK,235924_at,2,0.15918648
SIRT6,233179_x_at,2,0.41217262
SIRT4,220047_at,2,0.13760506
SIRT2,220605_s_at,2,0.5295377
SLA,203761_at,2,0.5722337
SLC27A2,205768_s_at,2,0.34070474
SLC26A6,232551_at,2,0.39564702
FGF2,204421_s_at,2,0.16282608
FGL2,227265_at,2,0.48015115
FGGY,219718_at,2,0.28135753
FGFRL1,223321_s_at,2,0.29286766
SLC26A5-AS1,1557598_at,2,0.07061491
SLC26A3,215657_at,2,0.11907601
SIX2,206510_at,2,0.18764105
FRG1JP,240246_at,2,0.25392756
FRG1BP,234949_at,2,0.39562932
FRG1,204145_at,2,0.6652222
FSCN1,210933_s_at,2,0.45914847
FPR2,210772_at,2,0.2829757
SLC2A1,201250_s_at,2,0.5713024
SLC29A4,227281_at,2,0.20637795
FGF11,227271_at,2,0.2078546
FGD5-AS1,224644_at,2,0.6598978
FGD5,226984_at,2,0.25319165
FGF9,206404_at,2,0.16619411
FGF4,206783_at,2,0.27867082
SLC29A1,201802_at,2,0.33241314
SLC28A3,220475_at,2,0.26218805
SLC28A2,216432_at,2,0.140756
SIMC1P1,220609_at,2,0.41515845
SIX5,229009_at,2,0.19890271
FEM1A,223175_s_at,2,0.48215914
FGD3,227811_at,2,0.66063476
FGB,216238_s_at,2,0.13879985
FFAR1,231761_at,2,0.15297863
SLC2A8,239426_at,2,0.26753125
SLC35B3,222691_at,2,0.45272815
SLC28A1,207560_at,2,0.22394726
SLC30A8,239983_at,2,0.19965246
SLC30A2,230084_at,2,0.29215828
FEZ1,203562_at,2,0.2758163
FETUB,210520_at,2,0.08719412
FGF14-AS2,230351_at,2,0.19782181
FGF13,205110_s_at,2,0.23057361
SIX4,231797_at,2,0.063706025
FUCA1,202838_at,2,0.48302126
FUBP3,212824_at,2,0.54818225
SIRPG,220485_s_at,2,0.2697579
SLC34A3,1552510_at,2,0.41424584
FCRL3,231093_at,2,0.42277136
FCRL1,243968_x_at,2,0.34823504
FCN1,205237_at,2,0.63202524
FCMR,221601_s_at,2,0.5446601
FER1L4,222245_s_at,2,0.32421425
FENDRR,242332_at,2,0.2720275
FEN1,204767_s_at,2,0.55975294
SLC34A1,217530_at,2,0.18617755
FRMPD4,215052_at,2,0.13079146
FSTL4,214859_at,2,0.12558113
FSIP1,1553622_a_at,2,0.13064156
SINHCAF,220147_s_at,2,0.6911626
FXN,205565_s_at,2,0.46474835
FUT8-AS1,242889_x_at,2,0.41562268
FUT8,203988_s_at,2,0.3840427
FUT7,210506_at,2,0.2439578
FUT4,209892_at,2,0.5677554
SHROOM4,244825_at,2,0.07017991
SLC30A9,202614_at,2,0.5621089
SLC35F3,231520_at,2,0.15760559
SLC35E4,1568623_a_at,2,0.13102251
SLC35E2A,217122_s_at,2,0.7069172
FCGR1A,216950_s_at,2,0.3743607
FCER2,206759_at,2,0.26125962
FCER1G,204232_at,2,0.62147313
FCER1A,211734_s_at,2,0.41041756
SIGMAR1,201692_at,2,0.43260777
FUNDC2,223042_s_at,2,0.6773732
FCHO2,228220_at,2,0.45950606
FCGR3B,204007_at,2,0.45913383
SIGLEC10,1552807_a_at,2,0.41557303
SIGLEC1,44673_at,2,0.288656
SIGIRR,52940_at,2,0.58642334
SIDT2,56256_at,2,0.5782144
FUT3,216010_x_at,2,0.17156959
FUT2,210608_s_at,2,0.31848717
FUT11,226348_at,2,0.4685215
FYTTD1,224641_at,2,0.68934643
FYCO1,218204_s_at,2,0.34650508
FYB2,231073_at,2,0.17543581
FTSJ1,205324_s_at,2,0.59946674
FTL,212788_x_at,2,0.87856215
FTH1,200748_s_at,2,0.85731715
FTCDNL1,1556667_at,2,0.20017292
SHLD2,220547_s_at,2,0.63382524
SHISAL2A,237033_at,2,0.2424812
SHISAL1,52837_at,2,0.17614825
SIGLEC11,1552910_at,2,0.23134103
SLC35C1,222647_at,2,0.29914993
SLC38A2-AS1,1559924_at,2,0.19016725
SLC37A4,202830_s_at,2,0.36782706
SLC37A1,218928_s_at,2,0.41674635
FBXO36,236525_at,2,0.15225823
FBXO33,226970_at,2,0.6394837
FBXW12,215600_x_at,2,0.6698436
FBXW11,209455_at,2,0.53495246
FBXO8,1554806_a_at,2,0.4512251
FBXO7,201178_at,2,0.7162358
FCHSD2,203620_s_at,2,0.54630166
FCHSD1,226698_at,2,0.31054327
FZD5,221245_s_at,2,0.318943
FZD4,218665_at,2,0.16769864
FZD2,210220_at,2,0.29760948
FZD10-AS1,243351_at,2,0.22363636
GABPA,227428_at,2,0.5423026
GABBR1,203146_s_at,2,0.43872857
GABARAPL3,211458_s_at,2,0.6162443
GABARAPL1,208869_s_at,2,0.48367643
GAB3,228410_at,2,0.4785935
SLC36A4,234978_at,2,0.45394593
SLC35G2,219569_s_at,2,0.25423506
SLC39A13,225277_at,2,0.4513028
FBXO5,218875_s_at,2,0.50474674
FXYD3,202488_s_at,2,0.39442068
FXR2,35265_at,2,0.41620523
FZD7,203705_s_at,2,0.21697494
G6PC1,1555612_s_at,2,0.13610618
GABRG1,241805_at,2,0.15306489
GABRD,208457_at,2,0.07862567
GABRA4,208463_at,2,0.18362968
SHE,229910_at,2,0.19243972
SHC4,230538_at,2,0.1251234
SHQ1,63009_at,2,0.47534677
SHPK,219713_at,2,0.29895014
FBXO40,220164_s_at,2,0.076746166
FBXL16,227641_at,2,0.33565527
FBXO30,226541_at,2,0.46374997
FBXO25,225591_at,2,0.4648967
FBXO24,223941_at,2,0.23070562
SLC38A9,235241_at,2,0.44008198
SLC38A4,220786_s_at,2,0.0822843
SHOC1,1553920_at,2,0.11946745
SH3RF1,225589_at,2,0.33008128
SH3PXD2B,231823_s_at,2,0.22336712
SHISA2,230493_at,2,0.22716868
SHH,236263_at,2,0.18745673
GABRA1,206678_at,2,0.07869559
GABPB1-IT1,205510_s_at,2,0.504964
GABPB1-AS1,227406_at,2,0.49657252
SLC44A2,224609_at,2,0.5163258
SLC43A3,213113_s_at,2,0.53572243
SLC43A2,226629_at,2,0.39331728
SLC41A3,219175_s_at,2,0.45406142
SLC40A1,223044_at,2,0.49901435
FBXL6,219189_at,2,0.3813197
FBXL5,209004_s_at,2,0.69575495
FBXL3,225132_at,2,0.67576814
G6PC3,44654_at,2,0.53610563
SHANK3,227923_at,2,0.32330513
SHANK1,214781_at,2,0.19816834
SH3YL1,204019_s_at,2,0.562528
GABRQ,220886_at,2,0.18280444
GABRG3,216895_at,2,0.18029872
GABRG2,206849_at,2,0.17272417
GALM,234974_at,2,0.3920429
GALK2,230918_at,2,0.34031203
GALK1,204374_s_at,2,0.21969539
GALC,204417_at,2,0.5171137
SLC39A5,1552281_at,2,0.22275615
SLC49A4,226026_at,2,0.44109398
FBXL13,1553798_a_at,2,0.17087352
FBXL12,220127_s_at,2,0.62073725
FBRS,218255_s_at,2,0.4941881
SH3TC1,219256_s_at,2,0.5243899
GALNT6,219956_at,2,0.30519122
GALNT4,231832_at,2,0.4276214
GALNT3,203397_s_at,2,0.45583904
GALNT18,1554079_at,2,0.2748155
SH3D19,1558647_at,2,0.15676239
SH3BP5,201811_x_at,2,0.666607
FBLL1,244071_at,2,0.20503387
FBH1,224683_at,2,0.53696156
FAXC,230447_at,2,0.06912099
SLC45A3,228696_at,2,0.34340802
SLC45A2,220245_at,2,0.13760152
SLC44A4,205597_at,2,0.15943964
SLC44A3-AS1,1568905_at,2,0.09889584
SLC52A2,218151_x_at,2,0.47791883
SH3BP4,222258_s_at,2,0.22995871
SHC1,214853_s_at,2,0.6676846
FAM87A,1559140_at,2,0.24366269
FAM86C1P,65585_at,2,0.2734303
FANCF,222713_s_at,2,0.42485327
GALNT12,218885_s_at,2,0.30452126
GALNS,206335_at,2,0.50349724
GANAB,214626_s_at,2,0.54322517
GAN,228567_at,2,0.34541807
SH2D3A,222169_x_at,2,0.31814697
SH2D1B,1553177_at,2,0.2449379
SLC4A9,224053_s_at,2,0.2288717
FAM9B,1553461_at,2,0.10604419
FASN,212218_s_at,2,0.43832114
FASLG,210865_at,2,0.24423802
FARSA,202159_at,2,0.46047843
SH3GL1P1,1566251_at,2,0.14918923
GAL,214240_at,2,0.1665457
SGK3,227627_at,2,0.5688009
SH3BGRL,201312_s_at,2,0.7916572
GALNTL6-AS1,1561622_at,2,0.12425618
GALNT7,218313_s_at,2,0.58762896
GARIN5B,1564319_at,2,0.13683084
GARIN1B,236214_at,2,0.18742138
GAREM2,228028_at,2,0.21258757
GALNT14,219271_at,2,0.38902718
SLC4A1AP,1558201_s_at,2,0.5403761
SLC4A11,233550_s_at,2,0.19253491
SLC4A1,205592_at,2,0.55280286
SLC66A2,218208_at,2,0.6175093
SLC66A1L,1558552_s_at,2,0.15841295
SLC5A9,232378_at,2,0.15869555
SLC5A7,220722_s_at,2,0.130388
FAM89B,32209_at,2,0.6119972
SGSH,35626_at,2,0.47152197
GAS6-AS1,238127_at,2,0.35061243
GAS6,1598_g_at,2,0.35436007
GAS2L3,238756_at,2,0.30692372
GAS1RR,238463_at,2,0.14558847
SGPP1,223391_at,2,0.48000377
SGO2,235425_at,2,0.44758132
FAM81A,227756_at,2,0.18834439
FAM78B,1558113_at,2,0.10937461
FAM76A,228604_at,2,0.38500413
FAM98A,212333_at,2,0.50139636
FAM91A1,226294_x_at,2,0.5665261
SLC5A1,206628_at,2,0.15826204
SLC52A3,233451_at,2,0.34045297
SLC6A20,219614_s_at,2,0.13365011
SGO1,1553690_at,2,0.26163536
GATA3-AS1,240827_at,2,0.058746003
GATA2-AS1,1568639_a_at,2,0.1870031
SFXN2,227560_at,2,0.40305445
SH2B1,40149_at,2,0.46123645
SGTB,228745_at,2,0.49060112
SLC6A17,229925_at,2,0.26884818
SLC6A16,1569940_at,2,0.30958372
SLC6A13,207184_at,2,0.2266177
SLC66A3,225579_at,2,0.53920484
SLC7A4,205864_at,2,0.16710679
SLC7A14,232904_at,2,0.13580272
FAM43A,227410_at,2,0.4204096
FAM86B2-DT,227917_at,2,0.47698748
FAM83H,226129_at,2,0.21862419
FAM83C,1563805_a_at,2,0.15731408
FAM83B,1563900_at,2,0.14748697
GASK1B,223204_at,2,0.3150675
GBA3,222943_at,2,0.17650656
GBA2,224627_at,2,0.41675526
GBA1,209093_s_at,2,0.4155432
GAS1,204457_s_at,2,0.18170363
SLC6A5,236508_at,2,0.16386737
SLC9A2,208039_at,2,0.30557808
SLC9A1,209453_at,2,0.3944696
SLC8B1,218749_s_at,2,0.39042854
SLC8A3,1562403_a_at,2,0.19021259
SLC8A1-AS1,1558920_at,2,0.16863751
FAM66D,233643_at,2,0.15885139
FAM53B-AS1,1559812_at,2,0.15044825
FAM53B,203206_at,2,0.55775505
GATA6,229282_at,2,0.1947051
GATA5,238095_at,2,0.13854544
FAM3D-AS1,236960_at,2,0.13898255
FAM3A,38043_at,2,0.43229133
FAM30A,206478_at,2,0.4020873
SFT2D3,226639_at,2,0.39363885
SFT2D2,225356_at,2,0.6755969
GATC,225430_at,2,0.51407325
GATB,204300_at,2,0.3555994
GATAD2B,225393_at,2,0.481669
GCC2,202832_at,2,0.526206
GCAT,36475_at,2,0.35328218
SFRP4,204051_s_at,2,0.2003794
SFRP2,223122_s_at,2,0.09516904
SFR1,236027_at,2,0.536393
SGK2,220357_s_at,2,0.29779238
SGF29,48117_at,2,0.5195358
GATA1,210446_at,2,0.29193315
FAM239A,59433_at,2,0.32353655
FAM238B,237236_x_at,2,0.2692773
GBP6,1559607_s_at,2,0.15170453
GBP5,229625_at,2,0.44290844
GBP4,235175_at,2,0.3513719
GBP2,202748_at,2,0.5124141
GCNT2,230788_at,2,0.3076033
GCNT1,205505_at,2,0.37111372
GCN1,212139_at,2,0.5511289
SF3B2,200619_at,2,0.6732342
SF3A2,37462_i_at,2,0.61468416
FAM50B,205775_at,2,0.24990183
SLC7A6OS,229153_at,2,0.4200144
SLCO4A1,219911_s_at,2,0.34616014
SLCO1C1,241951_at,2,0.16277881
FAM229A,1556560_a_at,2,0.27304724
SF3B3,200687_s_at,2,0.5237365
GCFC2,216305_s_at,2,0.41458726
GCDH,203500_at,2,0.43601057
GDF1,206397_x_at,2,0.10642985
GDE1,226214_at,2,0.5485465
GDAP2,1554154_at,2,0.42750615
GDA,1569555_at,2,0.21822666
FAM27E3,227563_at,2,0.30603182
SLC9C2,1563495_at,2,0.19658539
SLC9B2,229491_at,2,0.35943815
SLC9A9,227791_at,2,0.32827696
SLIT1,213601_at,2,0.39458644
SLFNL1,1554074_s_at,2,0.2251904
SLFN13,1558217_at,2,0.44264793
FAM218A,1553711_a_at,2,0.18676078
FAM217A,237619_at,2,0.20694584
SETD6,1554555_a_at,2,0.35259032
GCSH,213129_s_at,2,0.5609979
GCNT7,242040_at,2,0.34374025
GDPD5,32502_at,2,0.43795812
GDNF,230090_at,2,0.15112707
GDI2,200009_at,2,0.7810361
SLCO5A1,230650_at,2,0.19476049
SLU7,231718_at,2,0.596102
SLK,206875_s_at,2,0.56636065
FAM201A,1557014_a_at,2,0.1615141
FAM200A,238609_at,2,0.21395883
FAM224B,235941_s_at,2,0.22269014
FAM223B,1552607_at,2,0.27768806
SFMBT2,227210_at,2,0.45234522
SFMBT1,213370_s_at,2,0.47901762
SF3B6,223416_at,2,0.7648048
SESN2,223196_s_at,2,0.38990974
GFOD1,219821_s_at,2,0.47803602
GFI1B,237403_at,2,0.28921828
GFER,204659_s_at,2,0.38077483
SERTAD2,202657_s_at,2,0.69801414
SEZ6,243430_at,2,0.24680911
SLITRK5,215469_at,2,0.11568219
SLITRK4,232636_at,2,0.22101395
SMAD9,227719_at,2,0.21513042
FAM182B,222205_x_at,2,0.19714175
FAM182A,216053_x_at,2,0.18833384
FAM210B,224690_at,2,0.5975049
FAM20B,202916_s_at,2,0.47107634
SETDB1,203155_at,2,0.48230198
SETD9,238465_at,2,0.41225356
SETD7,224928_at,2,0.49918324
GFRA4,234868_s_at,2,0.16378374
SERPINB5,1555551_at,2,0.09637838
SERPINB4,210413_x_at,2,0.15554433
SERPINB3,209719_x_at,2,0.17685439
SETBP1,205933_at,2,0.37886736
FAM169A,235048_at,2,0.2939152
FAM168B,212017_at,2,0.6352954
FAM168A,212357_at,2,0.44738084
FAM193B,218920_at,2,0.59137696
FAM186A,216595_at,2,0.13123748
FAM185A,1556373_a_at,2,0.3110481
FAM184B,233823_at,2,0.23116405
FAM184A,220150_s_at,2,0.2505021
SMAD1,210993_s_at,2,0.39984998
SLX9,243750_x_at,2,0.38100606
SLX4,232147_at,2,0.36154568
SERPINB8,206034_at,2,0.40037602
GFRA3,229936_at,2,0.15193081
GFRA2,205721_at,2,0.14357552
GFOD2,214076_at,2,0.3812671
GH2,206195_x_at,2,0.21949884
GEN1,228286_at,2,0.4200764
SMARCD3,204099_at,2,0.34769306
SMARCD1,209518_at,2,0.56028837
SMARCB1,212167_s_at,2,0.5797646
FAM13C,1554547_at,2,0.10004935
FAM13A-AS1,1558711_at,2,0.4026331
FAM174B,51158_at,2,0.26409766
GEMIN6,219539_at,2,0.3433956
GEMIN4,205527_s_at,2,0.42760703
GGA3,209411_s_at,2,0.5136955
GFUS,36936_at,2,0.58615094
GGN,244305_at,2,0.09579798
GIMAP8,235306_at,2,0.3184361
GIMAP6,219777_at,2,0.37469575
GIHCG,226546_at,2,0.6148217
SERPINE2,212190_at,2,0.31312722
FAM107B,223058_at,2,0.6798001
FAM107A,207547_s_at,2,0.18272403
FAM133B,226332_at,2,0.6006209
FAM133A,239481_at,2,0.24630778
FAM131B-AS2,241353_s_at,2,0.51355463
SMC6,218781_at,2,0.5814552
FAM120C,229512_at,2,0.38624656
FAM120B,227895_at,2,0.34744087
FAM167A,226614_s_at,2,0.26382905
FAM161B,242608_x_at,2,0.53249305
SERPINC1,1554491_a_at,2,0.122668535
GID4,228452_at,2,0.40601912
GHRLOS,244695_at,2,0.24079654
GHRL,223862_at,2,0.3061577
GIPR,231291_at,2,0.2012288
GIPC3,236730_at,2,0.19160438
SMIM12,225404_at,2,0.559205
SMIM10L2A,227909_at,2,0.16464101
FADS3,204257_at,2,0.48350322
FADS2,202218_s_at,2,0.35146445
FAM118A,226475_at,2,0.37444103
FAM114A2,218588_s_at,2,0.40941545
FAM114A1,213455_at,2,0.24873535
FAM111B,1557129_a_at,2,0.303423
FAM111A-DT,235152_at,2,0.34098774
GIPC2,219970_at,2,0.15058345
GGPS1,202322_s_at,2,0.5317625
GJD3,1553511_at,2,0.24198808
GJC2,207025_at,2,0.16336857
FAM111A,218248_at,2,0.63131225
SMG7-AS1,215953_at,2,0.15228042
SMG6,214940_s_at,2,0.28479818
SMG5,34868_at,2,0.47018752
SMIM27,78383_at,2,0.5007156
FA2H,234963_s_at,2,0.23786247
F7,207300_s_at,2,0.31837314
FAIM2,203618_at,2,0.18358485
FAHD2CP,228198_s_at,2,0.35880437
FAHD1,227960_s_at,2,0.41883978
FAH,202862_at,2,0.43084094
FAF2,212108_at,2,0.55669564
SERAC1,1569864_at,2,0.26831475
GID8,225376_at,2,0.60205686
GJA3,239572_at,2,0.19443914
GLDN,232649_at,2,0.24907725
GLB1L3,1562888_at,2,0.22104026
SEPTIN10,212698_s_at,2,0.17544195
SEPT5-GP1BB,209768_s_at,2,0.219598
SMIM21,1564400_at,2,0.1855484
SMIM2,220931_at,2,0.19346178
SMPD3,219695_at,2,0.18665871
SMOC2,243946_at,2,0.18172204
SMOC1,222784_at,2,0.17488062
FABP4,203980_at,2,0.18394206
FABP3,205738_s_at,2,0.17815468
FABP1,231693_at,2,0.115594596
SERF1A,223538_at,2,0.52109444
GINS3,218719_s_at,2,0.36838597
GIN1,219467_at,2,0.3271297
SENP7,223444_at,2,0.48826137
SENP1,226619_at,2,0.40059897
GLIS3,230258_at,2,0.14552267
GLIPR2,225602_at,2,0.5967695
SEMA7A,230345_at,2,0.38143903
EXT2,202012_s_at,2,0.46150133
EXOSC7,212627_s_at,2,0.4987022
F2RL2,230147_at,2,0.13795833
F2RL1,213506_at,2,0.2303174
F2R,1569642_at,2,0.36347225
F12,205774_at,2,0.32838047
SMLR1,244151_at,2,0.1363993
SMYD1,243045_at,2,0.30282056
SEPTIN7P13,234759_at,2,0.3422067
GJA5,226701_at,2,0.13846777
GJA4,204904_at,2,0.15816206
SEMA3D,215643_at,2,0.16069472
SEMA3C,203788_s_at,2,0.21859942
SEMA3B,203071_at,2,0.12648936
SNAPC4,205658_s_at,2,0.41236338
EVX1,207914_x_at,2,0.14529014
EVL,217838_s_at,2,0.64630425
EXOSC10,207541_s_at,2,0.5856972
SNAI3-AS1,1556154_a_at,2,0.2935811
EXOC6B,215417_at,2,0.16801995
EXOC3L4,230677_at,2,0.1725596
EYA1,1569736_at,2,0.18023674
EXTL3,209202_s_at,2,0.2703802
SMR3A,214566_at,2,0.12669355
SMPDL3B,1554050_at,2,0.26419327
SMPDL3A,213624_at,2,0.3025136
SENP8,228398_at,2,0.14893681
GLOD5,231052_at,2,0.15699926
GMCL2,218458_at,2,0.45451432
GLYCTK,238518_x_at,2,0.3167622
SNHG33,236798_at,2,0.4321763
SNHG32,220755_s_at,2,0.77871066
ETFDH,205530_at,2,0.32733816
ETF1,201574_at,2,0.69665533
EVC2,229974_at,2,0.14081657
ETV7,221680_s_at,2,0.28433394
ETV4,1554576_a_at,2,0.15215653
EXOC3L1,1559272_at,2,0.26572216
EXOC3,212630_at,2,0.48156875
EXOC2,226270_at,2,0.35959476
EXO5,222902_s_at,2,0.3643929
SNCG,208584_at,2,0.13265768
GLRX,206662_at,2,0.69960964
ESPL1,38158_at,2,0.43972725
SNN,218032_at,2,0.6346451
SEC61A1,217716_s_at,2,0.5923469
SELPLG,209879_at,2,0.4947038
SELENOW,1555851_s_at,2,0.6582738
SELENOT,217811_at,2,0.64465624
SELENOP,201427_s_at,2,0.3765796
SELENOO,233168_s_at,2,0.6122654
GLUD2,215794_x_at,2,0.47207886
GLUD1,200947_s_at,2,0.6509136
GLTP,226177_at,2,0.68502575
GLT8D2,221447_s_at,2,0.18254814
GLT8D1,218146_at,2,0.56413734
SEMA4D,203528_at,2,0.572783
SEMA4C,46665_at,2,0.35439366
SEMA4A,219259_at,2,0.44903532
GNAT1,214286_at,2,0.084065065
SEC61B,203133_at,2,0.782713
SNIP1,219409_at,2,0.4038517
SNRNP35,205300_s_at,2,0.47273552
SNRNP27,212440_at,2,0.66729945
ERVK3-1,242139_s_at,2,0.42952082
ESRRG,209966_x_at,2,0.16065711
ESRRA,1487_at,2,0.4213797
ESRP1,219121_s_at,2,0.1391985
SNORD8,1566340_at,2,0.2645451
SNHG17,225857_s_at,2,0.60989314
SNHG16,224603_at,2,0.67706466
SNORA71B,1568249_at,2,0.20269988
SNORA71A,1565859_at,2,0.096971035
SNORA68,1566403_at,2,0.33002046
ESPNL,1557000_at,2,0.2913155
GNAI1,227692_at,2,0.30036297
GNA14,220108_at,2,0.13349822
GNA12,224681_at,2,0.59418947
GNG11,204115_at,2,0.40586066
SNORC,230244_at,2,0.122356504
SNRPD1,202690_s_at,2,0.7143346
ERO1B,231944_at,2,0.42115667
ERN2,214372_x_at,2,0.37667173
ERMP1,222603_at,2,0.46623397
ESF1,218859_s_at,2,0.49374104
ESAM-AS1,233527_at,2,0.15045951
ERVW-1,1555299_s_at,2,0.1791705
SNRPB2,202505_at,2,0.7297765
GMIP,218913_s_at,2,0.5485807
GMFB,202544_at,2,0.63661027
GMEB2,44146_at,2,0.56047
SEC31A,200945_s_at,2,0.69545466
SEC23A,212887_at,2,0.56044817
GNLY,37145_at,2,0.51900274
GNL3,217850_at,2,0.60468143
SEC22A,218703_at,2,0.38207826
SNRPB,213175_s_at,2,0.770781
SNRNP70,201221_s_at,2,0.68357205
SNRNP48,226263_at,2,0.45348328
SNX14,225101_s_at,2,0.536758
SNX11,53912_at,2,0.50260067
SNW1,201575_at,2,0.7238767
ERICH3,243753_at,2,0.09182888
ERICH2-DT,215627_at,2,0.1102441
SEH1L,221931_s_at,2,0.6018681
SECISBP2L,212450_at,2,0.5503852
SECISBP2,224250_s_at,2,0.6575538
SEC14L3,216346_at,2,0.0809411
SEC11C,223299_at,2,0.54549414
SEC11A,201290_at,2,0.7688889
GOLGA4,201567_s_at,2,0.5407285
GOLGA1,203383_s_at,2,0.34227893
SDS,205695_at,2,0.23163277
SNX27,221498_at,2,0.45823568
ERI1,226416_at,2,0.46645153
ERF,203643_at,2,0.38107744
ERCC6,230108_at,2,0.3447106
ERCC4,235215_at,2,0.28083965
ERLIN1,202441_at,2,0.5756303
ERICH5,1552389_at,2,0.07834782
SNTG2,1570422_at,2,0.08580656
SNX29P2,1559297_at,2,0.20751297
SDR42E1,241356_at,2,0.17991047
SDHAP1,222021_x_at,2,0.6525469
SDHAF1,221855_at,2,0.46141577
GNRH2,208519_x_at,2,0.2143767
GNRH1,207987_s_at,2,0.23560955
GOLM1,217771_at,2,0.1822254
GOLGB1,201057_s_at,2,0.5533068
SDHA,201093_x_at,2,0.646533
SDE2,244103_at,2,0.6986587
EREG,205767_at,2,0.3858405
EPPIN,206319_s_at,2,0.1511595
EPO,217254_s_at,2,0.18955208
EPN3,223895_s_at,2,0.15076916
ERCC2,235399_at,2,0.36555532
EPHB4,202894_at,2,0.3187748
EPHB3,204600_at,2,0.22316563
SEC14L4,239492_at,2,0.26954302
GOT1L1,1553879_a_at,2,0.13325483
SCYL1,223033_s_at,2,0.46991697
SCUBE1,1552388_at,2,0.17890476
SDK1,229912_at,2,0.20009333
SDHD,202026_at,2,0.66738117
SNX9,223028_s_at,2,0.4905445
EPHA1-AS1,238263_at,2,0.2678875
EPCAM-DT,1562604_at,2,0.10126211
EPIC1,1563009_at,2,0.303423
EPAS1,200878_at,2,0.38904014
EPHA8,231796_at,2,0.24966586
EPSTI1,235276_at,2,0.4546417
EPS15,217887_s_at,2,0.6821565
SNX18,226683_at,2,0.6701949
SNX16,229618_at,2,0.39075223
SDHB,202675_at,2,0.5895914
SDC1,201287_s_at,2,0.24363784
GORASP1,215749_s_at,2,0.42853695
GOLT1B,222552_at,2,0.5980442
GPATCH11,228495_at,2,0.47586393
GPANK1,225472_at,2,0.5647529
EP300,213579_s_at,2,0.61890006
EPHA6,233184_at,2,0.123090714
SNX6,222410_s_at,2,0.6574709
SNX4,212652_s_at,2,0.53103775
SNX33,227151_at,2,0.30772957
SNX32,231194_at,2,0.1642938
SORCS1,1556891_at,2,0.22050925
SORBS3,209253_at,2,0.45559135
GOLGA7,217819_at,2,0.6914336
GOLGA6L6,1561171_a_at,2,0.2708992
GOLGA6B,232813_s_at,2,0.20955011
SCRG1,205475_at,2,0.1960597
GPAM,225424_at,2,0.33013955
GP5,207926_at,2,0.18336199
GPC6,227059_at,2,0.14282687
GPC4,204983_s_at,2,0.22015409
GPC3,209220_at,2,0.19276111
SCPEP1,218217_at,2,0.59851086
SCP2,211733_x_at,2,0.7046011
SOHLH2,220129_at,2,0.16433834
ENTPD7,235204_at,2,0.36210656
ENTPD6,201704_at,2,0.47494674
ENPP4,204160_s_at,2,0.4658854
SCOC-AS1,235869_at,2,0.20749074
SCOC,224786_at,2,0.5626697
SDCBP2-AS1,236669_at,2,0.23530445
SDC3,1554864_a_at,2,0.13386786
GPC1,202756_s_at,2,0.15806429
GPBP1,223705_s_at,2,0.7243753
GPATCH8,212487_at,2,0.5664692
GPNMB,201141_at,2,0.24167627
GPN2,218799_at,2,0.45546094
SCN3B,204722_at,2,0.12717254
SCN3A,210432_s_at,2,0.18220255
SCN2A,206381_at,2,0.13556427
ENPP2,209392_at,2,0.32447538
ENPEP,204845_s_at,2,0.15647937
EOLA1-DT,1556026_at,2,0.23756973
ENTREP3,203550_s_at,2,0.481459
SOCS4,226178_at,2,0.51285243
SOX10,209843_s_at,2,0.12177287
SCRT1,228761_at,2,0.14928208
SCRN2,228730_s_at,2,0.47049606
GPER1,210640_s_at,2,0.17443618
EML6,229656_s_at,2,0.23308773
EML5,1568777_at,2,0.14378744
ENO3,204483_at,2,0.34155148
SOX7,228698_at,2,0.24790072
SOWAHC,219496_at,2,0.18757966
ENGASE,65635_at,2,0.5909894
ENG,201809_s_at,2,0.42928508
ENDOD1,212573_at,2,0.4258111
ENC1,201341_at,2,0.43694234
ENTPD3,206191_at,2,0.11294879
ENTPD2,207372_s_at,2,0.099738814
ENTPD1-AS1,219731_at,2,0.40136635
ENTHD1,1552394_a_at,2,0.08092528
ENPP5,227803_at,2,0.121262826
GPR153,64942_at,2,0.35034135
SOX17,230943_at,2,0.15114106
SOX15,217040_x_at,2,0.35911292
SOX12,204432_at,2,0.43704113
SP4,236265_at,2,0.57892984
GPR132,223887_at,2,0.35147598
GPR12,214558_at,2,0.22525187
GPR182,214506_at,2,0.22122158
GPR176-DT,1566080_at,2,0.110442586
GPR176,227846_at,2,0.3326706
GPR17,206190_at,2,0.086212486
SCFD2,226923_at,2,0.42379773
SCFD1,215548_s_at,2,0.5547942
SCN1A,1555246_a_at,2,0.116832286
SCNN1G,207295_at,2,0.18470755
SCN9A,206950_at,2,0.15961269
SCN7A,228504_at,2,0.11385075
GPR157,227970_at,2,0.29057828
GPR156,239607_at,2,0.30555433
GPR37,214586_at,2,0.0814252
GPR27,227769_at,2,0.4381749
ELP5,223286_at,2,0.490079
ELP3,227075_at,2,0.47180542
ELP1,202491_s_at,2,0.5559879
EML2-AS1,1569086_at,2,0.24596493
EML1,204797_s_at,2,0.13107426
EMID1,213779_at,2,0.43712202
EMG1,209233_at,2,0.5252473
SOX30,1559235_a_at,2,0.18195406
SOX3,1553802_a_at,2,0.21861629
EMC7,217898_at,2,0.6775202
ENAM,240586_at,2,0.09707626
EMX2OS,232531_at,2,0.22800833
GPR68,229055_at,2,0.3003614
GPR6,1553507_a_at,2,0.2635946
SC5D,211423_s_at,2,0.5331281
SBNO2,204166_at,2,0.38587978
SOX9-AS1,230419_at,2,0.11023725
SOX9,202935_s_at,2,0.120826736
SPACA9,220050_at,2,0.37787408
SPACA6,227992_s_at,2,0.22212401
ELN,216269_s_at,2,0.25312135
EMC4,223043_at,2,0.66122556
EMC10,224727_at,2,0.51671976
EMB,226789_at,2,0.7201369
SCCPDH,201825_s_at,2,0.5508475
SCARNA17,240830_at,2,0.39687824
SCARF1,1555021_a_at,2,0.3691161
GPR15LG,227735_s_at,2,0.21712524
ELOVL2,220029_at,2,0.17501901
ELOVL1,57163_at,2,0.5547428
ELOC,202824_s_at,2,0.74049383
ELOB,200085_s_at,2,0.76449704
SAXO5,241842_x_at,2,0.22869384
GPR55,237559_at,2,0.1292667
GPR4,206236_at,2,0.20167392
GPRC5D-AS1,1559976_at,2,0.16107915
GPRC5D,221297_at,2,0.24950656
GPRC5C,219327_s_at,2,0.27527907
SATB2-AS1,1560010_a_at,2,0.16329722
SATB2,213435_at,2,0.17024805
SCAMP2,218143_s_at,2,0.5469318
GPR22,221288_at,2,0.13938293
GPR21,213313_at,2,0.57546854
GPR20,232841_at,2,0.26975995
SPAG6,210033_s_at,2,0.17481612
SPAG5-AS1,231541_s_at,2,0.3015226
SPATA24,1558641_at,2,0.49271917
GPR85,234303_s_at,2,0.11984705
GPX5,214648_at,2,0.13904816
GPX3,214091_s_at,2,0.3029404
GPX2,202831_at,2,0.2748086
GPSM3,204265_s_at,2,0.70082563
SARS1,200802_at,2,0.6283146
SARNP,224914_s_at,2,0.6242467
SBK1,226548_at,2,0.32012796
SP8,239743_at,2,0.18091159
SPAST,209748_at,2,0.53637415
SPARC,200665_s_at,2,0.45873693
ELF5,220625_s_at,2,0.16855325
ELF4,31845_at,2,0.61715704
SART1,200051_at,2,0.5523554
GPSM1,226043_at,2,0.5042232
GPRIN2,206747_at,2,0.2743855
GPRIN1,227975_at,2,0.12962806
GRAP,229726_at,2,0.34956545
SPATA21,1570242_x_at,2,0.16738659
SPATA2,204434_at,2,0.4011625
ELF1,212418_at,2,0.7365968
ELAVL2,228260_at,2,0.13711572
ELAPOR2,244317_at,2,0.24733047
ELAC2,201767_s_at,2,0.46803343
ELAC1,222869_s_at,2,0.25970533
ELMOD1,1564787_at,2,0.16662733
ELL3,219517_at,2,0.4127654
ELK3,221773_at,2,0.54702747
SPAG8,206816_s_at,2,0.27015346
EIF3H,201592_at,2,0.821632
SPATA31F2P,216084_at,2,0.16791297
SPATA31F1,243269_s_at,2,0.13427424
SPATA31E1,1559559_at,2,0.08148164
GRAMD2B,218706_s_at,2,0.24706347
GRAMD1A,224807_at,2,0.54462117
GPX8,227628_at,2,0.13486782
GRIA1,209793_at,2,0.1139751
SANBR,243539_at,2,0.33905196
SPATA18,229331_at,2,0.09324903
SPATA17,230763_at,2,0.080652505
SPATA33,230811_at,2,0.3425269
SPATA32,1553803_at,2,0.30627516
EIF3E,208697_s_at,2,0.82597065
EIF4G1,208625_s_at,2,0.5635365
SAMD9,228531_at,2,0.49161583
SAP30BP,217965_s_at,2,0.5933423
GRHL1,222830_at,2,0.2055281
GREM1,218468_s_at,2,0.16095811
GRIP1,235957_at,2,0.20386149
GRIN3A,233220_at,2,0.10108151
GRIN2D,229883_at,2,0.22760081
EI24,216396_s_at,2,0.57936555
EIF2S2,208726_s_at,2,0.7262773
EIF2B5,212351_at,2,0.48602134
EIF2B4,209429_x_at,2,0.5377786
EGLN3,219232_s_at,2,0.20158029
EIF4ENIF1,218626_at,2,0.46864992
EIF2AK4,225164_s_at,2,0.49504882
EIF2AK3,218696_at,2,0.60936123
EIF2AK1,217736_s_at,2,0.69905233
EIF3J,208985_s_at,2,0.5945064
GRIK3,230593_at,2,0.14213754
GRM2,208465_at,2,0.19598015
SAMD10,227773_at,2,0.2649212
SAMD1,225650_at,2,0.4136903
EFNB3,210883_x_at,2,0.21184716
EFNB2,202668_at,2,0.2841347
EHBP1,212653_s_at,2,0.42503178
EGOT,222314_x_at,2,0.14466605
EGFLAM-AS2,240225_at,2,0.09098543
EIF1B,201738_at,2,0.78284687
EIF1AY,204409_s_at,2,0.42580482
EIF1AD,239377_at,2,0.5222644
SPATA9,223841_s_at,2,0.078911275
SPATA7,234929_s_at,2,0.27510476
SPG21,215383_x_at,2,0.6458666
SALL1,206893_at,2,0.09662041
GRPEL2,226881_at,2,0.37843415
SAA2,208607_s_at,2,0.12115712
S1PR3,228176_at,2,0.26627198
SAMD8,225950_at,2,0.5288603
SPDL1,221685_s_at,2,0.39557225
SPIN1,222431_at,2,0.66267765
SPICE1,234995_at,2,0.38889658
EFCC1,220006_at,2,0.10594287
EFCAB5,1558301_a_at,2,0.12802464
EFTUD2,222398_s_at,2,0.66975105
EFS,204400_at,2,0.14811224
EFR3A,212149_at,2,0.5600734
SPIB,205861_at,2,0.3769812
SPHK2,40273_at,2,0.38073865
SAMD3,236782_at,2,0.28412315
SAMD12,238673_at,2,0.16998404
SACS-AS1,1560941_a_at,2,0.1529219
GRPEL1,212434_at,2,0.57074255
GSK3A,632_at,2,0.50976485
SPINT1,202826_at,2,0.29559112
SPOCK2,202524_s_at,2,0.5656591
SPOCD1,1562415_a_at,2,0.14738992
EEF2K,225546_at,2,0.48912117
EEF2,204102_s_at,2,0.8824425
EEF1E1,204905_s_at,2,0.58739024
EFHD2,217992_s_at,2,0.66308045
EFHC2,220591_s_at,2,0.30181873
EFEMP2,206580_s_at,2,0.36217505
GRIP2,216481_at,2,0.20121267
GSAP,213142_x_at,2,0.57089967
GRTP1-AS1,1559654_s_at,2,0.17562212
GRTP1,229377_at,2,0.13054673
RYR2,214044_at,2,0.14339727
RXYLT1,204808_s_at,2,0.4518967
S1PR2,227684_at,2,0.3195079
S100PBP,218370_s_at,2,0.5142661
S100B,209686_at,2,0.13405573
GSTO1,201470_at,2,0.72133476
GSTM4,210912_x_at,2,0.3420047
GSTM3,202554_s_at,2,0.33610418
GSTM1,215333_x_at,2,0.5066614
EDN3,208399_s_at,2,0.12692301
EFCAB11,214264_s_at,2,0.4079642
EEIG1,212400_at,2,0.44401574
S100A8,202917_s_at,2,0.86877656
S100A7A,232220_at,2,0.31871882
S100A6,217728_at,2,0.789304
SAFB2,32099_at,2,0.6425644
RWDD2A,229786_at,2,0.25631782
GSTA4,202967_at,2,0.3874059
GSS,201415_at,2,0.5351188
GSR,225609_at,2,0.49543443
GTF2A1,225433_at,2,0.52424735
RWDD1,219598_s_at,2,0.66923124
RUSF1,222190_s_at,2,0.47228074
EED,209572_s_at,2,0.55802834
SPP1,209875_s_at,2,0.26543826
SPOUT1,222674_at,2,0.40370518
SPOPL,225658_at,2,0.57567614
SPRY4-IT1,1566967_at,2,0.12555599
SPRY4,221489_s_at,2,0.21831645
RUSC1-AS1,230256_at,2,0.42472523
S100A13,202598_at,2,0.44914442
S100A10,200872_at,2,0.69799113
GSX1,1555676_s_at,2,0.11445416
GSTT1,203815_at,2,0.22139944
GSTO2,229155_at,2,0.23253714
GTF3C1,35671_at,2,0.576693
RUBCNL,219471_at,2,0.5222375
SPRY1,212558_at,2,0.45466703
SPRR3,232082_x_at,2,0.13648936
ECHDC2,218552_at,2,0.4717568
ECE2,1555306_a_at,2,0.363359
ECE1,201749_at,2,0.40069884
EDF1,209058_at,2,0.74842256
EDC3,226042_at,2,0.4036331
SPRR1A,214549_x_at,2,0.2618983
SPTBN2,205155_s_at,2,0.21090308
RXRA,202449_s_at,2,0.486771
RWDD2B,218377_s_at,2,0.3484786
SPTSSA,212460_at,2,0.5213009
SRI,208921_s_at,2,0.69650036
GTF2H3,222104_x_at,2,0.5851356
GTPBP3,213835_x_at,2,0.49769232
RTN3,219549_s_at,2,0.62675875
RTN2,34408_at,2,0.35622904
RTN1,210222_s_at,2,0.21092634
SPTB,208416_s_at,2,0.33672425
EBAG9,204274_at,2,0.6201546
ECM2,206101_at,2,0.15330078
SPSB3,46256_at,2,0.6770485
SPSB1,226075_at,2,0.26529303
SPRYD7,230151_at,2,0.29405007
RUNDC3B,215321_at,2,0.12506445
RUNDC3A,213439_x_at,2,0.23826452
RUNDC1,226298_at,2,0.39764345
RSRC2,202302_s_at,2,0.7748986
RTP3,1552568_at,2,0.21015084
RTP1,1553823_a_at,2,0.18095008
RTN4IP1,1555679_a_at,2,0.3332474
GTF3C5,233173_x_at,2,0.6012988
GTF3C2-AS1,1556671_s_at,2,0.11922035
GUK1,200075_s_at,2,0.67955446
GUF1,222770_s_at,2,0.45612285
GUCY1B1,203817_at,2,0.367946
SRA1,224864_at,2,0.5614893
DZIP1,204556_s_at,2,0.11057169
DZANK1,219951_s_at,2,0.33942714
DYRK3-AS1,238250_at,2,0.13440906
DYRK3,210151_s_at,2,0.3570069
SPX,221067_s_at,2,0.2539709
SPTY2D1,229594_at,2,0.55846405
SRD5A2,235945_at,2,0.15147093
SRPX2,216639_at,2,0.12410727
GTSF1L,232821_at,2,0.20145418
GYG1,211275_s_at,2,0.6882251
GXYLT2,235733_at,2,0.23359706
GXYLT1,226868_at,2,0.38048777
GVQW3,1558844_at,2,0.17793956
GVINP1,220577_at,2,0.3685961
RTCA,203594_at,2,0.58467644
RSU1P2,1557672_s_at,2,0.24486142
RSRP1,209007_s_at,2,0.73876196
SRF,202401_s_at,2,0.46067634
E2F7,228033_at,2,0.35356623
E2F4,38707_r_at,2,0.47605062
E2F3,203693_s_at,2,0.51901555
E2F1,204947_at,2,0.37267572
RTL10,226204_at,2,0.41965514
RTKN2,230469_at,2,0.121712275
RTKN,225150_s_at,2,0.17035042
GUSBP4,232207_at,2,0.36947945
GUSB,202605_at,2,0.7065777
SRPRA,200918_s_at,2,0.6847119
SRPK1,202200_s_at,2,0.6197996
DUSP22,218845_at,2,0.5941352
DYNC1LI1,222479_s_at,2,0.56618583
DYNC1I1,205348_s_at,2,0.22597261
SRP19,205335_s_at,2,0.71775466
DVL3,201908_at,2,0.48371235
DVL2,57532_at,2,0.49595404
DYRK1B,204954_s_at,2,0.22946845
SREBF2,201247_at,2,0.46215746
SREBF1,202308_at,2,0.4104321
RSAD2,242625_at,2,0.34568617
RRP36,225788_at,2,0.535545
RRP1B,212846_at,2,0.58910984
RRP15,219037_at,2,0.4471911
GZF1,225884_s_at,2,0.5169945
H2AC15,239041_at,2,0.26729256
SRSF12,239295_at,2,0.13448998
SRRM5,1565848_at,2,0.17440729
DUSP10,221563_at,2,0.57861876
DUS4L,205761_s_at,2,0.36927405
DUS3L,224966_s_at,2,0.4310402
DUS2,219486_at,2,0.4451812
DUSP8,206374_at,2,0.38068938
DUSP7,213848_at,2,0.39109606
RSPH14,229977_at,2,0.202384
RSL24D1,217915_s_at,2,0.7602998
H1-6,1553568_a_at,2,0.19642529
H2AZ1,213911_s_at,2,0.8161936
RRAGD,221524_s_at,2,0.50970703
RSKR,1553292_s_at,2,0.40288588
SSB,201139_s_at,2,0.6623432
DSG3,205595_at,2,0.19713639
DUOXA1,1555404_a_at,2,0.18597923
DUBR,239466_at,2,0.1943548
DTX2P1-UPK3BP1-PMS2P11,210707_x_at,2,0.5632332
SRSF9,200044_at,2,0.7452471
SRSF6,208804_s_at,2,0.76324326
DTNB,214253_s_at,2,0.16141236
DUSP18,227098_at,2,0.3850998
DUSP15,234829_at,2,0.25585717
SRRM1,201225_s_at,2,0.7122657
SRRD,213608_s_at,2,0.47509184
RPS4X,200933_x_at,2,0.90546787
RPS29,201094_at,2,0.9016784
H2BW4P,230664_at,2,0.33965296
RPS8,200858_s_at,2,0.87049395
RPS7,213941_x_at,2,0.8768763
RRP1,222733_x_at,2,0.3949884
RRN3P3,238412_at,2,0.44048408
SSRP1,200957_s_at,2,0.5862791
DSCC1,219000_s_at,2,0.3466937
DSCAML1,232059_at,2,0.16752276
DTL,218585_s_at,2,0.48472914
DTD2,227158_at,2,0.44156364
DTD1,234107_s_at,2,0.48405817
RRM2,201890_at,2,0.5683997
RRM1,201477_s_at,2,0.6328329
H19,224646_x_at,2,0.2032737
RPS6KA4,204632_at,2,0.4636305
RPS6KA3,226335_at,2,0.6127893
H2BC5,222067_x_at,2,0.62298167
SSX1,206626_x_at,2,0.20194396
DRICH1,237325_at,2,0.16554229
DRG2,203268_s_at,2,0.40100333
DRD3,211625_s_at,2,0.06654945
SSTR3,1553178_a_at,2,0.2517943
SSTR1,208482_at,2,0.10560292
ST6GAL2,1555123_at,2,0.15399747
DRC3,208140_s_at,2,0.24012549
DRAM2,225230_at,2,0.6329371
DSG2,217901_at,2,0.21860766
DSCR10,1552468_a_at,2,0.16994172
SSMEM1,1553329_at,2,0.18880863
H2BC4,214455_at,2,0.4236348
RPS11,200031_s_at,2,0.9426075
HACD4,244050_at,2,0.62769777
HACD2,212640_at,2,0.57006717
HACD1,219654_at,2,0.5063406
RPRD1B,225024_at,2,0.48392728
ST3GAL5,203217_s_at,2,0.5216915
ST3GAL4,203759_at,2,0.30687988
DPP3-DT,244214_at,2,0.33276317
DPP3,232510_s_at,2,0.5327053
DRAIC,239594_at,2,0.087096974
DPYSL5,224100_s_at,2,0.26230735
DPH5-DT,228661_s_at,2,0.41343054
RPS27,200741_s_at,2,0.9239343
RPS24,200061_s_at,2,0.86798453
RPS23,200926_at,2,0.9673563
RPS21,200834_s_at,2,0.9053612
RPP25,223415_at,2,0.29919234
HAO2,231156_at,2,0.18282747
HAND2-AS1,236141_at,2,0.07281748
RPLP1,200763_s_at,2,0.9354063
ST8SIA2,239537_at,2,0.09384754
ST8SIA1,1569788_at,2,0.14808357
DOP1B,205248_at,2,0.33481836
ST7-AS2,1564790_at,2,0.13212912
ST7,207871_s_at,2,0.32016855
STAP1,220059_at,2,0.49374837
DPH3,225195_at,2,0.50143343
DPH1,202632_at,2,0.5123006
DPY19L2,238784_at,2,0.254668
ST20,210242_x_at,2,0.50830436
STAB2,220114_s_at,2,0.15239303
RPS15,200819_s_at,2,0.90258855
HAS2,230372_at,2,0.13743427
DNMBP,212838_at,2,0.48796055
DOK5,214844_s_at,2,0.2460036
DOK3,223553_s_at,2,0.6610146
DOK1,216835_s_at,2,0.42902464
DOCK8-AS1,1552755_at,2,0.20687136
STARD13-AS,233159_at,2,0.12147298
STARD13,213103_at,2,0.20922281
STEAP3,218424_s_at,2,0.37467852
STAG3L4,222801_s_at,2,0.47297037
STAG3L1,221191_at,2,0.43177417
STAT1,200887_s_at,2,0.6496141
DOCK7,225384_at,2,0.44404528
DPF1,231599_x_at,2,0.26093808
DPCD,226009_at,2,0.40030435
RPL36A,201406_at,2,0.90610266
HAX1,201145_at,2,0.63404155
STC2,203439_s_at,2,0.1642844
STBD1,203986_at,2,0.25312126
DND1,57739_at,2,0.4539612
DNASE2,209831_x_at,2,0.47070047
DNASE1L3,205554_s_at,2,0.27016732
DOCK2,213160_at,2,0.64128846
DOCK11,226875_at,2,0.6779484
DOCK10,219279_at,2,0.49624243
DOC2B,236045_x_at,2,0.26717013
DNTTIP1,224825_at,2,0.48827088
DNAJC7,202416_at,2,0.58072335
DNAJC6,204720_s_at,2,0.30205715
RPL28,200003_s_at,2,0.9098107
RPL27,200025_s_at,2,0.8859787
RPL24,214143_x_at,2,0.8812888
RPL23,200888_s_at,2,0.83762413
HAUS7,213334_x_at,2,0.44395006
HCFC2,219484_at,2,0.44464603
HCFC1R1,45714_at,2,0.48276305
HCCS,203746_s_at,2,0.5016687
STK16,238572_at,2,0.35121477
STIP1,213330_s_at,2,0.48554084
DNAJC2,213097_s_at,2,0.65311044
DNAJC19,225359_at,2,0.54854
DNALI1,227081_at,2,0.066157945
DNAJC5B,232798_at,2,0.23293693
DNM3OS,232090_at,2,0.10047686
DNM1,215116_s_at,2,0.2718761
STAT6,201331_s_at,2,0.68223923
RPL18,200022_at,2,0.8762158
RPL29,213969_x_at,2,0.8668151
HBE1,205919_at,2,0.24254674
HCN4,230208_at,2,0.2917577
HCN2,214893_x_at,2,0.21031637
HCN1,1562563_at,2,0.16506936
RP2,205191_at,2,0.5329106
ROS1,207569_at,2,0.17594868
DNAJB5,212817_at,2,0.25915226
DNAJB4,203810_at,2,0.38350755
DNAJB13,1552976_at,2,0.40489087
DNAJC3-DT,240574_at,2,0.18825148
DNAJC24,213853_at,2,0.43251768
STING1,224929_at,2,0.5275679
STIM1,202764_at,2,0.43988872
STEEP1,219805_at,2,0.4103219
STK38L,212572_at,2,0.5165876
RPGRIP1L,213959_s_at,2,0.19943179
ROPN1L,223609_at,2,0.30886814
HCG11,1557169_x_at,2,0.14833303
HDAC7,217937_s_at,2,0.41346306
HDAC5,202455_at,2,0.44164082
HDAC2,201833_at,2,0.6600776
ROCK2,202762_at,2,0.45385984
ROBO4,220758_s_at,2,0.3337421
RPAP3,218842_at,2,0.45954704
STK33,228086_at,2,0.13871767
STK32C,230934_at,2,0.39083028
DNAI2,221668_s_at,2,0.123401016
DNAI1,233195_at,2,0.2595099
DNAJC14,223420_at,2,0.4933363
DNAJC11,215792_s_at,2,0.46702668
RPAP2,222893_s_at,2,0.41278014
HBG2,213515_x_at,2,0.68235755
DNAH12,243802_at,2,0.21605593
HDAC10,226672_s_at,2,0.33839723
HEATR3,219289_at,2,0.46200138
RNLS,223824_at,2,0.3453947
RNF8,203160_s_at,2,0.44159904
RORC,206419_at,2,0.24512878
RORA-AS1,240163_at,2,0.21618916
DNAAF9,226607_at,2,0.46296135
DNAAF5,218460_at,2,0.5239573
DNAAF4,241713_s_at,2,0.17053373
DNAJB1,200666_s_at,2,0.6368247
DNAJA3,1554078_s_at,2,0.5269379
DNAJA2,226994_at,2,0.56941956
DNAJA1,200881_s_at,2,0.7321536
STK32B,219686_at,2,0.31114236
STK26,218499_at,2,0.72026837
STMN4,221236_s_at,2,0.19362597
STMN3,222557_at,2,0.5760444
STMN2,203001_s_at,2,0.12619601
STKLD1,236805_at,2,0.21543421
STK40,223852_s_at,2,0.5181613
STRN3,204496_at,2,0.5102697
RNPS1,200060_s_at,2,0.7441205
RNMT,202683_s_at,2,0.53424215
HDDC2,203259_s_at,2,0.62990844
HEBP2,203430_at,2,0.6887128
HDAC11,227679_at,2,0.29278955
STOX1,229378_at,2,0.121151224
DMRTC1,1553998_at,2,0.347137
DNAH5,232381_s_at,2,0.22371905
DNAH2,215840_at,2,0.08142646
DNAH17,1553470_at,2,0.1990324
DMRT3,233930_at,2,0.121278115
DMRT2,223704_s_at,2,0.13366655
DMP1,217067_s_at,2,0.07411084
DMGDH,231790_at,2,0.1605037
DMC1,208386_x_at,2,0.33307856
RNF38,218528_s_at,2,0.65754944
HEATR5B,233642_s_at,2,0.5290847
HEPH,203903_s_at,2,0.15379736
HEMGN,223670_s_at,2,0.40937218
RNF32-DT,223630_at,2,0.24595676
RNF26,224947_at,2,0.47368747
DMAC1,224879_at,2,0.60334396
DNAAF11,206483_at,2,0.27642924
DNAAF1,222068_s_at,2,0.23803344
DMXL2,212820_at,2,0.50490695
DMXL1,203791_at,2,0.49897492
DLG2,206253_at,2,0.13965003
DLX4,208216_at,2,0.25566727
DLX2,215685_s_at,2,0.25233936
DLX1,1560100_at,2,0.110570714
HEG1,213069_at,2,0.2807792
HES6,226446_at,2,0.31884193
HERPUD1,217168_s_at,2,0.7219896
HERC6,219352_at,2,0.37796172
RNF212,236454_at,2,0.13574474
RNF19B,213038_at,2,0.49714568
RNF5,209111_at,2,0.558744
STRIP2,231880_at,2,0.17769308
STRC,1561306_s_at,2,0.18461882
STRAP,200870_at,2,0.75493294
DLL1,224215_s_at,2,0.27574867
DLK1,209560_s_at,2,0.2110862
HFM1,1564285_at,2,0.15292169
HEYL,226828_s_at,2,0.24208541
HEY2,219743_at,2,0.12958762
HEY1,44783_s_at,2,0.25011393
DKK2,224199_at,2,0.21635531
DKFZP434A062,216608_at,2,0.20638464
DLGAP1-AS2,223974_at,2,0.20337467
DLG5-AS1,239565_at,2,0.25601768
DLG5,201681_s_at,2,0.32561034
DLG4,204592_at,2,0.21909942
STUM,213925_at,2,0.14230278
STPG3,1566908_at,2,0.2446525
STPG1,227694_at,2,0.24164091
STX17-DT,1558688_at,2,0.4879621
STX12,212112_s_at,2,0.53443635
STX11,235670_at,2,0.42591965
HIBCH,213374_x_at,2,0.44947
HHLA1,221162_at,2,0.17682025
HHIPL1,1559237_a_at,2,0.20954944
DICER1-AS1,229227_at,2,0.29189107
DISP3,230019_s_at,2,0.22663511
DISP1,235466_s_at,2,0.44802448
STX4,203530_s_at,2,0.55422384
STX2,213434_at,2,0.431401
STXBP3,203310_at,2,0.61662716
STXBP2,209367_at,2,0.57712936
STX8,204690_at,2,0.5983145
DIRAS2,240122_at,2,0.091353856
DIRAS1,226573_at,2,0.16601664
DLD,209095_at,2,0.6627911
RNF168,226832_at,2,0.5713054
HERC3,1554290_at,2,0.3584701
HGH1,219071_x_at,2,0.46742836
HILPDA,218507_at,2,0.37840393
HIKESHI,230326_s_at,2,0.6034812
HIGD2A,209329_x_at,2,0.742512
RNF144A,204040_at,2,0.3783473
SUDS3,224974_at,2,0.52887475
SUCLG1,217874_at,2,0.66089064
DHX57,213420_at,2,0.2729399
DHX40,218277_s_at,2,0.59685135
DHX37,223365_at,2,0.3740452
DIPK1B,229002_at,2,0.38053864
DIP2C-AS1,1559000_at,2,0.23567021
RNF138,218738_s_at,2,0.72814214
RNF19A,223085_at,2,0.62231183
HEXIM1,202814_s_at,2,0.5720031
HEXD,1555866_a_at,2,0.47254375
SULT1A3,210580_x_at,2,0.65908104
SULT1A2,207122_x_at,2,0.515577
RNF13,201779_s_at,2,0.5895804
RNF125,235199_at,2,0.57994586
RNF123,224186_s_at,2,0.5155196
HID1,225981_at,2,0.28986496
RNF157,226433_at,2,0.22505352
RNF152,1553722_s_at,2,0.15215167
DHRS4-AS1,227446_s_at,2,0.36328283
DIAPH2,205603_s_at,2,0.48331892
DHFR2,241727_x_at,2,0.41240883
DHDDS,218547_at,2,0.39577743
DHCR7,201791_s_at,2,0.37479076
RNF146,223886_s_at,2,0.5135011
HHEX,215933_s_at,2,0.6562965
HGS,210428_s_at,2,0.5997992
DERL2,218333_at,2,0.6059313
HIPK1-AS1,1570082_x_at,2,0.1596795
HLA-DRA,208894_at,2,0.76387703
HLA-DPB1,201137_s_at,2,0.7485273
HLA-DOB,205671_s_at,2,0.35725114
RNASEH2C,226453_at,2,0.6491233
RNF135,223592_s_at,2,0.615512
DHX33,226262_at,2,0.45498234
DHX29,212648_at,2,0.5312053
DHX15,201385_at,2,0.7793418
DHTKD1,227094_at,2,0.51410425
DHRSX,225503_at,2,0.40082642
STYK1,221696_s_at,2,0.29210076
SULT2A1,206292_s_at,2,0.13270478
SULT1E1,219934_s_at,2,0.15844576
SULT1C4,205812_s_at,2,0.6984385
SUGT1P3,1554143_a_at,2,0.24425882
SUGT1P1,1555614_at,2,0.18119848
SUGP1,209547_s_at,2,0.41679546
SUPT3H,206506_s_at,2,0.42257002
RND2,214393_at,2,0.18236494
RNASEL,229285_at,2,0.3934968
HLA-A,215313_x_at,2,0.85526174
HMCES,201678_s_at,2,0.53497976
HLCS,209399_at,2,0.29615825
HIRIP3,204504_s_at,2,0.40549567
HIRA,217427_s_at,2,0.5656787
SULF2,224724_at,2,0.44102538
DGKB,1553524_at,2,0.101102255
DGKA,203385_at,2,0.57155764
DHRS2,206463_s_at,2,0.11929666
DESI1,212528_at,2,0.40198883
HLA-DRB6,217362_x_at,2,0.6411018
HMGCS2,240110_at,2,0.25270036
HMGCS1,221750_at,2,0.49849653
HMGCR,202539_s_at,2,0.44820526
HMGB3,203744_at,2,0.49981457
HMGB2,208808_s_at,2,0.8331559
RMND5B,218262_at,2,0.40199482
RMND1,220329_s_at,2,0.37049258
RNF103,1568665_at,2,0.559405
RNF10,207801_s_at,2,0.6535689
DGLUCY,218298_s_at,2,0.5286005
DGKZ,207556_s_at,2,0.6244091
DGKQ,226605_at,2,0.54311967
DGKI,206806_at,2,0.1338913
DGKG,206395_at,2,0.24133612
SUGT1P4-STRA6LP-CCDC180,229628_s_at,2,0.2602036
DEPP1,209183_s_at,2,0.2563869
DEPDC4,1553365_at,2,0.1101004
SURF1,204295_at,2,0.69192505
RNASE4,213397_x_at,2,0.20559116
RNASE1,201785_at,2,0.23352553
RNA45SN5,225767_at,2,0.384869
HMOX2,218120_s_at,2,0.45638818
HMMR,207165_at,2,0.46151054
HMGXB4,212596_s_at,2,0.5604012
HMGXB3,212431_at,2,0.45271182
HLA-F-AS1,222279_at,2,0.58413625
SUPT16H,217815_at,2,0.6062383
SUOX,204067_at,2,0.37671387
DGCR2,214198_s_at,2,0.5189256
DGAT2,224327_s_at,2,0.2558282
SUMO3,200740_s_at,2,0.75242656
DENND2D,221081_s_at,2,0.47476
DENND2C,230769_at,2,0.22633635
DENND1A,226849_at,2,0.45479423
RIN2,209684_at,2,0.3107247
RLIM,222815_at,2,0.5302133
RLIG1,228378_at,2,0.45061284
HMGN5,221606_s_at,2,0.3508306
HMGN3-AS1,1559404_a_at,2,0.14660367
HMGN1,200944_s_at,2,0.8170889
RITA1,221777_at,2,0.35042298
SUMF2,225002_s_at,2,0.590229
SUSD3,227182_at,2,0.4380122
SUSD2,227480_at,2,0.1366002
DENND11,223162_s_at,2,0.59220344
DENND10P1,221804_s_at,2,0.64584184
DEPTOR,218858_at,2,0.3232347
DEGS1,209250_at,2,0.619706
DEFB126,221414_s_at,2,0.10838654
DEFB124,1568377_x_at,2,0.21117397
SYCE1L,1559960_x_at,2,0.41065356
HNF4G,232271_at,2,0.099901386
HNF1B,205313_at,2,0.21730879
HNF1A,210515_at,2,0.3108583
HOMER1,226651_at,2,0.30203435
HNRNPUL1,208713_at,2,0.6819341
RIOK2,218535_s_at,2,0.4632396
RING1,35685_at,2,0.6032025
SUPT4H1,201483_s_at,2,0.6072126
SVOP,229818_at,2,0.14684126
DEFB119,1553093_a_at,2,0.09361205
DENND4A,1554352_s_at,2,0.50961816
DENND3,212975_at,2,0.53532785
HNRNPK,200775_s_at,2,0.8047677
HOXA10,213150_at,2,0.28457117
HOTAIRM1,228642_at,2,0.45175958
HORMAD2,237781_at,2,0.13351998
SYCE1,1554675_a_at,2,0.11558096
SYNGR2,201079_at,2,0.6128533
SYNE3,219563_at,2,0.66196233
DDX5,200033_at,2,0.8446735
DEFB106A,1552411_at,2,0.17856668
SUV39H2,1554572_a_at,2,0.38383842
SYF2,202553_s_at,2,0.69401354
SYCP3,1553599_a_at,2,0.33501062
SYCP2,206546_at,2,0.22133873
SYCP1,206740_x_at,2,0.13019402
DEF8,225637_at,2,0.5591731
DEF6,226659_at,2,0.60520875
DDX56,217754_at,2,0.49271056
SYN1,1553264_a_at,2,0.27984005
SYT1,203999_at,2,0.23607731
SYPL1,201260_s_at,2,0.6546655
HOOK1,219976_at,2,0.25914717
HOMER2,217080_s_at,2,0.29887944
HOXB13,230105_at,2,0.056332957
HOXB1,208224_at,2,0.18445884
HOXB-AS1,237189_at,2,0.22502875
HOXA9,214651_s_at,2,0.35538706
RIPOR3,227654_at,2,0.33328772
RIPOR2,206707_x_at,2,0.58248377
RIPK4,221215_s_at,2,0.15088363
RIPK2,209545_s_at,2,0.64174527
RIPK1,209941_at,2,0.41654053
HNRNPL,35201_at,2,0.745781
RIMS4,233299_at,2,0.19718736
RIMS3,204730_at,2,0.32666236
RIMOC1,226159_at,2,0.43885365
HOXA3,208604_s_at,2,0.2523345
HOXA11-AS,230666_at,2,0.17010522
HOXA11,208493_at,2,0.13264075
SYNPO2L,243313_at,2,0.111892894
DDX10,204977_at,2,0.49601862
DDR1-DT,216459_x_at,2,0.35172892
DDX46,202462_s_at,2,0.63252896
DDX39B,200041_s_at,2,0.7632826
DDX24,200694_s_at,2,0.71032494
DDX23,201440_at,2,0.4816861
DDX21,224654_at,2,0.7560145
DEAF1,209407_s_at,2,0.43197715
DDX60L,228152_s_at,2,0.46986434
SYT16,239671_at,2,0.1443816
SYT15,1560878_at,2,0.3669377
SYT13,221859_at,2,0.2222681
HPCAL1,212552_at,2,0.6213403
HP,206697_s_at,2,0.41929677
HOXD9,205605_at,2,0.17409356
HOXD4,205522_at,2,0.1297671
RHOBTB2,1554586_a_at,2,0.27035487
RHO,206455_s_at,2,0.24725775
RHNO1,225837_at,2,0.5056572
RIDA,203790_s_at,2,0.36819986
RIC8B,219446_at,2,0.3322473
RIC3,228883_at,2,0.2123846
RIBC1,1553318_at,2,0.17653143
RHPN1,228405_at,2,0.35373867
RHOU,223168_at,2,0.39593324
HPS6,219052_at,2,0.4090351
HPRT1,202854_at,2,0.69133455
HOXB9,226461_at,2,0.23438834
HOXB6,205366_s_at,2,0.19865099
HOXB5,205601_s_at,2,0.31117705
HPCAL4,219671_at,2,0.18905456
TAB1,203901_at,2,0.25115082
DDOST,208675_s_at,2,0.7155058
DDO,222134_at,2,0.2632516
DCP1A,218508_at,2,0.5669931
SYT9-AS1,238216_at,2,0.23941256
SYT5,206161_s_at,2,0.2264911
DDC,205311_at,2,0.14695852
DDX20,223331_s_at,2,0.53087485
DDX19B,202576_s_at,2,0.47852427
SYT17,205613_at,2,0.2166136
RHOH,204951_at,2,0.63315606
RHOD,31846_at,2,0.38004416
HPR,208470_s_at,2,0.36748695
HPF1,218646_at,2,0.5046366
HRH4,221170_at,2,0.15043636
HRH2,229373_at,2,0.36954886
HRH1,205579_at,2,0.10351851
DCLRE1B,222889_at,2,0.39632127
DDA1,218260_at,2,0.49338305
DCX,204850_s_at,2,0.11502359
DCUN1D3,227333_at,2,0.31649467
SYTL5,242093_at,2,0.12095569
TADA3,215273_s_at,2,0.5347159
TADA2B,236248_x_at,2,0.50754577
HOXD1,205975_s_at,2,0.24248575
HPSE,222881_at,2,0.27480587
HSD17B4,201413_at,2,0.6248639
HRG,31835_at,2,0.16092457
HPYR1,1566917_at,2,0.2180232
HPX,39763_at,2,0.21164137
HSD11B1L,1569905_at,2,0.25257915
HSBP1,200942_s_at,2,0.6332633
RHBDF1,218686_s_at,2,0.20729351
RHBDD3,204402_at,2,0.3624277
RHBDD2,222995_s_at,2,0.52165204
TADA1,225455_at,2,0.5421629
TACO1,221069_s_at,2,0.42468628
DCBLD1,226609_at,2,0.2124399
DCTN1,211780_x_at,2,0.49493182
TACC3,218308_at,2,0.54722226
TAF4B,235020_at,2,0.44416064
RHOQ-AS1,1556662_at,2,0.17842424
HSD3B1,204515_at,2,0.1827849
HSD17B6,37512_at,2,0.13856466
DBH-AS1,230488_s_at,2,0.2603112
DCAF4L2,1553197_at,2,0.08738797
DCAF4,226938_at,2,0.3863331
DCAF17,231921_at,2,0.36671838
TAF13,227278_at,2,0.58005655
TAF4,213090_s_at,2,0.48097232
TAF3,235119_at,2,0.42826772
TAF2,209523_at,2,0.57255834
TAF1C,203938_s_at,2,0.50777066
TAF1B,216941_s_at,2,0.39107147
DCAF11,201886_at,2,0.49328065
DCHS2,220373_at,2,0.100239515
DCHS1,222101_s_at,2,0.3155281
DCDC2,222925_at,2,0.11919289
HSD17B1,228595_at,2,0.35172245
HSPA12B,234610_at,2,0.21661699
HSPA12A,214434_at,2,0.124850735
HSFY1,224007_at,2,0.15426081
RGMA,223468_s_at,2,0.25836125
TAFAZZIN,37278_at,2,0.51284486
DARS1,201623_s_at,2,0.76512676
DAPK2,215184_at,2,0.24167219
DAPK1,203139_at,2,0.4701438
DBR1,234295_at,2,0.47913897
DBP,209782_s_at,2,0.38900122
DBN1,202806_at,2,0.4014538
TAF7L,220325_at,2,0.18172966
RGS20,210138_at,2,0.08764144
RHEBL1,1553713_a_at,2,0.30248064
RHCE,216317_x_at,2,0.3357986
TARDBP,200020_at,2,0.6864782
D21S2088E,1559471_s_at,2,0.25575146
CYYR1,228665_at,2,0.21368016
DAOA,1555662_s_at,2,0.1419292
DALRD3,221934_s_at,2,0.50983244
HSPA6,213418_at,2,0.38719296
HSPA5,211936_at,2,0.79237556
HSPA4L,205543_at,2,0.1611553
RFX5,202963_at,2,0.63468677
RFX1,226786_at,2,0.48860297
TAF5L,213654_at,2,0.46347055
TAF5,210053_at,2,0.43175906
DAG1,205417_s_at,2,0.42435503
DACT3,228228_at,2,0.3197684
DAZ2,208282_x_at,2,0.112619944
DAZ1,216922_x_at,2,0.121907644
RFX7,222630_at,2,0.55377465
HSPA1L,210189_at,2,0.33943352
HSPA1B,202581_at,2,0.48694003
HSPA1A,200799_at,2,0.66509175
HSPA13,202558_s_at,2,0.5434646
HTATSF1,202602_s_at,2,0.64195424
HSPG2,201655_s_at,2,0.27537322
HSF2,209657_s_at,2,0.5295041
HSF1,202344_at,2,0.53272367
DAXX,201763_s_at,2,0.41306502
TAL2,1553593_a_at,2,0.10286786
TAGLN2,200916_at,2,0.7430915
TAS1R1,1564883_a_at,2,0.1662411
TARS3,227611_at,2,0.41823345
TARS1,201263_at,2,0.61633414
TARP,216920_s_at,2,0.5736159
HSPB7,218934_s_at,2,0.14482987
HSPB6,226304_at,2,0.18121183
HTR6,206944_at,2,0.16167165
HTR3A,216615_s_at,2,0.20428447
HTR2C,211479_s_at,2,0.09674659
RFLNB,226905_at,2,0.7300214
RFK,203224_at,2,0.56373525
RFESD,239142_at,2,0.35944685
RGCC,218723_s_at,2,0.7266933
TAPBPL,218747_s_at,2,0.440324
TAOK3,220761_s_at,2,0.61221725
TAS2R45,234042_at,2,0.21576555
CYREN,220949_s_at,2,0.48907942
TAS2R14,235762_at,2,0.3178976
TBC1D10A,226133_s_at,2,0.4668065
RFXAP,229431_at,2,0.4493863
REX1BD,51200_at,2,0.58923644
REV3L,208070_s_at,2,0.5323979
RETSAT,218124_at,2,0.38724288
RFTN2,238955_at,2,0.2724373
RFTN1,212646_at,2,0.64304644
RFT1,226060_at,2,0.35956413
RFPL3S,214409_at,2,0.27536133
HUS1B,1553661_a_at,2,0.28154942
TATDN3,228867_at,2,0.45075083
TATDN2,203648_at,2,0.5668769
CYP4F3,206515_at,2,0.35720342
CYP4B1,1555497_a_at,2,0.17177676
CYTH1,202880_s_at,2,0.64764786
TASP1,219443_at,2,0.43763125
TBC1D24,227908_at,2,0.3709513
HSPB8,233057_at,2,0.2073109
HTRA3,228580_at,2,0.3731712
HTRA2,203089_s_at,2,0.56924593
IAH1,225908_at,2,0.60186726
HYPK,218680_x_at,2,0.6148707
RFC2,1053_at,2,0.41940168
RFC1,208021_s_at,2,0.5291293
TBC1D20,226409_at,2,0.46142304
TBC1D15,218268_at,2,0.5781034
TBC1D13,44696_at,2,0.48153603
TBC1D12,221858_at,2,0.2621274
TBC1D7,223461_at,2,0.47915706
TBC1D4,203386_at,2,0.3837617
TBC1D32,232038_at,2,0.2934916
TBC1D31,214061_at,2,0.34553945
CYP51A1,202314_at,2,0.5145407
REXO5,208107_s_at,2,0.34854567
TBC1D9,212956_at,2,0.42280677
TBX2-AS1,1555216_a_at,2,0.17785606
REG3A,205815_at,2,0.13671173
REEP5,208872_s_at,2,0.5919787
RETNLB,223969_s_at,2,0.13599345
RESF1,227152_at,2,0.65012616
RERG,227758_at,2,0.08408795
CYP4V2,235719_at,2,0.2797374
CYP26B1,234721_s_at,2,0.07471301
CYP3A7,243609_at,2,0.18412246
CYP39A1,1553977_a_at,2,0.1659967
TBC1D26,240576_at,2,0.30869126
TBC1D25,226173_at,2,0.42128557
TBL2,212685_s_at,2,0.5068679
HUNK,219535_at,2,0.17865565
HTT,202389_s_at,2,0.4066565
IBTK,210970_s_at,2,0.55320674
IBSP,207370_at,2,0.19644587
IDH3G,202471_s_at,2,0.62992185
IDH2,210046_s_at,2,0.64328647
RDH5,236291_at,2,0.3821393
RELL1,226430_at,2,0.61520505
RELCH,225506_at,2,0.5081864
RELA,201783_s_at,2,0.6746746
TBCEL,227395_at,2,0.41507107
TBCE,203714_s_at,2,0.5100534
CYP17A1,205502_at,2,0.12024415
CYP11B1,214610_at,2,0.14225195
CYP2D6,207498_s_at,2,0.33985168
CYP2C8,208147_s_at,2,0.17360699
CYP2C18,208126_s_at,2,0.09740474
CYP2A7P1,216340_s_at,2,0.14935237
RECQL4,1553015_a_at,2,0.407373
REC8,218599_at,2,0.47933227
ID2-AS1,236719_at,2,0.28659195
IFFO1,36030_at,2,0.5276515
IER5L,226559_at,2,0.2587325
IER5,218611_at,2,0.7304533
IER3IP1,223071_at,2,0.63735217
ICAM2,213620_s_at,2,0.6389454
TBX10,222377_at,2,0.20515622
CYBA,203028_s_at,2,0.7193256
CYB5R4,219079_at,2,0.539612
CYB5R3,201885_s_at,2,0.74087995
CYB5R1,202263_at,2,0.53336203
CYP1B1-AS1,233410_at,2,0.1124664
CYP1A2,207608_x_at,2,0.40394872
TBRG4,220789_s_at,2,0.35246176
IFITM1,214022_s_at,2,0.7474178
IFIT5,203595_s_at,2,0.4562101
IFIT3,229450_at,2,0.44850808
IFIT2,226757_at,2,0.48259336
RCOR1,212612_at,2,0.57733786
RCN3,61734_at,2,0.27518603
RCN2,201486_at,2,0.6393012
REEP3,225785_at,2,0.46779215
TBL3,209820_s_at,2,0.43464386
TBXAS1,208130_s_at,2,0.39015427
CXorf38,228700_at,2,0.51330775
CXXC4,220277_at,2,0.24709949
CXXC1,48580_at,2,0.6395418
CYFIP2,215785_s_at,2,0.7262819
CYBRD1,222453_at,2,0.39420995
REEP1,204365_s_at,2,0.20698935
TCEA3,241976_at,2,0.31334147
TCHP,223455_at,2,0.47968554
TCFL5,204849_at,2,0.5113014
TCF7,205255_x_at,2,0.6625748
CWC27,1555495_a_at,2,0.546941
CWC25,222706_at,2,0.5382619
CUX2,213920_at,2,0.16852388
CXCR6,206974_at,2,0.21952295
CXCR5,206126_at,2,0.28351596
CXCR3,207681_at,2,0.26326686
CYB5D1,226833_at,2,0.36416653
CYB561D2,209665_at,2,0.4744092
TBX6,207684_at,2,0.21937746
TCF12-DT,1558202_at,2,0.27363697
RCSD1,225763_at,2,0.69152755
IDNK,227865_at,2,0.44120437
CX3CR1,205898_at,2,0.38889322
CX3CL1,823_at,2,0.16447483
CWH43,220723_s_at,2,0.14382157
RBM43,228304_at,2,0.32612732
RBP5,238163_at,2,0.13027881
RBP4,219140_s_at,2,0.15655851
IFT22,222742_s_at,2,0.4279437
RBP1,203423_at,2,0.11761191
RBMY3AP,1565132_at,2,0.16077818
RBMY2FP,1552952_at,2,0.17649604
RBMXL2,207207_at,2,0.14355057
RCE1,205333_s_at,2,0.42439035
RCCD1,226488_at,2,0.46831518
RCC1,206499_s_at,2,0.485361
RCBTB2,204759_at,2,0.5521746
IFI44,214453_s_at,2,0.46012086
IGDCC3,232037_at,2,0.3073261
IFT81,219372_at,2,0.28882045
IFT70B,1554588_a_at,2,0.2165468
RBM46,244351_at,2,0.11975835
TCF21,204931_at,2,0.11475879
TCF20,212931_at,2,0.4499388
TCTN2,206438_x_at,2,0.4046422
TCTN1,218584_at,2,0.37712955
TCP10L,220826_at,2,0.2880517
CUL9,213204_at,2,0.44666603
CXCL8,202859_x_at,2,0.6938238
CUL2,203079_s_at,2,0.482824
CUL1,207614_s_at,2,0.53417325
CUEDC1,227667_at,2,0.22249928
CXCL12,203666_at,2,0.3393571
CXCL11,210163_at,2,0.107102886
IFT52,218709_s_at,2,0.5296433
IGFBP3,210095_s_at,2,0.24951349
IGFBP1,205302_at,2,0.09681426
RBM28,218593_at,2,0.47974646
RBM27,225326_at,2,0.61678064
RBM26-AS1,233021_at,2,0.2392999
RBMX2,204097_s_at,2,0.50857204
TCL1A,39318_at,2,0.50614095
CTPS2,222819_at,2,0.39205766
CTNS,36566_at,2,0.3939396
CTXN3,236374_at,2,0.094675966
CTTNBP2,242769_at,2,0.15260044
CTSZ,210042_s_at,2,0.40747014
TDO2,205943_at,2,0.1412394
RBM7,218379_at,2,0.5806047
IFNLR1,244261_at,2,0.2926621
IGFN1,229275_at,2,0.15198939
CTBP1-DT,232066_x_at,2,0.421878
CTB-49A3.2,1565909_at,2,0.19984652
CTNNAL1,223007_s_at,2,0.5404306
CTIF,204303_s_at,2,0.31657875
TENM3-AS1,232446_at,2,0.16834606
TENM1,205728_at,2,0.21081011
TDH-AS1,1559870_at,2,0.3041892
TDG,203743_s_at,2,0.6192233
TCTN3,212123_at,2,0.44469243
TECTA,221296_at,2,0.1507069
TECR,208336_s_at,2,0.58196247
TECPR2,204308_s_at,2,0.36123025
TEAD4,41037_at,2,0.14466482
CTH,217127_at,2,0.28053343
CTDSP2,203445_s_at,2,0.6534213
TEP1,228670_at,2,0.5196673
CT45A3,235700_at,2,0.14883757
CSTPP1,203257_s_at,2,0.42979673
CSTF2T,212905_at,2,0.43266258
CTC-338M12.4,219880_at,2,0.4324236
CTBS,218924_s_at,2,0.51125914
IGLV1-44,234764_x_at,2,0.36504236
RBM12B,51228_at,2,0.3763578
RBM12,212168_at,2,0.6416861
RBL2,212331_at,2,0.6877317
RBKS,219222_at,2,0.3465096
RBM41,219754_at,2,0.33509097
RBM3,208319_s_at,2,0.7434639
IGK,211908_x_at,2,0.2876271
IGF2BP2,218847_at,2,0.4608274
IGHE,1558438_a_at,2,0.3032184
IGHV3-72,217384_x_at,2,0.17408048
IGLV3-19,216853_x_at,2,0.2932521
TENT5C,226811_at,2,0.6071341
TENT4B,229043_at,2,0.56268454
TEX10,218104_at,2,0.47393644
TET1,228906_at,2,0.25853404
TESPA1,222920_s_at,2,0.3974492
TESMIN,219786_at,2,0.2309186
CST11,233797_s_at,2,0.15377083
CTAG2,215733_x_at,2,0.12009435
TESHL,237982_at,2,0.17645112
TELO2,34260_at,2,0.41428044
TEKT5,1553489_a_at,2,0.069850735
TEK,217711_at,2,0.13928871
TEFM,219146_at,2,0.40409616
TERF1,203448_s_at,2,0.5651372
CSTF1,32723_at,2,0.4062857
CSTB,201201_at,2,0.6877808
CST6,206595_at,2,0.16305096
TEX15,221448_s_at,2,0.14102432
TEX13A,221429_x_at,2,0.14120236
IGSF6,206420_at,2,0.3479031
IGSF1,207695_s_at,2,0.21659935
RASSF7,40359_at,2,0.46284822
RASSF5,223322_at,2,0.700242
RBFOX3,229406_at,2,0.11560518
RBFADN,215683_at,2,0.22270934
RBFA,219419_at,2,0.40094262
RBCK1,221827_at,2,0.64613426
RBM19,206019_at,2,0.45550928
RBM15B,202689_at,2,0.5454114
IGIP,226977_at,2,0.31300053
RB1-DT,1559544_s_at,2,0.21454349
RB1,203132_at,2,0.5811862
RAVER2,231851_at,2,0.30090418
RASSF9,210335_at,2,0.1405331
RASSF8-AS1,242358_at,2,0.14632909
IGLV@,217235_x_at,2,0.39222738
IKZF5,220086_at,2,0.48844117
IKBKG,209929_s_at,2,0.5122169
IKBKE,204549_at,2,0.4251995
TESC,218872_at,2,0.56215423
TERT,207199_at,2,0.3004447
TEX264,218548_x_at,2,0.45000517
TEX261,212083_at,2,0.5635448
CSPG4,214297_at,2,0.12724955
CSNK2A2,224922_at,2,0.6134258
CSTF2,204459_at,2,0.37635556
IHH,215420_at,2,0.26194084
IGSF9B,215255_at,2,0.13111259
IL15,205992_s_at,2,0.327535
RASGRP4,240862_at,2,0.28844115
RASGRP3,205801_s_at,2,0.34083977
RASGRF2,1556128_a_at,2,0.25869286
CSF2,210228_at,2,0.2472501
CSNK1G2,202573_at,2,0.69220585
TFAP2C,205286_at,2,0.121753864
TFAP2A-AS1,1560503_a_at,2,0.28075364
CSRP2,207030_s_at,2,0.33742857
CSRNP2,221260_s_at,2,0.3957613
CSPG5,39966_at,2,0.26437414
TEX41,231337_at,2,0.14039452
TFEB,50221_at,2,0.5200361
RB1CC1,202034_x_at,2,0.61742806
IL11RA,204773_at,2,0.39552373
IL11,206926_s_at,2,0.21884178
IL10RB-DT,230631_s_at,2,0.24881983
IL17RE,229401_at,2,0.09067707
IL17RD,227997_at,2,0.14586659
RASA1,202677_at,2,0.63118064
TGFB3,209747_at,2,0.2678051
TGFB1,203085_s_at,2,0.68339485
TGDS,208249_s_at,2,0.44404274
CRYBG2,220290_at,2,0.27532297
CSGALNACT1,219049_at,2,0.50217426
CSF3R,1553297_a_at,2,0.61952645
RASL11B,219142_at,2,0.20076235
RASL10B,235488_at,2,0.21170649
RASL10A,243343_at,2,0.3336757
RASIP1,220027_s_at,2,0.22851665
CRMA,1553205_at,2,0.41406873
CRYBB2P1,222048_at,2,0.30308384
CRYBB2,206777_s_at,2,0.32496956
IL17A,208402_at,2,0.1676215
RAPGEF3,210051_at,2,0.25215966
RASGEF1B,1554999_at,2,0.32952833
RASGEF1A,230563_at,2,0.353633
TFPI2,209277_at,2,0.08109719
TFIP11,202750_s_at,2,0.54769534
CRX,217510_at,2,0.06472165
CRTC3,218648_at,2,0.58226293
CRTC1,207159_x_at,2,0.32081679
CRYZL2P,241607_at,2,0.19416495
CRYGS,223644_s_at,2,0.28545773
TGIF2,216262_s_at,2,0.43541652
RASAL1,219752_at,2,0.2619248
IL1RAP,205227_at,2,0.39496484
IL1R2,205403_at,2,0.37015185
IL1R1,202948_at,2,0.3167357
IL1B,39402_at,2,0.52455217
IL1A,208200_at,2,0.20524521
IL2RA,211269_s_at,2,0.25879034
RANBP17,219661_at,2,0.1872038
TGIF1,203313_s_at,2,0.58457416
TGFBR3,226625_at,2,0.39925495
TGFBR2,208944_at,2,0.6272538
THAP7-AS1,239015_at,2,0.24684414
THAP5,227636_at,2,0.4250249
THAP4,220417_s_at,2,0.49566394
THAP3,213192_at,2,0.2630775
THAP2,230380_at,2,0.39221603
CRNDE,238021_s_at,2,0.49469483
RANGRF,218526_s_at,2,0.550486
IL23R,1552912_a_at,2,0.096956916
IL23A,220054_at,2,0.3339545
IL22,221165_s_at,2,0.18733127
IL4,207538_at,2,0.15512362
CRIM1-DT,236656_s_at,2,0.19015253
CRHR2,211510_s_at,2,0.17012076
CRTAC1,221204_s_at,2,0.18612169
CRPPA-AS1,1568872_at,2,0.1749023
CRP,205753_at,2,0.06601858
CROCCP3,219139_s_at,2,0.15923594
TH2LCRR,1563389_at,2,0.124411054
THNSL2,219044_at,2,0.23092937
THNSL1,222931_s_at,2,0.2674055
IL37,224555_x_at,2,0.26274368
IL1RAPL1,220663_at,2,0.16398942
RAN,200750_s_at,2,0.7660181
RAMP2-AS1,232731_x_at,2,0.1728649
RAMAC,225210_s_at,2,0.55003965
IL36B,224230_at,2,0.062673055
ILDR2,229380_at,2,0.21135402
ILDR1,235583_at,2,0.18472275
IL9R,217212_s_at,2,0.27677238
THEMIS2,210785_s_at,2,0.60157305
THEMIS,1558972_s_at,2,0.19741407
CRKL,212180_at,2,0.6224014
CRISPLD2,221541_at,2,0.39747182
CRISP1,207032_s_at,2,0.098552994
THAP9,230185_at,2,0.3375682
RALGDS,209050_s_at,2,0.5872019
RAP2C,218669_at,2,0.65594757
RAP1GAP,203911_at,2,0.39288265
RALB,202100_at,2,0.5952176
RALA,224880_at,2,0.5855691
IL7R,226218_at,2,0.50589085
IL7,206693_at,2,0.22327851
IMPG2,241856_at,2,0.13168918
IMPACT,218637_at,2,0.3861648
RAG1,206591_at,2,0.25122294
RAF1,201244_s_at,2,0.6279123
CRAT,209522_s_at,2,0.42914423
CRAMP1,225172_at,2,0.48405293
CRH,205630_at,2,0.15848398
CREG2,231489_x_at,2,0.22153676
THOC5,209418_s_at,2,0.46791744
TICAM2,228234_at,2,0.37530127
RADX,219355_at,2,0.12997141
RAD9B,1553285_s_at,2,0.17775409
INHBA-AS1,1559163_at,2,0.12238661
ING4,48825_at,2,0.41492188
ING2,205981_s_at,2,0.5553071
RAD51-AS1,1560081_at,2,0.41317177
RAD51,205024_s_at,2,0.40467075
TIAM1,213135_at,2,0.364705
THYN1,223711_s_at,2,0.5537811
CPXCR1,1560493_a_at,2,0.15972881
CPVL-AS2,1560131_at,2,0.22917426
CPT2,204264_at,2,0.37340888
CREB3L1,213059_at,2,0.18949795
CRCP,203898_at,2,0.45567766
CRBN,222533_at,2,0.67816854
CRB1,220522_at,2,0.14855435
RAD23A,201046_s_at,2,0.6906566
RAD21L1,215917_at,2,0.11353234
INO80,229356_x_at,2,0.58110255
RABIF,204478_s_at,2,0.49479443
RAD9A,204828_at,2,0.48679498
RAD51D,209965_s_at,2,0.28771773
THUMPD1,206555_s_at,2,0.6118522
TIMM10,1555764_s_at,2,0.63033754
TIMELESS,203046_s_at,2,0.5278087
TIGD7,224365_s_at,2,0.3117082
CPS1,204920_at,2,0.19103128
CPQ,203501_at,2,0.43072557
CRABP1,205350_at,2,0.19044963
CR2,205544_s_at,2,0.2450051
RAD51C,206066_s_at,2,0.4273164
IMMP2L,227153_at,2,0.4263762
IMMP1L,229025_s_at,2,0.49507728
ILVBL,210624_s_at,2,0.4925197
RAB7B,1553982_a_at,2,0.19382529
RAD21,200608_s_at,2,0.75892085
RACK1,200651_at,2,0.8650277
RAC2,213603_s_at,2,0.8166731
INHBC,207688_s_at,2,0.48631078
INAFM2,231431_s_at,2,0.489435
CPLX3,222927_s_at,2,0.24292672
CPLX2,206368_at,2,0.14477113
CPLANE2,244834_at,2,0.30700713
CPLANE1,219381_at,2,0.16949773
CPED1,220032_at,2,0.26213855
CPT1B,210069_at,2,0.5304252
TIE1,204468_s_at,2,0.25304765
TICRR,230021_at,2,0.253338
TIMM8B,218357_s_at,2,0.66777575
INO80C,229582_at,2,0.5779955
INPP5A,203006_at,2,0.5109554
INTS14,221265_s_at,2,0.43636593
INTS1,212212_s_at,2,0.5254614
TIMM8A,205217_at,2,0.3385964
TIMM50,224913_s_at,2,0.49397242
TIMM44,203092_at,2,0.4703571
CPA6,224028_at,2,0.0867273
CPNE6,210408_s_at,2,0.06669852
CPNE5,227189_at,2,0.3597798
CPNE4,228796_at,2,0.11946274
CPNE3,202119_s_at,2,0.62416863
TIMM21,223180_s_at,2,0.5405183
TIMM17B,203342_at,2,0.50823677
TIMM13,218188_s_at,2,0.5896618
TIMM10B,222481_at,2,0.5042571
TK1,1554408_a_at,2,0.46715093
IP6K2,218192_at,2,0.59887564
INTS9,203941_at,2,0.42242238
RAB43,225632_s_at,2,0.44012997
RABGEF1P1,231992_x_at,2,0.4900794
RABGEF1,218310_at,2,0.50981015
TJP3,35148_at,2,0.21309172
TJP1,214168_s_at,2,0.16014637
TJAP1,47608_at,2,0.54524726
COX7A2,201597_at,2,0.7960187
COX6A1,200925_at,2,0.81231153
CPEB1-AS1,1557463_at,2,0.08491996
CPEB1,222903_s_at,2,0.28957528
CPE,201117_s_at,2,0.06821803
RABGAP1,204028_s_at,2,0.53571516
RABEPK,203150_at,2,0.44608864
INPP5K,202782_s_at,2,0.45497045
TKTL1,214183_s_at,2,0.1983528
INTS5,53968_at,2,0.43515658
INTS3,202809_s_at,2,0.49650255
IQCB1,211707_s_at,2,0.51469123
IPPK,219092_s_at,2,0.35539252
IPO8,225528_at,2,0.59860724
RAB34,1555630_a_at,2,0.49732167
TLE2,40837_at,2,0.2817055
TLCD4,234980_at,2,0.2934231
COX17,203880_at,2,0.6098192
COX16,223191_at,2,0.6333908
COX10,203858_s_at,2,0.4333149
COX7C,201134_x_at,2,0.8283397
COX7B,202110_at,2,0.7884324
RAB5C,201140_s_at,2,0.5345094
INSYN1,230475_at,2,0.22516051
RAB3D,225001_at,2,0.48032117
RAB39B,230075_at,2,0.28238475
IPMK,238739_at,2,0.298635
IQCN,223600_s_at,2,0.326283
IQCG,221185_s_at,2,0.23107116
INTS6-AS1,1557118_a_at,2,0.43806186
CORO1B,64486_at,2,0.5139453
COQ9,212228_s_at,2,0.46401355
COQ8B,227324_at,2,0.29358736
COQ8A,218168_s_at,2,0.55857533
COX5A,203663_s_at,2,0.7826477
COX20,224820_at,2,0.6247011
COX2,1553570_x_at,2,0.9214378
COX19,235533_at,2,0.3848875
COX18,227442_at,2,0.5170397
TLCD2,241359_at,2,0.2027666
IQCE,204202_at,2,0.34726995
IRF1,202531_at,2,0.63740027
IRAK1BP1,238599_at,2,0.2915327
IRAK1,201587_s_at,2,0.74757963
IRAG2,204674_at,2,0.67357975
RAB26,50965_at,2,0.17171648
RAB22A,218360_at,2,0.50020695
TKFC,218688_at,2,0.34868556
TLR10,223750_s_at,2,0.31115547
TLNRD1,223264_at,2,0.54124016
COPS9,226845_s_at,2,0.72366554
COPS6,201405_s_at,2,0.58688223
COPS4,218042_at,2,0.6296134
COTL1,224583_at,2,0.6361227
CORO2A,227177_at,2,0.32639974
CORO1C,221676_s_at,2,0.59350455
TLR7,220146_at,2,0.2651652
TLR6,207446_at,2,0.25513017
TMBIM6,200804_at,2,0.76561654
RAB30-DT,228612_at,2,0.45055944
IQSEC1,203907_s_at,2,0.5039732
IQGAP2,203474_at,2,0.59884465
COP1,234950_s_at,2,0.55716294
COQ4,218328_at,2,0.4573214
COQ3,221227_x_at,2,0.35618967
COQ2,213379_at,2,0.49005932
COQ10B,219397_at,2,0.6109651
COPZ2,235897_at,2,0.22566509
COPZ1,217726_at,2,0.62349594
TLL1,1555071_at,2,0.1088609
IQCF3,1555235_s_at,2,0.12301642
IQCF1,1552997_a_at,2,0.14654505
COMMD2,226910_at,2,0.47565663
RAB15,59697_at,2,0.3349117
ISG20,33304_at,2,0.611123
RAB11FIP2,203884_s_at,2,0.53259134
RAB11B-AS1,1556122_at,2,0.2676318
RAB32,204214_s_at,2,0.5190899
TM4SF18,228489_at,2,0.112150416
TLX2,211049_at,2,0.17002016
COLGALT2,209883_at,2,0.24064179
COLGALT1,218473_s_at,2,0.5936758
COLEC12,221019_s_at,2,0.18653144
COLCA1,238701_x_at,2,0.71037763
COPS2,202467_s_at,2,0.7302397
COPG2,223457_at,2,0.353976
COPE,201264_at,2,0.6597154
TLR8,229560_at,2,0.34387356
COL20A1,232733_s_at,2,0.2000606
COL9A2,213622_at,2,0.43356723
COL9A1,1555527_at,2,0.045926806
COL8A2,52651_at,2,0.20965876
COL7A1,204136_at,2,0.3123052
COL6A5,1553835_a_at,2,0.13055515
COL11A2,216993_s_at,2,0.36620438
COL10A1,217428_s_at,2,0.2406272
COIL,203654_s_at,2,0.55007404
TM9SF4,212194_s_at,2,0.43184516
COL6A2,213290_at,2,0.29329038
COL5A3,52255_s_at,2,0.17915985
COL5A2,221729_at,2,0.19057511
COL4A5,213110_s_at,2,0.17408544
COMMD7,224815_at,2,0.67023885
COMMD6,225312_at,2,0.8073005
RAB11B,217793_at,2,0.42866182
RAB10,222980_at,2,0.64258116
R3HDM4,55705_at,2,0.7121075
R3HDM1,202754_at,2,0.61482954
R3HCC1L,228374_at,2,0.44513753
R3HCC1,35156_at,2,0.55711156
IST1,200851_s_at,2,0.71741045
ISM1,235182_at,2,0.12719783
ITGAM,205786_s_at,2,0.61322165
ITGAL,213475_s_at,2,0.5260307
ITGA7,216331_at,2,0.16511461
IRX2,228404_at,2,0.17497611
IRS4,207403_at,2,0.2948574
IRS2,209185_s_at,2,0.7298142
QSOX2,227146_at,2,0.4720022
RAB20,219622_at,2,0.49604762
CNTN5,207452_s_at,2,0.121257626
CNTN4,237177_at,2,0.11028798
CNTN2,206970_at,2,0.13136639
COG6,225769_at,2,0.4203917
QDPR,209123_at,2,0.51143163
ITGA6,201656_at,2,0.4693948
ITGA2,205032_at,2,0.14879838
PYY,211253_x_at,2,0.09571208
PYROXD2,228384_s_at,2,0.27735877
COG8,238863_x_at,2,0.4917752
COL4A2,211964_at,2,0.15479502
COL4A1,211980_at,2,0.27793622
COL2A1,213492_at,2,0.18914829
COL28A1,242345_at,2,0.10898956
COL26A1,233894_x_at,2,0.11074549
TMCO4,227007_at,2,0.35660955
ITGAX,210184_at,2,0.3646064
ITPK1-AS1,234594_at,2,0.23969926
ITM2B,217731_s_at,2,0.8013616
ITM2A,202746_at,2,0.6029471
PXYLP1,226925_at,2,0.35882112
PXN,201087_at,2,0.48422462
QRICH1,209174_s_at,2,0.5649914
QNG1,223697_x_at,2,0.5153383
TMCC3,226489_at,2,0.3123742
TMCC2,213096_at,2,0.38275382
TMCC1-DT,1558481_s_at,2,0.16599742
COA8,232814_x_at,2,0.61096805
COA7,222883_at,2,0.35700956
COA5,225410_at,2,0.5323954
COA3,218026_at,2,0.57136536
COL18A1,209081_s_at,2,0.39835244
PYGB,201481_s_at,2,0.33685473
PYCR2,224855_at,2,0.42742938
ITIH5,1553243_at,2,0.17044148
ITPRIP,225582_at,2,0.5719508
CNPY4,227313_at,2,0.43557298
CNPPD1,200070_at,2,0.630757
CNP,208912_s_at,2,0.53884816
CNTRL,205642_at,2,0.5382045
COG2,203073_at,2,0.49135554
COBL,1552496_a_at,2,0.08644873
TMC7,220021_at,2,0.1654022
TMC6,204328_at,2,0.5961414
TMEFF1,205122_at,2,0.21309854
TMED7,214658_at,2,0.56242776
ITPRID1,231653_at,2,0.21343134
ITGB2-AS1,229041_s_at,2,0.530669
PXDC1,212923_s_at,2,0.30532315
JAG2,32137_at,2,0.3528495
PWRN2,1568663_a_at,2,0.2482911
TMEM131L,209760_at,2,0.6132651
TMEM131,212507_at,2,0.61700445
TMEM129,225588_s_at,2,0.39769822
TMEM126B,221622_s_at,2,0.5714729
CNIH1,201653_at,2,0.69653624
CNGB3,220304_s_at,2,0.14969297
CNOT6,222476_at,2,0.52409226
CNNM3,220739_s_at,2,0.39545873
CNTFR-AS1,1556771_a_at,2,0.20379531
TMEM106C,201764_at,2,0.50280106
PWP2,1565603_at,2,0.2937545
PWAR6,226587_at,2,0.3392714
PYHIN1,240413_at,2,0.3922855
TMEM14C,223105_s_at,2,0.7697379
TMEM14B,223133_at,2,0.6944635
IZUMO4,214296_x_at,2,0.27298045
JKAMP,223215_s_at,2,0.56251025
JHY,220141_at,2,0.16340509
JDP2,226267_at,2,0.55450165
JAZF1,225798_at,2,0.5514544
PURG,235634_at,2,0.19490997
PUM3,203712_at,2,0.50222725
TMEM121,222914_s_at,2,0.2017856
TMEM120B,236667_at,2,0.3072889
TMEM143,222905_s_at,2,0.43192294
TMEM139,229634_at,2,0.13595916
CMTM7,226017_at,2,0.64221907
TMEM132D-AS1,1561757_a_at,2,0.14421198
PXDN,212012_at,2,0.41172552
CLPTM1,201640_x_at,2,0.43905863
CLPB,221845_s_at,2,0.34343782
PTRH1,228014_at,2,0.31222013
JAM2,219213_at,2,0.18843319
JAKMIP2,205888_s_at,2,0.25298825
JPX,1554447_at,2,0.3617397
JPT1,222396_at,2,0.6040338
JPH1,1553533_at,2,0.28645757
JMY,226352_at,2,0.5064361
TMEM161A,43977_at,2,0.46057725
TMEM156,241844_x_at,2,0.40063596
TMEM150C,231923_at,2,0.30035806
CMAS,218111_s_at,2,0.40039283
CNBP,206158_s_at,2,0.80189425
CNBD1,1552587_at,2,0.1892218
CMYA5,233520_s_at,2,0.25998154
KANSL1-AS1,230388_s_at,2,0.48410097
KANSL1,225117_at,2,0.6728021
CLP1,204370_at,2,0.56067944
CLNS1A,209143_s_at,2,0.66106796
CLUH,212456_at,2,0.469463
TMEM168,218962_s_at,2,0.4267153
TMEM167A,224702_at,2,0.6384936
TMEM163,223503_at,2,0.21051931
TMEM161B-DT,235406_x_at,2,0.33165586
TMEM185B,219253_at,2,0.45259038
TMEM185A,227880_s_at,2,0.36907974
TMEM147-AS1,222280_at,2,0.472937
TMEM176B,220532_s_at,2,0.3182344
TMEM171,1553559_at,2,0.13667317
CMTM1,231219_at,2,0.27909258
CMC4,216862_s_at,2,0.5751821
PTPN3,203997_at,2,0.1489795
PTPN23,223150_s_at,2,0.48236212
PTPRR,210675_s_at,2,0.11818099
TMEM184A,235817_at,2,0.3136451
TMEM183A,212165_at,2,0.6038859
CLK3,202140_s_at,2,0.5643339
CLIP4,226425_at,2,0.33901533
CLIP3,212358_at,2,0.16595821
CLSTN2,219414_at,2,0.16602425
CLPX,204809_at,2,0.5563627
TMEM181,225127_at,2,0.42592812
TMEM18,225489_at,2,0.5186589
TMEM177,218897_at,2,0.2911675
PTPRM,1555579_s_at,2,0.24603271
PTPRK,203038_at,2,0.20920052
JMJD7-PLA2G4B,60528_at,2,0.49968395
TMEM222,52078_at,2,0.52250504
TMEM221,1559687_at,2,0.1796193
PTPN7,204852_s_at,2,0.54559344
KARS1,200840_at,2,0.79613006
KCNA1,230849_at,2,0.15179066
KBTBD6,226479_at,2,0.349483
TMEM201,227617_at,2,0.35250595
TMEM200C,229523_at,2,0.18842474
CLECL1P,244413_at,2,0.39863324
CLEC4M,207995_s_at,2,0.18420392
CLN8-AS1,227092_at,2,0.39467868
CLN3,209275_s_at,2,0.4781033
CLMP,226834_at,2,0.10944612
JRKL,206734_at,2,0.38018206
KATNAL1,227713_at,2,0.43231523
KAT8,221820_s_at,2,0.60224587
TMEM25,226647_at,2,0.26151302
TMEM248,218008_at,2,0.59877974
KCNC1,208477_at,2,0.12017711
KCNB2,208172_s_at,2,0.16714066
KCNAB2,203402_at,2,0.61455923
PTOV1-AS2,213691_at,2,0.3777591
PTOV1-AS1,240615_at,2,0.20726259
PTOV1,212032_s_at,2,0.5682268
PTPRA,213795_s_at,2,0.50646603
CLEC2B,209732_at,2,0.7057719
CLEC16A,212786_at,2,0.41688442
CLIC6,242913_at,2,0.24150959
TMEM198B,227106_at,2,0.41322914
TMEM198,227890_at,2,0.22948432
TMEM196,236705_at,2,0.09233218
TMEM192,1555790_a_at,2,0.4327498
KCNA6,205616_at,2,0.26247925
KCNA2,208564_at,2,0.18731353
KCNH2,210036_s_at,2,0.44823524
KCNG3,1552897_a_at,2,0.12896834
KCNG1,214595_at,2,0.153321
KCNC2,222289_at,2,0.13130485
TMEM219,224981_at,2,0.60230994
CLDN6,208474_at,2,0.15860228
CLDN4,1569421_at,2,0.227354
CLDN3,203954_x_at,2,0.1471968
CLEC4E,222934_s_at,2,0.40140474
CLEC4D,1552773_at,2,0.36568585
CLEC4C,1552552_s_at,2,0.20139538
CLEC4A,219947_at,2,0.44082385
TMEM213,239593_at,2,0.17782956
TMEM209,235158_at,2,0.47298726
TMEM252,1553809_a_at,2,0.19930741
KCNJ13,210179_at,2,0.07117945
KCNJ10,206692_at,2,0.10017223
KCNJ1,210402_at,2,0.10805814
KCNIP4,236783_at,2,0.169961
PTGS2,204748_at,2,0.39674804
PTPN13,243792_x_at,2,0.22195798
TMEM241,244495_x_at,2,0.57545197
TMEM239,1554041_at,2,0.1929331
TMEM238L,236001_at,2,0.31217602
CLDN10,205328_at,2,0.28276727
CLDN1,222549_at,2,0.26013803
CLEC12B,231600_at,2,0.16390388
TMEM237,1553956_at,2,0.32717195
TMEM230,224584_at,2,0.7596065
PTPDC1,238841_at,2,0.20942377
KCNJ8,205304_s_at,2,0.1244563
KCNJ6,210454_s_at,2,0.1432562
KCNE1,208514_at,2,0.14200851
TMEM30B,213285_at,2,0.18117167
TMEM30A,217743_s_at,2,0.57815605
TMEM273,228372_at,2,0.37020564
TMEM51-AS1,238641_at,2,0.10942599
TMEM50A,222401_s_at,2,0.6995337
TMEM265,38766_at,2,0.33021832
TMEM260,219757_s_at,2,0.4525841
TMEM26-AS1,1560517_s_at,2,0.124993466
CLASP1,212752_at,2,0.51915175
CLDN15,219640_at,2,0.51155514
CLDN12,223249_at,2,0.33720526
CLDN11,206908_s_at,2,0.1649378
TMEM254,218174_s_at,2,0.31552824
TMEM41B,212622_at,2,0.5474745
TMEM41A,235037_at,2,0.4246496
TMEM40,222892_s_at,2,0.21454601
TMEM68,227936_at,2,0.46557298
KCNJ16,222901_s_at,2,0.11784109
KCNMB2,221097_s_at,2,0.22596799
KCNMB1,209948_at,2,0.26609135
KCNK9,224072_s_at,2,0.17927511
PTGER4,204897_at,2,0.7278706
PTGDR2,206361_at,2,0.1845928
PTMS,218045_x_at,2,0.23429485
PTK7,207011_s_at,2,0.303942
PTK6,1553114_a_at,2,0.20602341
PTK2B,203110_at,2,0.5174493
KCNH7,224099_at,2,0.18945041
KCNJ9,207527_at,2,0.18718728
TMEM8B,207839_s_at,2,0.33311597
TMEM87B,225411_at,2,0.49513292
PTGFRN,224950_at,2,0.15215528
PTGFR,1555097_a_at,2,0.1352154
PTGES,210367_s_at,2,0.29602644
KCNK4,219883_at,2,0.25362432
KCNK15,1560620_at,2,0.067016475
KCNQ5,244623_at,2,0.36250877
KCNQ4,221083_at,2,0.2309662
KCNJ4,208359_s_at,2,0.1345685
TMEM47,209655_s_at,2,0.11900461
TMEM45B,226226_at,2,0.23944506
CIMIP2A,238093_at,2,0.29660138
CKMT2-AS1,235443_at,2,0.34318015
CKAP5,212832_s_at,2,0.48025537
TMEM44,228054_at,2,0.2995876
KCTD14,58916_at,2,0.20406505
KCTD13,45653_at,2,0.43406868
KCTD12,212192_at,2,0.46385038
KCTD10,226518_at,2,0.48517424
PTCHD1,1552848_a_at,2,0.11452799
CIMAP1A,233795_at,2,0.16320309
CILP2,1552289_a_at,2,0.22082396
CILK1,204569_at,2,0.34028366
TMEM72,1558323_at,2,0.16794334
TMOD2,226186_at,2,0.2720419
TMEM62,218776_s_at,2,0.4317481
CIBAR1-DT,1561423_at,2,0.27269328
CIT,212801_at,2,0.36439255
CISD3,226727_at,2,0.43743426
CIRBP-AS1,1552868_at,2,0.20518823
TMEM9,222988_s_at,2,0.53544927
PTER,218967_s_at,2,0.410004
PTENP1,217492_s_at,2,0.6856175
KCNV1,215736_at,2,0.15351392
KCNT2,244455_at,2,0.121169895
KDELR1,1555575_a_at,2,0.6557841
KCTD6,238077_at,2,0.52416855
TMIE,1553600_at,2,0.26967102
CHST2,203921_at,2,0.5808768
CHST13,239647_at,2,0.3075636
CIB3,1552751_a_at,2,0.18995605
CIB2,205008_s_at,2,0.3128063
TMEM9B,218065_s_at,2,0.64967567
TMEM92-AS1,216789_at,2,0.10458411
TMEM92,235245_at,2,0.22878723
KCTD17,205561_at,2,0.24128045
KCTD16,233234_at,2,0.11218325
TMTC2,235775_at,2,0.2284298
TNFRSF10D,227345_at,2,0.41976324
KCTD4,239787_at,2,0.10924395
KCTD2,34858_at,2,0.43660724
KCTD18,226493_at,2,0.531206
KDM7A,221778_at,2,0.5119522
KDM5C,202383_at,2,0.4574187
KDM4D,242788_at,2,0.15847927
PSPH,205194_at,2,0.3486396
TMSB10,217733_s_at,2,0.88535553
TMPRSS15,217269_s_at,2,0.32974398
CHRNA7,210123_s_at,2,0.2594686
CHST9,223737_x_at,2,0.068973355
CHST6,221059_s_at,2,0.68544376
TMPRSS13,223956_at,2,0.18484575
TMX3,225302_at,2,0.5422792
PSTK,230129_at,2,0.40522832
PSPN,1564240_at,2,0.18949448
KDM4A,203205_at,2,0.44107142
KDM3B,201643_x_at,2,0.6287692
KDM3A,212689_s_at,2,0.64113235
KDM1B,227021_at,2,0.51028776
KHNYN,212356_at,2,0.53407997
KHK,211028_s_at,2,0.27874395
KHDRBS3,209781_s_at,2,0.25814506
KHDC4,202220_at,2,0.6046063
TMX1,209476_at,2,0.685755
CHRD,211248_s_at,2,0.17909098
CHPF2,55093_at,2,0.5260405
CHST1,242124_at,2,0.2888582
CHRNB3,207859_s_at,2,0.23127902
CHRNB2,206635_at,2,0.3113095
KIAA0825,233915_at,2,0.13074686
KIAA0586,205631_at,2,0.37694868
PSMD9,207805_s_at,2,0.6116224
PSMD6-AS2,232527_at,2,0.48262826
PSMD6,202753_at,2,0.7333061
PTBP2,218683_at,2,0.5518913
TNFAIP8L1,207730_x_at,2,0.5801728
CHMP4B,225498_at,2,0.75792426
CHMP4A,218571_s_at,2,0.6369684
CHMP1B,218178_s_at,2,0.6621665
CHRNA1,211039_at,2,0.15404639
TNFAIP6,206026_s_at,2,0.29398492
TNFAIP3,202644_s_at,2,0.7370018
TNFAIP2,202510_s_at,2,0.52363116
TNFAIP1,201207_at,2,0.34447914
TNF,207113_s_at,2,0.39614108
KIAA0513,204546_at,2,0.33866847
KIAA0319L,222468_at,2,0.5889363
KIAA0232,212441_at,2,0.56748044
KIAA0040,203143_s_at,2,0.42980924
KIAA1755,231893_at,2,0.08532502
PSMD10,219485_s_at,2,0.6093058
PSMD1,201199_s_at,2,0.6154328
PSMC3IP,213951_s_at,2,0.38944584
TNFRSF4,214228_x_at,2,0.21308549
TNFRSF21,218856_at,2,0.42446348
TNFRSF18,223851_s_at,2,0.29507855
CHP1,214665_s_at,2,0.71771175
CHMP5,219356_s_at,2,0.60505295
TNFRSF11B,204932_at,2,0.15639342
TNFRSF11A,238846_at,2,0.26485848
KIAA1143,227493_s_at,2,0.6385963
PSMD5,203447_at,2,0.4766782
PSMD13,201232_s_at,2,0.6229408
PSMD12,202352_s_at,2,0.6183125
PSMD11,208777_s_at,2,0.5439084
KIAA1328,232358_at,2,0.26957726
CHKA,204266_s_at,2,0.42615166
TNFSF13B,223502_s_at,2,0.5843785
TNFSF11,210643_at,2,0.120424904
TNNI3K,241858_at,2,0.14113098
TNIP1,207196_s_at,2,0.6700026
TNFSF15,229242_at,2,0.16799673
TNFSF14,233935_at,2,0.23415005
CHD5,213965_s_at,2,0.15994696
CHD3,208807_s_at,2,0.5047188
CHL1,204591_at,2,0.11673697
KIF19,236426_at,2,0.17852055
CGN,223233_s_at,2,0.13633548
PSG4,208191_x_at,2,0.20752786
PSMB8-AS1,1555852_at,2,0.60189676
PSMB7,200786_at,2,0.7160489
KIF16B,219570_at,2,0.3543182
KIF14,206364_at,2,0.36540553
KIF3A,228680_at,2,0.3716168
KIF2C,209408_at,2,0.46599033
KIF26A,234307_s_at,2,0.3009161
TNK1,217149_x_at,2,0.38302368
TNRC6B-DT,1558765_a_at,2,0.14241599
CGA,233615_at,2,0.16453283
CHD1,204258_at,2,0.6630587
CHCHD7,218642_s_at,2,0.56747615
KIF25,208128_x_at,2,0.21700563
PSMA7,201114_x_at,2,0.73887193
PSAP,200871_s_at,2,0.7785632
PSMA5,201274_at,2,0.61301666
PSMA2,201317_s_at,2,0.7375828
KIF23,204709_s_at,2,0.318695
KIF22,202183_s_at,2,0.49948248
KIF21A,226003_at,2,0.24463522
KIFC3,209661_at,2,0.17859766
KIFC2,226792_s_at,2,0.45081493
CHCHD3,217972_at,2,0.60688543
TNP2,217460_at,2,0.12051116
TNNT3,1569986_x_at,2,0.337852
TNNT2,215389_s_at,2,0.13509497
TOMM20,200662_s_at,2,0.76551056
TOM1L1,204485_s_at,2,0.2133598
CFB,202357_s_at,2,0.12485938
CGNL1,1569847_at,2,0.21232826
KIR2DS4,217296_at,2,0.14051738
PSAT1,223062_s_at,2,0.28399467
TNS3,217853_at,2,0.4892771
TOP1P2,1566832_at,2,0.08100265
TOP1MT,225802_at,2,0.534466
TOP1,208900_s_at,2,0.6971445
TOMM70,201519_at,2,0.6300021
CFAP300,241198_s_at,2,0.08656435
CFAP298,218123_at,2,0.5193931
CFAP96,237585_at,2,0.08592795
CFAP95,236519_at,2,0.123613924
CFAP73,226540_at,2,0.17339961
CFAP58,233131_at,2,0.21162
CFI,203854_at,2,0.12676261
CFHR3,1570228_at,2,0.13867506
TNS4,222265_at,2,0.21079242
PRX,220024_s_at,2,0.3259519
KIR2DL1,217318_x_at,2,0.16625218
KLC4,225596_at,2,0.4005948
KLB,244276_at,2,0.14287494
KIZ-AS1,1569698_s_at,2,0.1004625
TOMM5,228053_s_at,2,0.7028437
TOX,204529_s_at,2,0.46194446
TOR3A,218459_at,2,0.56186366
TOR2A,227972_at,2,0.47053033
CFAP100,242615_at,2,0.2216349
CFAP53,1552326_a_at,2,0.16415067
CFAP52,239916_at,2,0.18983835
CFAP44,230152_at,2,0.30779168
KIF3C,203389_at,2,0.30886352
KIF3B,225205_at,2,0.46902812
KIR3DX1,216492_at,2,0.21851361
PRRG3,220433_at,2,0.14362891
PRRC1,224643_at,2,0.5320266
PRSS33,1552348_at,2,0.28729352
PRSS3,213421_x_at,2,0.29722217
KLF5,209212_s_at,2,0.36241582
KLF4,221841_s_at,2,0.64706814
KLF3-AS1,1570414_x_at,2,0.24070457
KLF2,219371_s_at,2,0.7799507
CERS5,224951_at,2,0.55393946
CERS3,1554253_a_at,2,0.22861934
CEROX1,1569872_a_at,2,0.34008944
TOP6BL,204922_at,2,0.30533674
TOP3B,213660_s_at,2,0.29022533
TP53TG5,207482_at,2,0.16578062
KLF16,226328_at,2,0.33304137
PRSS12,205515_at,2,0.11921729
PRPS2,203401_at,2,0.54616594
PRPS1,209440_at,2,0.6314966
KLF15,231015_at,2,0.16833328
KLF14,1552814_a_at,2,0.11796489
KLF11,218486_at,2,0.47745746
KLHL10,1552425_a_at,2,0.19198754
KLHDC8A,222871_at,2,0.20507291
KLHDC7B,236285_at,2,0.34423593
KLHDC7A,1556012_at,2,0.18824467
PRR22,1552272_a_at,2,0.329847
TP53RK,225402_at,2,0.42156854
CEP83,219644_at,2,0.36654648
CEP76,52285_f_at,2,0.3688125
CEP72,219531_at,2,0.2846638
CEP20,225087_at,2,0.6221142
PRRG4,238513_at,2,0.3757523
TPD52L1,203786_s_at,2,0.17893535
TPBG,203476_at,2,0.2951223
PRR16,1554867_a_at,2,0.13821402
KLHDC3,214383_x_at,2,0.47595856
KLHDC1,1552733_at,2,0.39403024
PRPSAP1,202529_at,2,0.57066685
TPGS1,227903_x_at,2,0.2358908
TPD52L3,231554_at,2,0.12645441
CEP120,226449_at,2,0.5214803
CEP19,230860_at,2,0.30856726
CERCAM,224794_s_at,2,0.3021584
CEPT1,219375_at,2,0.5341044
CEP85L,228007_at,2,0.47903427
CEP85,227818_at,2,0.40882316
TP53,201746_at,2,0.53905344
TPK1,221218_s_at,2,0.36330414
KLHL12,225068_at,2,0.5370968
KLHL11,226883_at,2,0.587817
KLHL41,222827_s_at,2,0.21791057
KLHL4,214591_at,2,0.093400046
PRPF38B,230270_at,2,0.54254246
TPPP2,231140_at,2,0.08335418
CEMIP,212942_s_at,2,0.13491274
CELSR3,40020_at,2,0.32728314
CELSR2,204029_at,2,0.2956727
CENPT,218148_at,2,0.39062697
CENPO,226118_at,2,0.34456015
CENPL,232065_x_at,2,0.5008147
CEP170,207719_x_at,2,0.58408874
CEP162,206005_s_at,2,0.31799135
CEP15,219288_at,2,0.23203157
CEP135,206003_at,2,0.47682083
KLHL3,221221_s_at,2,0.34643424
KLK7,239381_at,2,0.25958952
CDYL2,227290_at,2,0.41898608
CELF3,206817_x_at,2,0.14755958
CELA3A,211738_x_at,2,0.21653925
TRAF3IP2,215411_s_at,2,0.5364574
TRAF3IP1,238494_at,2,0.31488365
TRAF3,221571_at,2,0.43832162
TPTE2P5,240409_at,2,0.20122296
CEL,1553970_s_at,2,0.2246547
CECR9,1567686_at,2,0.16119017
CENPBD1P,223728_at,2,0.35209477
CENPA,204962_s_at,2,0.40117645
CEACAM5,217291_at,2,0.24330491
CEACAM21,214907_at,2,0.33432728
KLHL17,229792_at,2,0.28210044
PROSER1,225887_at,2,0.52818114
KLK10,215808_at,2,0.113823414
KLRG2,244264_at,2,0.17134635
PRORP,202713_s_at,2,0.5113798
PRPF6,208880_s_at,2,0.4902257
TRAF1,205599_at,2,0.3376605
CDRT4,228482_at,2,0.31775612
CEBPG,204203_at,2,0.53386956
CEBPD,203973_s_at,2,0.6389553
CEACAM6,211657_at,2,0.4774743
TRAC,209670_at,2,0.52925295
TRABD2A,227867_at,2,0.34361356
TRAP1,201391_at,2,0.51298845
PRPF4,209161_at,2,0.5291007
KLHL34,238832_at,2,0.13312171
KLHL31,239398_at,2,0.1534191
PROCA1,232647_at,2,0.32835278
KPLCE,216701_at,2,0.15653439
KNDC1,230359_at,2,0.22612877
PRNP,201300_s_at,2,0.70607024
PRND,223813_at,2,0.15054864
PRMT8,207772_s_at,2,0.21020538
TRAK2,202125_s_at,2,0.548383
CDKN2B,236313_at,2,0.13492934
CDKN2AIPNL,1554348_s_at,2,0.36248362
CDY1,207646_s_at,2,0.11392322
CDX2,231606_at,2,0.103341654
CDT1,228868_x_at,2,0.5062779
CDSN,206192_at,2,0.082712665
PROSER3,1553162_x_at,2,0.3631835
PROSER2-AS1,1557208_at,2,0.14406763
PROSER2,229801_at,2,0.38878644
KMT5C,224431_s_at,2,0.3730675
KRBOX5,238510_at,2,0.43988153
KRBOX4,206583_at,2,0.46602118
CDK11A,211289_x_at,2,0.52278906
CDKL2,236331_at,2,0.18779919
TRAF6,227264_at,2,0.4559827
TRAF5,204352_at,2,0.5298438
TRAPPC3,203511_s_at,2,0.53028905
CDK5R1,204995_at,2,0.27288723
CDO1,243706_at,2,0.19855072
CDKN3,209714_s_at,2,0.44986022
CDKN2D,210240_s_at,2,0.51973957
CDKN2C,204159_at,2,0.5253294
TRAPPC2,219351_at,2,0.56653804
PRODHLP,215682_at,2,0.18136528
PRODH2,243614_s_at,2,0.25282302
PRKRA,209139_s_at,2,0.5987627
KPNA3,221502_at,2,0.60486937
KPNA2,201088_at,2,0.7215702
KRT19,228491_at,2,0.08094696
KRT17,212236_x_at,2,0.30816242
PRKD1,205880_at,2,0.13751541
PRKCZ,202178_at,2,0.36887679
TRAV12-2,211667_x_at,2,0.20746884
TREML3P,1557446_x_at,2,0.18424402
CDHR1,1555019_at,2,0.15835723
CDH7,1554700_at,2,0.08499226
CDK17,221918_at,2,0.61314994
TRDV3,216191_s_at,2,0.35764912
PRKCSH,214080_x_at,2,0.7021223
PRKCQ,210038_at,2,0.45957246
PRMT1,206445_s_at,2,0.6527029
TRIM25,224806_at,2,0.5559861
PRKCG,236195_x_at,2,0.20925172
PRKCA-AS1,1555940_a_at,2,0.12504011
KRI1,227587_at,2,0.47646797
PRKAR1B,212559_at,2,0.24743286
PRKAG2-AS2,238319_at,2,0.27633807
PRKX,204060_s_at,2,0.52180415
PRKRIP1,218378_s_at,2,0.5639629
TRDV2,210972_x_at,2,0.4633868
TRIL,205151_s_at,2,0.14740975
TRIB3,218145_at,2,0.43718332
TRIB2,202478_at,2,0.35322553
TRHDE-AS1,1560698_a_at,2,0.112631045
CDH15,206327_s_at,2,0.11471251
CDIP1,223960_s_at,2,0.44453767
CDHR3,235650_at,2,0.1784109
CDAN1,228516_at,2,0.4637764
PRELID2,235828_at,2,0.3803773
PRKACA,202801_at,2,0.48830086
PRKAB1,201834_at,2,0.50458765
KRT222,243998_at,2,0.095498666
KRT19P2,217338_at,2,0.120727584
KRT74,231583_at,2,0.17595096
KRT73,237507_at,2,0.10537129
KRT7-AS,1558393_at,2,0.35154822
CDC6,203968_s_at,2,0.30335388
CDH24,230157_at,2,0.24724899
CDH22,1569679_at,2,0.39473128
CDH2,203441_s_at,2,0.21190283
TRGV5,217374_x_at,2,0.16869564
TRGC2,215806_x_at,2,0.54062974
TREX1,34689_at,2,0.5322107
KRT40,1562629_a_at,2,0.08764592
KRT4,213240_s_at,2,0.10068463
KRTAP1-3,220978_at,2,0.14827442
KRT8P12,222060_at,2,0.29535624
PREX1,224909_s_at,2,0.5979111
CDC42EP2,209850_s_at,2,0.24918595
CDC42BPG,1569044_at,2,0.17970805
CDC42BPB,217849_s_at,2,0.24697015
TRIM16L,1559682_at,2,0.42332703
TRIM11,226566_at,2,0.47331014
CDC40,203376_at,2,0.64863616
CDC34,212540_at,2,0.49063691
CDH1,201131_s_at,2,0.23763357
CDCA7,224428_s_at,2,0.56386125
CDCA3,223307_at,2,0.43161938
CDCA2,226661_at,2,0.3763093
PREB,217861_s_at,2,0.45866737
PRDX6,200844_s_at,2,0.73907775
PRDX5,1560587_s_at,2,0.669809
PRDX3,201619_at,2,0.6418447
KRT78,1553212_at,2,0.31628087
PRDM8,239111_at,2,0.09489914
PRDM5,220792_at,2,0.20854063
PRDM4,218329_at,2,0.5145409
TRIM37,213009_s_at,2,0.5103397
CD82,203904_x_at,2,0.5672144
CD79A,205049_s_at,2,0.5783666
CDC23,202892_at,2,0.5044407
CD52,204661_at,2,0.7266055
PRF1,214617_at,2,0.52901477
KRT6B,213680_at,2,0.16712375
KRT6A,209125_at,2,0.08661618
TRIM43,1553619_a_at,2,0.14575665
TRIM74,1554182_at,2,0.32185936
PPP5D1P,242253_at,2,0.3421506
PPP5C,201979_s_at,2,0.30708984
KRTAP2-1,220970_s_at,2,0.09728521
PRDM16,232424_at,2,0.14786534
CD5,230489_at,2,0.3566889
CD99,201029_s_at,2,0.779472
CD96,206761_at,2,0.38651568
CD93,202878_s_at,2,0.47731763
TRIM34,221044_s_at,2,0.38168907
TRIM32,203846_at,2,0.30067024
TRIM58,215047_at,2,0.43799502
PRDM10,219515_at,2,0.42544493
PRCD,230015_at,2,0.28083104
PRELID1,223032_x_at,2,0.65987825
PPP2R5A,202187_s_at,2,0.6278023
PPWD1,213483_at,2,0.5224835
CD2AP,203593_at,2,0.55751497
CD274,227458_at,2,0.28130573
CD48,204118_at,2,0.67637575
CD4,203547_at,2,0.378529
TRIM65,235081_x_at,2,0.42180663
TRIM61,238990_x_at,2,0.27096185
TRIM55,232721_at,2,0.14379814
TRIM52-AS1,228664_at,2,0.5103594
TRIM52,221897_at,2,0.49805132
TRIM5,210705_s_at,2,0.46762073
CD37,204192_at,2,0.70814824
CD7,214049_x_at,2,0.36859763
TRIM46,238147_at,2,0.28529927
TRIM45,219923_at,2,0.3007369
KSR2,1553491_at,2,0.2696628
KRTCAP2,224885_s_at,2,0.74677634
LAIR1,210644_s_at,2,0.612518
LAD1,216641_s_at,2,0.24130544
LACTB2,218701_at,2,0.34710613
TRIM59,227801_at,2,0.46790972
TRIR,223003_at,2,0.7724634
TRIP6,209129_at,2,0.46161363
CD1E,208592_s_at,2,0.19546914
CD300LB,1554175_at,2,0.24295616
CD2BP2,202256_at,2,0.467433
TRIM9,209859_at,2,0.17729256
L1TD1,236894_at,2,0.21494703
L1CAM,204584_at,2,0.20700932
PPP2R5D,202513_s_at,2,0.47787786
PPP2R5B,635_s_at,2,0.3663028
CD244,220307_at,2,0.38483366
CD200R1,1553395_a_at,2,0.32378447
CD200,209583_s_at,2,0.44183666
TRMT10B,240166_x_at,2,0.3213247
PPP2CB,201375_s_at,2,0.61078155
L3MBTL4,228557_at,2,0.21359362
L3MBTL2,223205_s_at,2,0.48245525
LAMC3,219407_s_at,2,0.25043172
LAMC2,207517_at,2,0.15309076
LAMC1,200770_s_at,2,0.35324445
LAMB1,201505_at,2,0.12701312
PPP1R9B,225124_at,2,0.45850956
PPP3R2,231304_at,2,0.12825084
PPP3R1,204506_at,2,0.41785207
PPP3CB-AS1,235772_at,2,0.39701143
PPP3CB,202432_at,2,0.65331095
LAMA1,222346_at,2,0.1046988
LAPTM5,201721_s_at,2,0.87711245
LANCL1,202020_s_at,2,0.5771678
LAMTOR5,202299_s_at,2,0.7528783
PPP1R26-AS1,1559026_at,2,0.11222984
PPP1R21,1553955_at,2,0.50507337
PPP1R1C,228646_at,2,0.23566757
PPP2R3B,219264_s_at,2,0.34100807
PPP2R2D,221772_s_at,2,0.3661981
PPP2R2B,213849_s_at,2,0.24798301
TRMT6,222768_s_at,2,0.53634757
TRMT5,221952_x_at,2,0.8119867
TRMT2B,205238_at,2,0.35743138
TRMT13,219130_at,2,0.42809975
CCZ1,201973_s_at,2,0.7603268
CCT8,200873_s_at,2,0.7834866
TRPV2,219282_s_at,2,0.49080214
TRPM8,220226_at,2,0.13379978
PPP1R3C,204284_at,2,0.22997737
PPP1R3A,211169_s_at,2,0.07278196
LAMTOR3,217971_at,2,0.6074692
LAT2,221581_s_at,2,0.6672226
LAT,211005_at,2,0.41904855
LAS1L,208117_s_at,2,0.51553875
LARS2,34764_at,2,0.39248982
TRPC6,217287_s_at,2,0.12364342
TRPC3,206425_s_at,2,0.23890513
TRPA1,208349_at,2,0.16188216
CCR7,206337_at,2,0.49113312
CD101,244652_at,2,0.22870038
CCNT1,225493_at,2,0.63215876
CCT6A,201327_s_at,2,0.65165114
CCP110,204662_at,2,0.5004696
CCNYL1,227280_s_at,2,0.46610156
CCN3,214321_at,2,0.2391345
CCN1,210764_s_at,2,0.18016882
PPP1R1A,235129_at,2,0.15991302
PPP1R17,220231_at,2,0.16914195
PPP1R15A,37028_at,2,0.68152547
LCAT,204428_s_at,2,0.1913176
PPP1R3D,204554_at,2,0.36311677
CCT5,208696_at,2,0.6347384
CCT4,200877_at,2,0.7395501
CCT2,201947_s_at,2,0.77511215
CCSER1,236543_at,2,0.12680717
TROAP,204649_at,2,0.40802026
TRNP1,227862_at,2,0.2807822
TRPV3,1552586_at,2,0.20939724
LCMT1-AS2,229049_at,2,0.1313831
PPM1K-DT,1562785_at,2,0.17677085
PPM1J,200885_at,2,0.4939881
CCM2L,1570070_at,2,0.3221023
CCNK,225824_at,2,0.6913865
CCNF,204826_at,2,0.3663787
TRPC7,234407_s_at,2,0.10596614
TSC22D4,208104_s_at,2,0.44238678
TSC22D1-AS1,237745_at,2,0.20175976
CCNE2,205034_at,2,0.41341576
CCNE1,213523_at,2,0.46254587
CCND3,201700_at,2,0.7597267
CCND1,208711_s_at,2,0.21983704
CCNC,201955_at,2,0.67263865
CCR2,206978_at,2,0.30132747
CCR1,205098_at,2,0.4086075
CCL18,32128_at,2,0.23660845
CCNB1,214710_s_at,2,0.46609318
CCNA2,213226_at,2,0.4549154
PPM1B,213225_at,2,0.60551697
PPIP5K1,204578_at,2,0.34880835
LCK,204891_s_at,2,0.51867414
LCIIAR,1557406_s_at,2,0.16624841
LCE1E,1559226_x_at,2,0.2405672
LDC1P,1566646_at,2,0.2583687
LDB2,242360_at,2,0.14427474
LDB1,35160_at,2,0.53107834
PPIH,204228_at,2,0.56987274
PPP1R10,201703_s_at,2,0.40281755
PPM1N,229559_at,2,0.22522251
LBP,211652_s_at,2,0.19538374
LCMT2,204012_s_at,2,0.39621377
LCNL1,1564431_a_at,2,0.095912635
LCN8,239369_at,2,0.2978612
LEF1-AS1,243362_s_at,2,0.31719705
LDLRAP1,57082_at,2,0.47603077
PPFIBP2,212841_s_at,2,0.280202
PPFIA3,215280_s_at,2,0.1644066
PPM1E,205938_at,2,0.13876595
PPM1D,204566_at,2,0.516257
TSC2,215735_s_at,2,0.49413544
TRUB2,223109_at,2,0.3926842
TRRAP,202642_s_at,2,0.56409127
TRPV6,206827_s_at,2,0.14493236
TRPV5,208267_at,2,0.20626777
TSKS,220545_s_at,2,0.18478914
TSHZ3,223392_s_at,2,0.26905206
TSHZ1,223282_at,2,0.44193786
PPIB,200967_at,2,0.747289
LDHB,213564_x_at,2,0.81539875
TSPOAP1-AS1,228826_at,2,0.5047615
TSPEAR-AS2,1554953_a_at,2,0.14264384
TSPAN9,220968_s_at,2,0.3178949
CCDC85C,219018_s_at,2,0.29025695
CCL13,206407_s_at,2,0.13935246
CCKBR,234475_x_at,2,0.18835966
CCKAR,211174_s_at,2,0.17549433
TSPAN6,209108_at,2,0.17922209
TSPAN4,209263_x_at,2,0.40461877
TSPAN18,228819_at,2,0.19169135
TSPAN17,225235_at,2,0.47096825
TSPAN14,223314_at,2,0.5281697
CCL23,210549_s_at,2,0.20512272
TSPAN10,223795_at,2,0.19116138
PPCS,218341_at,2,0.58370656
PPAT,209433_s_at,2,0.3990511
LEMD1-AS1,1561281_a_at,2,0.13413002
LEKR1,1564653_s_at,2,0.18886639
LGALS3,208949_s_at,2,0.6344033
PPARGC1A,1569141_a_at,2,0.110017106
PPARG,232331_at,2,0.27390382
TSPAN32,220558_x_at,2,0.48258016
TSPAN31,203227_s_at,2,0.48585036
CCDC69,212886_at,2,0.57846785
CCDC66,228122_at,2,0.39720935
CCDC91,218545_at,2,0.5280483
PPIF,201489_at,2,0.579118
PPIEL,222054_at,2,0.1960157
PPID,204185_x_at,2,0.57806855
PPIC,204517_at,2,0.21187475
POU2F3,207109_at,2,0.095344804
LFNG,228762_at,2,0.2788776
LETM2,1557415_s_at,2,0.34010693
LERFS,1557584_at,2,0.3097137
LEPROTL1,202595_s_at,2,0.6329172
LGR5,213880_at,2,0.14972937
LGI4,227821_at,2,0.19292876
TTC21A,230997_at,2,0.30670947
CCDC47,217814_at,2,0.53279614
CCDC34,226287_at,2,0.45748684
CCDC8,223495_at,2,0.2561817
TTBK1,240643_at,2,0.2582524
TTC4,46167_at,2,0.44821057
POT1,204354_at,2,0.4624011
POU4F1,206940_s_at,2,0.29707333
POU3F2,242455_at,2,0.1353197
POLR3K,218866_s_at,2,0.45916846
POLR3C,209382_at,2,0.49951807
POP4,202868_s_at,2,0.579119
PON1,206345_s_at,2,0.17568135
POMZP3,204148_s_at,2,0.46718895
LGALSL,226188_at,2,0.35115615
LHX6,219884_at,2,0.2374046
TTC33,219421_at,2,0.3376573
CCDC25,222525_s_at,2,0.47924286
CCDC22,206016_at,2,0.43394846
CCDC6,225010_at,2,0.5629365
CCDC59,222792_s_at,2,0.6949889
LHX2,211219_s_at,2,0.12027857
POMT2,225560_at,2,0.34419537
POMP,217769_s_at,2,0.76700467
POU3F1,208345_s_at,2,0.17208427
LIG4,227766_at,2,0.51891285
POLR2F,209511_at,2,0.5313294
POLR2E,217854_s_at,2,0.64002526
POM121L9P,206819_at,2,0.17690687
POM121L8P,1557633_at,2,0.18661498
POM121L12,1556292_s_at,2,0.2795028
TTC27,218710_at,2,0.47222254
TTC23L,1557003_at,2,0.18735208
TTF2,204407_at,2,0.40080845
TTF1,204771_s_at,2,0.5672261
TTC9C,226175_at,2,0.3638708
TTC9B,242484_at,2,0.17486843
TTC9,213174_at,2,0.24663389
CCDC33,1563090_at,2,0.31675154
CCDC30,221171_at,2,0.19383475
CCDC28B,221912_s_at,2,0.33373976
TTLL12,1552257_a_at,2,0.5339215
TTTY8,224143_at,2,0.16156816
POLQ,219510_at,2,0.36889794
POLN,242804_at,2,0.21392053
POLR2L,211730_s_at,2,0.71176475
POLR2K,202635_s_at,2,0.61519665
POLR2J2,1552621_at,2,0.4955578
CCDC157,1568796_at,2,0.17368379
CCDC152,237475_x_at,2,0.67876375
CCDC15,220466_at,2,0.3201764
CCDC187,1554683_a_at,2,0.19765209
TTC41P,1570212_a_at,2,0.06942863
TTN-AS1,1556043_a_at,2,0.34018844
TTLL7,228724_at,2,0.10411167
LHFPL6,231411_at,2,0.26506835
LILRA1,210660_at,2,0.34574366
LIN7B,241957_x_at,2,0.3261929
TTTY14,207063_at,2,0.18209717
TTPAL,228031_at,2,0.4133463
TUBA1C,209251_x_at,2,0.8297886
CCDC117,225644_at,2,0.5482663
CCDC148,1564757_a_at,2,0.19739307
CCDC144CP,1557366_at,2,0.14800453
CCDC142,225523_at,2,0.67907673
CCDC141,1553645_at,2,0.22983229
TTYH2,223741_s_at,2,0.4009175
TUBGCP4,211337_s_at,2,0.4049328
CCDC138,230339_at,2,0.29926062
CCDC134,235434_at,2,0.43417898
CCDC163,236900_x_at,2,0.44830686
CCDC158,243875_at,2,0.14285572
TTLL13,240021_at,2,0.20311347
CCDC124,225454_at,2,0.36572203
CCDC122,243782_at,2,0.15285306
CCDC120,239403_at,2,0.21053872
LINC00265,1558425_x_at,2,0.091239735
LIN52,228583_at,2,0.40252644
LIN37,213526_s_at,2,0.45935822
LINC00189,1553608_a_at,2,0.106540054
LINC00184,1559646_a_at,2,0.25520232
LINC00173,237591_at,2,0.36619946
LINC00161,1554405_a_at,2,0.1419005
POLDIP2,217806_s_at,2,0.5115453
POLD3,212836_at,2,0.47918192
POLR1F,226784_at,2,0.48257038
POLR1C,209317_at,2,0.46971512
LILRB4,210152_at,2,0.34991595
LILRB2,207697_x_at,2,0.5331384
CBLN4,234024_at,2,0.12498561
CCDC102B,234180_at,2,0.052388024
PNPLA4,209739_s_at,2,0.28066143
PNPLA3,233030_at,2,0.14911307
PNPLA2,39854_r_at,2,0.58981633
POGZ,212153_at,2,0.50100505
POGLUT1,222681_at,2,0.44120845
POFUT1,212349_at,2,0.27454007
PODN,233148_at,2,0.15131983
POLI,219317_at,2,0.41986656
CC2D1B,225323_at,2,0.33388686
CBY2,1553847_a_at,2,0.1969971
CBY1,203450_at,2,0.3205703
CCDC127,226515_at,2,0.43841496
CCDC126,228087_at,2,0.36887875
CCDC125,1553542_at,2,0.35912856
PNLIPRP1,206694_at,2,0.11560631
PNISR-AS1,238069_at,2,0.35932732
POC1A,226355_at,2,0.32657814
PNRC2,217779_s_at,2,0.7761116
PNPO,218511_s_at,2,0.45880383
PNPLA7,228383_at,2,0.25291824
LINC00226,238380_s_at,2,0.12663561
LINC00313,240589_at,2,0.084601685
LINC00312,220244_at,2,0.24970694
TUBB3,202154_x_at,2,0.63110805
TUBB2A,204141_at,2,0.59345424
TUBB1,230690_at,2,0.38847834
TUSC7,1558601_at,2,0.14843325
TUSC2,203273_s_at,2,0.44059458
TULP3,205854_at,2,0.33394036
CBR3-AS1,1559917_a_at,2,0.18087155
LINC00308,1552605_s_at,2,0.14378048
LINC00302,216935_at,2,0.079620294
LINC00354,1568636_a_at,2,0.13265683
PMS2,221206_at,2,0.50724745
PMPCB,201682_at,2,0.6698103
CC2D2B,232502_at,2,0.2719456
CAVIN2,222717_at,2,0.29828566
CBX6,202047_s_at,2,0.57362854
CBX4,227558_at,2,0.737858
CBS,212816_s_at,2,0.1009266
TUFM,201113_at,2,0.72265464
TUBGCP6,225758_s_at,2,0.46780938
TUBGCP5,227967_at,2,0.36385733
PMP2,206826_at,2,0.15628846
PNMA3,223621_at,2,0.2655241
PNMA2,209598_at,2,0.19088824
PLRG1,225194_at,2,0.5672868
PMCHL2,224422_x_at,2,0.1865443
LINC00320,1564392_at,2,0.11670783
LINC00460,1558930_at,2,0.12481273
PMAIP1,204285_s_at,2,0.7258754
TXLNA,212300_at,2,0.3854473
TWSG1,225406_at,2,0.54331696
TWIST2,229404_at,2,0.2345833
CASTOR3P,1553971_a_at,2,0.38907912
CASTOR1,226613_at,2,0.2863871
CBLL1,220018_at,2,0.5229196
CBLC,223668_at,2,0.14268935
CBFB,202370_s_at,2,0.7013825
TUT4,212704_at,2,0.5349439
TXNL4B,218794_s_at,2,0.4392747
PLXNB2,208890_s_at,2,0.55656517
PLPPR2,218509_at,2,0.33345953
PLPPR1,219732_at,2,0.19623993
LINC00424,1562081_a_at,2,0.22302422
LINC00408,1556206_at,2,0.16735873
LINC00475,233524_at,2,0.100809224
PLPP1,210946_at,2,0.37251574
PLXNB1,215668_s_at,2,0.14614747
TXNDC2,1552657_a_at,2,0.25229886
TXNDC17,224511_s_at,2,0.6311847
CASP4LP,240890_at,2,0.28267753
CASP4,209310_s_at,2,0.5681086
CAV1,203065_s_at,2,0.22731812
CATSPERE,240771_at,2,0.21645473
CATSPERB,1570470_at,2,0.16539924
PLSCR3,56197_at,2,0.57581717
PLSCR2,241510_at,2,0.16667421
PLEKHG5,227142_at,2,0.2011828
PLOD2,202619_s_at,2,0.1968098
LINC00474,1570345_at,2,0.10908931
LINC00472,235771_at,2,0.1694706
LINC00467,224443_at,2,0.2784527
LINC00518,244829_at,2,0.113377795
PLIN2,209122_at,2,0.6702953
PLPPR5,242825_at,2,0.11282802
CASS4,1554786_at,2,0.2769126
CASP8AP2,222201_s_at,2,0.46889362
TXNDC16,226747_at,2,0.43276674
TXNDC15,220495_s_at,2,0.5369634
TXNDC12,223017_at,2,0.6506393
TXN2,209077_at,2,0.5732722
TXN,208864_s_at,2,0.73738945
TYRO3P,1566934_at,2,0.19782174
CARNMT1,228324_at,2,0.40058705
PLEKHF2,218640_s_at,2,0.6626097
PLEKHA7,228450_at,2,0.17946158
PLEKHA6,205093_at,2,0.068516776
PLEKHS1,219857_at,2,0.1200663
PLEKHM3,235360_at,2,0.40709135
LINC00513,238874_at,2,0.15962702
LINC00511,230812_at,2,0.2564163
PLEKHH3,227248_at,2,0.24520786
TYRO3,211431_s_at,2,0.19479713
CARMN,227183_at,2,0.21867569
CARMIL2,227216_at,2,0.332577
CARF,219834_at,2,0.2764002
TYMP,217497_at,2,0.3856824
TXNRD3,221906_at,2,0.23060048
PLEKHH1,225726_s_at,2,0.24279669
PLD5,242173_at,2,0.1416608
PLD4,235802_at,2,0.33028588
LINC00608,239506_s_at,2,0.18834347
LINC00606,1556447_at,2,0.07720179
LINC00593,1554716_s_at,2,0.11230326
PLCXD3,230081_at,2,0.08517696
PLCXD2,235230_at,2,0.3604942
PLCXD1,218951_s_at,2,0.53367305
PLEKHG4B,230441_at,2,0.29340038
TXNRD2,211177_s_at,2,0.35212103
TXNRD1,201266_at,2,0.6001479
UBA7,1294_at,2,0.60010076
UBA2,201177_s_at,2,0.71903104
UBA1,200964_at,2,0.65249604
CARD11,223514_at,2,0.391931
CAPZA1,208374_s_at,2,0.7785759
PLCL1,205934_at,2,0.20972712
PLCE1-AS2,1562826_at,2,0.20229845
LINC00628,1565554_at,2,0.21310729
PLCD3,1552476_s_at,2,0.20331825
PLCB4,203896_s_at,2,0.15225054
PLCB2,204046_at,2,0.4673519
PLEKHA1,226247_at,2,0.42974147
PLEK,203471_s_at,2,0.66718
CAPN7,203356_at,2,0.53386813
CAPN5,205166_at,2,0.23911208
CAPN2,208683_at,2,0.6587239
CAPN15,204275_at,2,0.47467062
CARD8-AS1,242521_at,2,0.5040341
CARD19,223398_at,2,0.59552264
PLEC,201373_at,2,0.47502294
PLD6,227037_at,2,0.40575394
PLBD2,227853_at,2,0.4230131
PLBD1,218454_at,2,0.5647057
PLB1,235703_at,2,0.267868
PLAU,205479_s_at,2,0.3341537
PLAGL2,202925_s_at,2,0.45945603
LINC00661,237242_at,2,0.21976238
LINC00654,229992_at,2,0.2190363
PLAC9,227419_x_at,2,0.13233761
UBE2A,201898_s_at,2,0.6561602
UBC,211296_x_at,2,0.8950277
CAND2,213547_at,2,0.27350533
CAPS2,224370_s_at,2,0.1402846
CAPRIN2,218456_at,2,0.4972921
CAPN9,210641_at,2,0.1507189
CAMK2N2,1552893_at,2,0.28095654
PLAAT5,231050_at,2,0.21472605
PKP1,205724_at,2,0.15523665
PKN3,226299_at,2,0.34225428
PLAAT3,235110_at,2,0.30157366
PLAAT1,219983_at,2,0.14228004
LINC00643,231186_at,2,0.1047735
LINC00692,1556528_at,2,0.10671321
PLA2G4E-AS1,1557864_x_at,2,0.07832754
CAMK2A,207613_s_at,2,0.10115927
CAPN10,219333_s_at,2,0.37418556
CAPN1,200752_s_at,2,0.5078497
CAP2,212551_at,2,0.22265004
CAP1,213798_s_at,2,0.7895063
CALML3,210020_x_at,2,0.2668879
CALM2,207243_s_at,2,0.8292673
CAMSAP3,226494_at,2,0.0969518
PLA2G4C,209785_s_at,2,0.21948786
PKHD1L1,231181_at,2,0.15291844
PKD2L2,221118_at,2,0.15510859
PLA2G12B,231009_at,2,0.19339529
PLA2G12A,221027_s_at,2,0.33702418
LINC00671,1556737_at,2,0.19987631
LINC00842,1570140_at,2,0.14436941
LINC00839,233566_at,2,0.12444046
PKP3,209873_s_at,2,0.23207991
PKP2,207717_s_at,2,0.17316991
CAMKMT,219617_at,2,0.2614785
CAMKK1,223460_at,2,0.37795424
UBAP2,219192_at,2,0.5802511
UBAP1L,232663_s_at,2,0.33065498
UBAP1,46270_at,2,0.53298885
UBALD2,224783_at,2,0.697982
UBAC2-AS1,1557038_s_at,2,0.2836274
PITX1,209587_at,2,0.07956046
PKM,201251_at,2,0.64303535
UBE2S,202779_s_at,2,0.62161756
UBE2R2,223014_at,2,0.6794967
UBE2QL1,226612_at,2,0.15971082
CAD,202715_at,2,0.49005267
CACNG6,1552863_a_at,2,0.42654684
CALHM5,230254_at,2,0.21044634
CALHM2,221565_s_at,2,0.40222603
CALCR,207886_s_at,2,0.11998023
CALB1,205626_s_at,2,0.13027889
CAMK1G,217128_s_at,2,0.22631273
CAMK1,204392_at,2,0.24014151
CALY,219896_at,2,0.13721281
PKIB,223551_at,2,0.1941462
PKIA,204612_at,2,0.34507716
CA5BP1,239106_at,2,0.47692162
PILRA,222218_s_at,2,0.48815462
PIK3R3,202743_at,2,0.23618089
PIP5K1B,205632_s_at,2,0.4868484
LINC00910,1559144_x_at,2,0.1730178
PINK1,209018_s_at,2,0.44723225
CACNA2D4,228083_at,2,0.41572395
CACNA2D1,207050_at,2,0.120597646
CACNA1H,222960_at,2,0.2565495
CADM3-AS1,216535_at,2,0.14457136
UBE2O,218141_at,2,0.38071507
UBL3,201534_s_at,2,0.6203258
PITRM1,205273_s_at,2,0.51927096
PITPNM3,230076_at,2,0.16740865
PKD1L1,1553004_at,2,0.15159728
LINC00824,1555580_at,2,0.2341896
LINC00899,232088_x_at,2,0.1948115
LINC00942,1558308_at,2,0.1788667
LINC00938,226413_at,2,0.61806625
LINC00937,240002_at,2,0.19297169
PIK3AP1,226459_at,2,0.71285766
PIGY,224660_at,2,0.73164254
PILRB,225321_s_at,2,0.6754029
UBFD1,224878_at,2,0.48659316
CACFD1,61874_at,2,0.4133325
CABYR,219928_s_at,2,0.18859935
CABP7,243173_at,2,0.15064901
CACNG5,1552602_at,2,0.2539774
CACNG2,214495_at,2,0.1328235
CACNB4,243244_at,2,0.14005084
CACNB3,34726_at,2,0.3499603
CA6,206873_at,2,0.18867756
CAAP1,219276_x_at,2,0.54887325
PICART1,1557608_a_at,2,0.1717439
PIGV,219238_at,2,0.44451275
PIGT,217770_at,2,0.567295
PIGR,204213_at,2,0.27867824
PIGQ,204144_s_at,2,0.3392734
LINC00927,1559579_at,2,0.14166619
LINC00926,230245_s_at,2,0.52081746
LINC01000,227129_x_at,2,0.6268769
PIGN,232101_s_at,2,0.31879115
CA4,206209_s_at,2,0.28061673
CACNA1B,235781_at,2,0.13525324
CACHD1,225627_s_at,2,0.18105517
PIK3CD-AS2,1557341_x_at,2,0.15676136
PIK3CD,203879_at,2,0.69017446
PIK3CB,212688_at,2,0.48967463
CA10,223550_s_at,2,0.10948749
CA1,205950_s_at,2,0.60696256
PIGF,205077_s_at,2,0.5224359
PIGB,205452_at,2,0.5010953
PIF1,228252_at,2,0.30199102
PIERCE1,59437_at,2,0.14822355
LINC00963,217625_x_at,2,0.29592875
LINC01056,1557893_a_at,2,0.10922089
LINC01020,1557877_s_at,2,0.08707754
PIDD1,219019_at,2,0.44421053
UBR1,226921_at,2,0.50724506
UBQLN4,224513_s_at,2,0.47995132
UBQLN2,215884_s_at,2,0.66018975
C9orf40,222781_s_at,2,0.4519
CABIN1,37652_at,2,0.53770167
CAB39,217873_at,2,0.6439462
PHLDA3,218634_at,2,0.33763593
PIAS4,212881_at,2,0.3883828
PIANP,1553566_at,2,0.13507082
LINC01013,244280_at,2,0.25579175
PI3,41469_at,2,0.21747568
PI15,207938_at,2,0.17620464
UBOX5,204598_at,2,0.39797577
UBN1,209088_s_at,2,0.5946282
UBLCP1,243916_x_at,2,0.5890935
UBL7-DT,239792_at,2,0.39599812
UBXN7,212840_at,2,0.52698195
UBXN6,223012_at,2,0.65858996
UBXN2B,212934_at,2,0.48739251
UBXN2A,235327_x_at,2,0.67208385
C8orf33,218187_s_at,2,0.5459467
CA13,231270_at,2,0.24197185
C6orf132,238028_at,2,0.15358259
C8orf88,228107_at,2,0.31568533
C8orf74,1569245_at,2,0.19899967
C8orf58,227263_at,2,0.37959874
C8orf44,243264_s_at,2,0.31288177
PHGDH,212995_x_at,2,0.73597056
PHF6,225501_at,2,0.5781598
PHRF1,234952_s_at,2,0.35178682
PHPT1,223207_x_at,2,0.61578864
LINC01091,1561096_at,2,0.112099096
LINC01134,1569604_at,2,0.3349074
LINC01133,239370_at,2,0.20863566
LINC01122,1557472_a_at,2,0.08524168
LINC01120,1560912_at,2,0.19127041
PHLPP2,213407_at,2,0.45095906
PHLPP1,212719_at,2,0.4176289
PHF12,231815_at,2,0.47586066
PHF11,221816_s_at,2,0.69445574
PHF10,219126_at,2,0.6244706
PHF1,40446_at,2,0.6906569
PHEX,210617_at,2,0.25535437
PHKA1,205450_at,2,0.17783964
LINC01106,235083_at,2,0.16420646
LINC01187,240807_at,2,0.20319372
LINC01181,1562433_at,2,0.22292967
UBXN1,201871_s_at,2,0.6584067
UBTD2,224827_at,2,0.42501882
UCP3,207349_s_at,2,0.23910868
UCP2,208998_at,2,0.79591066
C6orf163,233787_at,2,0.28125778
C6orf141,1554314_at,2,0.18343657
C6orf136,227456_s_at,2,0.51280814
C6orf118,232777_s_at,2,0.1606691
C5orf47,1557056_at,2,0.17161581
PHACTR4,226823_at,2,0.59243906
PHACTR2-AS1,237614_at,2,0.14653747
PHF24,37566_at,2,0.1720251
PHF23,223081_at,2,0.47442886
PHF21B,1560091_a_at,2,0.16669309
PHF2,212726_at,2,0.49299115
LINC01140,235870_at,2,0.29403752
C5orf15,203024_s_at,2,0.6019676
C7orf25,53202_at,2,0.32335332
C6orf58,238385_at,2,0.16578564
UCK2,209825_s_at,2,0.44085377
UCK1,223141_at,2,0.5316094
UCHL1,201387_s_at,2,0.1906568
UGT1A8,221304_at,2,0.12792571
UNC13A,227453_at,2,0.14148931
PGM5-AS1,231024_at,2,0.37151724
PGM3,221788_at,2,0.25628015
PHC1,225958_at,2,0.49832916
PHB1,200658_s_at,2,0.5497276
LINC01206,231482_at,2,0.1982285
LINC01198,241953_at,2,0.16223456
LINC01192,240371_at,2,0.19978918
LINC01260,220449_at,2,0.22048421
UGT1A6,206094_x_at,2,0.2194998
UGT1A1,207126_x_at,2,0.23872542
UGP2,205480_s_at,2,0.6877034
C3orf70,242447_at,2,0.16943298
C3orf62,241817_at,2,0.3145093
C3orf52,219474_at,2,0.17708765
C6orf120,221787_at,2,0.5369984
LINC01234,1554946_at,2,0.13047461
LINC01312,1552899_at,2,0.38765568
PGBD5,215056_at,2,0.23764609
PGBD2,238004_at,2,0.27976236
PGAP6,221882_s_at,2,0.5148818
PGAP4,213386_at,2,0.23154405
PGS1,219394_at,2,0.5539158
PGRMC2,201701_s_at,2,0.4972834
PGRMC1,201121_s_at,2,0.62221515
ULBP2,238542_at,2,0.18863301
C2orf88,223754_at,2,0.34346002
C2orf74-DT,227941_at,2,0.31895763
C4orf46,238015_at,2,0.42480314
C4orf19,219450_at,2,0.18587062
UGT8,228956_at,2,0.18135642
UNC45A,207499_x_at,2,0.49242395
PGAP2,41858_at,2,0.44529325
PGAM5,1555943_at,2,0.20005143
PFN4,235627_at,2,0.17987958
LINC01366,1559489_a_at,2,0.2121232
LINC01361,215944_at,2,0.12657951
PFKP,201037_at,2,0.60499924
PFKL,211065_x_at,2,0.5701424
PFKFB4,228499_at,2,0.35843554
UNC119B,202365_at,2,0.57266694
UNC93A,214640_at,2,0.1540741
C2CD4B,229727_x_at,2,0.14396441
UNC5A,243833_at,2,0.1078338
PGGHG,219359_at,2,0.55702925
PGF,215179_x_at,2,0.6709456
PGC,205261_at,2,0.17989679
LINC01238,236111_at,2,0.21211661
PFDN5,207132_x_at,2,0.8009768
LINC01355,244490_at,2,0.21274175
LINC01352,1568851_at,2,0.111995675
PEX7,211033_s_at,2,0.38206115
PEX6,320_at,2,0.3462492
PEX5,203244_at,2,0.47318986
UPP2,233155_at,2,0.16479276
C21orf91-OT1,1560633_a_at,2,0.21996087
C21orf91,226109_at,2,0.5226198
C21orf62-AS1,1559755_at,2,0.25681967
C21orf62,223923_at,2,0.22007523
C2orf69,238974_at,2,0.6546855
UPK1B,210064_s_at,2,0.17239214
UPF3B,218757_s_at,2,0.5525985
UPF1,211168_s_at,2,0.48886457
PGAP3,55616_at,2,0.4138515
C22orf39,1553974_at,2,0.5226348
C22orf15,1558334_a_at,2,0.18076326
PER2,205251_at,2,0.48747537
PENK,213791_at,2,0.22216362
PELP1,215354_s_at,2,0.42325246
PELO,218472_s_at,2,0.4531531
PELI2,219132_at,2,0.49432164
PEG3,209242_at,2,0.1671542
PEX19,201707_at,2,0.4457885
PEX11A,205160_at,2,0.20417617
LINC01410,243824_at,2,0.3805705
LINC01505,1561398_at,2,0.15683009
PEX10,206352_s_at,2,0.3773033
PEX1,204873_at,2,0.4542922
PET117,228543_at,2,0.5104883
PES1,202212_at,2,0.48013014
PEG10,212094_at,2,0.2758023
PEDS1-UBE2V1,201002_s_at,2,0.6755055
PEDS1,223186_at,2,0.5147328
PECR,223619_x_at,2,0.57615936
LINC01482,217471_at,2,0.20853865
PEA15,200788_s_at,2,0.58288777
PDZK1IP1,1553589_a_at,2,0.3136015
PER3P1,1566844_at,2,0.14038101
URM1,208101_s_at,2,0.506445
URGCP,218601_at,2,0.40229213
C1orf74,229933_at,2,0.30857396
C1orf53,1558508_a_at,2,0.19664337
C1orf52,228135_at,2,0.6770183
C1orf50,62212_at,2,0.4838796
C2CD2L,204757_s_at,2,0.3181481
C22orf42,1555990_at,2,0.14532806
PDLIM2,219165_at,2,0.5267951
PDZD7,225013_at,2,0.22518003
PDXDC2P-NPIPB14P,221992_at,2,0.42400393
UQCR11,202090_s_at,2,0.77234644
UQCR10,218190_s_at,2,0.7485688
UQCC6,226943_at,2,0.4348634
UQCC5,229826_at,2,0.29835814
USP10,209137_s_at,2,0.57182115
USP1,202413_s_at,2,0.72681504
USO1,201832_s_at,2,0.5870005
C1orf115,218546_at,2,0.16692835
C20orf203,1556722_a_at,2,0.3048556
C20orf202,1556265_at,2,0.25776207
C20orf181,1567035_at,2,0.21216719
C2,203052_at,2,0.29902425
PDSS1,220865_s_at,2,0.45219755
C1QTNF6,242444_at,2,0.20012285
USP19,226357_at,2,0.49764466
USP12,213327_s_at,2,0.5416882
PDIA4,211048_s_at,2,0.5250432
PDIA2,206691_s_at,2,0.10576886
PDHB,211023_at,2,0.6361616
PDP2,226855_at,2,0.29548538
PDP1,222572_at,2,0.5395879
LINC01558,207698_at,2,0.16825663
USE1,221706_s_at,2,0.44159743
USP27X,230620_at,2,0.35013178
C1QTNF3,220988_s_at,2,0.3493553
C1QTNF1,224197_s_at,2,0.25820318
C1QL1,205575_at,2,0.23069507
C1orf174,222000_at,2,0.58345073
LINC01607,238369_s_at,2,0.16099775
PDGFA,205463_s_at,2,0.24401093
PDE9A,205593_s_at,2,0.17350183
PDK2,202590_s_at,2,0.31560025
USP32P2,213510_x_at,2,0.5688852
C1QBP,214214_s_at,2,0.686156
C1GALT1C1,219283_at,2,0.44959265
USP30,227572_at,2,0.4792473
USP3,221654_s_at,2,0.6916762
USP51,229278_at,2,0.2618995
C19orf47,1554475_a_at,2,0.24504052
C19orf44,232730_at,2,0.21344407
C19orf33,223631_s_at,2,0.25085005
C1S,208747_s_at,2,0.2027605
C1RL-AS1,1564224_x_at,2,0.27180514
C1RL,218983_at,2,0.44597033
C1QTNF7,239349_at,2,0.14768042
USP7-AS1,236260_at,2,0.28703508
UXS1,225583_at,2,0.59498274
LINC01770,238639_x_at,2,0.2873503
PDCD6IP,217746_s_at,2,0.71002126
PDCD5,219275_at,2,0.4479846
PDE6B,210304_at,2,0.26558724
PDE4DIPP2,214099_s_at,2,0.26382717
LINC01732,1561044_at,2,0.20327562
C16orf46,230281_at,2,0.25220233
C15orf62,1569065_s_at,2,0.22363754
C15orf40,1552310_at,2,0.4445229
C18orf21,223526_at,2,0.6046528
USP40,225085_at,2,0.3636678
UTP15,228050_at,2,0.38889897
PDGFD,219304_s_at,2,0.33747056
PDGFC,218718_at,2,0.38100702
PCYT2,209577_at,2,0.3662865
PCYOX1,225274_at,2,0.41968262
PCSK7,203118_at,2,0.44953242
PDCL,204449_at,2,0.49508008
PDCD7,231809_x_at,2,0.55336934
LINC01704,1568745_at,2,0.23353496
LINC01703,1561037_a_at,2,0.20716748
LINC01777,1561383_at,2,0.14398429
UTP11,218235_s_at,2,0.5549488
UST-AS1,1557741_at,2,0.089084215
UST,205139_s_at,2,0.22232188
USPL1,204190_at,2,0.6076342
USP9Y,228492_at,2,0.32094988
C12orf60,229888_at,2,0.1891437
C16orf87,226608_at,2,0.47355363
USP8,229501_s_at,2,0.54349136
C11orf71,218789_s_at,2,0.3819699
PCLAF,202503_s_at,2,0.6723294
PCID2,219940_s_at,2,0.51753557
PCSK2,204869_at,2,0.10544011
PCP2,244751_at,2,0.18602346
PDCD1LG2,224399_at,2,0.060900886
UTS2,220784_s_at,2,0.19037116
C11orf24,52164_at,2,0.444707
C14orf93,219009_at,2,0.35819516
C14orf28,235369_at,2,0.35734063
C14orf180,1558420_at,2,0.18598135
C14orf132,218820_at,2,0.19462876
UTP6,218715_at,2,0.5584565
UTP4,224903_at,2,0.6288872
PDCD11,212422_at,2,0.43199468
PDAP1,202290_at,2,0.48526376
PCGF1,210023_s_at,2,0.47196627
PCGEM1,234515_at,2,0.11375159
PCF11,227622_at,2,0.6191413
LINC01806,236451_at,2,0.2679452
PCED1A,225505_s_at,2,0.5706312
PCDHGC5,224537_at,2,0.06237246
PCDHGC4,231754_at,2,0.082204774
PCDHGB7,1552662_a_at,2,0.12872933
PCNT,203660_s_at,2,0.5277521
UTP18,203721_s_at,2,0.66489035
VARS1,201797_s_at,2,0.49485078
VAMP5,204929_s_at,2,0.45534915
C10orf53,239998_at,2,0.19188415
C12orf42,239977_at,2,0.2665915
C12orf40,1553424_at,2,0.14606088
C12orf4,218374_s_at,2,0.4382413
PCDHB18P,234479_at,2,0.21011277
PCDHB17P,216355_at,2,0.1363669
PCDHB15,240445_at,2,0.1605763
PCDHB13,221450_x_at,2,0.24299654
PCDHAC1,1553237_x_at,2,0.20340452
PCDHA9,208205_at,2,0.23387992
PCDHGA3,216352_x_at,2,0.14524047
PCDHGA11,211876_x_at,2,0.13379097
PCDHGA1,209079_x_at,2,0.3642122
LINC01933,233237_at,2,0.15594028
LINC01931,242295_at,2,0.16392648
LINC01922,1562222_at,2,0.24375416
PCDHB6,239443_at,2,0.108758755
PCDHB4,231750_at,2,0.10665463
PCDHB3,221410_x_at,2,0.11058664
PCDHB2,231725_at,2,0.10242895
PCDH18,225975_at,2,0.23187071
LINC01896,230889_at,2,0.1557312
LINC01990,1557018_a_at,2,0.15676504
PCDH15,1560330_at,2,0.06489057
PCDH11Y,217049_x_at,2,0.27485076
VENTXP1,216722_at,2,0.11594836
BTG2,201236_s_at,2,0.68406266
BVES,228783_at,2,0.2278537
BUD23,207628_s_at,2,0.57941186
VCX2,211403_x_at,2,0.21619314
VCPKMT,218940_at,2,0.60057384
VCF2,227869_at,2,0.4506639
BTN3A2,209846_s_at,2,0.50331587
C11orf21,220560_at,2,0.533521
C10orf95-AS1,214857_at,2,0.4021866
C10orf88,219240_s_at,2,0.33676398
PBLD,219543_at,2,0.33402598
PBDC1,223294_at,2,0.5957713
PCDH1,215277_at,2,0.17499019
PCCB,212694_s_at,2,0.5278396
VCP,208649_s_at,2,0.61995906
VCL,200931_s_at,2,0.6635452
VIPAS39,218431_at,2,0.44904283
VIM,201426_s_at,2,0.85237116
VHL,1559227_s_at,2,0.33556807
VGLL4,212399_s_at,2,0.5533054
BTBD19,238102_s_at,2,0.30998865
BTN3A1,209770_at,2,0.53641146
VGLL3,227399_at,2,0.13241147
PCAT4,1554591_at,2,0.22252335
PCDHA2,210572_at,2,0.055715624
PCDHA10,211867_s_at,2,0.11910492
PARP9,223220_s_at,2,0.43601298
PARP8,219033_at,2,0.56593615
PAXIP1-AS2,1558527_at,2,0.307139
PAXBP1-AS1,239407_at,2,0.22238775
PAX9,207059_at,2,0.18544708
PAX7,208060_at,2,0.16944717
PAX6,205646_s_at,2,0.10064705
LINC02112,1561650_s_at,2,0.15324357
LINC02099,1569100_a_at,2,0.071221374
LINC02092,1557731_at,2,0.11530667
PAX5,221969_at,2,0.56526226
PAX4,211176_s_at,2,0.16343945
PAX2,206229_x_at,2,0.23638
PCA3,232575_at,2,0.20747812
LINC02053,1558497_a_at,2,0.09699757
PBOV1,208329_at,2,0.11671146
LINC02175,1564373_a_at,2,0.2885003
LINC02153,244255_at,2,0.21042624
VKORC1L1,224881_at,2,0.3626151
VPS18,223346_at,2,0.4328017
VPS16,203459_s_at,2,0.52854
VPS13C-DT,1561424_at,2,0.14371906
BRINP1,205818_at,2,0.19197385
BRICD5,1553990_at,2,0.363706
BRI3BP,231810_at,2,0.53321654
BSPRY,218792_s_at,2,0.4050935
VMP1,220990_s_at,2,0.6066641
VMO1,241894_at,2,0.17940858
BRSK2,223715_at,2,0.11567827
BRS3,207369_at,2,0.16132037
BRPF3-AS1,244274_at,2,0.23917699
BTC,207326_at,2,0.113600954
PARP15,1564310_a_at,2,0.34646803
PARP14,224701_at,2,0.47225565
LINC02232,1557823_s_at,2,0.11826472
LINC02223,1559790_at,2,0.16967995
BRD1,204520_x_at,2,0.54394865
BRCA2,208368_s_at,2,0.30261663
BRCA1,204531_s_at,2,0.40237215
BRMS1L,226580_at,2,0.4176854
BRK1,224575_at,2,0.71616495
BRIP1,235609_at,2,0.36561504
VNN1,205844_at,2,0.34674424
VPS37A,225378_at,2,0.4463563
PARM1,204687_at,2,0.21321447
PARL,218271_s_at,2,0.6043112
PATE1,231279_at,2,0.10318442
LINC02076,1557895_at,2,0.24584393
PAPOLB,242158_at,2,0.15864916
PAPLN-AS1,1569338_at,2,0.13218237
PAPLN,226435_at,2,0.14580016
VPS36,222478_at,2,0.5242402
VPS35L,203173_s_at,2,0.51911074
VPS33B,44111_at,2,0.57583016
BRF2,218955_at,2,0.45810425
BRD7P3,1569960_at,2,0.14500968
VPS29,223026_s_at,2,0.7270706
VPS26C,203635_at,2,0.5035466
VPS26B,225483_at,2,0.46406502
VPS26A,201807_at,2,0.6688123
PARD6G-AS1,1557590_at,2,0.2870576
PAQR9,1558322_a_at,2,0.23440245
PAQR8,227626_at,2,0.39312285
PAQR5,242871_at,2,0.11745046
VSIG1,243764_at,2,0.20464683
VWA8-AS1,1557647_a_at,2,0.1334749
VWA8,212946_at,2,0.43008044
VWA5B2,1554850_at,2,0.14569029
VWA5B1,1552853_at,2,0.11314319
PAK6,1555310_a_at,2,0.26656002
PAK5,213990_s_at,2,0.11537894
PANK3,221751_at,2,0.5910194
LINC02239,1557008_at,2,0.32968694
LINC02352,241799_x_at,2,0.419626
BOP1,212563_at,2,0.47556692
BOLA3-DT,228430_at,2,0.10544055
VPS45,209268_at,2,0.4589207
PALS2,205429_s_at,2,0.26435915
PALS1,226092_at,2,0.39996678
PAQR3,213372_at,2,0.45783308
PAGR1,231878_at,2,0.37450543
PAGE5,231307_at,2,0.109104246
PAFAH2,205232_s_at,2,0.25327262
LINC02397,1558185_at,2,0.14422104
VWA5A,205011_at,2,0.3222269
BMP5,205431_s_at,2,0.16067371
BMP2,205290_s_at,2,0.28889984
BNIPL,236534_at,2,0.12933566
BNIP3L,221479_s_at,2,0.7184667
BNIP3,201849_at,2,0.4464544
BNIP2,209308_s_at,2,0.68377364
VSNL1,203797_at,2,0.1826905
BNC1,206581_at,2,0.15016164
BORCS8,1553978_at,2,0.4392237
BORCS6,219417_s_at,2,0.25197968
VSIG2,229369_at,2,0.19129138
VWF,202112_at,2,0.119061194
PAAF1,218957_s_at,2,0.45925117
PA2G4,208676_s_at,2,0.62720984
LINC02363,1554732_at,2,0.24170887
LINC02482,229189_s_at,2,0.33959338
LINC02481,1562697_at,2,0.29409856
P4HA3,228703_at,2,0.092324205
P4HA2,202733_at,2,0.19408965
PADI1,220962_s_at,2,0.36083093
PACSIN1,227053_at,2,0.21124436
BLTP2,201728_s_at,2,0.53511953
BMP8A,220204_s_at,2,0.10145332
VWA3A,1553657_at,2,0.19597277
PACS1,224658_x_at,2,0.51287013
PACRG-AS2,1564685_a_at,2,0.08217457
PACC1,222752_s_at,2,0.5075677
WASHC1,236841_at,2,0.5281234
OXLD1,50374_at,2,0.58621335
OXCT2,233301_at,2,0.19740558
P3H2,218717_s_at,2,0.072503164
LINC02532,235774_at,2,0.13001846
P2RY12,235885_at,2,0.12374029
P2RY1,231925_at,2,0.2585577
P2RX7,230741_at,2,0.39733148
P2RX6,206880_at,2,0.25283733
WAS,38964_r_at,2,0.71787745
WARS2-AS1,1562474_at,2,0.2871516
WARS1,200629_at,2,0.6021356
BLK,206255_at,2,0.4462277
BMERB1,1565641_at,2,0.34103423
BMAL1,209824_s_at,2,0.42128128
WAC-AS1,225515_s_at,2,0.62880343
OTP,231488_at,2,0.21916932
OTOP2,234271_at,2,0.2141573
OTOF,1555251_a_at,2,0.087543696
OVOL2,211778_s_at,2,0.2323577
OVOL1,229396_at,2,0.3259286
LINC02487,1561685_a_at,2,0.18678062
LINC02593,1555980_a_at,2,0.17249149
LINC02583,1556489_at,2,0.075599015
LINC02575,1556165_at,2,0.2508517
OTX2,231731_at,2,0.20369443
VWDE,239552_at,2,0.12051484
WDFY1,224800_at,2,0.6253826
BICRAL,38892_at,2,0.49610877
BICDL1,228320_x_at,2,0.27807453
BLOC1S5,226544_x_at,2,0.58147305
BLOC1S3,228244_at,2,0.39860988
LINC02604,235884_at,2,0.29624197
OSBPL11,218304_s_at,2,0.45730832
OS9,200714_x_at,2,0.67140746
ORMDL3,223259_at,2,0.5505684
OSM,230170_at,2,0.38743153
OSGEPL1,230032_at,2,0.41096818
OSER1,209020_at,2,0.61484176
OTUD6B-AS1,227765_at,2,0.48978803
WDR17,1557132_at,2,0.13849333
WDR13,222138_s_at,2,0.5419771
WDR11-DT,1562831_a_at,2,0.2339027
WDR11,218090_s_at,2,0.608805
BFSP2-AS1,1553936_a_at,2,0.1406018
BIRC6,233093_s_at,2,0.62100583
BIRC3,210538_s_at,2,0.46200192
BIN3,222199_s_at,2,0.54546803
OR9A1P,1567248_at,2,0.08804407
OR8G2P,1567058_at,2,0.098258704
OR8G1,1567060_at,2,0.09160099
OSBPL9,218047_at,2,0.64378643
OSBPL5,233734_s_at,2,0.403243
OSBPL3,209626_s_at,2,0.39098486
OSBPL2,209222_s_at,2,0.5277076
BEND6,231175_at,2,0.12990952
BEND5,219670_at,2,0.37496907
BEND4,230896_at,2,0.2974224
BICC1,220580_at,2,0.20741963
BHLHE40,201170_s_at,2,0.64081514
BHLHE22-AS1,1563927_a_at,2,0.10490474
BHLHE22,228636_at,2,0.22946297
WDPCP,231770_x_at,2,0.5178058
WDFY4,229597_s_at,2,0.51422566
OR5V1,234840_s_at,2,0.105819836
OR5L2,1567286_at,2,0.22685532
OR5K1,1567287_at,2,0.13437988
OR5J2,1567244_at,2,0.13510025
OR5H1,1567247_at,2,0.090632915
OR5E1P,1566276_at,2,0.12936036
OR5AK4P,1567023_at,2,0.14690678
LINC02712,1554225_a_at,2,0.12082465
LINC02685,1560279_a_at,2,0.18622312
LINC02838,1556976_s_at,2,0.31048292
LINC02833,1562671_s_at,2,0.16938907
LINC02802,236679_x_at,2,0.33713737
OR7E104P,1566956_at,2,0.49085924
ORM1,205040_at,2,0.35318103
ORC4,203351_s_at,2,0.58973897
ORC2,235423_at,2,0.4040666
BET1L,223023_at,2,0.4851325
BCL7A,203796_s_at,2,0.45392787
OR1Q1,1567065_at,2,0.16431555
OR1J4,1567282_at,2,0.17788206
OR1J2,1567257_at,2,0.16428663
OR4D1,1567069_at,2,0.17951754
OR4C1P,1567270_at,2,0.08316655
OR2M4,1566288_at,2,0.08743235
OR2L1P,1567242_at,2,0.12503807
OR2K2,1567272_at,2,0.11245167
OR2J2,208508_s_at,2,0.10428407
OR2H2,208573_s_at,2,0.17984451
LINC02762,1563800_at,2,0.33198342
LINC02874,1560277_a_at,2,0.18699887
LINC02864,1569264_at,2,0.17240673
OR51B5,234775_at,2,0.22825925
OPTN,202074_s_at,2,0.5359651
OPRL1,206564_at,2,0.19228648
OPRK1,207553_at,2,0.17254852
OR1C1,1567054_at,2,0.16621979
OR13C4,1567298_at,2,0.26141098
OR2F1,208526_at,2,0.13610712
LINC02846,1559667_at,2,0.28966573
LINC02941,1555868_at,2,0.19979359
LINC02910,1563068_at,2,0.19992888
OR2A4,233493_at,2,0.15952675
WDR45,209216_at,2,0.6145711
WDR44,219297_at,2,0.42878678
WDR38,243900_at,2,0.07633399
WDR36,226180_at,2,0.43095842
BDH2,218285_s_at,2,0.5477272
BCRP3,1553592_x_at,2,0.18032075
WDR31,241919_x_at,2,0.22989687
WDR3,218882_s_at,2,0.42506096
WDR7,212880_at,2,0.41335484
OMG,207093_s_at,2,0.25256583
OMD,205908_s_at,2,0.09003099
OLIG2,213825_at,2,0.14399274
OLFM3,1554524_a_at,2,0.10666559
OPRD1,207792_at,2,0.08882105
OPN5,233657_at,2,0.28528985
OPN3,219032_x_at,2,0.5318147
OPCML,206215_at,2,0.14019632
LINC03006,243009_at,2,0.29601994
LINC02995,1562739_at,2,0.14617227
OR10D3,1567252_at,2,0.18088225
OR10D1P,1567255_at,2,0.05700201
OR10A3,1567250_at,2,0.08520841
BCKDHB,210653_s_at,2,0.38362417
BCDIN3D-AS1,244543_s_at,2,0.21082082
OLA1,219293_s_at,2,0.7247885
OGN,222722_at,2,0.1005413
LINC02987,235322_at,2,0.3032545
LINC02984,231098_at,2,0.11540823
LINC03048,234846_at,2,0.16523845
LINC03040,239137_x_at,2,0.2889376
LINC03032,1556477_a_at,2,0.14520507
LINC03031,237617_at,2,0.10088038
LINC03027,228207_at,2,0.35114798
BCL3,204908_s_at,2,0.60976505
BCL2L2,209311_at,2,0.44288358
BDNF-AS,1567361_at,2,0.098493166
BDNF,239367_at,2,0.14518449
WDR35,226889_at,2,0.31057668
ODF4,1552409_a_at,2,0.15983658
ODF2,225617_at,2,0.4321968
LIPA,201847_at,2,0.64930946
LINGO2,232720_at,2,0.16712394
BCL9L,227616_at,2,0.3713675
BCAR1,223116_at,2,0.20191668
BCAM,40093_at,2,0.26987746
BCL2L10,221320_at,2,0.21265972
WDR77,201420_s_at,2,0.4573091
WDR76,239680_at,2,0.29367858
WDR6,217734_s_at,2,0.57952225
WDR5,225170_at,2,0.4488275
WDR49,1554298_a_at,2,0.16705212
WDR88,1552452_at,2,0.04802721
WDR87BP,1568689_at,2,0.06411425
WDR86,243526_at,2,0.21115506
OARD1,213322_at,2,0.49155998
OAF,225510_at,2,0.31569242
NYX,221684_s_at,2,0.21272406
NXT2,209628_at,2,0.5882298
ODAD2,221077_at,2,0.20601776
OCRL,203446_s_at,2,0.39088154
LIX1L,225793_at,2,0.56290376
LIX1,230865_at,2,0.06922971
OBSCN-AS1,1560554_a_at,2,0.16049226
BBOF1,220173_at,2,0.39227217
BCAT2,203576_at,2,0.43221483
WEE1,212533_at,2,0.5678074
OBI1,219303_at,2,0.41163653
OAZ3,222075_s_at,2,0.15469588
OFD1,203569_s_at,2,0.6673778
ODR4,218721_s_at,2,0.46623263
LMBRD1,218191_s_at,2,0.63024235
LMAN2,200805_at,2,0.50232774
NXF3,220110_s_at,2,0.21419996
OAZ2,201365_at,2,0.51184577
OASL,210797_s_at,2,0.37726438
OAS3,218400_at,2,0.37227026
WHRN,221887_s_at,2,0.19171338
WHAMMP2,1557450_s_at,2,0.3624669
WFS1,202908_at,2,0.31258446
BASP1,202391_at,2,0.6212441
BAP1,201419_at,2,0.5556193
BBS7,235007_at,2,0.2863323
BBS4,212744_at,2,0.39544928
WFIKKN2,241358_at,2,0.1630114
WFDC9,1552414_at,2,0.1631771
OAS1,202869_at,2,0.38140127
LLCFC1,1555757_at,2,0.19041009
LMOD1,203766_s_at,2,0.12147365
LMO2,204249_s_at,2,0.66168267
WIPI1,213836_s_at,2,0.38743386
WRAP53,44563_at,2,0.5137806
WNT9A,230643_at,2,0.19336107
WNT16,221113_s_at,2,0.24835007
WNT10A,223709_s_at,2,0.23514144
WNK4,244344_at,2,0.08845058
BAIAP2L2,228876_at,2,0.20928052
BAGE2,1555408_at,2,0.30760646
BAZ1A,217985_s_at,2,0.67090887
BAX,211833_s_at,2,0.44166735
LIPH,241898_at,2,0.19471867
LIPE-AS1,241904_at,2,0.26743227
LIPE,208186_s_at,2,0.31029212
NUTF2,202397_at,2,0.6845398
NUSAP1,218039_at,2,0.65246457
NUS1P3,215207_x_at,2,0.40941468
NUS1,225071_at,2,0.54856133
LMF2,31837_at,2,0.56906056
NUP93,202188_at,2,0.51893806
NUP88,202900_s_at,2,0.647533
NUP62CL,220520_s_at,2,0.16276139
BAIAP3,216356_x_at,2,0.3099252
B4GALT4,212876_at,2,0.36830974
B4GALT3,210243_s_at,2,0.5330863
B4GALNT4,238060_s_at,2,0.22842872
BACH2,221234_s_at,2,0.43251532
B3GLCT,227100_at,2,0.3627531
NXPH3,221991_at,2,0.23812392
NXPE1,1553828_at,2,0.28827068
NUP37,218622_at,2,0.54453486
LOC100129034,225214_at,2,0.39233363
LOC100128988,232849_at,2,0.31043994
NUP205,212247_at,2,0.53218615
NUTM2B-AS1,235730_at,2,0.361407
B3GAT3,35179_at,2,0.37503812
B3GAT2,239144_at,2,0.17843507
B3GAT1-DT,1557207_s_at,2,0.32836846
B3GALT6,1553959_a_at,2,0.44062418
BAALC,222780_s_at,2,0.27971792
B4GALT7,53076_at,2,0.4056791
B4GALT5,221485_at,2,0.53632885
WNT7B,238105_x_at,2,0.24748065
WNT5A,205990_s_at,2,0.122522295
WWTR1-AS1,228629_s_at,2,0.041140992
NUTM1,231338_at,2,0.23015966
NUMBL,242195_x_at,2,0.6975415
LOC100128079,243053_x_at,2,0.16137753
LNX1,223611_s_at,2,0.21372055
NUDT7,228855_at,2,0.35827106
NUDT6,230329_s_at,2,0.3194821
NUDT5,223100_s_at,2,0.5803267
WWP1,212638_s_at,2,0.5341305
WWC3,225273_at,2,0.5014841
AZIN2,228000_at,2,0.26283017
AZIN1,212461_at,2,0.7221211
AZGP1,217014_s_at,2,0.21331485
AXL,202686_s_at,2,0.19814369
B4GALNT1,206435_at,2,0.23548736
B3GNTL1,213589_s_at,2,0.37307802
B3GNT6,1552834_at,2,0.23436475
NUP43,219007_at,2,0.59305334
NUDT17,229044_at,2,0.3890885
NUDT16L2P,232251_at,2,0.181596
NUDT16-DT,1561348_at,2,0.1744679
LOC100287704,240999_at,2,0.08980028
LOC100272217,243785_at,2,0.10755393
NUDT14,231914_at,2,0.19101208
AURKB,209464_at,2,0.38181114
B3GALT5-AS1,1555231_a_at,2,0.17755328
B3GALT4,210205_at,2,0.4126213
B3GALT2,217452_s_at,2,0.09115542
B3GALT1,222969_at,2,0.1689002
WT1,206067_s_at,2,0.24651104
NUDT13,214136_at,2,0.30798134
NUDT12,223535_at,2,0.16163433
NUDT10,241596_at,2,0.30260122
NUP153,202097_at,2,0.6404423
ATXN1L,227373_at,2,0.6152788
ATXN10,208833_s_at,2,0.73487216
AXDND1,1553376_a_at,2,0.13192715
AVPR2,208111_at,2,0.12961859
NT5C1B,243100_at,2,0.21756704
NSUN7,238983_at,2,0.20130265
NTN5,1553890_s_at,2,0.2208616
LOC100240728,1557491_at,2,0.094308816
LOC100190986,235060_at,2,0.4684934
LOC100133920,1564277_a_at,2,0.3492649
LOC100289518,216793_x_at,2,0.15222058
NTN1,227816_at,2,0.21706247
NUDCD1,225439_at,2,0.4489825
NUCB2,203675_at,2,0.66753584
NUCB1,200649_at,2,0.49845263
NUDT22,224464_s_at,2,0.47287887
XPO1,208775_at,2,0.7590557
NSUN5,213773_x_at,2,0.6354342
NSMF,221214_s_at,2,0.40933278
NSMCE1-DT,234216_at,2,0.27288783
NTAN1,213062_at,2,0.583806
NT5DC3,218786_at,2,0.34357688
LOC100288656,1566039_a_at,2,0.17034419
LOC100505851,1568647_at,2,0.13743941
WSCD2,229032_at,2,0.209894
WSCD1,213157_s_at,2,0.15397705
XG,241931_at,2,0.18916148
XDH,210301_at,2,0.319898
XCR1,1561226_at,2,0.14968742
XCL1,206366_x_at,2,0.3582123
ATXN3L,216539_at,2,0.095658146
ATXN2L,201806_s_at,2,0.32925743
LOC100505498,216877_at,2,0.21180977
LOC100506472,233679_at,2,0.3075716
LOC100506403,1563591_at,2,0.13620986
LOC100506274,1556454_a_at,2,0.09646701
LOC100506207,242382_at,2,0.16318935
NRXN2,209982_s_at,2,0.2779095
NSUN6,242239_at,2,0.48538098
ATPAF2,213057_at,2,0.40407425
ATPAF1,224729_s_at,2,0.49649274
ATP9A,212062_at,2,0.27420875
ATP8B5P,1568686_at,2,0.08687179
AUNIP,220011_at,2,0.34356484
ATXN8OS,216404_at,2,0.14850104
ATXN7L3B,212114_at,2,0.66603297
XBP1,200670_at,2,0.74974644
XPO4,222649_at,2,0.46736196
NRL,206596_s_at,2,0.2001233
NRK,227971_at,2,0.12554939
NRIP3,219557_s_at,2,0.31506538
LOC100507351,1562764_at,2,0.18407609
LOC100507053,1559240_at,2,0.15719795
NRIP1,202599_s_at,2,0.61621517
XPNPEP2,216910_at,2,0.20747538
ATP6V1G1,208737_at,2,0.77063215
ATP6V1E2,1552286_at,2,0.32854718
ATP6V1C2,1553989_a_at,2,0.12535475
ATXN1-AS1,230507_at,2,0.20756371
ATRN,211852_s_at,2,0.3766168
ATPSCKMT,225670_at,2,0.35456422
ATP6V0C,36994_at,2,0.7751831
ATP6V0A1,212383_at,2,0.44743544
NSDHL,215093_at,2,0.3977012
NRDC,208709_s_at,2,0.6317557
NRCAM,216959_x_at,2,0.14802274
NRBF2,221803_s_at,2,0.50612783
NRAV,238854_at,2,0.19413301
LOC100506730,1562013_a_at,2,0.27051723
LOC100630923,1564166_s_at,2,0.21653487
ATP8B2,226771_at,2,0.53856343
ATP8B1-AS1,238055_at,2,0.40964964
ATP8B1,214594_x_at,2,0.5806826
ATP7A,205198_s_at,2,0.36995816
XKR4,237802_at,2,0.13360728
XRRA1,237666_at,2,0.15417339
XRN2,223002_s_at,2,0.50134194
XRCC6,200792_at,2,0.75691503
LOC100507634,1557567_a_at,2,0.3245523
NRAS,224985_at,2,0.68712366
NR1D1,31637_s_at,2,0.33036193
NR0B1,206645_s_at,2,0.14805932
LOC100507389,1556387_at,2,0.22244075
LOC101926984,1562408_at,2,0.25866866
NQO2,203814_s_at,2,0.500358
NPY6R,210444_at,2,0.20010675
ATP5MJ,210532_s_at,2,0.80271703
ATP5MF,202961_s_at,2,0.7391393
ATP5ME,209492_x_at,2,0.7613145
ATP5MC2,208764_s_at,2,0.80081576
ATP6V1B1,1554847_at,2,0.13984014
ATP6V1A,201972_at,2,0.6243976
NR2F1,209506_s_at,2,0.18296698
NR2E3,208385_at,2,0.15846781
NR2C2,225477_s_at,2,0.5836326
NR1I3,207007_at,2,0.13896553
NPTXR,217041_at,2,0.19371474
NPSR1-AS1,234117_at,2,0.172356
LOC101060400,243441_at,2,0.13395959
LOC101927268,230187_s_at,2,0.25519702
LOC101927166,1561346_at,2,0.41932276
NPRL2,203246_s_at,2,0.5523662
NPR1,204648_at,2,0.28869385
ATP6AP1L,228816_at,2,0.18868348
ATP6,1553567_s_at,2,0.8863629
ATP5PD,210149_s_at,2,0.76021016
ATP5PB,211755_s_at,2,0.80030495
XPOT,212160_at,2,0.64755386
XPO6,211982_x_at,2,0.6351254
YEATS2,221203_s_at,2,0.48950633
NR1I2,207202_s_at,2,0.1329965
NR1D2,225768_at,2,0.49555933
NOTCH3,203238_s_at,2,0.23454471
NPFF,214184_at,2,0.25123855
NPEPPSP1,215090_x_at,2,0.55136114
NPAS4,1554299_at,2,0.08298403
NPNT,244747_at,2,0.04689253
ATP1A2,203296_s_at,2,0.1048717
ATP1A1-AS1,1559376_at,2,0.20863871
ATP13A5,1561332_at,2,0.22690207
ATP5F1E,217801_at,2,0.847529
ATP5F1D,213041_s_at,2,0.6571706
ATP5F1A,213738_s_at,2,0.81963426
ATP10B,214070_s_at,2,0.22361907
ATOSB,211433_x_at,2,0.44345647
NPIPA1,214870_x_at,2,0.7587358
NPHP4,213471_at,2,0.34345317
NPHP3-AS1,1569882_at,2,0.16909623
YARS1,212048_s_at,2,0.6505799
YAF2,206238_s_at,2,0.41726488
XYLT2,219401_at,2,0.32039842
XYLT1,213725_x_at,2,0.5016511
YOD1,227309_at,2,0.6150382
NOTCH1,218902_at,2,0.511407
NOS1AP,1563512_at,2,0.2833465
NORAD,224597_at,2,0.77076036
NOP9,225514_at,2,0.38347846
NOP56,200875_s_at,2,0.6863352
NPAS1,206699_x_at,2,0.17090622
NOX5,1553023_a_at,2,0.1914922
NOX4,236843_at,2,0.13324326
LOC101927377,243814_at,2,0.20545259
LOC101927610,215060_at,2,0.13993606
NOTCH4,205247_at,2,0.28982
NOM1,229220_x_at,2,0.53543425
LOC101927516,1556170_at,2,0.13043213
LOC101927814,1568755_a_at,2,0.1581094
LOC101927798,1569841_x_at,2,0.15418655
NOL4,206045_s_at,2,0.120889306
YKT6,217784_at,2,0.44914407
ATG9B,229252_at,2,0.1741317
ATP13A3-DT,1566761_a_at,2,0.2656828
ATP13A3,212297_at,2,0.55080855
ATP11C,226785_at,2,0.47481614
ATF7IP2,228381_at,2,0.6286837
ATOSA,225327_at,2,0.56817096
ATP2A1,205444_at,2,0.20981863
ATP23,227678_at,2,0.48919562
ATP1B4,220556_at,2,0.116486944
ATP1B1,201243_s_at,2,0.38379937
ATG16L1,232612_s_at,2,0.32515067
ASPN,219087_at,2,0.12171081
NME7,219553_at,2,0.3942369
NLRX1,219680_at,2,0.44117215
NMRK1,219147_s_at,2,0.47648624
NMRAL1,231271_x_at,2,0.54875726
NMNAT3,228090_at,2,0.34206066
NOL12,219324_at,2,0.48228833
NOL10,222684_s_at,2,0.4939942
NOD1,221073_s_at,2,0.45918024
NOCT,220671_at,2,0.32329205
ATOH7,1552878_at,2,0.108408965
YWHAEP7,1563945_at,2,0.20759538
YWHAE,210996_s_at,2,0.6866819
LOC101927668,237193_s_at,2,0.12670866
NOC2L,202115_s_at,2,0.4067461
NLRP2,221690_s_at,2,0.18864593
NLRP12,223944_at,2,0.33747727
LOC101928068,1557674_s_at,2,0.326275
LOC101928343,1556747_a_at,2,0.29470548
ASPHD2,227014_at,2,0.40085542
ASPHD1,1553997_a_at,2,0.29600507
ATAT1,218874_s_at,2,0.3343757
YRDC,218647_s_at,2,0.5876157
YPEL5,217783_s_at,2,0.7969134
YPEL3,223179_at,2,0.6777169
YTHDF3,221749_at,2,0.6926518
YTHDF2,222430_s_at,2,0.7160517
ATAD3A,227700_x_at,2,0.43577763
ATAD1,224850_at,2,0.5385415
ATG3,221492_s_at,2,0.7324116
ATG16L2,225883_at,2,0.55569094
NKIRAS2,218240_at,2,0.5089614
LOC101928263,243326_at,2,0.28735402
NKAPL,229340_at,2,0.16729254
NKAP,223439_at,2,0.48316762
NLGN4Y,1554125_a_at,2,0.09537407
ZBED3,228402_at,2,0.45750687
ZBED1,203043_at,2,0.5368925
ZAR1,1555775_a_at,2,0.3033242
ZAP70,214032_at,2,0.49722943
ASIC1,205156_s_at,2,0.17863816
ASTN1,213197_at,2,0.09356646
ASRGL1,218857_s_at,2,0.35723346
NLGN4X,1554689_a_at,2,0.17353933
NLGN1,205893_at,2,0.11958669
NLE1,203867_s_at,2,0.32313067
NKX6-3,1552885_a_at,2,0.19573252
ASB7,226513_at,2,0.46580303
ASPG,1557225_at,2,0.09002263
ASPA,206030_at,2,0.08153765
ASNS,205047_s_at,2,0.52492887
NHLH2,215228_at,2,0.15738367
NHERF4,1555490_s_at,2,0.15053613
NIPA2,212129_at,2,0.66914684
NIPA1,225752_at,2,0.3651849
NIP7,223397_s_at,2,0.48208392
NINJ2-AS1,228647_at,2,0.46312416
NIFK-AS1,235132_at,2,0.38408053
NKAIN2,1554601_at,2,0.11847589
NIT1,202891_at,2,0.46987352
NISCH,201591_s_at,2,0.67135245
NIPSNAP1,201709_s_at,2,0.53011286
NKX2-1,210673_x_at,2,0.18825567
NGDN,213794_s_at,2,0.6261548
NGB,236677_at,2,0.17369151
NIBAN2,233974_s_at,2,0.33214927
NIBAN1,217967_s_at,2,0.5511797
NHSL2,227618_at,2,0.23536587
NHS,242800_at,2,0.19100614
LOC101928535,1561443_at,2,0.12824965
LOC101928817,1556003_a_at,2,0.18956049
ZBTB18,212774_at,2,0.6539761
ZBTB17,203602_s_at,2,0.50439113
ZBTB14,209724_s_at,2,0.3897551
ZBTB11-AS1,232259_s_at,2,0.205882
ZBTB11,204847_at,2,0.6101809
ASCC3,212815_at,2,0.45966384
ASCC1,219336_s_at,2,0.45914966
ASB8,226861_at,2,0.49141553
NFKBIZ,223218_s_at,2,0.75167143
LOC101928682,1560241_at,2,0.1255429
LOC101928902,1569978_x_at,2,0.1309948
NFKBIA,201502_s_at,2,0.80186623
ASMT,206779_s_at,2,0.2035068
ASB14,1553453_at,2,0.23822792
ASAP3,222236_s_at,2,0.19727212
ASF1A,203427_at,2,0.4829997
ASCL2,229215_at,2,0.26144505
ZBP1,242020_s_at,2,0.29122636
ZBED6,243648_at,2,0.34667176
ZBED5,218263_s_at,2,0.6767293
ZBED4,204799_at,2,0.4517319
ZBTB4,225629_s_at,2,0.59177405
NGLY1,220742_s_at,2,0.70575947
NGEF,243556_at,2,0.12168476
NFAM1,243099_at,2,0.3853741
ASAH2B,229793_at,2,0.20361988
ARX,231020_at,2,0.19740766
ZBTB45,229862_x_at,2,0.4141301
ZC3H12C,231899_at,2,0.25466698
ZBTB33,226255_at,2,0.637829
ARV1,223223_at,2,0.4645606
ART4,207220_at,2,0.20689094
ASB3,224524_s_at,2,0.4953756
ASB2,227915_at,2,0.17446457
ZBTB3,1553858_at,2,0.3082729
ZBTB26,227162_at,2,0.45089796
ZBTB21,233952_s_at,2,0.5313863
ZBTB7C,217675_at,2,0.10800156
ZBTB7B,235145_at,2,0.34654647
NFS1,218455_at,2,0.42244682
NES,229346_at,2,0.18162468
NEPRO,225281_at,2,0.598312
NEMP1,212621_at,2,0.46159142
NEXN,1552309_a_at,2,0.3174537
LOC101929148,216664_at,2,0.06246422
LOC101929073,216499_at,2,0.30281243
NEUROD2,1552953_a_at,2,0.23095451
NEUROD1,1556057_s_at,2,0.1338812
ZC3H12B,229234_at,2,0.1880192
ZCCHC17,223107_s_at,2,0.50863945
ZC3HAV1L,228280_at,2,0.3882744
ARMH4,228740_at,2,0.13494131
NEURL1,204889_s_at,2,0.34188128
NFE2L3,204702_s_at,2,0.30837393
LOC101928896,1556272_a_at,2,0.18709944
LOC101929305,237203_at,2,0.17367864
ZCWPW2,243863_at,2,0.089516334
NELL1,1554394_at,2,0.12247454
NELFA,34225_at,2,0.5026575
NEK8,1557170_at,2,0.37290484
LOC101929774,1559284_at,2,0.12459857
NEK5,237168_at,2,0.18831648
NEK3,213116_at,2,0.40120777
NEK2,204641_at,2,0.39368698
ARSA,204443_at,2,0.350323
ARMC7,219096_at,2,0.3710937
ARMC10,223328_at,2,0.4575944
ARL6,235320_at,2,0.22072189
ARL5B,226345_at,2,0.617316
ARL4D,203586_s_at,2,0.3354832
NETO2,222774_s_at,2,0.31671718
NET1,201829_at,2,0.5302051
NEB,205054_at,2,0.2332319
NDUFV3,226616_s_at,2,0.5303464
NDUFV2-AS1,242676_at,2,0.360224
NEIL1,219396_s_at,2,0.39169008
NEFM,205113_at,2,0.09562324
NEFH,33767_at,2,0.16640395
ARMCX6,214749_s_at,2,0.70914245
ARMCX5,219335_at,2,0.4670998
ARMCX3,217858_s_at,2,0.58343565
ZC3H8,223506_at,2,0.44393098
ZC3H7A,218348_s_at,2,0.6083609
ZC3H6,227809_at,2,0.34295487
ZC3H4,213390_at,2,0.55404747
ZC3H3,213445_at,2,0.46043256
ZC3H18,226108_at,2,0.482231
ZDHHC1,228637_at,2,0.13581006
ARL6IP5,200761_s_at,2,0.7449368
ARL6IP4,218216_x_at,2,0.6599338
ARHGEF9,203263_s_at,2,0.3136063
LOC102725116,1568785_a_at,2,0.078645684
NDUFAF4,219006_at,2,0.5556846
NDUFV1,208714_at,2,0.6713875
NDUFS7,211752_s_at,2,0.5762772
NDUFS4,209303_at,2,0.64972013
LOC101930421,1559526_at,2,0.14194378
LOC102724593,244307_s_at,2,0.1812448
NDUFC2,218101_s_at,2,0.72876495
NDUFC1,203478_at,2,0.71708256
NDUFB7,202839_s_at,2,0.5381603
NDUFB6,203613_s_at,2,0.6368711
NECAP2,220731_s_at,2,0.5292142
NECAB3,223954_x_at,2,0.36410663
ZDHHC5,224858_at,2,0.5743377
ZDHHC4,220261_s_at,2,0.46406633
ZDHHC24,227549_x_at,2,0.35908675
ZDHHC22,229805_at,2,0.32172713
NDUFA7,202785_at,2,0.5691048
NDUFA6,202001_s_at,2,0.7133582
NDUFA5,201304_at,2,0.66005325
NDST4,1570222_at,2,0.112656415
NDUFB4,218226_s_at,2,0.776192
NDUFB10,223112_s_at,2,0.697788
NDUFB1,206790_s_at,2,0.7660745
ZCWPW1,220618_s_at,2,0.34634382
ZCRB1,225394_s_at,2,0.64205635
ARL11,1552691_at,2,0.34233958
ARMC1,222550_at,2,0.5653409
ARL8B,217852_s_at,2,0.68681896
ARHGEF37,241380_at,2,0.28340352
NCOA6,208979_at,2,0.5677645
NCOA5,225145_at,2,0.41559148
NDST2,203916_at,2,0.5347363
LOC105369974,1565741_at,2,0.14814149
NDEL1,208093_s_at,2,0.59958977
ZDHHC20,225365_at,2,0.71073693
ARID4A,205062_x_at,2,0.5159909
ARID3A,228008_at,2,0.44833192
ZDHHC19,1553952_at,2,0.27030203
ARHGEF5,228596_at,2,0.22685407
ARL3,202641_at,2,0.4920634
ARL2BP,202092_s_at,2,0.5351092
ARL15,228151_at,2,0.47089392
ZCCHC8,218478_s_at,2,0.6438801
ZCCHC24,212423_at,2,0.35229558
ND4,224372_at,2,0.9211214
NCSTN,208759_at,2,0.55203474
LOC105370792,1556839_s_at,2,0.3394043
LOC105370752,243741_at,2,0.16122667
ARHGAP27P1,228779_at,2,0.28619015
ARHGEF15,217348_x_at,2,0.32057154
ARHGEF10L,221656_s_at,2,0.35828036
ARHGEF1,203055_s_at,2,0.564407
ARHGDIG,206888_s_at,2,0.23329851
ZDHHC13,219296_at,2,0.4222847
ZFAND4,223624_at,2,0.2563823
ZFAND3,218020_s_at,2,0.5586666
ARHGAP8,37117_at,2,0.2547526
ARHGAP6,206167_s_at,2,0.19959079
ARHGAP45,212873_at,2,0.69150305
ARHGAP44,215232_at,2,0.3074716
NCF1,214084_x_at,2,0.63553506
NCBP2,201517_at,2,0.5895428
NCBP1,209520_s_at,2,0.38502514
LOC105371352,237015_at,2,0.0796897
NCAPG,218662_s_at,2,0.47013992
ZDHHC9,222451_s_at,2,0.35290527
ZDHHC8,225744_at,2,0.4671966
ZFHX4-AS1,1559966_a_at,2,0.1665411
ARHGAP31,226056_at,2,0.2866854
ARHGAP30,226219_at,2,0.676502
ARFGAP2,211975_at,2,0.569426
ARFGAP1,217888_s_at,2,0.44880354
NCL,200610_s_at,2,0.79511696
NCKAP5L,231865_at,2,0.34039915
NCKAP1,207738_s_at,2,0.20073068
NDC1,234672_s_at,2,0.5114861
NBDY,225029_at,2,0.6755396
NATD1,226657_at,2,0.45304248
NCAM2,205669_at,2,0.12420615
NBR2,1553992_s_at,2,0.37792313
NBPF3,223638_at,2,0.31482488
ARHGAP22-IT1,1556460_a_at,2,0.15610723
ARHGAP21,224764_at,2,0.5055776
ARHGAP20,1555020_a_at,2,0.1627994
ARHGAP19,212738_at,2,0.49560162
ZFHX2,207699_at,2,0.31915173
ZFAND6,221613_s_at,2,0.6728966
ZFPM1,242282_at,2,0.5042658
NBPF12,213612_x_at,2,0.7770105
NBL1,37005_at,2,0.37110692
NBEAP1,1560684_x_at,2,0.109956846
NCF4,207677_s_at,2,0.654923
NANOG,231079_at,2,0.19695304
NAT8L,228880_at,2,0.22800148
NAT8B,206964_at,2,0.14344153
NAT16,1564658_at,2,0.35193643
LOC105371622,1569307_s_at,2,0.10157445
NARF,219862_s_at,2,0.6369142
NAPSB,228055_at,2,0.4473296
ZFP91,224636_at,2,0.6543741
ZFP82,235176_at,2,0.368377
ARAF,201895_at,2,0.5440311
ARG2,203945_at,2,0.34259325
ARFRP1,203174_s_at,2,0.3985242
ARFIP1,218230_at,2,0.412864
NBEAL2,212443_at,2,0.49182746
NBEAL1,1554106_at,2,0.29280123
NBEA,221207_s_at,2,0.2526566
NALF1,214825_at,2,0.12626
NAIF1,227825_at,2,0.384725
LOC105374584,241851_x_at,2,0.36767858
NAGLU,204360_s_at,2,0.37747025
NAF1,244828_x_at,2,0.4794424
NAPG,225448_at,2,0.4604548
AQP1,209047_at,2,0.33266205
APTR,227431_at,2,0.38243476
APRT,213892_s_at,2,0.6491701
ARF4,201097_s_at,2,0.7204463
ARB2A,212936_at,2,0.43385616
ARAP3,218950_at,2,0.30413228
NAPB,225111_s_at,2,0.41902718
NAPA-AS1,235934_at,2,0.2405979
NAPA,206491_s_at,2,0.53187484
NAP1L5,228063_s_at,2,0.4650682
NAA40,222369_at,2,0.4797631
NAA38,224512_s_at,2,0.67718786
NACC2,212993_at,2,0.28783005
NACC1,227651_at,2,0.52081877
LOC105375026,234267_at,2,0.13349852
ZFYVE9,204893_s_at,2,0.28150705
ZFYVE26,213073_at,2,0.43047675
ZFYVE21,224445_s_at,2,0.4318047
ZFYVE1,223387_at,2,0.5151051
APOL2,221653_x_at,2,0.35368675
APOH,205216_s_at,2,0.19168292
AQP6,216219_at,2,0.22443043
AQP4-AS1,1560751_at,2,0.13917895
LOC105374928,1568749_at,2,0.113334686
NAB2,212803_at,2,0.31645072
NAALADL2,1557998_at,2,0.10173204
MYOM3,238124_at,2,0.2865665
N4BP2,228242_at,2,0.5729256
LOC105374809,1556172_at,2,0.2103437
MZT1,225578_at,2,0.5726509
MZB1,221286_s_at,2,0.54727286
NAALADL1,228424_at,2,0.40570828
ZFTA,218641_at,2,0.43524396
ZFR2,233064_at,2,0.123826705
ZIK1,235773_at,2,0.37330768
ZIC4,236711_at,2,0.20154677
ZHX3,217367_s_at,2,0.2787495
ZHX2,203556_at,2,0.5588673
APOBEC3F,214994_at,2,0.2831971
APPL1,218158_s_at,2,0.51804173
APOM,205682_x_at,2,0.39145014
NAA60,45526_g_at,2,0.63371277
APBA2,209870_s_at,2,0.3039976
APOB,205108_s_at,2,0.13957886
APOA5,224244_s_at,2,0.20277874
APOA2,219465_at,2,0.12113641
APOA1,204450_x_at,2,0.26393485
ZKSCAN7,206314_at,2,0.25535235
ZKSCAN5,203730_s_at,2,0.35822764
ZHX1,223213_s_at,2,0.5395114
ZGPAT,57539_at,2,0.48772871
ZMAT1,226344_at,2,0.46898142
APIP,218698_at,2,0.5190957
APH1B,226358_at,2,0.40292168
APOC3,231587_at,2,0.09223095
APOC1,213553_x_at,2,0.37795454
LOC105376166,1556468_at,2,0.23913577
MYORG,232244_at,2,0.21561795
APEH,201284_s_at,2,0.51329833
APCDD1,225016_at,2,0.22423176
APC2,205320_at,2,0.2582293
AP1M2,65517_at,2,0.17029592
LOC105376689,234693_at,2,0.1457779
MYL6,212082_s_at,2,0.840142
MYL5,205145_s_at,2,0.36214122
MYO1G,244654_at,2,0.58572483
MYO1D,212338_at,2,0.14370589
LOC105375839,1560638_a_at,2,0.17054626
MYO18B,1554579_a_at,2,0.2589368
MYO16,1557720_s_at,2,0.13025324
MYOCD,229339_at,2,0.14381826
MYRIP,242730_at,2,0.2391084
MYRF-AS1,1554880_at,2,0.21895096
APBA3,215148_s_at,2,0.5277961
MYCL,214058_at,2,0.2328628
MYCBPAP,223731_at,2,0.19686364
MYL10,221660_at,2,0.28687754
MYH8,206717_at,2,0.10847478
MYH7B,233949_s_at,2,0.1940687
MYH7,216265_x_at,2,0.123612806
MYL9,201058_s_at,2,0.19498974
AP1M1,223024_at,2,0.6016497
AP1G2-AS1,1557263_s_at,2,0.3983462
APBA1,206679_at,2,0.17277995
AP5Z1,209913_x_at,2,0.42344126
ZMYND10,205714_s_at,2,0.25791427
AP3M2,203410_at,2,0.4117676
AP3M1,222516_at,2,0.53085136
AP3B2,1570032_at,2,0.20191993
APEX2,204408_at,2,0.37789378
ANXA7,209860_s_at,2,0.7099032
ANXA6,200982_s_at,2,0.55147976
ANXA4,201302_at,2,0.5450655
AP3B1,203142_s_at,2,0.48337945
AP2B1,200612_s_at,2,0.54749566
MYBL1,213906_at,2,0.33730486
MYBBP1A,219098_at,2,0.44605312
MYB,204798_at,2,0.6667839
MYADM,225673_at,2,0.72595364
MYH10,212372_at,2,0.43525845
MYEOV,227342_s_at,2,0.27185425
MYDGF,221739_at,2,0.6004978
LOC105378948,234359_at,2,0.36091566
LOC105378589,1556400_at,2,0.117850706
MYCT1,231947_at,2,0.22010966
MYCNOS,216188_at,2,0.18466966
MUC3A,217117_x_at,2,0.32798728
MUC17,232407_at,2,0.24115342
MUC15,227241_at,2,0.044002846
LOC107984974,1560994_x_at,2,0.12583256
LOC105379807,237085_x_at,2,0.25133172
ANXA1,201012_at,2,0.7212105
AOX1,205083_at,2,0.2051286
ANXA9,210085_s_at,2,0.16250962
ZNF114,1552946_at,2,0.19413903
ZNF106,217781_s_at,2,0.5546214
ZNF17,1558183_at,2,0.2443833
ZNF135,1567410_at,2,0.21956111
ZNF134,206182_at,2,0.42608908
ZNF133-AS1,1561309_x_at,2,0.14275397
ZNF133,37254_at,2,0.35070014
ZNF124,206928_at,2,0.35706133
ANO6,224906_at,2,0.5319878
ANO2,220111_s_at,2,0.13367987
MTX3,226528_at,2,0.42486364
LOC105379426,1569607_s_at,2,0.36859345
LOC105379362,235696_at,2,0.27597323
LOC220077,216385_at,2,0.19601193
LOC151760,1564838_a_at,2,0.16646546
LOC149684,244231_at,2,0.2157491
MTURN,226018_at,2,0.42372844
MTRR,203200_s_at,2,0.57685393
MUCL3,241137_at,2,0.13412483
MUC8,216671_x_at,2,0.19048
MUC7,216359_at,2,0.110529736
MUC6,214133_at,2,0.21639647
MUC5B,213432_at,2,0.07226434
MUC3B,214676_x_at,2,0.21681492
MTR,203774_at,2,0.52441233
MTPN,224656_s_at,2,0.798765
MTOR,202288_at,2,0.36072218
LOC145845,233311_at,2,0.10647682
MTMR9LP,228593_at,2,0.25988635
MTMR6,214429_at,2,0.6019698
MUC13,218687_s_at,2,0.20617399
MUC12,231814_at,2,0.0830371
ZNF154,217242_at,2,0.20625341
ZNF146,200050_at,2,0.61553293
ZNF143,221873_at,2,0.44928148
ZNF142,204474_at,2,0.43268412
ZNF141,235580_at,2,0.36174864
ZNF138,244743_x_at,2,0.45062974
ZNF200,207338_s_at,2,0.4010822
ZNF197,205855_at,2,0.24958242
ANKRD65,1556182_x_at,2,0.23739512
ANKRD6,204671_s_at,2,0.31713727
ANP32B,201306_s_at,2,0.82983696
ANOS1,205206_at,2,0.20599143
ANO8,1563549_a_at,2,0.33975148
ANKRD42-DT,220572_at,2,0.27449325
MTMR12,225232_at,2,0.57306045
MTMR11,205076_s_at,2,0.25383952
MTMR10,225810_at,2,0.4932124
MTM1,36920_at,2,0.4214538
LOC283045,1563853_at,2,0.34295276
LOC254896,210483_at,2,0.2687622
LOC286359,1563607_x_at,2,0.23585819
LOC286059,234141_s_at,2,0.15860748
MTIF3,223356_s_at,2,0.55100036
MTHFS,203433_at,2,0.46733472
MTERF2,225346_at,2,0.36610985
MTMR4,212277_at,2,0.5370078
MTMR14,222143_s_at,2,0.6005234
ANKRD39,223532_at,2,0.3721002
ANKRD37,227337_at,2,0.3857851
ANO1,1555269_a_at,2,0.16430125
ANLN,222608_s_at,2,0.39098644
ZNF202,204327_s_at,2,0.40762466
ZNF235,220350_at,2,0.2068756
ZNF234,242953_at,2,0.26510364
ZNF233,232986_at,2,0.14993222
ZNF182,235810_at,2,0.42289853
ZNF180,219495_s_at,2,0.33050838
ZNF175,205497_at,2,0.2865485
ZNF22,218005_at,2,0.67703646
ZNF215,220214_at,2,0.10629451
ANKRD53,244453_at,2,0.30938208
ANKRD52,228257_at,2,0.3981267
ANKRD46,238807_at,2,0.47025406
ZNF225,235702_at,2,0.2980401
MTCP1,244790_at,2,0.26054117
MTCL3,1569146_s_at,2,0.096615225
MTCH2,217772_s_at,2,0.598172
LOC339260,1562754_at,2,0.17138597
LOC401312,1557605_a_at,2,0.2963399
LOC401261,1559964_at,2,0.3612837
LOC400940,1565684_at,2,0.18694472
LOC400627,1565905_at,2,0.15748355
MTA1,211783_s_at,2,0.6544784
MTHFD2,201761_at,2,0.6118142
MTHFD1,202309_at,2,0.5771653
LOC285097,1556474_a_at,2,0.30309087
MT1X,208581_x_at,2,0.6052846
MT1G,204745_x_at,2,0.4997071
MT1F,213629_x_at,2,0.50611156
MT1E,216336_x_at,2,0.5032933
LOC399900,1560058_at,2,0.29657346
LOC390705,237163_x_at,2,0.33552015
LOC554206,1554185_at,2,0.21919481
LOC441666,1562527_at,2,0.17202783
MSX1,205932_s_at,2,0.2188265
MST1L,213382_at,2,0.13292408
ZNF229,1562789_at,2,0.15895894
ZNF227,227689_at,2,0.3892875
ANKRD30BP2,1552895_a_at,2,0.18529697
ANKRD30B,1562294_x_at,2,0.095918186
ANKRD29,238332_at,2,0.13183936
ANKRD54,231847_at,2,0.40247154
ZNF276,213778_x_at,2,0.3651257
MSRA,219281_at,2,0.5903624
MSN,200600_at,2,0.7789755
MSMB,210297_s_at,2,0.11322046
LOC440895,229095_s_at,2,0.1478332
LOC728743,225907_at,2,0.2236173
LOC728485,242070_at,2,0.23344202
LOC646762,1568597_at,2,0.39367893
ZNF221,233848_x_at,2,0.09082284
ZNF260,1558700_s_at,2,0.3837963
ZNF26,219595_at,2,0.4326823
ZNF253,206900_x_at,2,0.36310646
ANKRD18A,1559406_at,2,0.1899656
ANKRD16,229058_at,2,0.38714397
ANKRD36,214723_x_at,2,0.5329728
MSH5,210410_s_at,2,0.4127371
ANAPC10,207845_s_at,2,0.49549207
MS4A2,207496_at,2,0.18271425
MRTO4,220688_s_at,2,0.4068793
MRRF,225126_at,2,0.3968694
MSANTD3,1552277_a_at,2,0.43101016
MSANTD2-AS1,1563776_at,2,0.14857642
LOC646214,236283_x_at,2,0.44551566
LOC90246,233830_at,2,0.18930452
LOC731157,233200_at,2,0.18126869
ANKRD26,205706_s_at,2,0.25340033
ANKRD23,230384_at,2,0.28579375
ANKRD22,239196_at,2,0.3739259
ZNF250,213858_at,2,0.2500378
ZNF25,228185_at,2,0.33267552
ZNF248,1569557_at,2,0.28430948
ZNF236,47571_at,2,0.40225115
ZNF263,203707_at,2,0.5154419
MRPS33,218654_s_at,2,0.5836629
MRPS27,212145_at,2,0.59752417
MRPS26,225196_s_at,2,0.5367446
LOC729732,1568780_at,2,0.4104608
LOC729683,236614_at,2,0.32792702
LOC729291,240518_at,2,0.19616553
LOXL4,227145_at,2,0.3099879
MRPS23,223156_at,2,0.5358444
MS4A3,210254_at,2,0.52297866
ZNF275,225383_at,2,0.47779462
ZNF274,204937_s_at,2,0.58371353
ANGPTL4,221009_s_at,2,0.21773274
ANKRD13A,224810_s_at,2,0.7260366
ANAPC13,209001_s_at,2,0.66303366
ANAPC11,226414_s_at,2,0.6846484
LOHAN2,1561303_at,2,0.16661803
LPIN2,202460_s_at,2,0.5141435
LPAR6,218589_at,2,0.5298614
MRPL9,209609_s_at,2,0.693879
MRPL55,225719_s_at,2,0.56326085
MRPL52,226241_s_at,2,0.581827
MRPL51,223086_x_at,2,0.665625
ZNF29P,1567856_x_at,2,0.10435015
ANAPC7,225554_s_at,2,0.525095
ANAPC4,226917_s_at,2,0.6021874
ZNF330,209814_at,2,0.5942695
ANKEF1,222951_s_at,2,0.19973236
ANKDD1A,229497_at,2,0.32517433
ANKAR,1552438_a_at,2,0.17343044
ANHX,1556959_at,2,0.3015292
ZNF273,215239_x_at,2,0.5050984
ZNF318,203521_s_at,2,0.41650072
ZNF317,225296_at,2,0.56511426
ZNF316,227170_at,2,0.4028843
ZNF311,236551_at,2,0.16997845
ZNF350,219266_at,2,0.40167016
MRPS16,218046_s_at,2,0.4550367
MRPS14,203800_s_at,2,0.5360476
MRPS11,211595_s_at,2,0.49436334
LPAR5,230252_at,2,0.2931153
LPAR3,220816_at,2,0.14606024
LPAR2,206723_s_at,2,0.5072162
LPAL2,207762_at,2,0.10296446
LRFN2,237872_at,2,0.073094524
LRBA,212692_s_at,2,0.5204053
LRATD2,225864_at,2,0.36986881
LONRF2,235977_at,2,0.19965912
LPL,203549_s_at,2,0.29376876
LRP11,225060_at,2,0.27249584
MRPL39,218558_s_at,2,0.51786095
MRPL38,225103_at,2,0.43608466
MRPS18B,217408_at,2,0.5818918
MRPS18A,218385_at,2,0.44455478
ZNF324B,222318_at,2,0.30223656
ZNF322,227980_at,2,0.38722277
ZNF321P,1558888_x_at,2,0.15198153
ZNF320,241704_x_at,2,0.5686526
ZNF32-AS3,1557881_at,2,0.122664765
AMDHD2,219082_at,2,0.25258896
AMD1,201197_at,2,0.71474123
AMBP,214425_at,2,0.16018082
AMZ1,1561179_s_at,2,0.32847658
AMPD3,207992_s_at,2,0.55145705
MRPL47,223480_s_at,2,0.68437636
MRPL44,222555_s_at,2,0.47579116
LRFN4,219491_at,2,0.36092082
LRRC14,32062_at,2,0.5155836
LRRC1,218816_at,2,0.21467917
LRR1,235113_at,2,0.48939562
ZNF347,238819_at,2,0.2440747
ZNF345,207236_at,2,0.27434975
ZNF343,227986_at,2,0.3156592
ALPL,215783_s_at,2,0.28118277
ALPK3,228342_s_at,2,0.10509357
ALPI,211618_s_at,2,0.11673236
ALPG,216377_x_at,2,0.29418564
ALOXE3,207708_at,2,0.23125418
AMFR,202203_s_at,2,0.51680225
LPXN,216250_s_at,2,0.5851437
LRP3,204381_at,2,0.32477126
LRP2BP,227311_at,2,0.106116
LRP2,205710_at,2,0.24115339
LRRC34,236918_s_at,2,0.33398762
LRRC3,232536_at,2,0.166908
LRRC23,206076_at,2,0.23955153
MRPL23,213897_s_at,2,0.61648023
ALKBH8,235610_at,2,0.28733745
ALYREF,226319_s_at,2,0.56892776
ALPP,211619_s_at,2,0.2502769
ZNF337,37860_at,2,0.5342658
ZNF334,238566_at,2,0.10351175
ZNF331,219228_at,2,0.5214696
ZNF385C,241383_at,2,0.20932819
MRPL20,220526_s_at,2,0.64538646
MRPL2,229884_s_at,2,0.45992514
ZNF366,236570_at,2,0.22616878
ZNF365,206448_at,2,0.17704837
ZNF358,219379_x_at,2,0.2970943
MRAS,225185_at,2,0.23512691
MROH2A,1556167_at,2,0.11880082
MRNIP-DT,1559535_s_at,2,0.21998803
MRM2,218356_at,2,0.531061
LRRC2,231781_s_at,2,0.1935371
LRRC17,205381_at,2,0.19243644
LRRC15,213909_at,2,0.20217761
LRRC40,218577_at,2,0.59062374
LRRC39,227532_at,2,0.23081696
MRI1,228077_at,2,0.6179805
MRPL12,203931_s_at,2,0.48789155
MROH8,236618_at,2,0.15051475
LRP5,209468_at,2,0.2604677
LRRC37A7P,1569760_at,2,0.18601358
LRRC37A5P,1569839_s_at,2,0.16745377
LRRC37A4P,220219_s_at,2,0.45814118
LRRC37A3,229962_at,2,0.37661853
LRRC37A2,224686_x_at,2,0.5258546
LRRC59,222231_s_at,2,0.659018
LRRC58,225479_at,2,0.5710126
LRRC57,229232_at,2,0.52577466
LRRC4C,232226_at,2,0.1855588
ZNF384,212369_at,2,0.50822407
ZNF382,1557260_a_at,2,0.19274934
ZNF37A,228711_at,2,0.45636266
ALG2,225621_at,2,0.52637315
ALG14,1553954_at,2,0.3614416
ALOX15B,206714_at,2,0.20355244
ALOX12-AS1,229833_at,2,0.343616
ALDH3B2,204942_s_at,2,0.16027837
ALKBH3-AS1,1557564_at,2,0.13386571
ALKBH1,205621_at,2,0.42868826
ALK,208212_s_at,2,0.18495557
ALG9,219374_s_at,2,0.4548168
MPV17L,1559167_x_at,2,0.41850707
LRRC46,230600_at,2,0.26202402
LRRC8A,224624_at,2,0.6225844
LRRC77P,1556920_s_at,2,0.1172725
LRRC75B,228064_at,2,0.3373522
MPPED2,215692_s_at,2,0.19813918
MPPED1,241398_at,2,0.18028137
MPP4,1555099_at,2,0.12790573
MPP2,213270_at,2,0.28321096
MREG,219648_at,2,0.373615
MRC2,37408_at,2,0.4328261
LRRN4,1553169_at,2,0.18684569
LRRN3,209841_s_at,2,0.2744775
LRRN1,226884_at,2,0.18185753
LRRK1,219441_s_at,2,0.35997638
LRRIQ3,235498_at,2,0.14982696
MPHOSPH6,203740_at,2,0.51401436
MPEG1,226818_at,2,0.5109402
MPDZ,205079_s_at,2,0.14142714
MPDU1,209208_at,2,0.42002958
MPC2,202427_s_at,2,0.7014201
ZNF354C,228208_x_at,2,0.30338818
ZNF416,223589_at,2,0.28076494
ZNF414,227071_at,2,0.27646518
ZNF410,209944_at,2,0.63864017
ALDH5A1,203608_at,2,0.51778364
ALDH4A1,211552_s_at,2,0.28027973
AKAP8,203848_at,2,0.5735424
MOSPD1,218853_s_at,2,0.46399447
LRRC8E,220174_at,2,0.16434205
LSM12,212532_s_at,2,0.60455984
LRTOMT,226717_at,2,0.25955552
MORN4,228354_at,2,0.2747516
MORN3,210679_x_at,2,0.5634654
MORF4L2-AS1,1559002_at,2,0.2677237
MPO,203949_at,2,0.612788
ALDH1A2,207016_s_at,2,0.11852453
ALDH18A1,222416_at,2,0.53821725
ALAS2,211560_s_at,2,0.42346546
ALG10,1552306_at,2,0.25259614
ALG1,223355_at,2,0.28176805
ZNF394,214714_at,2,0.6264104
MPI,202472_at,2,0.38270473
ZNF45,222028_at,2,0.44192073
LRTM1,221612_at,2,0.18172535
LRSAM1,227675_at,2,0.29805416
LSP1P5,228158_at,2,0.34046435
LSP1P4,239718_at,2,0.20631082
LSMEM1,239203_at,2,0.24312288
MOGAT2,207491_at,2,0.21818607
MPC1,218024_at,2,0.66096574
MOV10L1,239257_at,2,0.13521469
MOV10,223849_s_at,2,0.3699748
MOSPD2,64883_at,2,0.35375214
ZNF436,226113_at,2,0.33348238
ZNF430,206829_x_at,2,0.52063847
ZNF43,206695_x_at,2,0.491985
ALDH1L1,205208_at,2,0.3114276
ALDH1B1,209646_x_at,2,0.25160658
LTO1,228676_at,2,0.24051972
LTK,207106_s_at,2,0.3064053
LTBP2,204682_at,2,0.29433382
MOB3A,225530_at,2,0.64523137
MORF4L1,217982_s_at,2,0.8141822
AKAP6,205359_at,2,0.22826032
AKAP5,230846_at,2,0.16618139
ALAD,218487_at,2,0.540363
AKTIP,218373_at,2,0.37630078
AKT1S1,224982_at,2,0.3227895
AKR7A3,206469_x_at,2,0.35642487
AKR7A2,214259_s_at,2,0.5786992
ZNF426,233354_at,2,0.39991868
ZNF425,242684_at,2,0.13442034
ZNF420,242761_s_at,2,0.36197257
ZNF419,58367_s_at,2,0.44137007
MOCS2,218212_s_at,2,0.3254388
MOCOS,219959_at,2,0.21546708
MOB4,202919_at,2,0.61650014
MOB3C,227066_at,2,0.35565305
LTBP1,202729_s_at,2,0.35679436
LTB,207339_s_at,2,0.60904896
ZNF449,228968_at,2,0.28910065
ZNF446,1554160_a_at,2,0.31273478
ZNF445,233992_x_at,2,0.37051964
ZNF444,50376_at,2,0.4636408
AK8,1557666_s_at,2,0.33931738
AK5,222862_s_at,2,0.18861412
AK3,224655_at,2,0.7249995
AKNA,225701_at,2,0.6429553
AKIP1,242515_x_at,2,0.4577026
LSM3,202209_at,2,0.6954801
LY6K,223687_s_at,2,0.12932026
MMP19,204575_s_at,2,0.21060328
MMP15,203365_s_at,2,0.15501349
MNT,204206_at,2,0.58205634
ZNF438,229743_at,2,0.30847076
AHCYL2,212814_at,2,0.42157543
AK1,202587_s_at,2,0.49333143
AIPL1,219977_at,2,0.23998727
AIP,201782_s_at,2,0.58336747
AGR2,228969_at,2,0.17577247
AIFM2,228445_at,2,0.28041342
AIF1L,223075_s_at,2,0.27139527
AKAP11,203156_at,2,0.5531106
ZNF441,1553193_at,2,0.26368347
MMUT,202960_s_at,2,0.5107554
MMP8,231688_at,2,0.50032896
AHNAK2,212992_at,2,0.11804648
ZNF473,213124_at,2,0.28247076
ZNF467,214746_s_at,2,0.45837194
ZNF502,232247_at,2,0.25733063
MMD2,230826_at,2,0.30712762
MMD,203414_at,2,0.58358246
LY6G6D,207457_s_at,2,0.22620411
LYPLAL1,226851_at,2,0.49335527
LYPLA1,212449_s_at,2,0.7072353
LYPD8,1568933_at,2,0.10084882
LYPD4,231266_at,2,0.17926499
MLYCD,218869_at,2,0.308132
MMP25,207890_s_at,2,0.39572176
LUM,229554_at,2,0.1581022
LTV1,225748_at,2,0.565286
LYAR,223413_s_at,2,0.4883253
LYVE1,219059_s_at,2,0.16981286
MLLT1,224993_at,2,0.5782397
MME,203435_s_at,2,0.32408822
ZNF527,244861_at,2,0.177089
ZNF521,226676_at,2,0.21314776
AFTPH,217939_s_at,2,0.6596471
AGPAT2,32837_at,2,0.47965562
AGPAT1,32836_at,2,0.5106598
AGER,210081_at,2,0.3213744
AGBL4,1553412_at,2,0.16428721
AGTR1,205357_s_at,2,0.22752135
AGPAT5,218096_at,2,0.60601085
AGPAT4,228667_at,2,0.30590698
AIDA,226801_s_at,2,0.6848806
AICDA,219841_at,2,0.1394255
AHSG,210929_s_at,2,0.17753224
LYRM4-AS1,1556555_at,2,0.2739045
LYRM4,218561_s_at,2,0.5720613
MAB21L2,210302_s_at,2,0.121408455
M6PR,200901_s_at,2,0.5727586
MKRN1,201285_at,2,0.6812746
MKNK2,218205_s_at,2,0.80330634
AFAP1L1,1555542_at,2,0.22434233
AFAP1-AS1,223779_at,2,0.22356969
AGAP11,1557380_at,2,0.091165975
ZNF514,235729_at,2,0.34522057
ZNF512,225050_at,2,0.56093746
ZNF510,206053_at,2,0.34800437
ZNF550,228099_at,2,0.4474834
MKKS,222530_s_at,2,0.49314216
LYZL1,230514_s_at,2,0.16623612
LYZ,213975_s_at,2,0.8074535
MAFK,226206_at,2,0.6000971
MISFA,231404_at,2,0.12622666
LZIC,226087_at,2,0.47872427
MADD,210252_s_at,2,0.5021122
MIR9-3HG,235936_at,2,0.16186121
MIR9-2HG,238850_at,2,0.11309006
MLEC,200616_s_at,2,0.56709397
MLANA,206426_at,2,0.13227336
ZNF547,1558995_at,2,0.18716593
ZNF544,218735_s_at,2,0.4640561
ZNF542P,239250_at,2,0.3319626
ADRA1D,210961_s_at,2,0.13162217
AFG1L,1552490_at,2,0.19537781
ZNF540,242697_at,2,0.19115824
MKS1,1555820_a_at,2,0.31887877
LYRM9,213195_at,2,0.37712663
ADNP,201773_at,2,0.6236047
AEBP2,225889_at,2,0.584819
ADTRP,229070_at,2,0.31933975
ADSS2,221761_at,2,0.5581974
ADSS1,238259_at,2,0.294134
ADSL,202144_s_at,2,0.66945326
ADRB3,206812_at,2,0.10104408
ADH6,214261_s_at,2,0.115183845
MIR3667HG,1570065_at,2,0.26681864
MIR7-3HG,223913_s_at,2,0.108965725
MIR600HG,223522_at,2,0.4339496
MIR570HG,1557293_at,2,0.39585045
MACROD1,219188_s_at,2,0.3476916
MACO1,241364_at,2,0.491017
MAGEA2,214603_at,2,0.13904805
MAG,216617_s_at,2,0.1387682
MIR4458HG,229347_at,2,0.17790858
MIR4435-2HG,232918_at,2,0.19742146
MIR3945HG,1559777_at,2,0.24752942
MAFG,204970_s_at,2,0.54389703
MAFF,36711_at,2,0.6150028
MAFB,222670_s_at,2,0.50354886
MAGED4B,221261_x_at,2,0.2507585
MAGED2,213627_at,2,0.5090523
MAGEC2,215932_at,2,0.11831069
MAGEB4,207581_s_at,2,0.094649434
ZNF532,220617_s_at,2,0.2233827
ZNF562,219163_at,2,0.48386598
ZNF561,235200_at,2,0.39844906
ADORA1,216220_s_at,2,0.24955337
ADO,212502_at,2,0.5255268
ADNP2,203322_at,2,0.602711
ZNF554,242864_at,2,0.27284753
ZNF552,219741_x_at,2,0.39918053
ZNF579,229140_at,2,0.35290384
ZNF578,1562244_at,2,0.19748074
MIR124-1HG,214839_at,2,0.16091885
MIPEPP3,243760_at,2,0.3696902
MIPEP,204305_at,2,0.30440485
MIR30DHG,229455_at,2,0.23191299
MIR23AHG,1555847_a_at,2,0.60746765
MIR210HG,236480_at,2,0.20236771
MAGEA5P,1553585_a_at,2,0.16594978
MAGOHB,218894_s_at,2,0.33431473
MAGOH2P,217693_x_at,2,0.35166943
MAGOH,210092_at,2,0.6221252
MIR205HG,226755_at,2,0.13153441
MIR194-2HG,1556717_at,2,0.20433378
MINDY3,218297_at,2,0.44377258
MINDY1,226062_x_at,2,0.5513309
MAGEE1,1556047_s_at,2,0.28857824
MAMDC2-AS1,1559656_a_at,2,0.16297646
MIIP,48659_at,2,0.58506364
MIGA1,235125_x_at,2,0.42146248
MIF4GD,223411_at,2,0.6234199
MIR137HG,1559504_at,2,0.06762934
MIR133A1HG,1558645_at,2,0.13623683
ADH5,208847_s_at,2,0.66744703
ADPRM,223401_at,2,0.553292
ADPRHL1,1553163_at,2,0.21058598
ADPGK,220980_s_at,2,0.6686826
ADORA3,206171_at,2,0.19524387
ADORA2A-AS1,237447_at,2,0.12808777
ZNF557,239259_at,2,0.21731694
ADGRG1,212070_at,2,0.48483795
ADGRF5,212950_at,2,0.15347213
ADK,204119_s_at,2,0.5496628
ADISSP,218081_at,2,0.49458528
ADIG,1554128_at,2,0.13941874
ZNF570,231215_at,2,0.36111432
ZNF569,1553696_s_at,2,0.31899655
ZNF595,227952_at,2,0.2837819
MAK,220302_at,2,0.1309092
MAN2A2,202032_s_at,2,0.59924704
MAN1C1,214180_at,2,0.294897
MAN1B1,65884_at,2,0.44300357
MIDEAS,225980_at,2,0.5293484
MID2,209733_at,2,0.27028584
MID1,203637_s_at,2,0.2268867
MINDY4,235559_at,2,0.28851253
MAP2,210015_s_at,2,0.17833024
MAP1LC3B,208786_s_at,2,0.7349324
MICA,205904_at,2,0.4249107
MIATNB,232340_at,2,0.35213494
ZNF594,235690_at,2,0.24431339
ZNF586,219711_at,2,0.54848546
ADGRB3-DT,1558795_at,2,0.12456747
ADGRB3,205638_at,2,0.12673374
ADGRA2,221814_at,2,0.2456948
ADGRL2,206953_s_at,2,0.1235649
ZNF585B,1557302_at,2,0.36446077
ZNF577,1556905_at,2,0.28588313
ZNF576,219089_s_at,2,0.33939043
ZNF572,1553229_at,2,0.15783893
ADGRG5,1555447_at,2,0.29312658
ADGRG3,220404_at,2,0.4347207
ADCY7,203741_s_at,2,0.5404742
ADCY5,228182_at,2,0.13988885
ADGRF4,1553031_at,2,0.1299449
ADGRF3,1553016_at,2,0.19687967
ADGRE2,207610_s_at,2,0.42252678
ADAT2,227213_at,2,0.40633467
MGP,202291_s_at,2,0.11493991
MGLL,225102_at,2,0.48191345
MGC32805,1554781_at,2,0.117970884
MICOS10,224867_at,2,0.6705178
MICALL1,55081_at,2,0.49441633
MAP3K19,221180_at,2,0.13706902
MAP3K11,203652_at,2,0.5621446
MAP3K1,225927_at,2,0.6484763
MAN1A1,221760_at,2,0.590571
MAML2,235457_at,2,0.41535547
MAP3K5,203837_at,2,0.54241824
MGAT4C,240649_at,2,0.12430731
MGAT4B,224598_at,2,0.62266254
ADARB2,220648_at,2,0.16992737
ADAP2,219358_s_at,2,0.38443398
ADCYAP1R1,226690_at,2,0.20034334
ADCYAP1,206281_at,2,0.09323806
ZNF606,229707_at,2,0.37516084
ZNF605,227822_at,2,0.36970267
ZNF598,225104_at,2,0.5138779
ZNF597,230542_at,2,0.25438246
ZNF583,1553221_at,2,0.28616408
ZNF582-DT,231260_at,2,0.21473138
ZNF611,208137_x_at,2,0.6064331
ZNF608,229817_at,2,0.34369406
ZNF606-AS1,1556725_a_at,2,0.26284575
ADAM8,205180_s_at,2,0.5188264
ADAP1,90265_at,2,0.5032638
ADAMTSL4,226071_at,2,0.30226055
ADAMTSL3,213974_at,2,0.17255305
MAP3K4,216199_s_at,2,0.5476443
MAP2K6,205698_s_at,2,0.43149602
MAP2K4,203266_s_at,2,0.4106381
ZNF627,224492_s_at,2,0.5010363
ZNF625,244406_at,2,0.29260534
ADCY3,209321_s_at,2,0.41766295
ADCY10P1,236832_at,2,0.36118603
ADCY10,217305_s_at,2,0.17765194
ADAT3,1553968_a_at,2,0.41697967
MAP3K9-DT,1565836_at,2,0.14726138
MAP3K9,213927_at,2,0.25984758
MAP3K8,205027_s_at,2,0.5011547
ZNF653,228864_at,2,0.25376302
ZNF644,222580_at,2,0.5901381
MFSD14B,223073_at,2,0.52102035
MGC16275,1558167_a_at,2,0.25541762
MGAT5B,238445_x_at,2,0.1680214
MGAT5,212098_at,2,0.6039771
MAP4K3-DT,242835_s_at,2,0.24052916
MAPK8IP1,213013_at,2,0.17316155
MAPK7,35617_at,2,0.38418728
MAPK6,207121_s_at,2,0.63689953
ZNF616,239007_at,2,0.22127043
ZNF667,236635_at,2,0.29840642
ADAMTS13,223844_at,2,0.22668761
ADAMTS12,221421_s_at,2,0.2306202
ADAMTS10,230341_x_at,2,0.38228527
ADAMTS1,222162_s_at,2,0.119530655
ADAM33,233868_x_at,2,0.4283458
ADAM30,221446_at,2,0.14656413
ACTR8,222707_s_at,2,0.41313592
ACTR6,218395_at,2,0.54015553
MAPK15,241357_at,2,0.2266683
MAPK13,210058_at,2,0.34471136
MARCHF10,237724_at,2,0.092922986
MAPRE1,200713_s_at,2,0.74657744
MFSD3,227296_at,2,0.23163262
MFSD2A,225316_at,2,0.26573718
ADAM21,207665_at,2,0.17163076
ADAM20,207422_at,2,0.16047539
ADAMTS20,220717_at,2,0.18514387
ADAMTS19,1553180_at,2,0.09262192
ADAMTS18,1553234_at,2,0.24292395
ADAMTS15,229004_at,2,0.17703402
ZNF70,243816_at,2,0.33445865
MFSD6,225325_at,2,0.50480485
MAPKBP1,213394_at,2,0.40229
MAPKAPK3,202788_at,2,0.62090045
MARK2,203942_s_at,2,0.37486526
MARF1,202386_s_at,2,0.6143155
MARCHF9,226454_at,2,0.4504083
ZNF684,232563_at,2,0.25519866
ZNF682,242915_at,2,0.322823
ZNF681,238962_at,2,0.27201632
ADAD1,231448_at,2,0.30428427
ADA,204639_at,2,0.6231424
ACY3,230481_at,2,0.28998277
ACY1,202740_at,2,0.4433806
ADAM5,216998_s_at,2,0.15631361
ADAM3A,217090_at,2,0.16155262
ACVRL1,210838_s_at,2,0.22201201
ACVR2A,205327_s_at,2,0.30334026
ACVR1C,1563182_at,2,0.18126906
MATN1-AS1,1557558_s_at,2,0.3670926
MARCHF5,218582_at,2,0.5377328
MARCHF3,213256_at,2,0.38531816
MFHAS1,225478_at,2,0.5503775
MFGE8,210605_s_at,2,0.22726446
ACTR5,219623_at,2,0.4635642
ACTR3C,223874_at,2,0.23943043
ADAM19,209765_at,2,0.4297682
ADAM18,207597_at,2,0.17641713
ADAM15,1555896_a_at,2,0.3830668
ADAM11,239837_at,2,0.2439587
ZNF668,219047_s_at,2,0.30568278
ZNF701,220242_x_at,2,0.3588152
MARVELD2,235141_at,2,0.2453657
MARVELD1,223095_at,2,0.41182333
MARK4,55065_at,2,0.53537977
MATN2,202350_s_at,2,0.20257206
ACSS3,219616_at,2,0.19656797
ACTR3B,218868_at,2,0.3125614
ACTR1A,200720_s_at,2,0.50854695
ZNF706,218059_at,2,0.7372403
ZNF764,57516_at,2,0.42382413
ZNF763,1558755_x_at,2,0.25033584
ZNF697,227080_at,2,0.2537007
ZNF696,220967_s_at,2,0.1933164
ZNF689,227294_at,2,0.46303126
ZNF732,1559274_at,2,0.07347426
ZNF721,215978_x_at,2,0.6450604
ZNF711,228988_at,2,0.40060258
ZNF781,1552785_at,2,0.24126609
MATN1,206904_at,2,0.20850755
MAT2B,217993_s_at,2,0.7018092
MAT2A,200768_s_at,2,0.7052469
MBLAC2,230298_at,2,0.3808066
METTL5,221570_s_at,2,0.6642072
METTL4,219698_s_at,2,0.40966293
MFSD12,220178_at,2,0.45547614
ACSBG1,206466_at,2,0.1738974
ACTL6B,206013_s_at,2,0.10368428
ACTG2,202274_at,2,0.20377515
ACTG1P17,1569368_at,2,0.26590246
ACOT8,204212_at,2,0.43824446
ACOT7,208002_s_at,2,0.47563446
ACSM3,210377_at,2,0.32465467
MFSD11,223242_s_at,2,0.4671179
MBD3L1,1552458_at,2,0.1928482
MBTPS1,201620_at,2,0.5497662
ZNF780A,238907_at,2,0.16316804
ACKR3,212977_at,2,0.30260393
ACKR1,208335_s_at,2,0.19497304
ACP6,218795_at,2,0.42930293
ACOXL,240189_at,2,0.17515092
ACOX3,204241_at,2,0.30471036
ACSM1,234197_at,2,0.1186185
ACSL5,218322_s_at,2,0.4732853
ACSL1,201963_at,2,0.615724
ZNF746,225848_at,2,0.50933754
ZNF74,205881_at,2,0.2525359
ZNF738,229700_at,2,0.52481836
ZNF787,213402_at,2,0.40819404
ZNF783,221876_at,2,0.38623542
ABTB3,228570_at,2,0.37896135
ABTB2,213497_at,2,0.2753048
ACE2,219962_at,2,0.13619964
ACE,227463_at,2,0.15288743
ACBD6,225317_at,2,0.54874396
ACBD5,225663_at,2,0.5973428
ACBD3,202324_s_at,2,0.58594674
ZNF790-AS1,235779_at,2,0.291125
ZNF836,1569077_x_at,2,0.38622838
ZNF831,1558827_a_at,2,0.2777569
ZNF77,229000_at,2,0.31709933
ZNF80,1556467_at,2,0.21998692
ACAP3,225529_at,2,0.46826193
ACO2,200793_s_at,2,0.57809746
ACO1,207071_s_at,2,0.36802936
ACACA,212186_at,2,0.37079114
MCC,206132_at,2,0.21388465
MCOLN2,230110_at,2,0.33900845
MCMDC2,1569677_a_at,2,0.09586967
MCM7,208795_s_at,2,0.66015613
MEOX2,206201_s_at,2,0.058364596
METTL22,218945_at,2,0.46699327
ZNF830,226315_at,2,0.5290784
ZNF829,238952_x_at,2,0.32609496
ZNF826P,1560853_x_at,2,0.19650006
ACADSB,226030_at,2,0.39225587
ACADL,206068_s_at,2,0.11078624
ZNF818P,238148_s_at,2,0.2724774
MBOAT2,226726_at,2,0.41200742
MBNL1-AS1,235173_at,2,0.37583038
MCHR2-AS1,231129_at,2,0.24045661
ACAA1,214274_s_at,2,0.6293773
MDC1,203062_s_at,2,0.5304562
MCUR1,220094_s_at,2,0.5818446
MEGF9,212830_at,2,0.541219
MEGF8,227327_at,2,0.3902808
ZNF865,238665_at,2,0.2945648
ZNF862,226808_at,2,0.45312157
ZNF853,232884_s_at,2,0.24946475
ZNF85,206572_x_at,2,0.53101563
ABHD16A,224756_s_at,2,0.54777616
ABHD13,234993_at,2,0.49399614
ABRAXAS2,212837_at,2,0.507573
ABRAXAS1,226521_s_at,2,0.44875973
ABRA,1552732_at,2,0.10478987
ABLIM1,200965_s_at,2,0.49920446
ABCF2-H2BK1,207622_s_at,2,0.34883183
MESP2,1556015_a_at,2,0.29534334
MCRIP2,1553715_s_at,2,0.48896387
MCPH1-DT,1556301_at,2,0.26070362
MCPH1-AS1,230562_at,2,0.24355134
ME3,204663_at,2,0.40853187
MDS2,1562731_s_at,2,0.31543976
MDP1,228763_at,2,0.4549656
MCM6,201930_at,2,0.6557669
MCM5,216237_s_at,2,0.70736754
ABCE1,201873_s_at,2,0.5686744
ABCD4,203981_s_at,2,0.50399494
ABHD4,218581_at,2,0.47889584
ZNF844,228346_at,2,0.41888958
ZNF843,1564362_x_at,2,0.33844402
ZNF84,204453_at,2,0.48040214
ZNF839,221709_s_at,2,0.39117628
ZNHIT6,218932_at,2,0.5182655
MEMO1,219065_s_at,2,0.6726467
MEIS3,228327_x_at,2,0.17508832
MEIS1,204069_at,2,0.29179794
MDM1,213761_at,2,0.51777726
MDH2,209036_s_at,2,0.7409787
MDH1B,1558077_s_at,2,0.1423449
MDGA2,1570114_at,2,0.080662176
ZNG1A,226193_x_at,2,0.68017197
ZNF99,1553885_x_at,2,0.10040479
ABCC12,1552590_a_at,2,0.08374987
ABCC11,1554911_at,2,0.13756275
ABCC10,213485_s_at,2,0.43625745
ABCC1,202804_at,2,0.6051904
ABHD12B,237974_at,2,0.13085946
ABHD10,218633_x_at,2,0.49501574
ABHD1,1560117_at,2,0.21574217
ZZZ3,212893_at,2,0.49846807
A1CF,220951_s_at,2,0.2187569
A2M,1558450_at,2,0.24953231
A2ML1,1564307_a_at,2,0.1419496
ZSWIM1,223607_x_at,2,0.34537274
ZSCAN9,239406_at,2,0.36213252
ZSCAN5A,219904_at,2,0.3001746
ZSCAN4,1552852_a_at,2,0.11770566
ZWILCH,222606_at,2,0.5474086
ZSWIM8,212359_s_at,2,0.5570852
ZSWIM7,229119_s_at,2,0.49699232
ZXDB,228005_at,2,0.477117
MED4,217843_s_at,2,0.6074786
MED24,213043_s_at,2,0.5135865
MEDAG,1565765_x_at,2,0.35083833
ZSCAN2,231188_at,2,0.3517584
FLOT2,201350_at,2,0.5988814
FMR1,215245_x_at,2,0.57866335
FMO3,206496_at,2,0.119680345
SLC1A3,202800_at,2,0.2530351
SLC1A1,213664_at,2,0.13399474
SLC19A3,239345_at,2,0.1400603
AAGAB,202852_s_at,2,0.47218445
MED21,209362_at,2,0.47831273
MED20,212872_s_at,2,0.41970465
MED19,226293_at,2,0.48253915
MED18,221650_s_at,2,0.21636213
MEGF6,226869_at,2,0.45788497
MECR,242837_at,2,0.54277706
ZSCAN23,1564039_at,2,0.117095076
ZSCAN10,1553875_s_at,2,0.21653162
ZRSR2,213876_x_at,2,0.5053549
A4GALT,219488_at,1,0.19621438
A1BG,229819_at,1,0.41817346
A1BG-AS1,232462_s_at,1,0.12707669
A2M-AS1,1564139_at,1,0.2724889
ZSWIM6,226208_at,1,0.5360359
ZSWIM5,232336_at,1,0.2045103
ZSWIM4,231915_at,1,0.0431098
ZSWIM3,228223_at,1,0.19049601
ZSWIM2,1554932_at,1,0.05068198
ABCA17P,231164_at,1,0.18914224
ZSCAN26,213218_at,1,0.3241293
ZSCAN29,226562_at,1,0.451424
ZSCAN31,222016_s_at,1,0.27097028
ABCB10,223320_s_at,1,0.5964912
ABCB7,209620_s_at,1,0.5264197
AARS1,201000_at,1,0.5382753
AARSD1,222064_s_at,1,0.41845462
AATBC,1563088_a_at,1,0.28817108
ZSCAN12P1,239157_at,1,0.12494166
ZSCAN16,219676_at,1,0.40345266
ZSCAN21,223424_s_at,1,0.3636354
ZSCAN22,228769_at,1,0.3252358
ZNRD2,203114_at,1,0.483254
ZNRD2-DT,1557131_at,1,0.10789507
ZNRF2P1,1556404_a_at,1,0.14107348
MCM2,202107_s_at,1,0.62303734
MCM3,201555_at,1,0.5310001
MEA1,218061_at,1,0.64318454
MCRIP1,225329_at,1,0.4965379
MCRS1,202556_s_at,1,0.45498466
MED14OS,231226_at,1,0.21276708
MED15,222175_s_at,1,0.55420595
MED15P9,1561433_at,1,0.23655663
MDH1,200978_at,1,0.71599466
MDK,209035_at,1,0.34662363
MEIS2,207480_s_at,1,0.2160588
MEIS3P1,214077_x_at,1,0.2573555
MELK,204825_at,1,0.42849663
MEN1,202645_s_at,1,0.5328566
MED9,218372_at,1,0.35616744
MED29,225708_at,1,0.49184406
MEPCE,219798_s_at,1,0.5549193
MEPE,221150_at,1,0.1013306
MCM8-AS1,1557334_a_at,1,0.073856786
MCOLN1,219952_s_at,1,0.37386096
MCAT,213132_s_at,1,0.39638886
MCCC1,218440_at,1,0.5590997
MCEE,226238_at,1,0.41387048
MCEMP1,235568_at,1,0.5233369
MEST,202016_at,1,0.51803464
METAP1,212673_at,1,0.55940324
MEIG1,238158_at,1,0.20093648
MEIKIN,223918_at,1,0.11503841
MEIOB,237265_at,1,0.14802572
MCU,225320_at,1,0.46169895
MCUB,218802_at,1,0.59379566
MDFI,205375_at,1,0.27672544
METRNL,225955_at,1,0.49020076
METTL1,204027_s_at,1,0.3677932
METTL14-DT,1560495_at,1,0.183297
MCF2L-AS1,220354_at,1,0.16283761
MCF2L2,215112_x_at,1,0.0902181
MCHR2,224408_at,1,0.1861511
MBOAT1,227379_at,1,0.44115433
METTL18,213528_at,1,0.42280385
METTL21C,230331_at,1,0.15385175
METTL21EP,1560646_at,1,0.16253935
METTL23,225808_at,1,0.65743035
METTL25,229018_at,1,0.43428484
METTL25B,218914_at,1,0.37789574
MEOX1,205619_s_at,1,0.09363769
MEP1A,206000_at,1,0.05128122
MEP1B,207251_at,1,0.11811673
MBL2,207256_at,1,0.080483906
MBLAC1,1554170_a_at,1,0.2995188
MAT1A,205813_s_at,1,0.12238449
MATCAP1,1558041_a_at,1,0.3244215
MATCAP2,213424_at,1,0.14817168
MATK,206267_s_at,1,0.38178605
MC1R,205458_at,1,0.29313374
MC3R,221442_at,1,0.15890011
MC4R,221467_at,1,0.19075117
MC5R,208565_at,1,0.13251033
MB,204179_at,1,0.22486687
MB21D2,227599_at,1,0.24285232
MBD3L2,1552456_a_at,1,0.045550525
MEX3B,223627_at,1,0.20994635
MFAP1,203406_at,1,0.53503835
MFAP2,203417_at,1,0.26572397
MAST3,213045_at,1,0.47219124
MASTL,228468_at,1,0.46155632
MARCHF11-DT,1562645_at,1,0.06624622
MARCHF2,210075_at,1,0.45871523
MARCHF4,230112_at,1,0.07941856
MARCHF6-DT,229446_at,1,0.16522679
MATN3,206091_at,1,0.08434352
MATN4,207123_s_at,1,0.25479436
MARS2,243529_at,1,0.29519388
MFRP,224286_at,1,0.3472908
MFSD1,218109_s_at,1,0.67931694
MFSD10,209215_at,1,0.5487796
MFSD13A,219745_at,1,0.25887936
METTL27,1553778_at,1,0.16970466
MBIP,218411_s_at,1,0.48852
MBL1P,215110_at,1,0.07669957
MFSD14CP,224078_at,1,0.41587973
MFSD4A-AS1,1557474_at,1,0.11363656
MARCHF10-DT,1561436_at,1,0.16686986
MARCHF11,239359_at,1,0.14354914
MAPK10-AS1,1559344_at,1,0.18123992
MARCKSL1,200644_at,1,0.65319556
MARCO,205819_at,1,0.13824283
MFSD5,212861_at,1,0.46931696
MFSD6L,1552432_at,1,0.032243352
MGAM,206522_at,1,0.34702313
MGAM2,216666_at,1,0.18563718
MFAP4,212713_at,1,0.10017547
MFF-DT,1557862_at,1,0.10655451
MAS1,208210_at,1,0.1282355
MAS1L,234820_at,1,0.10002899
MAST1,217231_s_at,1,0.079507716
MAP2K1,202670_at,1,0.63073
MAP7D1,217943_s_at,1,0.5565753
MAP7D2,228262_at,1,0.14387187
MAP3K2-DT,239302_s_at,1,0.370233
MAP3K20-AS1,1558653_at,1,0.078097984
MAP3K21,228565_at,1,0.25994968
MAPK3,212046_x_at,1,0.50205004
MAPK8IP3-AS1,231334_at,1,0.23742321
MAP4K2,204936_at,1,0.38006568
MAP4K3,218311_at,1,0.42247513
MGAT4D,1569995_at,1,0.11182807
MGAT4EP,1570023_at,1,0.07479652
MGC15885,1569393_at,1,0.19572166
MGC16025,1553747_at,1,0.1139867
MGC27382,1570235_at,1,0.10417828
MFSD14A,225222_at,1,0.67390853
MICOS13,225823_at,1,0.5806753
MICU1,216903_s_at,1,0.485821
MGC2889,211718_at,1,0.108547054
MGC34796,240692_at,1,0.22225884
MGC4859,207775_at,1,0.09928794
MGC70870,242136_x_at,1,0.3953477
MGME1,225890_at,1,0.57076025
MGMT,204880_at,1,0.4773039
MGRN1,212576_at,1,0.56595033
MGST2,204168_at,1,0.5139828
MIA,206560_s_at,1,0.20875819
MGARP,223734_at,1,0.09472727
MGAT1,201126_s_at,1,0.53141344
MAP3K5-AS1,236785_at,1,0.037432484
MAP3K5-AS2,242714_at,1,0.3780691
MAP3K7CL,221211_s_at,1,0.32205883
MAP1LC3B2,234238_at,1,0.07310946
MAP1LC3C,221697_at,1,0.07308676
MAP1S,218522_s_at,1,0.4638177
MAML1,202360_at,1,0.5814481
MAMLD1,205088_at,1,0.20774311
MAMSTR,1557091_at,1,0.25236413
MAP3K10,206362_x_at,1,0.062735036
MAP3K14,205192_at,1,0.42104292
MAP3K14-AS1,1557783_at,1,0.11570341
MAP3K15,242581_at,1,0.17199501
MANBAL,224689_at,1,0.38622716
MANEAL,226132_s_at,1,0.27343595
MANF,202655_at,1,0.609822
MANSC1,220945_x_at,1,0.3455509
MICB,206247_at,1,0.5927337
MICOS10P1,215318_at,1,0.25851583
MAN1B1-DT,232420_x_at,1,0.5140883
MAN2B1,209166_s_at,1,0.6502796
MAN2B2,214703_s_at,1,0.49144402
MANBA,203778_at,1,0.494489
MAILR,230939_at,1,0.26766205
MAIP1,219176_at,1,0.5750073
MAJIN,231210_at,1,0.20353985
MAK16,211686_s_at,1,0.5264493
MAL,204777_s_at,1,0.41710132
MIEF2,235896_s_at,1,0.26669157
MIEN1,224447_s_at,1,0.6405768
MIF,217871_s_at,1,0.7766847
MIF-AS1,1556316_s_at,1,0.23414461
MICA-AS1,230937_at,1,0.4166471
MICAL1,218376_s_at,1,0.6624553
MAP10,232039_at,1,0.13734119
MAL2,224650_at,1,0.08863999
MALL,209373_at,1,0.15476978
MALRD1,242660_at,1,0.09856256
MAMDC2,228885_at,1,0.17600349
MAMDC4,229473_at,1,0.22110973
MAGEE2,1553254_at,1,0.15739274
MAGEF1,218176_at,1,0.473252
MAGEH1,218573_at,1,0.41558674
MAGEL2,219894_at,1,0.061620764
MAGI1-IT1,1561301_at,1,0.1490775
MINDY2-DT,1560827_at,1,0.25430816
MINPP1,209585_s_at,1,0.44333676
MICU2,212410_at,1,0.6625034
MICU3,238458_at,1,0.15540443
MID1IP1,218251_at,1,0.6476097
MIDEAS-AS1,243680_at,1,0.24188083
MIR3147HG,233511_at,1,0.31425607
MIR3150BHG,1556755_s_at,1,0.22940789
MIR31HG,1554097_a_at,1,0.20161754
MIOS-DT,244116_at,1,0.15606764
MIOX,224179_s_at,1,0.18172085
MIP,220863_at,1,0.1726295
MIR1-1HG,232892_at,1,0.17444427
MIR100HG,225381_at,1,0.065518685
MIR101-1,239130_at,1,0.35657075
MIR1244-1,216515_x_at,1,0.8245814
MIR155HG,229437_at,1,0.5136229
MIR17HG,233636_at,1,0.10806817
MIGA2,226356_at,1,0.47357497
MILIP,1559352_a_at,1,0.08752072
MILR1,217513_at,1,0.33223152
MINAR1,215081_at,1,0.12754144
MIR4453HG,231954_at,1,0.34728578
MIR181A2HG,232478_at,1,0.15525489
MIR18A,232291_at,1,0.34082723
MIR200CHG,240284_x_at,1,0.22925875
MIR2052HG,1561371_at,1,0.20737442
MAGI2-AS2,241146_at,1,0.08675523
MAGOH-DT,1556048_at,1,0.19804946
MAGEA6,214612_x_at,1,0.07828828
MAGEA8,210274_at,1,0.10906844
MAGEA9,210437_at,1,0.15708803
MAGEB1,207534_at,1,0.100850165
MAGEB18,1552913_at,1,0.068229325
MAGEB2,206218_at,1,0.17446971
MIR22HG,214696_at,1,0.5725425
MIR29B2CHG,228528_at,1,0.4886112
MIR3142HG,232504_at,1,0.24330245
MIR34BHG,1568906_at,1,0.068475164
MIR3663HG,1561328_at,1,0.108907856
MIR3682,229926_at,1,0.3690852
MIR3936HG,241899_at,1,0.25694948
MAGEB3,207579_at,1,0.10357297
MAGEB6,1552858_at,1,0.07146514
MAGEC1,206609_at,1,0.1513962
MAGEC3,216592_at,1,0.094922155
MAGED1,209014_at,1,0.6247908
MAEL,229475_at,1,0.13460205
MAF1,222998_at,1,0.60248643
MIR3976HG,233610_at,1,0.0935371
MIR4290HG,1561289_at,1,0.12105729
MIR4296,1561963_at,1,0.092531115
MIR4300HG,1557022_at,1,0.16923027
MIR4307HG,244608_at,1,0.102345176
MIR497HG,230353_at,1,0.28129908
MIR5188,238213_at,1,0.14258082
MIR548XHG,1561609_at,1,0.18473442
MAGEA1,207325_x_at,1,0.12441338
MAGEA10,210295_at,1,0.028345305
MAGEA11,210503_at,1,0.080126576
MAGEA12,210467_x_at,1,0.11546344
MAGEA3,209942_x_at,1,0.09994312
MAGEA4,214254_at,1,0.075947665
MACIR,221823_at,1,0.40793863
MACROD2-AS1,1562943_at,1,0.13736752
MIR622,216808_at,1,0.07873429
MIR663AHG,237670_at,1,0.050563373
MIR670HG,244136_at,1,0.15647496
MIR7515HG,231444_at,1,0.10971223
MIR34AHG,235571_at,1,0.2125475
MAD2L2,223234_at,1,0.5540244
MADCAM1,208037_s_at,1,0.28475678
MADD-AS1,240986_at,1,0.12171848
MAEA,207922_s_at,1,0.6291467
LYZL4,231306_at,1,0.27076504
LYZL6,207343_at,1,0.23290168
LZTR1,203412_at,1,0.4626284
LZTS1-AS1,1559880_at,1,0.11337945
MISP,212925_at,1,0.24023533
MISP3,1558412_at,1,0.24918656
MITD1,226329_s_at,1,0.5379084
MIX23,235244_at,1,0.43901584
MIXL1,231746_at,1,0.16922645
MIR4500HG,232848_at,1,0.075929545
MIR4527HG,1563178_at,1,0.08574391
MIR4755,224096_at,1,0.23496562
MKNK1-AS1,240810_at,1,0.17057624
LZTS3,204447_at,1,0.26083225
MAB21L1,206163_at,1,0.110070944
MAB21L3,1553333_at,1,0.076819144
MAB21L4,220149_at,1,0.19885017
LYPLAL1-AS1,239360_at,1,0.21898772
LYRM1,203897_at,1,0.6113816
MKRN3,206585_at,1,0.15501499
MKRN7P,217115_at,1,0.13881917
MLC1,213395_at,1,0.4011218
MIR924HG,240365_at,1,0.22575118
MIRLET7D,227793_at,1,0.40384388
MIS12,221559_s_at,1,0.5454541
MACROH2A2,218445_at,1,0.24665555
MAD1L1,204857_at,1,0.44724655
MAD2L1BP,203094_at,1,0.49735737
LYSET,213246_at,1,0.4594217
LYSMD1,232283_at,1,0.17178772
LYSMD2,226748_at,1,0.65422887
LYSMD3,226321_at,1,0.48400137
LYSMD4,228954_at,1,0.34986752
LYG1,236706_at,1,0.2812296
LYG2,1554398_at,1,0.12338609
LYL1,210044_s_at,1,0.63391864
LYNX1-SLURP2,1554179_s_at,1,0.2404181
LYPD1,212909_at,1,0.056177646
MLLT10P1,216828_at,1,0.15916274
MLLT11,211071_s_at,1,0.5331448
MLN,207473_at,1,0.2096865
MLNR,221365_at,1,0.10186453
MLPH,218211_s_at,1,0.31068295
MLST8,220587_s_at,1,0.4415073
LYPD6B,228360_at,1,0.105654545
LY6E,202145_at,1,0.48778886
LY6E-DT,1561850_at,1,0.21892819
LY6G5B,231777_at,1,0.34712803
LY6G5C,219860_at,1,0.32427186
LY6G6C,207114_at,1,0.29264042
LY6G6E,221338_at,1,0.18224275
MMEL1,1552930_at,1,0.35320678
MMEL1-AS1,1565729_at,1,0.17937738
MMGT1,225125_at,1,0.63558936
MMP1,204475_at,1,0.113653176
MMP10,205680_at,1,0.13150488
MLF2,200948_at,1,0.61777914
MLH1,202520_s_at,1,0.61568326
MLIP,235377_at,1,0.12783909
MLKL,238025_at,1,0.5175693
LY6H,206773_at,1,0.21808337
LY6S-AS1,1552793_at,1,0.12156152
LY75,205668_at,1,0.55507636
LY86,205859_at,1,0.573652
LY96,206584_at,1,0.47634095
LUARIS,1569659_at,1,0.18732445
LUNAR1,215679_at,1,0.23757173
MMP20,207599_at,1,0.068377286
MMP21,1552592_at,1,0.08684543
MMP23B,207118_s_at,1,0.07012951
MMP26,220541_at,1,0.17687531
MLXIPL,221163_s_at,1,0.20630027
MMACHC,211774_s_at,1,0.2539325
MMADHC,217883_at,1,0.76739836
LYPD3,204952_at,1,0.14818986
LYPD5,236039_at,1,0.16522522
MOCS2-DT,236076_at,1,0.12565054
MOCS3,206141_at,1,0.24920532
MMP27,220783_at,1,0.18880807
MMP3,205828_at,1,0.13675447
MMP7,204259_at,1,0.14568782
MMP9,203936_s_at,1,0.55915254
MMRN1,205612_at,1,0.20275532
MMS19,202167_s_at,1,0.53129506
MN1,205330_at,1,0.29369318
MNAT1,203565_s_at,1,0.3389234
MND1,223700_at,1,0.38344106
MNDA,204959_at,1,0.6038632
MNS1,219703_at,1,0.32196888
MMP12,204580_at,1,0.13882846
MMP13,205959_at,1,0.070198216
MMP17,206234_s_at,1,0.24393746
MOB2,223353_at,1,0.44584718
LTC4S,206480_at,1,0.28743094
LTF,202018_s_at,1,0.5606873
LSM2,209449_at,1,0.5348292
LSM6,205036_at,1,0.5867221
LURAP1,235214_at,1,0.24459836
LURAP1L,227443_at,1,0.15833041
LURAP1L-AS1,242893_at,1,0.10270333
LUZP2,215323_at,1,0.09595553
LUZP4,220665_at,1,0.17473222
LVRN,235382_at,1,0.10719816
LXN,218729_at,1,0.47990865
LY6D,206276_at,1,0.092423275
LTA,206975_at,1,0.18209618
LTA4H,208771_s_at,1,0.7632172
LTB4R2,220130_x_at,1,0.10114948
LSP1,203523_at,1,0.58239245
LSR,208190_s_at,1,0.32099953
LRRTM1,238815_at,1,0.15562092
LRRTM2,206408_at,1,0.22354214
LRRTM4,220345_at,1,0.10323446
LRRTM4-AS1,1570273_at,1,0.086964376
LRTM2,1558530_at,1,0.18891653
MORC1,220850_at,1,0.080714904
MORC2-AS1,230566_at,1,0.36304045
MORC3,213000_at,1,0.6228642
MORC4,219038_at,1,0.23273653
MORF4,221381_s_at,1,0.70078987
MNX1,214614_at,1,0.26183173
MNX1-AS1,236967_at,1,0.01656596
MOAP1,212508_at,1,0.69038326
MOB1B,225997_at,1,0.5752407
LSAMP-AS1,237027_at,1,0.15378699
LSM1,203534_at,1,0.6381895
LSM10,225593_at,1,0.5412738
LRRC8C-DT,231313_at,1,0.22450855
LRRC8D,218684_at,1,0.5590225
LRRCC1,231872_at,1,0.33812982
LRRD1,1569783_at,1,0.08909416
MOS,221367_at,1,0.20390025
MOSPD3,219070_s_at,1,0.41869235
MOGAT1,1553062_at,1,0.14367285
MOGAT3,234850_at,1,0.163644
MOGS,210627_s_at,1,0.39201304
MOK,205130_at,1,0.24396825
MON1A,224500_s_at,1,0.36490187
LSM7,204559_s_at,1,0.7411991
LSMEM2,237024_at,1,0.10111563
LRRIQ1,223817_at,1,0.12745608
LRRK2,229584_at,1,0.33760387
LRRN4CL,1556427_s_at,1,0.1748968
LRRC63,1569124_at,1,0.11773581
LRRC66,1568634_a_at,1,0.20184337
LRRC69,238214_at,1,0.19842637
LRRC70,238488_at,1,0.4763951
LRRC71,237251_at,1,0.17061806
LRRC72,244079_at,1,0.1573091
MPIG6B,221342_at,1,0.16637772
MPLKIP,225419_at,1,0.5966653
MPND,233651_s_at,1,0.44843614
MPP1,202974_at,1,0.6191558
MORN2,226790_at,1,0.32371116
MORN5,229976_at,1,0.24612316
LRWD1,225680_at,1,0.46293056
MPP3,206186_at,1,0.20724085
LRRC73,235935_at,1,0.14338566
LRRC74B,1569213_at,1,0.0704012
LRRC75A,229889_at,1,0.13401105
LRRC42,215084_s_at,1,0.3884178
LRRC45,226253_at,1,0.25402546
LRRC47,212904_at,1,0.6433733
LRRC49,219338_s_at,1,0.22825705
LRRC4B,239320_at,1,0.051790528
MPRIP-AS1,1570588_at,1,0.2465488
MPST,203524_s_at,1,0.5348131
MPV17,203466_at,1,0.47768307
MPV17L2,223473_at,1,0.35669354
MPZ,210280_at,1,0.26903093
MPG,203686_at,1,0.54239106
MPHOSPH10,212885_at,1,0.55121106
MRNIP,220341_s_at,1,0.36514616
MROCKI,1557359_at,1,0.22882318
MRAP-AS1,1560617_at,1,0.1398633
MRAP2,227226_at,1,0.13398838
MRC1,204438_at,1,0.303407
LRRC52,1556484_at,1,0.22310302
LRRC55,232856_at,1,0.052979697
LRRC56,232554_at,1,0.28691387
LRRC61,218907_s_at,1,0.26167053
LRRC37A8P,1563750_at,1,0.14905211
MRFAP1,226091_s_at,1,0.8054675
MRFAP1L1,212199_at,1,0.54204816
MRFAP1L2,225391_at,1,0.5022557
MRGBP,218586_at,1,0.4735099
MRGPRF,227727_at,1,0.15345293
MRGPRF-AS1,1560496_at,1,0.17677528
MRGPRX2,1553889_at,1,0.08280293
MRGPRX3,1553293_at,1,0.094435595
MRGPRX4,1553504_at,1,0.23213878
MRLN,231051_at,1,0.17921042
LRRC37B,229231_at,1,0.53750944
LRRC37BP1,216149_at,1,0.11349303
LRRC38,1558375_at,1,0.15210313
LRRC3B,229085_at,1,0.166401
LRRC3C,1557301_a_at,1,0.10704138
LRRC4,223552_at,1,0.16994166
LRRC18,1554331_a_at,1,0.19083796
LRRC19,220376_at,1,0.088454455
LRRC2-AS1,236731_at,1,0.075607605
LRRC20,218550_s_at,1,0.25339323
MRM1,219967_at,1,0.30296496
MRM3,218993_at,1,0.51398695
MRPL34,221692_s_at,1,0.5615225
MRPL36,224331_s_at,1,0.6393351
MROH6,227672_at,1,0.41426337
MROH7,214147_at,1,0.13040192
MROH9,221182_at,1,0.07779255
MRPL1,223154_at,1,0.56909716
MRPL10,224671_at,1,0.564527
MRPL11,219162_s_at,1,0.5381512
MRPL13,218049_s_at,1,0.54061234
MRPL14,225201_s_at,1,0.53714335
MRPL15,218027_at,1,0.59836835
MRPL16,217980_s_at,1,0.62938064
MRPL17,222216_s_at,1,0.4598305
MRPL18,217907_at,1,0.6106064
MRGPRG-AS1,1564439_a_at,1,0.27637443
MRGPRX1,1553401_at,1,0.15134907
MRPL49,201717_at,1,0.6198736
MRPL21,225315_at,1,0.57051545
MRPL22,218339_at,1,0.5638985
MRPL24,218270_at,1,0.495312
LRRC25,1559502_s_at,1,0.31525356
LRRC31,220622_at,1,0.07814954
LRRC32,203835_at,1,0.2397247
LRRC36,220003_at,1,0.16203818
LRP1B,219643_at,1,0.06750969
LRP4,212850_s_at,1,0.117453165
LRP5L,214873_at,1,0.41087958
MRPL27,224330_s_at,1,0.5193181
MRPL28,204599_s_at,1,0.47965997
MRPL3,208787_at,1,0.67210686
MRPL32,225260_s_at,1,0.6398777
MRPL33,203781_at,1,0.6883488
LRIT1,211353_at,1,0.061435327
LRMDA,223703_at,1,0.39187416
LPO,210682_at,1,0.18188176
LPP-AS2,1556827_at,1,0.14558616
LRAT,220317_at,1,0.11126622
LRP8-DT,1556261_a_at,1,0.103295825
LRRC10B,236666_s_at,1,0.15982349
LRFN5,230644_at,1,0.12302512
LRFN5-DT,240368_at,1,0.16100536
LRG1,228648_at,1,0.35167092
LRGUK,244710_at,1,0.18991394
LRIF1,220235_s_at,1,0.38618943
MRPL45,224479_s_at,1,0.5182232
MRPL45P2,237182_at,1,0.1163444
MRPL46,219244_s_at,1,0.46042466
MRPL48,218281_at,1,0.5217141
LPCAT1,201818_at,1,0.53853023
LPCAT3,202793_at,1,0.26598376
LPIN3,232966_at,1,0.14569926
LOH12CR2,236311_at,1,0.179092
LONP1,209017_s_at,1,0.5551242
LONRF3,220009_at,1,0.30280495
LRCH2,227688_at,1,0.06938615
LRFN1,232486_at,1,0.3051634
LRFN3,219346_at,1,0.16956384
LPA,207584_at,1,0.146781
LPAR4,206960_at,1,0.25341344
MRPS17,218982_s_at,1,0.508736
MRPL37,222993_at,1,0.56954694
MRPL40,203152_at,1,0.5691549
LRIG2-DT,1568892_at,1,0.23472613
LRIG3,226908_at,1,0.12093288
LORICRIN,207720_at,1,0.1571269
LOXHD1,241117_at,1,0.07355624
LOXL1,203570_at,1,0.2053897
LOXL1-AS1,232752_at,1,0.19956324
LOXL2-AS1,1562263_at,1,0.2468873
LOXL3,228253_at,1,0.37919384
LOC729218,231821_x_at,1,0.42561996
LOC729296,237805_at,1,0.081819445
LOC729815,217453_at,1,0.22872181
LOC729870,1560068_a_at,1,0.22024144
MRPS28,219819_s_at,1,0.47826108
MRPS34,218112_at,1,0.47130787
MRPS35,217942_at,1,0.59214306
MRPS36,224302_s_at,1,0.61224127
MRPL54,225797_at,1,0.6323331
MRPL58,204868_at,1,0.45828184
LOC645485,1560251_at,1,0.0900383
MSANTD2,221208_s_at,1,0.35818925
MSC,209928_s_at,1,0.20946145
MSC-AS1,228438_at,1,0.082700096
MSH2,209421_at,1,0.43096122
MSH4,210533_at,1,0.14924908
MRPS6,224919_at,1,0.598137
MRPS7,217932_at,1,0.52315056
MRPS9,226749_at,1,0.48552513
MRTFA-AS1,1564338_at,1,0.17187536
MS4A12,220834_at,1,0.06819554
MS4A14,229510_at,1,0.28341892
MS4A15,1564194_a_at,1,0.16341305
MRPS2,218001_at,1,0.48676088
MRPS21,222997_s_at,1,0.6983718
MRPS24,224948_at,1,0.73744965
MS4A5,220790_s_at,1,0.17712098
MS4A6E,231335_at,1,0.16334847
MS4A8,224355_s_at,1,0.06371189
MSANTD1,237434_x_at,1,0.22291881
LOC730098,230327_at,1,0.26222208
LOC730101,213248_at,1,0.20733465
LOC780529,231354_at,1,0.16533418
LOC84214,224123_at,1,0.21894
LOC91450,233418_at,1,0.17976527
LOC93429,232832_at,1,0.05609174
LOC93463,234861_at,1,0.08633413
LOC642361,228839_s_at,1,0.5574383
LOC642696,1564327_at,1,0.104960926
LOC644656,229870_at,1,0.36024773
LOC645188,1560895_at,1,0.080032445
LOC645261,1555400_at,1,0.16838776
MSL2,218733_at,1,0.6256769
LOC646736,1570289_at,1,0.14000942
LOC646903,237116_at,1,0.11808525
LOC652276,1553130_at,1,0.28883868
LOC654780,1562428_at,1,0.235479
LOC728024,239444_at,1,0.19760905
LOC728392,218380_at,1,0.5423002
LOC401442,1568827_at,1,0.19691059
LOC403312,1555002_at,1,0.08389216
LOC414300,1563221_at,1,0.08370947
LOC439933,1552987_a_at,1,0.121991865
LOC440570,242884_at,1,0.070750386
LOC441052,232443_at,1,0.122381106
MSLN,204885_s_at,1,0.16784449
MSMO1,209146_at,1,0.4866197
MSRB1,217977_at,1,0.54174834
MST1R,205455_at,1,0.22556221
MSTN,207145_at,1,0.07493588
LOC441081,1558011_at,1,0.3014365
LOC441179,239665_at,1,0.14268829
LOC442028,1561197_at,1,0.094254866
LOC497256,1560380_at,1,0.036439195
LOC550113,1556992_at,1,0.1251715
LOC574538,1562251_a_at,1,0.093684435
LOC613266,1559459_at,1,0.16245608
LOC389199,1554809_at,1,0.41956186
LOC389765,230815_at,1,0.3802108
MT1H,206461_x_at,1,0.5539072
MT1HL1,211456_x_at,1,0.57554424
MT1M,217546_at,1,0.08227257
MT2A,212185_x_at,1,0.69989645
MSI1,206333_at,1,0.07506553
MTA2,203444_s_at,1,0.27832028
MTARC1,218865_at,1,0.2820248
LOC400499,244889_at,1,0.23967941
LOC400541,1562568_at,1,0.088640355
LOC400622,1556435_at,1,0.1877994
LOC400748,1564401_at,1,0.107148215
LOC401324,1563586_at,1,0.06465356
LOC338694,1563042_at,1,0.15735567
LOC338963,1563878_a_at,1,0.22793242
LOC339166,1560455_at,1,0.12889643
LOC339298,1561277_at,1,0.16238096
LOC339352,1569835_at,1,0.06500239
LOC339539,1562496_at,1,0.15069316
MTCH1,221619_s_at,1,0.78938895
MTCL1,213358_at,1,0.33646822
MSS51,241793_at,1,0.28431523
LOC339975,1561323_at,1,0.07518493
LOC340090,1562492_at,1,0.058430422
LOC340184,1563589_at,1,0.12540516
LOC349160,233934_at,1,0.1648277
LOC375196,1556244_s_at,1,0.17142892
LOC284912,224117_at,1,0.182198
LOC284933,240754_at,1,0.10510175
LOC284950,1563680_at,1,0.061131753
LOC285191,1562632_at,1,0.21763803
LOC285422,1563685_at,1,0.050388925
LOC285638,1563489_at,1,0.25431755
MTFP1,223172_s_at,1,0.44942793
MTFR1L,224280_s_at,1,0.42991138
MTG1,212767_at,1,0.42098352
MT3,205970_at,1,0.2327521
MT4,217395_at,1,0.13975868
LOC285889,1562424_at,1,0.09276569
LOC286083,1561257_at,1,0.0658575
LOC286177,1562365_at,1,0.11414574
LOC286297,1556704_s_at,1,0.16278587
LOC286437,239762_at,1,0.3286867
LOC221946,1569739_at,1,0.13920939
LOC283038,1557591_at,1,0.05548878
LOC283194,1563867_at,1,0.21603994
LOC283387,1561233_at,1,0.19652225
LOC283683,217520_x_at,1,0.37935382
MTERF1,204871_at,1,0.34179965
MTERF3,219363_s_at,1,0.5246903
MTFMT,235689_at,1,0.36928394
LOC339593,1564049_at,1,0.09604244
LOC339666,1562841_at,1,0.17421827
LOC339685,1562264_at,1,0.08214889
LOC284379,1569006_at,1,0.114796706
LOC284412,230552_at,1,0.2487136
LOC284600,1559083_x_at,1,0.24174541
LOC284788,1557483_at,1,0.103259794
LOC284798,1561978_at,1,0.054871477
LOC284898,1562030_at,1,0.15361635
LOC112268140,1561113_at,1,0.17722173
LOC112268198,1560163_at,1,0.09751812
LOC114224,223797_at,1,0.43604916
LOC145474,230505_at,1,0.308401
LOC147004,1564203_at,1,0.24469168
LOC148696,232430_at,1,0.16768049
MTRES1,223576_at,1,0.384726
MTIF2,203095_at,1,0.5609524
MTLN,228614_at,1,0.4559078
LOC285819,1562388_at,1,0.14838344
LOC158434,1563827_at,1,0.16919172
LOC162137,1553914_at,1,0.18294345
LOC105379385,243248_at,1,0.08811716
LOC105379448,239025_at,1,0.18341823
LOC105379477,1560463_at,1,0.15942924
LOC105379524,1556195_a_at,1,0.2724571
LOC105379627,241449_at,1,0.10416351
MTUS2-AS1,1555188_at,1,0.2500703
MTX1,210386_s_at,1,0.6115654
MTX2,203517_at,1,0.45221636
MUC12-AS1,238180_at,1,0.20377873
MTMR8,220537_at,1,0.14552324
MTNR1A,221369_at,1,0.15659149
MTNR1B,208516_at,1,0.062077362
LOC283731,1560723_at,1,0.14209078
LOC284240,233474_at,1,0.10099225
LOC105378515,244337_at,1,0.036797952
LOC105378577,1556486_at,1,0.21932967
MVD,203027_s_at,1,0.17510681
MVP,202180_s_at,1,0.54372126
MX1,202086_at,1,0.5429809
MX2,204994_at,1,0.51535344
MXD3,221250_s_at,1,0.45591402
MXI1,202364_at,1,0.6749207
MUC16,220196_at,1,0.04027334
MUC19,1553436_at,1,0.19716494
MUC2,204673_at,1,0.19092648
MUCL1,1553602_at,1,0.19414754
MTTP,205675_at,1,0.08420583
LOC153910,1561085_at,1,0.30926722
LOC154761,227868_at,1,0.30230805
LOC157273,1563610_at,1,0.12988305
MUS81,218463_s_at,1,0.5064249
MUSTN1,226856_at,1,0.37424552
MUTYH,207727_s_at,1,0.53317803
MVB12A,227864_s_at,1,0.44748718
LOC107984035,224519_at,1,0.30642426
LOC107984399,1564229_at,1,0.21739845
LOC107984678,1562942_at,1,0.162013
LOC107984784,1562501_at,1,0.052632
LOC107985946,1562741_at,1,0.21317421
LOC107986876,1554194_at,1,0.117754295
LOC112268068,1569953_at,1,0.1857719
LOC105378146,244120_at,1,0.13121259
LOC105378231,1568932_at,1,0.1235276
LOC105378311,1561340_at,1,0.1410264
LOC105378367,233336_at,1,0.15360841
LOC105378419,1561557_at,1,0.14783143
LOC105377776,234424_at,1,0.13827996
LOC105377782,1556842_at,1,0.13492285
MYF5,207424_at,1,0.11348424
MYF6,206372_at,1,0.20026611
MYG1,218220_at,1,0.5006094
MYH1,205951_at,1,0.14159425
MXRA5,209596_at,1,0.17513497
MXRA8,213422_s_at,1,0.29799905
MYADML2,242378_at,1,0.1663812
MYBL2,201710_at,1,0.45618275
MYBPC1,214087_s_at,1,0.12852642
MYBPC2,206394_at,1,0.20456597
MYBPC3,208040_s_at,1,0.23696737
MYBPH,206304_at,1,0.10584294
MYC,202431_s_at,1,0.6450328
MUL1,218246_at,1,0.4111975
MYL1,209888_s_at,1,0.08470473
MYL11,205163_at,1,0.3019542
MYCNUT,244438_at,1,0.18279475
MYD88,209124_at,1,0.7055465
LOC105378604,240045_at,1,0.07593484
LOC105378635,241204_at,1,0.04678368
LOC105378726,1566902_at,1,0.17624237
LOC105378789,240802_at,1,0.076748125
LOC105378997,1560898_at,1,0.15362608
LOC105379173,229026_at,1,0.54305947
LOC105379178,1556161_a_at,1,0.062344316
LOC105377458,1557762_at,1,0.08538205
LOC105377468,1562269_at,1,0.083489224
LOC105377485,234124_at,1,0.1516425
LOC105377663,236928_at,1,0.16279897
LOC105377730,243604_at,1,0.3408091
LOC105376489,243223_at,1,0.13336897
LOC105376717,242681_at,1,0.2512196
LOC105376805,229874_x_at,1,0.64002454
LOC105376975,238201_at,1,0.19966063
MYL7,219942_at,1,0.051381502
MYLK-AS1,230460_at,1,0.2621161
MYLK2,231792_at,1,0.17820796
MYMX,222278_at,1,0.12305778
MYH13,208208_at,1,0.18193658
MYH15,215331_at,1,0.20954889
MYH16,1564072_at,1,0.15260737
MYH2,204631_at,1,0.1494526
MYH3,205940_at,1,0.17637034
MYH4,208148_at,1,0.08962896
MYH6,214468_at,1,0.14463519
MYH9,211926_s_at,1,0.6817312
MYO1F,213733_at,1,0.6565037
MYO1H,1553452_at,1,0.14565146
MYL12B,221474_at,1,0.7997055
MYL2,209742_s_at,1,0.07336262
MYL3,205589_at,1,0.13149
MYL6B,204173_at,1,0.5685522
LOC105377844,239985_at,1,0.08464331
LOC105377924,231677_at,1,0.14862677
LOC105377938,1561488_at,1,0.2612595
LOC105377993,237924_at,1,0.11290372
LOC105378011,1562398_at,1,0.1944459
LOC105378044,242914_at,1,0.16765615
LOC105378052,1560844_at,1,0.08486072
LOC105378067,243572_at,1,0.082201384
LOC105378130,1562945_at,1,0.124061875
LOC105376387,234247_at,1,0.18922955
LOC105377134,242766_at,1,0.20948279
LOC105377143,241101_at,1,0.1023501
LOC105377223,1566854_at,1,0.14179386
LOC105377276,1558871_at,1,0.23518339
LOC105377320,239167_at,1,0.3217387
LOC105377323,237682_at,1,0.06027597
LOC105377399,1569508_at,1,0.10218484
LOC105377436,238184_at,1,0.106634274
LOC105375785,239276_at,1,0.11101626
LOC105375875,1559804_at,1,0.18511984
LOC105376023,237604_at,1,0.18216774
LOC105376031,236443_at,1,0.13614118
LOC105376037,1560424_at,1,0.08053034
LOC105376081,1561368_at,1,0.11977836
MYO1A,211916_s_at,1,0.23673637
MYO1E,203072_at,1,0.23891596
LOC105375206,237812_at,1,0.053676527
LOC105375218,237201_at,1,0.2735427
LOC105375253,1560523_at,1,0.055558722
LOC105375282,243235_at,1,0.04365956
LOC105375483,1561448_at,1,0.15680023
MYPN,235367_at,1,0.11216725
MYPOP,227937_at,1,0.39856902
MYRFL,1556267_at,1,0.11273442
MYO5C,218966_at,1,0.4456335
MYOC,210155_at,1,0.2592106
MYOCD-AS1,1561554_at,1,0.08908436
MYOD1,206657_s_at,1,0.07531586
MYOG,207282_s_at,1,0.10867013
MYO15A,220288_at,1,0.25983062
MYO18A,202039_at,1,0.60892725
LOC105377085,240691_at,1,0.12106048
N4BP3,214775_at,1,0.24825558
MYOM1,205610_at,1,0.27615795
MYOM2,205826_at,1,0.2742167
MYOSLID-AS1,1563044_at,1,0.12090749
MYOT,219728_at,1,0.109029375
MYOZ1,219509_at,1,0.17855336
LOC105376100,1561078_at,1,0.117176
LOC105376139,239399_at,1,0.18231449
LOC105376196,215876_at,1,0.124439545
LOC105376204,220533_at,1,0.2172032
LOC105376236,240755_at,1,0.14162059
LOC105376292,1569765_at,1,0.22728215
LOC105376301,239873_at,1,0.18188582
LOC105376360,1560185_at,1,0.060046677
LOC105375116,241476_at,1,0.12588342
LOC105375172,1569344_a_at,1,0.13446699
LOC105375547,237597_at,1,0.1599649
LOC105375571,244036_at,1,0.16645038
LOC105375582,215914_at,1,0.14425191
LOC105375602,244309_at,1,0.13468859
LOC105375707,244283_x_at,1,0.09779386
LOC105375769,243340_at,1,0.057630647
LOC105375771,243987_at,1,0.1324792
LOC105374621,237653_at,1,0.19475195
LOC105374629,236349_at,1,0.13474937
LOC105374690,1557897_at,1,0.19359049
LOC105374768,1563397_at,1,0.11797263
LOC105374775,241053_at,1,0.30775782
LOC105374869,242747_at,1,0.34636533
MZT2A,213166_x_at,1,0.72033465
MZT2B,220720_x_at,1,0.5330453
N4BP2L2-IT2,215105_at,1,0.2571949
LOC105373618,241697_at,1,0.24577218
LOC105373714,241513_at,1,0.082383916
LOC105373754,238934_at,1,0.094158076
LOC105373876,1560634_a_at,1,0.16497692
NACA2,222224_at,1,0.20449936
NACA4P,211445_x_at,1,0.8028997
NACAD,213630_at,1,0.11695054
NADK2-AS1,1563219_at,1,0.10042595
NAA10,203025_at,1,0.52204347
NAA11,210603_at,1,0.16219991
NAA20,223040_at,1,0.5956465
NAA80,210874_s_at,1,0.3838193
MYZAP,228568_at,1,0.27546614
MZF1-AS1,1568864_at,1,0.2146718
LOC105375509,1565856_at,1,0.065280326
LOC105375527,1561889_at,1,0.19241302
NALCN-AS1,232828_at,1,0.12846293
NALF1-IT1,1562696_at,1,0.07737382
NALF2,206299_at,1,0.15375187
NALT1,1559765_a_at,1,0.3246908
NAALADL2-AS3,241587_at,1,0.055869758
NABP2,218903_s_at,1,0.3781273
LOC105374937,239856_at,1,0.24184835
LOC105374947,237890_at,1,0.10246051
LOC105374953,230990_at,1,0.1396035
LOC105374989,1556500_a_at,1,0.06561488
LOC105375038,242421_at,1,0.22524048
LOC105375061,216740_at,1,0.13843419
LOC105375075,240749_at,1,0.082474664
LOC105373383,237048_at,1,0.29301074
LOC105373418,1563142_at,1,0.21180254
LOC105373554,241514_at,1,0.099403836
NAGS,229432_at,1,0.1333546
LOC105373942,233038_at,1,0.13903497
LOC105374042,1562997_a_at,1,0.095855854
LOC105374118,240350_at,1,0.19851658
LOC105374240,1569171_a_at,1,0.0715167
LOC105374325,1569063_at,1,0.09045542
LOC105374336,231254_at,1,0.20434731
LOC105374423,1566248_at,1,0.14092161
LOC105374428,243776_at,1,0.09864856
LOC105372547,1557739_at,1,0.10721148
LOC105372602,222066_at,1,0.117876805
LOC105372637,236412_at,1,0.05882148
LOC105372640,231611_at,1,0.22883089
LOC105372695,237913_at,1,0.18291351
LOC105372733,236453_at,1,0.23450014
LOC105372762,1562418_at,1,0.06763306
LOC105371763,227571_at,1,0.23288354
NAT1,214440_at,1,0.4497212
NAT10,217884_at,1,0.52086574
NAT14,223284_at,1,0.344813
NAT2,206797_at,1,0.037386704
NAT8,210289_at,1,0.12712578
NAT9,204382_at,1,0.4823252
NANOS1,228523_at,1,0.16477591
NANOS2,1557767_at,1,0.12942734
NANOS3,240311_at,1,0.1293242
NANP,228073_at,1,0.37464595
NAP1L2,219368_at,1,0.18405662
NAP1L3,204749_at,1,0.18352316
NAE1,202268_s_at,1,0.67350966
NAGK,218231_at,1,0.55472845
NAGPA,205090_s_at,1,0.4746054
NARS1,200027_at,1,0.7121731
NARS2,219217_at,1,0.45800108
LOC105372766,244129_at,1,0.36372915
LOC105372793,1560107_at,1,0.075354904
LOC105372969,1561076_at,1,0.117333464
LOC105372991,241221_at,1,0.13726796
LOC105373150,1570120_at,1,0.08928904
LOC105373170,241753_at,1,0.13540943
LOC105373223,1561679_at,1,0.13861026
LOC105373225,236912_at,1,0.16775607
LOC105373334,244166_at,1,0.367657
LOC105371672,1562891_at,1,0.10346463
LOC105371692,241876_at,1,0.3021309
LOC105371693,243191_at,1,0.10210431
LOC105371703,239195_at,1,0.09403943
LOC105371734,243732_at,1,0.119351044
LOC105370997,236822_at,1,0.14530715
LOC105371038,231516_at,1,0.14739455
LOC105371046,237004_at,1,0.05071461
LOC105371079,243095_at,1,0.29240534
NBPF4,1553910_at,1,0.16048115
NBPF5P,1558862_at,1,0.19858459
NBPF6,239337_at,1,0.11781845
NAV2-AS2,237512_at,1,0.08031156
NAV2-AS4,233077_at,1,0.16208825
NAV2-AS5,1562320_at,1,0.07621138
NAV2-IT1,1561050_a_at,1,0.1367703
NAXD,217940_s_at,1,0.46957046
NAXE,225427_s_at,1,0.6111356
NBAT1,241670_x_at,1,0.17436902
NAPRT,226707_at,1,0.5062834
NAPSA,223806_s_at,1,0.26952502
NCBP2AS2,225657_at,1,0.6255462
NCEH1,225847_at,1,0.318503
NCF2,209949_at,1,0.57615244
NBPF11,229447_x_at,1,0.75265896
LOC105371932,239063_at,1,0.19924556
LOC105371967,1556769_a_at,1,0.22280861
LOC105372069,1563190_at,1,0.090159364
LOC105372179,242867_x_at,1,0.19475648
LOC105372217,231356_at,1,0.20444518
LOC105372394,1556513_at,1,0.09386056
LOC105372404,1562825_at,1,0.1629865
LOC105372480,227479_at,1,0.4446301
LOC105372485,243731_at,1,0.10974121
LOC105370890,244707_at,1,0.061568968
LOC105370939,1564463_at,1,0.18882765
LOC105370941,1561292_at,1,0.1516251
NCAPH,212949_at,1,0.3070745
LOC105371215,1558579_at,1,0.10260859
LOC105371312,227927_at,1,0.29029304
LOC105371401,1557027_at,1,0.11594094
LOC105371414,239211_at,1,0.22358866
LOC105371472,241421_at,1,0.2891367
LOC105371485,243975_at,1,0.15786123
LOC105371508,231593_at,1,0.11951924
LOC105371600,231344_at,1,0.062167015
LOC105370291,243436_at,1,0.0931773
LOC105370461,236991_at,1,0.22162588
LOC105370475,1559813_at,1,0.115865625
LOC105370478,237582_at,1,0.1361839
LOC105370549,1560557_at,1,0.09353349
LOC105370569,243310_at,1,0.26113734
LOC105370612,1560325_at,1,0.03827631
LOC105369645,241537_at,1,0.07344227
LOC105369705,243783_at,1,0.19276263
NCR3LG1,229715_at,1,0.2113051
ND2,1553551_s_at,1,0.8964599
ND3,1553588_at,1,0.9250566
ND6,1553575_at,1,0.56231153
NCK1-DT,228799_at,1,0.3284883
NCK2,203315_at,1,0.64915276
NCKAP5,239650_at,1,0.071258865
NCKAP5-AS1,1561460_at,1,0.16580833
NCKAP5-AS2,1560506_at,1,0.068238
NCOA4,210774_s_at,1,0.79067713
NCAN,205143_at,1,0.18245159
NCAPD2,201774_s_at,1,0.4181264
NCAPD3,212789_at,1,0.47379932
NCAPG2,219588_s_at,1,0.46890154
NDP,206022_at,1,0.112253524
NDRG1,200632_s_at,1,0.61736614
NDRG4,209159_s_at,1,0.13762653
NDST3,220429_at,1,0.16146815
LOC105370622,1556374_s_at,1,0.09197209
LOC105370638,237307_at,1,0.061626755
LOC105370697,1569122_at,1,0.118339315
LOC105370746,1561897_at,1,0.1414643
LOC105370829,237494_at,1,0.2694922
LOC105370832,1561493_at,1,0.08687913
LOC105370834,239099_at,1,0.14130257
LOC105369308,243098_at,1,0.14026083
LOC105369341,237964_at,1,0.22490026
LOC105369477,1558512_at,1,0.2686054
LOC105369595,242267_x_at,1,0.27249518
LOC105369602,231147_at,1,0.17294586
NDN,209550_at,1,0.24553762
NDNF,219747_at,1,0.17109603
LOC105369746,237415_at,1,0.18003988
LOC105369816,1561861_a_at,1,0.08963376
LOC105369889,236521_at,1,0.1684764
LOC105369890,241592_at,1,0.2363361
LOC105369957,236364_at,1,0.16287956
LOC105370027,237421_at,1,0.13765696
LOC105370109,229640_x_at,1,0.507356
LOC102724612,1561245_at,1,0.10477549
LOC102724638,234877_x_at,1,0.18325455
LOC102724701,227921_at,1,0.34588036
LOC102724859,239344_at,1,0.11417144
LOC102724929,237345_at,1,0.13266055
LOC102724938,237490_at,1,0.07029947
LOC102724965,237315_at,1,0.23350841
LOC102724023,210667_s_at,1,0.35720193
LOC102724030,240346_at,1,0.07215333
LOC102724159,209336_at,1,0.3974451
NDUFB11,218320_s_at,1,0.7204361
NDUFB2-AS1,222090_at,1,0.24179067
NDUFB3,203371_s_at,1,0.6394903
NDUFA1,202298_at,1,0.79125935
NDUFA12,223244_s_at,1,0.73142755
NDUFA13,220864_s_at,1,0.734022
NDUFA3,218563_at,1,0.70433396
NDUFA4,217773_s_at,1,0.7819491
NDUFA4L2,218484_at,1,0.19544192
NDUFA6-DT,228117_at,1,0.22959578
NDUFA8,218160_at,1,0.5508478
NDUFA9,208969_at,1,0.6287252
NDC80,204162_at,1,0.45313397
NDUFS5,201757_at,1,0.77635306
NDUFS6,203606_at,1,0.719776
NDUFAB1,202077_at,1,0.72785366
NDUFAF1,204125_at,1,0.4079182
NDUFAF2,228355_s_at,1,0.46984807
NDUFAF3,209177_at,1,0.55344033
LOC102725228,236366_at,1,0.28716844
LOC103344931,213739_at,1,0.2898808
LOC105274304,240032_at,1,0.070847
LOC105369187,1563143_at,1,0.2057151
LOC105369199,237173_at,1,0.1845843
LOC105369213,1563263_at,1,0.1760606
LOC102723786,237824_at,1,0.18446127
LOC102723831,1569849_at,1,0.15307863
LOC102723847,242822_at,1,0.23620686
LOC102723996,211197_s_at,1,0.2927559
NDUFB9,222992_s_at,1,0.7635521
LOC102724323,236788_at,1,0.09224478
LOC102724382,1568887_at,1,0.2151499
LOC102724434,1562664_at,1,0.28762773
LOC102724511,241046_at,1,0.18920782
LOC102724542,1562216_at,1,0.08035948
LOC102724551,240487_at,1,0.23172939
LOC102724560,1553972_a_at,1,0.19210494
LOC102724587,240747_at,1,0.11714207
LOC102723335,1561035_at,1,0.09369695
LOC102723364,241096_at,1,0.15867199
LOC102723380,244449_at,1,0.19355114
LOC102723409,1560135_at,1,0.13046566
LOC102723458,239988_at,1,0.36501354
NDUFS2,201966_at,1,0.6469602
NDUFS3,201740_at,1,0.6754864
LOC101929657,1561237_at,1,0.10387945
LOC101929662,1561688_at,1,0.033855215
LOC101929718,234573_at,1,0.22882436
LOC101929719,243251_at,1,0.057881597
LOC101929748,1557638_at,1,0.13421485
NEGR1-IT1,1563316_at,1,0.15960863
NEIL2,226585_at,1,0.23562111
NEIL3,219502_at,1,0.28449205
NDUFV1-DT,1553438_at,1,0.28524852
NDUFV2,202941_at,1,0.708935
NEBL-AS1,239894_at,1,0.078013666
NECAB1,233305_at,1,0.102532186
NECAB2,215005_at,1,0.16288882
NECAP1,209300_s_at,1,0.54074585
NECTIN3,213325_at,1,0.12783183
NDUFB5,203621_at,1,0.6921907
NELFE,209219_at,1,0.6390511
NECTIN3-AS1,236323_at,1,0.12217555
NECTIN4,223540_at,1,0.17787755
NEDD4,213012_at,1,0.33155382
NEDD8,201840_at,1,0.70662147
LOC102723506,234806_at,1,0.078061774
LOC102723657,244278_at,1,0.13861306
LOC102723665,231047_at,1,0.21718304
LOC102723678,243674_at,1,0.1911125
LOC102723692,236190_at,1,0.24915875
LOC102723701,1561386_at,1,0.2065249
LOC102723704,1562878_at,1,0.17959566
LOC102723722,1557232_at,1,0.3777259
LOC102723769,215625_at,1,0.13450606
LOC101929622,1559542_a_at,1,0.081023075
LOC101929645,234821_at,1,0.09618868
LOC101929762,1564212_at,1,0.11542049
LOC101929902,1562989_at,1,0.05888324
LOC101929963,234826_at,1,0.17169058
LOC101930028,1569784_at,1,0.07892349
LOC101930081,233153_at,1,0.20894538
LOC101930112,238179_at,1,0.28737253
LOC101930149,1568921_at,1,0.09960795
LOC101929319,1562690_at,1,0.120788515
LOC101929341,237738_at,1,0.08994523
LOC101929372,1569793_at,1,0.09501386
LOC101929398,1560826_at,1,0.19000362
LOC101929413,1562653_at,1,0.111064166
LOC101929460,1563078_at,1,0.16516821
LOC101929473,1562520_at,1,0.10524652
NEK7,212530_at,1,0.63800645
NELFB,202757_at,1,0.5471375
LOC101929154,244138_at,1,0.14608835
NEUROD4,221318_at,1,0.21237862
NEUROD6,220045_at,1,0.09134268
NEUROG1,208497_x_at,1,0.20124958
NEUROG2,215632_at,1,0.052056726
NEUROG3,207965_at,1,0.128602
NEXN-AS1,1560746_at,1,0.08949117
NELL2,203413_at,1,0.35602984
NEMP2,238014_at,1,0.25798628
NETO1-DT,243742_at,1,0.19470392
NEU1,208926_at,1,0.43863994
NEU2,221368_at,1,0.10834883
NEU4,222957_at,1,0.3238254
NEK10,237227_at,1,0.15857477
NEK2-DT,234341_x_at,1,0.4630249
LOC101929752,1561060_at,1,0.15498638
NEURL2,230283_at,1,0.23468538
NEURL3,232593_at,1,0.15404354
NEURL4,226703_at,1,0.34041244
LOC101929488,1561102_at,1,0.09716994
LOC101929528,1568844_at,1,0.097209886
LOC101929536,244182_at,1,0.22609675
LOC101929538,1564337_at,1,0.101452984
LOC101929550,217030_at,1,0.1566357
LOC101929552,1560563_at,1,0.1072721
LOC101929586,1562455_at,1,0.16223504
LOC101929609,240352_at,1,0.15453857
LOC101929621,1560610_at,1,0.18747117
LOC101929007,1568894_at,1,0.20978282
LOC101929050,240427_at,1,0.13514452
LOC101929109,243728_at,1,0.08837946
LOC101929116,1569782_at,1,0.1750234
LOC101929208,242215_at,1,0.12439758
LOC101929248,1560212_a_at,1,0.06172079
LOC101929255,242412_at,1,0.10403341
LOC101929268,1563993_at,1,0.12289873
LOC101929269,1563274_at,1,0.07455083
LOC101929279,1562643_at,1,0.14996652
LOC101929297,1562847_at,1,0.0915073
LOC101928847,1562699_at,1,0.1076352
LOC101928850,1561062_a_at,1,0.106094986
LOC101928861,1561512_at,1,0.11965423
LOC101928881,233486_at,1,0.10391957
LOC101928893,1569955_at,1,0.078299016
LOC101928894,1563086_at,1,0.19804199
NFE2,209930_s_at,1,0.4326768
NFE4,1560527_at,1,0.14863917
NEURL1B,225355_at,1,0.3682682
LOC101928937,1562984_at,1,0.22921267
LOC101928940,1569753_at,1,0.15565236
LOC101928957,1562396_at,1,0.07794127
LOC101928961,1561216_at,1,0.064562716
LOC101928985,1561107_at,1,0.14080228
LOC101928988,1560257_at,1,0.12188284
LOC101929004,241439_at,1,0.114086695
LOC101928663,1557898_at,1,0.10077047
LOC101928669,1566145_s_at,1,0.2178998
LOC101928697,234473_at,1,0.095264815
LOC101928708,1560812_at,1,0.25492507
LOC101928718,1557479_at,1,0.11370652
NFKBIE,203927_at,1,0.49027345
NFKBIL1,209973_at,1,0.23448919
NFU1,218946_at,1,0.5972825
LOC101929174,1563376_at,1,0.14389475
LOC101928525,1569963_at,1,0.28164425
LOC101928526,1569758_at,1,0.15756078
NHP2,209104_s_at,1,0.7296567
NHSL3,224746_at,1,0.20912594
NICN1,223442_at,1,0.43298742
NFXL1,227220_at,1,0.3782573
NFYC-AS1,1558782_a_at,1,0.25489244
NGF,206814_at,1,0.122109644
NGFR,205858_at,1,0.09719623
NHEG1,1568974_at,1,0.2464629
NHEJ1,219418_at,1,0.369808
NHERF1,201349_at,1,0.5711613
NHERF2,209830_s_at,1,0.12611021
NFIL3,203574_at,1,0.66746664
NFKB1,209239_at,1,0.5656777
LOC101928933,1568832_a_at,1,0.1854555
NINL,207705_s_at,1,0.29654738
NIPAL1,232158_x_at,1,0.3266456
NHIP,236051_at,1,0.12005186
NHLH1,214628_at,1,0.1013135
NHLRC4,1558431_at,1,0.4053687
LOC101928730,1570110_at,1,0.101162806
LOC101928748,1569816_at,1,0.23556785
LOC101928760,1557768_at,1,0.26672024
LOC101928762,236232_at,1,0.35228747
LOC101928797,1570206_at,1,0.082307205
LOC101928833,1562107_at,1,0.1304187
LOC101928834,1569954_at,1,0.12718117
LOC101928844,1569961_at,1,0.2486779
LOC101928510,1569988_at,1,0.07578542
LOC101928516,1560958_s_at,1,0.17604272
LOC101928519,1564169_at,1,0.09000488
LOC101928553,1562710_at,1,0.058233943
LOC101928557,243425_at,1,0.13133699
LOC101928565,1561625_at,1,0.13726193
LOC101928574,233712_at,1,0.16339779
LOC101928618,1561450_at,1,0.11450216
LOC101928622,1562491_at,1,0.07369342
LOC101928626,1560957_at,1,0.046225328
LOC101928361,1561489_at,1,0.23939316
LOC101928371,1568804_at,1,0.16010888
LOC101928373,240581_at,1,0.16083871
LOC101928386,1560538_at,1,0.06191052
LOC101928389,1562822_at,1,0.09282294
LOC101928401,1569486_at,1,0.09948985
LOC101928409,242934_at,1,0.1284006
NINJ1,203045_at,1,0.56381863
NINJ2,219594_at,1,0.45485482
NKIRAS1,225930_at,1,0.24799158
NKPD1,1560430_at,1,0.29549614
NKRF,205004_at,1,0.45750624
NKX1-1,1565537_at,1,0.11275062
NKX1-2,230356_at,1,0.09477596
NIPAL4,230188_at,1,0.19457582
NIPAL4-DT,234143_at,1,0.19286846
NIPSNAP2,201816_s_at,1,0.6550192
NIPSNAP3A,224436_s_at,1,0.58815765
NIT2,218557_at,1,0.5625047
NKAIN1,219438_at,1,0.109104544
NKAIN3,1553241_at,1,0.16573979
NICOL1,229860_x_at,1,0.59571165
NID2,204114_at,1,0.20651734
NIF3L1,218133_s_at,1,0.448923
NIM1K,230864_at,1,0.19830213
LOC101928417,1562857_at,1,0.12834415
LOC101928419,240456_at,1,0.23771459
LOC101928446,1562274_at,1,0.15622489
LOC101928462,237349_at,1,0.044388797
LOC101928475,1561577_at,1,0.13245097
LOC101928487,231312_at,1,0.31693465
LOC101928491,1561567_at,1,0.06640032
LOC101928495,1564909_at,1,0.089873545
LOC101928505,1559336_at,1,0.119639695
LOC101928211,1559930_at,1,0.06793799
LOC101928214,237113_at,1,0.0534625
LOC101928230,230386_at,1,0.22859496
LOC101928236,238276_at,1,0.26281315
LOC101928251,1560410_at,1,0.06148459
LOC101928255,1569912_at,1,0.12287242
NKILA,237166_at,1,0.08129073
NLRP13,1553525_at,1,0.11955959
NLRP14,1553523_at,1,0.14993344
NLRP2B,234653_at,1,0.14406727
NLRP4,242334_at,1,0.06601794
NLRP5,1552405_at,1,0.13268599
NKX2-1-AS1,236579_at,1,0.06913014
NKX2-2,206915_at,1,0.06777163
NKX2-3,1553808_a_at,1,0.13012342
NKX2-5,206578_at,1,0.18442823
NKX2-8,207451_at,1,0.12591787
NKX3-2,207031_at,1,0.15955392
NKX6-1,221366_at,1,0.13156591
NKX6-2,235832_at,1,0.19790883
NKAPP1,236493_at,1,0.3174127
NKD2,232201_at,1,0.27327636
NKG7,213915_at,1,0.6343051
NLRP10,1553534_at,1,0.17312321
LOC101928269,1570350_at,1,0.19502214
LOC101928273,1561535_at,1,0.109944046
LOC101928277,1562771_at,1,0.20018545
LOC101928283,1562850_at,1,0.13994464
LOC101928306,1569855_at,1,0.15836193
LOC101928317,240893_at,1,0.09048758
LOC101928326,1561605_at,1,0.15583317
LOC101928335,1556903_at,1,0.21586604
LOC101928009,1561345_at,1,0.11149386
LOC101928012,1561550_at,1,0.06810084
LOC101928014,240012_at,1,0.1672933
LOC101928045,231095_at,1,0.20757283
LOC101928047,1559131_a_at,1,0.19477464
LOC101928052,1569712_at,1,0.06575908
NLRP11,1552531_a_at,1,0.09449613
NNAT,204239_s_at,1,0.25040752
NLRP6,1552932_at,1,0.09484123
NLRP7,237461_at,1,0.13298416
NLRP8,1553526_at,1,0.17495836
NLRP9,1553527_at,1,0.18490507
NMB,205204_at,1,0.39314792
NMBR,207333_at,1,0.06820233
NME1,201577_at,1,0.6232726
NME2,201268_at,1,0.76738614
NME3,204862_s_at,1,0.4094311
NME4,212739_s_at,1,0.59377635
NME5,206197_at,1,0.17153324
NME6,205851_at,1,0.34744367
NME8,220384_at,1,0.27391595
NLRC3,236295_s_at,1,0.49656585
NLRC5,226474_at,1,0.6701575
LOC101927709,234833_at,1,0.069344066
LOC101927723,1562902_at,1,0.07454037
LOC101927769,233784_at,1,0.22126555
LOC101927787,1557026_at,1,0.17996347
LOC101927790,1563154_at,1,0.070103645
NOC4L,218860_at,1,0.43258885
NOD2,220066_at,1,0.3784816
NOG,231798_at,1,0.23960072
NOL11,221970_s_at,1,0.6590736
NME9,1562619_at,1,0.17913766
NMI,203964_at,1,0.67545664
NMRAL2P,241418_at,1,0.18037711
NMRK2,221051_s_at,1,0.21477392
NMU,206023_at,1,0.23146941
NMUR1,221383_at,1,0.07993812
NMUR2,224088_at,1,0.19684596
NOP14,214661_s_at,1,0.5148256
NNT-AS1,1558801_at,1,0.36210334
NOA1,223157_at,1,0.5820854
NOB1,223018_at,1,0.54471946
NOBOX,234519_at,1,0.2159579
NOC3L,218889_at,1,0.50084406
LOC101928087,241767_at,1,0.2211529
LOC101928107,1569828_at,1,0.06207817
LOC101928120,239666_at,1,0.25386304
LOC101928135,1563015_at,1,0.10460695
LOC101928160,1562944_at,1,0.08939839
LOC101928188,1558803_at,1,0.13042521
LOC101928191,1560070_at,1,0.23838456
LOC101928196,1561719_at,1,0.11591778
LOC101928201,1562973_at,1,0.0815649
LOC101927690,1561353_at,1,0.19226345
LOC101927839,231459_at,1,0.054590236
LOC101927914,1562272_at,1,0.112927504
LOC101927948,1561559_at,1,0.14780994
LOC101927950,234177_at,1,0.18278727
LOC101927967,1557778_at,1,0.10015766
LOC101928002,1557606_at,1,0.08958148
LOC101927531,1556362_at,1,0.21117808
LOC101927539,1570182_at,1,0.12432004
LOC101927543,1560449_at,1,0.2324428
LOC101927550,220687_at,1,0.19624056
LOC101927552,237845_at,1,0.21450453
LOC101927588,1564721_at,1,0.16314223
NOMO1,221853_s_at,1,0.5221517
NOMO2,217225_x_at,1,0.6503217
NOMO3,242922_at,1,0.28487998
NOP10,217962_at,1,0.7622877
LOC101927342,241290_at,1,0.08254401
LOC101927358,1569858_at,1,0.1228907
NOX3,221089_at,1,0.06848307
NOXA1,232373_at,1,0.34301215
NOXO1,235329_at,1,0.16754775
NOXRED1,231566_at,1,0.22914533
NPAP1,221300_at,1,0.13729745
NOP2,214427_at,1,0.55252904
NOP58,223096_at,1,0.73557764
NOPCHAP1,226349_at,1,0.45400614
NOS2,210037_s_at,1,0.21275409
NOS3,205581_s_at,1,0.10089188
NOSIP,217950_at,1,0.63156456
NOSTRIN,226992_at,1,0.107199565
NOL8,218244_at,1,0.6074336
LOC101927829,1561704_at,1,0.053269424
NPFFR1,221387_at,1,0.2571733
NPFFR2,224169_at,1,0.046101402
NOTCH2NLA,214722_at,1,0.640366
NOTUM,228649_at,1,0.2439494
LOC101927603,239560_at,1,0.22533008
LOC101927604,1557702_at,1,0.16106242
LOC101927608,242386_x_at,1,0.2681099
LOC101927609,239775_at,1,0.26111218
LOC101927623,1562487_at,1,0.13685314
LOC101927636,1561731_at,1,0.15629582
LOC101927647,1561966_at,1,0.1710117
LOC101927657,1562893_at,1,0.16382743
LOC101927272,232384_s_at,1,0.12030339
LOC101927310,1561513_at,1,0.121502526
LOC101927314,1556832_at,1,0.09239554
LOC101927330,235825_at,1,0.15637344
LOC101927069,1560169_at,1,0.10231135
LOC101927089,240880_at,1,0.15004116
LOC101927093,237576_x_at,1,0.11849577
LOC101927098,237883_at,1,0.19438308
LOC101927131,1569767_at,1,0.16610503
LOC101927143,1560560_at,1,0.23017752
NPLOC4,217796_s_at,1,0.56139314
NPM2,230977_at,1,0.31511143
NPM3,205129_at,1,0.4208057
NPPA,209957_s_at,1,0.27724504
NPPB,206801_at,1,0.18927783
NPB,1553663_a_at,1,0.11662847
NPBWR1,231752_at,1,0.12929554
NPBWR2,221358_at,1,0.09776832
NPC2,200701_at,1,0.744091
NPDC1,218086_at,1,0.36986846
NPTX2,213479_at,1,0.16973184
NPVF,221322_at,1,0.093866505
NPW,243110_x_at,1,0.09994179
NPY,206001_at,1,0.32417944
NPHS1,207673_at,1,0.10171181
NPHS2,220424_at,1,0.1565424
LOC101927410,1565775_at,1,0.11214683
LOC101927432,1560132_a_at,1,0.11785571
LOC101927446,216619_at,1,0.059208155
LOC101927450,1561322_at,1,0.13772544
LOC101927467,1562797_at,1,0.23620643
LOC101927468,1556235_at,1,0.2560495
LOC101927495,1562029_at,1,0.097845435
LOC101927499,238249_at,1,0.10406576
LOC101927513,1562915_at,1,0.26769215
LOC101927066,1560182_at,1,0.058699187
LOC101927157,1562792_at,1,0.25475827
LOC101927159,1562052_at,1,0.12456807
LOC101927164,1561530_at,1,0.19201636
LOC101927237,1559621_at,1,0.06760225
LOC101927247,1563283_at,1,0.34873247
LOC101927253,1559948_at,1,0.15813279
LOC101927263,236396_at,1,0.07091817
LOC100996681,1569515_a_at,1,0.13183467
LOC100996720,229872_s_at,1,0.69303834
LOC100996756,222315_at,1,0.45299467
LOC101060553,1561075_at,1,0.13221492
LOC101593348,243272_at,1,0.13959499
LOC101926907,230527_at,1,0.13504231
NPTN,202228_s_at,1,0.69873035
NPTN-IT1,228723_at,1,0.43891147
NPTX1,204684_at,1,0.22401613
LOC101927018,1563241_at,1,0.1532441
LOC101927020,240842_at,1,0.2958973
LOC101927040,1562621_at,1,0.12808555
LOC101927044,1562759_at,1,0.16239038
LOC100507395,240255_at,1,0.21881922
LOC100507403,1557540_at,1,0.25328556
LOC100507443,240740_at,1,0.15072463
LOC100507513,237709_at,1,0.19922338
LOC100507560,231379_at,1,0.14516012
LOC100507562,237712_at,1,0.19278337
NQO2-AS1,244855_at,1,0.068294354
NR0B2,206410_at,1,0.109011345
NR1H2,218215_s_at,1,0.5133549
NR1H3,203920_at,1,0.321172
NPPC,221348_at,1,0.113952994
NPSA,1555502_at,1,0.1446381
LOC100506790,236914_at,1,0.16757476
LOC100506851,240974_at,1,0.16443862
LOC100506858,239440_at,1,0.18016739
NRBP1,217765_at,1,0.41942278
NRBP2,225949_at,1,0.3636454
NR2C2AP,226839_at,1,0.3685848
NR2E1,207443_at,1,0.10974341
NR2F2-AS1,232878_at,1,0.05885205
NR3C2,205259_at,1,0.20631249
NPY1R,205440_s_at,1,0.08469407
NPY4R,210956_at,1,0.09249354
NPY5R,207400_at,1,0.16763276
LOC101926915,1557841_at,1,0.21135415
LOC101926944,1557802_at,1,0.10167964
LOC101926948,1563089_at,1,0.12911747
LOC101926959,1560850_at,1,0.07651128
NRM,225592_at,1,0.5753858
NRN1,218625_at,1,0.2705566
NRROS,235359_at,1,0.5906867
NR5A1,210333_at,1,0.15556826
NRAD1,232318_s_at,1,0.11076874
NRARP,226499_at,1,0.2781599
LOC100508046,235445_at,1,0.15928076
LOC100652768,232248_at,1,0.31519148
LOC100652999,232732_at,1,0.092362426
LOC100996385,1558587_at,1,0.11228866
LOC100996549,1558320_at,1,0.08065451
LOC100996583,244600_at,1,0.31232575
LOC100996671,237848_at,1,0.123099916
LOC100506563,236289_at,1,0.13901678
LOC100506606,1557410_at,1,0.19938152
LOC100506639,232070_at,1,0.2846652
NRGN,204081_at,1,0.42802808
LOC100506929,231433_at,1,0.17284572
LOC100506974,230451_at,1,0.116079494
LOC100507006,243699_at,1,0.3295392
LOC100507221,240734_at,1,0.053792015
LOC100507250,1557021_s_at,1,0.23096178
LOC100507336,1568682_a_at,1,0.17903303
LOC100507384,237170_at,1,0.05955786
LOC100505918,1559522_at,1,0.30506292
LOC100505942,230548_at,1,0.16858302
LOC100505978,237260_at,1,0.105656646
LOC100505985,231483_at,1,0.053215485
LOC100506016,1556289_at,1,0.0782232
LOC100506071,1560038_at,1,0.15911765
LOC100506076,221973_at,1,0.45571148
NRIP2,215104_at,1,0.15453205
LOC100506236,240096_at,1,0.085453406
LOC100506271,1556247_a_at,1,0.10304813
LOC100506405,234250_at,1,0.20330565
LOC100506446,243245_at,1,0.12659031
LOC100506489,1559670_at,1,0.047830183
LOC100422212,1568897_at,1,0.062382318
LOC100422526,243581_at,1,0.162827
LOC100422781,1561304_a_at,1,0.15274025
LOC100505555,231414_at,1,0.054096512
LOC100505664,231089_at,1,0.049674
LOC100505711,237779_at,1,0.25474074
NSA2,201922_at,1,0.7955638
NSG2,218623_at,1,0.09479009
NRG1-IT1,1563168_at,1,0.10762377
NRG3,229233_at,1,0.11323541
NRG4,242426_at,1,0.13252716
LOC100289230,238456_at,1,0.32228243
LOC100289333,233775_x_at,1,0.5811018
LOC100289361,229338_at,1,0.3048019
NT5M,219708_at,1,0.33181024
NTAQ1,219060_at,1,0.42743093
NTF3,206706_at,1,0.11898104
NSMCE1,224666_at,1,0.64315915
NSMCE2,226536_at,1,0.53178245
NSMCE3,226008_at,1,0.53893656
NSRP1,223236_at,1,0.5877768
NSUN2,223076_s_at,1,0.5764101
NSUN5P2,213842_x_at,1,0.6263177
NRSN1,239293_at,1,0.11578323
NRSN2,218359_at,1,0.19977339
NRSN2-AS1,240549_at,1,0.22368878
NRTN,210683_at,1,0.10586589
NT5C,1557303_at,1,0.32602882
NT5C1A,224529_s_at,1,0.1869968
NT5C2,209155_s_at,1,0.6897152
NT5C3A,223298_s_at,1,0.6341984
NT5C3B,225044_at,1,0.50094324
LOC100505715,238944_at,1,0.3328193
LOC100505716,1561370_at,1,0.10831372
LOC100505728,241262_at,1,0.34361786
LOC100505774,231036_at,1,0.11691543
LOC100505782,1557068_at,1,0.07284549
LOC100505874,234082_at,1,0.17190133
LOC100505912,239174_at,1,0.10447374
LOC100505915,81737_at,1,0.3065951
LOC100288570,215247_at,1,0.161534
LOC100288590,1569790_at,1,0.15436903
LOC100288966,1553474_at,1,0.08313666
LOC100289473,217376_at,1,0.22087103
LOC100289495,239215_at,1,0.16977777
LOC100294145,214809_at,1,0.17213546
LOC100310756,1556242_a_at,1,0.37585723
LOC100419741,1570064_at,1,0.14976652
LOC100420872,1570424_at,1,0.16576287
LOC100421171,1561665_at,1,0.089070894
LOC100421494,233074_at,1,0.08199349
LOC100132686,1555180_at,1,0.1507937
LOC100134040,233342_at,1,0.09481062
LOC100134368,1569270_at,1,0.15045075
LOC100240734,239612_at,1,0.16834195
NTNG2,233072_at,1,0.3600315
NTRK1,208605_s_at,1,0.119041786
NTRK3-AS1,231469_at,1,0.08928926
NTS,206291_at,1,0.08963601
NUDT16L1,224477_s_at,1,0.48064813
NUDT18,219665_at,1,0.35733518
NUDT19,235384_at,1,0.5073936
NUDT2,218609_s_at,1,0.38393578
NTSR1,207360_s_at,1,0.15355824
NTSR2,206899_at,1,0.038592357
NUAK1,204589_at,1,0.18566945
NUAK2,220987_s_at,1,0.47075886
NUBP1,203978_at,1,0.50575894
NUBP2,218227_at,1,0.46564293
NUBPL,220176_at,1,0.30917314
NUDT1,204766_s_at,1,0.50119674
NTF4,231785_at,1,0.09748794
NTHL1,209731_at,1,0.376154
NTN3,207640_x_at,1,0.14381167
NTN4,223315_at,1,0.07459239
NUP107,218768_at,1,0.6031609
NUDT11,219855_at,1,0.15540624
NUDT15,219347_at,1,0.49213472
LOC100240735,241803_s_at,1,0.33924076
LOC100286922,230953_at,1,0.07025081
LOC100287387,217220_at,1,0.1200342
LOC100287808,240752_at,1,0.10855373
LOC100288069,211050_x_at,1,0.26928392
LOC100288123,230940_at,1,0.10840355
LOC100130331,215970_at,1,0.09901425
LOC100130357,1559507_at,1,0.21758182
LOC100130452,244518_at,1,0.13942578
LOC100130548,1557734_s_at,1,0.18131223
LOC100130691,231540_at,1,0.26248798
LOC100130744,236228_at,1,0.06390015
LOC100130872,1569496_s_at,1,0.35165495
NUDT9P1,1552564_at,1,0.14833206
LOC100130964,238237_at,1,0.06910053
LOC100130987,1562022_s_at,1,0.26036182
LOC100130992,1558977_at,1,0.1565641
LOC100131496,1558477_at,1,0.15170501
LOC100131532,221186_at,1,0.17287035
LOC100132077,1559514_at,1,0.11948029
LOC100132078,1556844_at,1,0.17208262
LOC100132249,1569009_s_at,1,0.058573063
LOC100132356,1558310_s_at,1,0.26920158
LNROP,243961_at,1,0.20778742
LNX2,227569_at,1,0.39903337
LOC100127955,1563709_at,1,0.20066826
LOC100128288,1559045_at,1,0.27814665
LOC100128653,236053_at,1,0.33117652
NUF2,223381_at,1,0.40860176
LOC100129098,1569361_a_at,1,0.091837816
LOC100129175,1557879_at,1,0.11473815
LOC100129455,1560475_at,1,0.09786871
LOC100129603,1563324_at,1,0.09357765
LOC100129935,232616_at,1,0.104167946
LOC100130268,1558336_at,1,0.19899599
LMOD2,239057_at,1,0.08755213
LMTK3,1557103_a_at,1,0.31006154
LMX1A,1553541_at,1,0.15352663
LMX1A-AS1,240534_at,1,0.22064006
LMX1A-AS2,237595_at,1,0.12692013
NUP210P1,244681_at,1,0.18718246
NUP35,225470_at,1,0.47419873
NUP42,204003_s_at,1,0.37823454
NUP50-DT,240233_at,1,0.18760686
NUDT9,218375_at,1,0.45295325
NUP85,218014_at,1,0.54631644
LMX1B,208487_at,1,0.09684789
LNC-LBCS,1558858_at,1,0.15810452
LNCAROD,1557779_at,1,0.09894341
LNCARSR,237178_at,1,0.10977511
LNCOC1,230910_s_at,1,0.035142466
LNP1,227181_at,1,0.29498115
LMNB1,203276_at,1,0.5556551
LMNB2,216952_s_at,1,0.40169784
LMNTD1,1552865_a_at,1,0.22202237
NUPR1,209230_s_at,1,0.23556498
NUTM2B,234695_x_at,1,0.20956333
NUP153-AS1,1559064_at,1,0.34336278
NUP155,206550_s_at,1,0.40849066
NUP210L,232598_at,1,0.12457446
LOC100128993,1560595_at,1,0.08904129
LMBR1L,220036_s_at,1,0.5119967
LIPC,206606_at,1,0.11674414
LIPC-AS1,1562038_at,1,0.110604584
LIPF,206334_at,1,0.11388142
LIPG,219181_at,1,0.10537048
LMNTD2,236050_at,1,0.31053194
LMO1,206718_at,1,0.24636343
LMO7DN,239553_at,1,0.06807713
LKAAEAR1,1554977_at,1,0.32426554
LL0XNC01-250H12.3,239284_at,1,0.26061437
LL22NC03-63E9.3,1561252_at,1,0.14668486
NXF5,234648_s_at,1,0.07194949
NXNL1,1553755_at,1,0.13245557
NXNL2,1552816_at,1,0.2151983
NXPE4,220645_at,1,0.033878908
NXPH1,232377_at,1,0.08379185
OCIAD2,225314_at,1,0.542369
OCM2,207944_at,1,0.113842785
ODAD1,233157_x_at,1,0.121968396
NXPH4,221967_at,1,0.26934177
NXT1,218708_at,1,0.6091003
NYAP1,1553288_a_at,1,0.21731618
NYAP2,233916_at,1,0.09502284
NYNRIN,220911_s_at,1,0.23679249
OAT,201599_at,1,0.6674776
NUTM2E,235332_at,1,0.24749902
NUTM2F,234414_at,1,0.10837466
NVL,207877_s_at,1,0.3995046
NWD2,230765_at,1,0.06860531
NXF1,208922_s_at,1,0.708966
LMAN1L,220420_at,1,0.11871737
LMAN2L,221274_s_at,1,0.39481175
LINC03024,231501_at,1,0.08745361
OGDHL,219277_s_at,1,0.07368068
LIPI,242178_at,1,0.122470066
LIPT1,205571_at,1,0.49861804
LIPT2-AS1,1554609_at,1,0.23153342
LITAFD,230967_s_at,1,0.297235
LITATS1,229678_at,1,0.24238507
LINC03066,1564253_at,1,0.12546657
LINC03068,1570185_at,1,0.36284712
LINC03074,237758_at,1,0.12431149
LINC03086,236674_at,1,0.092920676
LINC03093,1562078_at,1,0.1525671
LINC03095,240882_at,1,0.09156035
LINC03103,242084_at,1,0.06439405
OCA2,206498_at,1,0.20463398
OCEL1,205441_at,1,0.41722584
ODAPH,236984_at,1,0.09552897
ODC1,200790_at,1,0.75344753
ODC1-DT,244728_at,1,0.2838014
ODF1,214485_at,1,0.21592553
LINC03112,228742_at,1,0.3785854
LINGO1,227933_at,1,0.15638135
LINGO1-AS1,1562748_at,1,0.12881345
LINGO1-AS2,1561619_at,1,0.15010382
LINGO3,1560439_at,1,0.31638864
LINP1,235921_at,1,0.18736078
LINC03013,229781_at,1,0.15574774
LINC03014,233176_at,1,0.25765878
LINC03018,1556573_s_at,1,0.053684283
LINC03019,1562924_at,1,0.09220997
LINC03020,233162_at,1,0.12902668
LINC03021,1562073_at,1,0.18385342
OMP,221361_at,1,0.032341346
ONECUT1,210745_at,1,0.16116919
OGFRP1,1561537_at,1,0.09319773
LINC03026,230991_at,1,0.13384315
LINC03043,237271_at,1,0.14102857
LINC03064,230642_at,1,0.10685844
LINC02946,240428_at,1,0.12195384
LINC02961,1555322_at,1,0.13402535
LINC02985,241386_at,1,0.18507008
LINC02992,231637_at,1,0.107590355
OIP5,213599_at,1,0.3766711
OIT3,230478_at,1,0.11386193
OLFM2,223601_at,1,0.19763169
ODAD3,230807_at,1,0.31111407
ODAD4,223924_at,1,0.20760897
ODAM,220133_at,1,0.123105526
LINC02905,1564315_at,1,0.14292523
OPHN1,206323_x_at,1,0.67767113
OPLAH,222025_s_at,1,0.25100768
OPN1MW,221327_s_at,1,0.07214933
OPN1SW,208036_at,1,0.1126575
OPN4,234226_at,1,0.08444495
OLFM4,212768_s_at,1,0.3537155
OLFML1,217525_at,1,0.10257418
OLFML2A,213075_at,1,0.24580707
OLFML2B,213125_at,1,0.23917535
OLFML3,218162_at,1,0.16837429
OLIG1,228170_at,1,0.3355075
OLIG3,1556371_at,1,0.06143374
OLMALINC,232230_at,1,0.18354642
OLR1,210004_at,1,0.3223223
OMA1,226019_at,1,0.47656527
OOEP,238218_at,1,0.17426568
OOSP2,1557085_at,1,0.09588204
OPALIN,239575_at,1,0.17583463
LINC02994,1563165_at,1,0.23098196
LINC02996,1557832_at,1,0.09293463
LINC02997,1559321_at,1,0.13091199
LINC03002,239882_at,1,0.14657451
LINC03007,236977_at,1,0.1910628
LINC03008,243171_at,1,0.25134405
LINC03011,239896_at,1,0.36972544
LINC02882,224006_at,1,0.091561265
LINC02888,236161_at,1,0.12405151
LINC02891,1564109_at,1,0.083438
LINC02893,229761_at,1,0.14975631
LINC02899,1552954_at,1,0.14655459
LINC02901,230487_at,1,0.15238348
OR1E1,214515_at,1,0.15510209
OR1E2,208587_s_at,1,0.20150986
OR1E3,217224_at,1,0.18898211
OR1F1,221402_at,1,0.2620788
OR1F2P,217308_at,1,0.121083036
OR1G1,221375_at,1,0.13720983
OPRPN,208004_at,1,0.19583695
OPTC,223884_at,1,0.29725593
OR10A4,1555655_at,1,0.11212382
OR10A5,1555651_at,1,0.09514843
OR10C1,221339_at,1,0.17889033
OR10H1,208558_at,1,0.16436473
OR10H2,208543_at,1,0.057116296
OR10H3,208520_at,1,0.15775043
OR10J1,221346_at,1,0.19083256
ONECUT3,234109_x_at,1,0.25089002
LINC02861,1569577_x_at,1,0.13168418
OR2A7,223971_at,1,0.2586267
OR2B2,216408_at,1,0.15642643
OR2B3,234903_at,1,0.11844467
OR2B6,216522_at,1,0.19949545
OR2C1,221460_at,1,0.21979119
OR2C3,1555018_at,1,0.1272489
OR2F2,217302_at,1,0.12770163
OR11A1,221343_at,1,0.07871862
OR12D2,221344_at,1,0.26692063
OR12D3,221431_s_at,1,0.08934139
OR14J1,234545_at,1,0.18480752
OR1A1,221388_at,1,0.08332474
OR1A2,221445_at,1,0.11017897
OR1D2,221464_at,1,0.24116012
OR1D4,221341_s_at,1,0.10853381
OR3A3,221426_s_at,1,0.29609227
OR1I1,234403_at,1,0.30389956
OR2A1-AS1,1555890_at,1,0.16731179
OR2A20P,222290_at,1,0.1920448
LINC02907,1553919_at,1,0.19102836
LINC02909,239691_at,1,0.12246404
LINC02912,1559611_at,1,0.15761168
LINC02915,1562367_at,1,0.14035039
LINC02918,243331_at,1,0.23993894
LINC02937,236008_at,1,0.068708345
LINC02944,240746_s_at,1,0.08142353
LINC02843,1564709_at,1,0.2597745
LINC02844,244643_at,1,0.129919
LINC02850,1562860_at,1,0.0640307
LINC02853,231607_at,1,0.03176486
LINC02860,1559627_at,1,0.17874365
LINC02800,1562716_at,1,0.15026987
OR51B6,234526_at,1,0.18906088
OR51E1,229768_at,1,0.17323515
OR51I1,234626_at,1,0.20436472
OR51I2,234521_at,1,0.25141028
OR51J1,233736_at,1,0.24320363
OR51M1,234777_at,1,0.09010918
OR52A1,221329_at,1,0.19300658
OR52D1,234617_at,1,0.1989464
OR2I1P,236003_x_at,1,0.16868366
OR2J3,217334_at,1,0.08312134
OR2L13,1554706_at,1,0.09253074
OR2S2,221409_at,1,0.21076201
OR2W1,221451_s_at,1,0.11810775
OR3A1,221353_at,1,0.037136316
OR3A2,221386_at,1,0.15557288
OR4F3,234369_at,1,0.21690708
OR51A1P,234770_at,1,0.16170405
OR51B2,234486_at,1,0.2802402
OR51B4,234469_at,1,0.093883395
LINC02870,1553880_at,1,0.14765075
LINC02871,233598_at,1,0.14987758
LINC02873,1553417_at,1,0.1896409
LINC02875,1555478_at,1,0.33917138
LINC02877,1555839_a_at,1,0.0908194
LINC02878,241475_at,1,0.084255174
LINC02880,1553448_at,1,0.02453572
LINC02757,1563370_at,1,0.09100035
LINC02763,1561592_at,1,0.073463246
LINC02777,236176_at,1,0.087292194
LINC02790,241095_at,1,0.2772735
LINC02796,1562908_at,1,0.24709402
OR7E2P,215770_at,1,0.19882746
OR7E37P,217499_x_at,1,0.4650747
OR7E47P,222304_x_at,1,0.24262848
OR8B8,1555212_at,1,0.21492429
OR8D1,1555661_at,1,0.15998296
OR8D2,234766_at,1,0.12584123
OR52K3P,232829_at,1,0.19155143
OR5I1,208521_at,1,0.123836994
OR5P2,1552991_at,1,0.14316489
OR5P3,1553078_at,1,0.14891545
OR6A2,221465_at,1,0.075692885
OR6B1,234363_at,1,0.14656405
OR6W1P,1553061_at,1,0.036647275
OR7A10,217316_at,1,0.11912602
OR7A17,208509_s_at,1,0.13581657
OR4D2,1555377_at,1,0.15801992
OR7C2,208507_at,1,0.052350603
OR7D2,1562337_at,1,0.2386134
OR7E12P,216698_x_at,1,0.31116575
OR7E14P,217551_at,1,0.13889907
LINC02805,231563_at,1,0.0487711
LINC02809,221109_at,1,0.08441471
LINC02825,1561536_at,1,0.15232234
LINC02837,1562557_at,1,0.21318868
LINC02842,234288_at,1,0.09225104
LINC02688,231278_at,1,0.12406656
LINC02703,239807_at,1,0.118648574
LINC02708,242841_at,1,0.2220083
LINC02709,1562606_a_at,1,0.097752
OR7E156P,222327_x_at,1,0.31127775
OR7E19P,216536_at,1,0.09442998
OR7E24,215463_at,1,0.14821185
LINC02606,230431_at,1,0.13752915
LINC02610,231135_at,1,0.26052645
LINC02615,229006_at,1,0.2476535
LINC02616,1558574_at,1,0.1593009
LINC02619,237391_at,1,0.0810927
OSCAR,1554503_a_at,1,0.3602315
OSCP1,227359_at,1,0.18606292
ORAI1,226531_at,1,0.52418137
ORAI3,221864_at,1,0.56254053
ORC1,205085_at,1,0.35010245
ORC3,210028_s_at,1,0.46584216
ORC6,219105_x_at,1,0.55422795
ORM2,214465_at,1,0.1497174
ORMDL2,218556_at,1,0.5579605
OR7A5,208285_at,1,0.15099335
OR7C1,216690_at,1,0.14871554
OSR2,213568_at,1,0.16343565
OST4,224637_at,1,0.76692873
OSTC,223001_at,1,0.67375386
OSTCP1,1553931_at,1,0.20748891
OSTF1,204479_at,1,0.5304884
OSTM1-AS1,237357_at,1,0.08229681
LINC02716,230115_at,1,0.22464547
LINC02724,1556639_at,1,0.106739484
LINC02727,230975_at,1,0.06354075
LINC02728,1561469_at,1,0.22827539
LINC02731,238872_at,1,0.09405509
LINC02743,1563013_at,1,0.07384495
LINC02749,231028_at,1,0.13744207
LINC02753,1561446_at,1,0.14844525
LINC02754,1559410_at,1,0.28179988
LINC02603,1559129_a_at,1,0.305611
LINC02622,241143_at,1,0.25800496
LINC02624,244589_at,1,0.18562967
LINC02653,1570270_at,1,0.1021733
LINC02656,1559756_at,1,0.19182359
LINC02667,234053_at,1,0.10034506
LINC02670,1562152_at,1,0.05561142
LINC02673,234506_at,1,0.14012983
LINC02683,1560589_a_at,1,0.1799413
LINC02537,1564125_at,1,0.12974308
LINC02544,1561141_at,1,0.13274652
LINC02546,237605_at,1,0.19712158
LINC02549,1561612_at,1,0.07712596
LINC02551,1552972_at,1,0.12007509
LINC02555,233591_at,1,0.10133249
LINC02562,238632_at,1,0.12816645
OSR1,228399_at,1,0.04725491
OVCH1-AS1,240818_at,1,0.22224402
OVGP1,205432_at,1,0.35719055
OVOL1-AS1,230617_at,1,0.19193916
OVOL3,216311_at,1,0.06351088
OVOS2,228245_s_at,1,0.5242429
OXA1L,208717_at,1,0.6521887
OTC,207200_at,1,0.05439797
OTOA,1553432_s_at,1,0.20261285
OTOGL,1553746_a_at,1,0.08805792
OTOR,221209_s_at,1,0.1699549
OTOS,242883_at,1,0.1598749
OTUD3,213216_at,1,0.40219137
OTUD6B,222825_at,1,0.48429176
OSGEP,209450_at,1,0.48482457
OSGIN1,219475_at,1,0.12339033
LINC02620,1561573_at,1,0.19209982
P2RX4,204088_at,1,0.4658028
P2RX5,210448_s_at,1,0.5821643
OTX1,238839_at,1,0.16364917
OTX2-AS1,1561319_at,1,0.114986904
LINC02577,1561254_at,1,0.16197923
LINC02579,1562776_at,1,0.17513804
LINC02580,241504_at,1,0.1614037
LINC02582,237552_at,1,0.09295897
LINC02595,1564295_at,1,0.1202264
LINC02492,237312_at,1,0.092675835
LINC02493,1561454_at,1,0.21912646
LINC02499,240380_at,1,0.18328702
LINC02502,231347_at,1,0.1422969
LINC02504,234773_x_at,1,0.1738458
LINC02510,1569811_at,1,0.09728431
OVAAL,1557060_at,1,0.12189928
P2RY4,221466_at,1,0.25406823
P2RY6,208373_s_at,1,0.20124027
P2RY8,229686_at,1,0.69379175
P3H1,220750_s_at,1,0.48096684
P3H3,204854_at,1,0.11270533
P3H4,204078_at,1,0.18518075
OXCT1,202780_at,1,0.54068875
OXER1,1553222_at,1,0.3554471
OXGR1,1553319_at,1,0.07511632
OXNAD1,227686_at,1,0.39774892
OXSM,219133_at,1,0.44946975
OXSR1,202696_at,1,0.5540588
OXT,207576_x_at,1,0.15008974
OXTR,206825_at,1,0.27176002
P2RX1,210401_at,1,0.61867934
P2RX3,208338_at,1,0.09468044
LINC02517,243408_at,1,0.17029668
LINC02520,242095_at,1,0.09247342
LINC02523,1569647_at,1,0.18433094
LINC02525,1569372_at,1,0.04231735
LINC02530,1561565_at,1,0.07262949
LINC02533,1564144_at,1,0.08034047
LINC02535,234219_at,1,0.17342286
LINC02419,243794_at,1,0.18447374
LINC02421,1561253_at,1,0.061069664
LINC02424,1568711_a_at,1,0.06597017
LINC02426,1562923_at,1,0.12263449
LINC02431,1561228_at,1,0.16817363
LINC02433,1560823_at,1,0.06736316
LINC02436,1557631_at,1,0.14488807
P2RY14,206637_at,1,0.35215423
P2RY2,206277_at,1,0.23148586
LINC02458,1559595_at,1,0.109427646
LINC02465,1562737_at,1,0.07967668
LINC02466,1557753_at,1,0.0922219
LINC02475,1557219_at,1,0.11240596
LINC02483,1562983_at,1,0.15305488
LINC02366,231446_at,1,0.06543295
LINC02367,1561087_at,1,0.13067308
LINC02372,240268_at,1,0.16026045
LINC02375,1563135_at,1,0.10993168
LINC02380,1570262_at,1,0.18269135
LINC02381,226582_at,1,0.119753204
PABPC1L2B,1557203_at,1,0.27891922
PABPC3,208113_x_at,1,0.86072564
P2RY11,214546_s_at,1,0.23845994
P2RY13,220005_at,1,0.33544022
LINC02511,243844_at,1,0.07747868
LINC02325,1563007_at,1,0.24047951
PAFAH1B3,203228_at,1,0.4888947
PAGE1,206897_at,1,0.17570782
PAGE4,205564_at,1,0.19953728
PABPC4,201064_s_at,1,0.7188404
PABPC4L,238865_at,1,0.16594392
PABPC5,233136_at,1,0.058840998
PACRG-AS1,1561373_at,1,0.08973526
PACRG-AS3,243122_at,1,0.1628138
PACSIN3,218744_s_at,1,0.13163652
P3R3URF,241325_at,1,0.12843056
P4HA1,207543_s_at,1,0.5173553
P4HA3-AS1,1562044_at,1,0.15485673
P4HTM,222125_s_at,1,0.49462932
LINC02443,1563300_at,1,0.13358591
LINC02450,242159_at,1,0.2814329
PAEP,206859_s_at,1,0.059616145
PAF1,202093_s_at,1,0.4781671
LINC02387,240944_at,1,0.10673804
LINC02388,239584_at,1,0.14633898
LINC02395,1569756_at,1,0.09152205
LINC02400,243035_at,1,0.08506622
LINC02401,1557848_at,1,0.14532577
LINC02402,1561544_at,1,0.11470393
LINC02405,1561528_at,1,0.1538535
LINC02415,1557235_at,1,0.09794055
LINC02283,237696_at,1,0.2258099
LINC02287,1562885_at,1,0.20845488
LINC02297,1562223_at,1,0.061352547
LINC02303,243200_at,1,0.09079413
LINC02314,237601_at,1,0.16077836
LINC02318,1559665_at,1,0.07772501
LINC02245,1570006_at,1,0.13331294
LINC02250,1560717_at,1,0.0989228
PAMR1,213661_at,1,0.12128442
PAN2,203117_s_at,1,0.4910107
PAN3,225563_at,1,0.7395122
PAN3-AS1,243092_at,1,0.3445948
PANK1,226649_at,1,0.24067123
PANK4,218771_at,1,0.45041862
PANTR1,230184_at,1,0.1386818
PAIP2B,221868_at,1,0.1616867
PAK1IP1,218886_at,1,0.4290402
PAK6-AS1,239470_at,1,0.08521814
PALB2,219530_at,1,0.36898318
PALD1,231887_s_at,1,0.26463264
PALM,203859_s_at,1,0.32944202
PADI3,220779_at,1,0.18117973
PAPOLA-DT,1558128_at,1,0.29711223
PAPSS1,209043_at,1,0.5783644
PAQR4,212858_at,1,0.3351152
PALM3,231018_at,1,0.075787716
PAM16,218969_at,1,0.45310357
LINC02339,1560566_at,1,0.10502703
LINC02345,1563271_at,1,0.19290017
LINC02347,1561294_a_at,1,0.10160609
LINC02349,231473_at,1,0.12521
LINC02350,243485_at,1,0.21173678
LINC02353,1563116_at,1,0.06762992
LINC02355,1561305_at,1,0.14592251
LINC02361,238141_s_at,1,0.17535152
LINC02240,1562934_at,1,0.13873087
LINC02241,1559316_at,1,0.112881325
LINC02243,1563059_at,1,0.118693635
LINC02254,1562720_at,1,0.118359886
LINC02256,234423_x_at,1,0.5211082
LINC02260,1562540_at,1,0.08738704
LINC02264,238251_at,1,0.0809742
LINC02269,238284_at,1,0.08237535
LINC02270,1563287_at,1,0.094787285
LINC02273,1559205_s_at,1,0.30137083
LINC02274,1557921_s_at,1,0.06793112
LINC02282,1560482_at,1,0.07714741
LINC02180,240894_at,1,0.12323334
LINC02186,1568908_at,1,0.117633596
LINC02189,1557511_at,1,0.13611296
LINC02192,1561055_at,1,0.0769499
LINC02199,1561572_at,1,0.138022
LINC02201,1562801_at,1,0.13792434
LINC02204,1561673_at,1,0.14078526
LINC02140,240697_at,1,0.13833748
LINC02145,1563969_at,1,0.26648596
PARP11-AS1,244798_at,1,0.24120389
PARP12,218543_s_at,1,0.5680257
PARP16,219034_at,1,0.44041184
PARP3,209940_at,1,0.30998817
PARP4,202239_at,1,0.60958534
PAQR6,219236_at,1,0.3065814
PAQR7,242123_at,1,0.34000033
PARAIL,231412_at,1,0.32464078
PARD3-DT,230545_at,1,0.13546534
PARD6A,205245_at,1,0.3392341
PARG,205060_at,1,0.38783035
PARGP1,223766_at,1,0.46918303
PARK7,200006_at,1,0.8053442
PANX3,240955_at,1,0.08631989
PATE2,243268_at,1,0.21767654
PATL2,230753_at,1,0.41229215
PARM1-AS1,221183_at,1,0.08155885
PARN,203905_at,1,0.46767512
PARP1,208644_at,1,0.6243432
LINC02209,1569887_a_at,1,0.20656557
LINC02211,1562866_at,1,0.17143576
LINC02218,244269_at,1,0.17158817
LINC02221,237676_at,1,0.13595538
LINC02225,1561210_at,1,0.11584519
LINC02226,1561061_at,1,0.24342546
LINC02119,1560716_at,1,0.19227105
LINC02123,1560298_at,1,0.07024531
LINC02126,1563121_at,1,0.18834127
LINC02135,1562623_at,1,0.11117444
LINC02139,1562659_at,1,0.09371796
PARS2,227348_at,1,0.16789977
PARTICL,238887_at,1,0.2226615
LINC02148,1557443_s_at,1,0.06788953
LINC02149,233680_at,1,0.14301215
LINC02150,1562597_at,1,0.13753924
LINC02152,234434_at,1,0.13513446
LINC02171,1560911_at,1,0.18282428
LINC02172,215298_at,1,0.16241573
LINC02179,1561224_at,1,0.079801716
LINC02064,241945_at,1,0.29367432
LINC02065,1561806_at,1,0.11191063
LINC02067,229420_at,1,0.52162844
LINC02070,1561525_at,1,0.07825523
LINC02071,1569805_at,1,0.15548559
LINC02078,1563119_at,1,0.2580139
PASD1,240687_at,1,0.128431
PC,204476_s_at,1,0.18524662
PCARE,1556312_at,1,0.07636604
LINC02086,239332_at,1,0.1182997
LINC02091,244366_at,1,0.19768466
LINC02097,1561389_at,1,0.23364624
LINC02109,244785_at,1,0.16721976
LINC02114,1557787_at,1,0.14340684
LINC02116,240817_at,1,0.13091631
LINC02016,1570292_at,1,0.08248386
LINC02023,1564323_at,1,0.17833465
LINC02026,1564539_at,1,0.09125854
LINC02028,1557004_at,1,0.053572506
LINC02029,1561723_at,1,0.21980898
LINC02032,237684_at,1,0.13619722
LINC02035,229699_at,1,0.43654257
PAXIP1,212825_at,1,0.52318245
LINC02043,1561571_at,1,0.38758367
LINC02044,1563913_at,1,0.1005767
LINC02047,1561519_at,1,0.10806765
LINC02052,1557871_at,1,0.116214685
LINC02059,1557424_at,1,0.05691653
LINC02060,1561473_at,1,0.07329705
LINC01957,1563170_at,1,0.15493967
LINC01963,214717_at,1,0.2538121
LINC01968,1559715_at,1,0.19554736
LINC01970,1568899_at,1,0.185822
LINC01974,240693_at,1,0.08878265
LINC01977,239639_at,1,0.07862525
LINC01981,1561877_at,1,0.11057616
PBX3,204082_at,1,0.49116942
PBX3-DT,220752_at,1,0.1209198
PBX4,230536_at,1,0.3145255
PCDH8,206935_at,1,0.101229094
PCDHA12,210674_s_at,1,0.074978195
PCAT18,1559276_at,1,0.20153667
PCAT19,230132_at,1,0.19429037
PCAT6,231233_at,1,0.29465225
PCAT7,1559861_at,1,0.15199524
PCBD1,203557_s_at,1,0.31599176
PCBP1,208620_at,1,0.7891963
PCBP3,205663_at,1,0.2532461
PCBP4,209361_s_at,1,0.3206728
PCCA-DT,240616_at,1,0.28586555
PAXIP1-DT,235587_at,1,0.49319494
PAXX,226070_at,1,0.4172921
PBK,219148_at,1,0.33824083
LINC02036,240100_at,1,0.12236931
LINC02042,1569786_at,1,0.22943157
LINC01986,1563188_at,1,0.11015399
LINC01988,241568_at,1,0.15973532
LINC01992,1568904_at,1,0.17218494
LINC01996,1560513_at,1,0.073368944
LINC01998,1561408_at,1,0.1997732
LINC02003,1564402_at,1,0.07745262
LINC02008,1569789_at,1,0.1225659
LINC02011,1563572_at,1,0.1561163
LINC01898,1556909_at,1,0.12523332
LINC01904,1563117_at,1,0.15891682
LINC01905,241064_at,1,0.15597868
LINC01913,237111_at,1,0.049097862
LINC01917,1560954_at,1,0.10153294
LINC01920,1562463_at,1,0.21564664
PCDH19,227282_at,1,0.09433354
PCDH20,232054_at,1,0.082116544
PCDHGA4,1552735_at,1,0.21187143
PCDHGA8,210368_at,1,0.21584387
PCDHGA9,211873_s_at,1,0.08625836
PCDHGB5,211807_x_at,1,0.31183386
PCDHA3,211870_s_at,1,0.059875175
PCDHA5,211838_x_at,1,0.16027999
PCDHA6,211811_s_at,1,0.08393945
PCDHAC2,224539_s_at,1,0.047235727
PCDHB1,221303_at,1,0.16984046
PCDHB10,223854_at,1,0.12804809
PCDHB11,208504_x_at,1,0.037976693
PCDHB12,221408_x_at,1,0.09600261
PCDHB14,231726_at,1,0.11727856
PCDHB16,232099_at,1,0.114596784
PCDH10-DT,1562389_at,1,0.09393139
PCDH12,219656_at,1,0.18290243
PCDHB7,231738_at,1,0.17476167
PCDHB8,221319_at,1,0.10568381
LINC01924,1561455_at,1,0.109812655
LINC01926,240276_at,1,0.19124262
LINC01927,244564_at,1,0.12187788
LINC01936,1559605_a_at,1,0.100525044
LINC01943,236787_at,1,0.2583772
LINC01844,1564083_at,1,0.08966021
LINC01845,1561401_at,1,0.08281979
LINC01847,1563484_at,1,0.29204717
LINC01852,1559348_a_at,1,0.049389973
LINC01854,1560750_at,1,0.15755036
LINC01857,239287_at,1,0.37526134
LINC01858,1570127_at,1,0.1028821
PCDHB9,223927_at,1,0.11475234
PCDHGA10,211875_x_at,1,0.057690807
LINC01875,1563250_at,1,0.2736465
LINC01876,1569681_at,1,0.1004267
LINC01877,1562523_at,1,0.10472522
LINC01883,237871_x_at,1,0.051027995
LINC01887,243721_at,1,0.11925458
LINC01799,244372_at,1,0.11217333
LINC01800,1559787_at,1,0.19113398
LINC01808,234433_at,1,0.07327257
LINC01809,1563427_at,1,0.13770519
LINC01812,1569727_at,1,0.16426279
LINC01813,1562310_at,1,0.11452618
PCED1B,228298_at,1,0.35645813
PCED1B-AS1,241947_at,1,0.3129139
PCF11-AS1,239926_at,1,0.22221355
PCGF3-AS1,1559528_at,1,0.11565114
PCDHB5,223629_at,1,0.09174199
LINC01753,241521_at,1,0.1222623
PCP4,205549_at,1,0.11767114
PCP4L1,241382_at,1,0.22960334
PCSK1,205825_at,1,0.0838933
PCSK1N,218952_at,1,0.2567555
PCSK4,230901_x_at,1,0.26410303
PCGF6,224326_s_at,1,0.4026078
PCK1,208383_s_at,1,0.1171422
PCK2,202847_at,1,0.48092222
PCNA,201202_at,1,0.702672
PCDHGB6,221682_s_at,1,0.14827293
PCDHGB8P,234029_at,1,0.072754644
LINC01859,234831_at,1,0.10369253
LINC01864,1562786_at,1,0.11132153
LINC01869,1554222_at,1,0.16276154
LINC01874,231256_at,1,0.12321405
PCOTH,222277_at,1,0.16780305
LINC01815,237668_at,1,0.110934846
LINC01816,230325_at,1,0.124622434
LINC01821,1563027_at,1,0.14793353
LINC01828,1563185_at,1,0.08155996
LINC01831,1563298_at,1,0.11914101
LINC01834,1569305_a_at,1,0.320616
LINC01838,1556914_at,1,0.083575785
LINC01842,1560576_at,1,0.10955739
LINC01843,1568643_a_at,1,0.13171087
LINC01734,1562829_at,1,0.117733784
LINC01737,1563391_at,1,0.2298502
LINC01741,1569807_at,1,0.24042003
LINC01743,1563074_at,1,0.045789666
LINC01750,1568794_at,1,0.14174403
LINC01751,1562760_at,1,0.043225043
LINC01700,1561481_at,1,0.15521495
LINC01706,1561474_at,1,0.13767998
PDCL2,237477_at,1,0.07549339
PDCL3,219043_s_at,1,0.57380736
PDE11A-AS1,237375_at,1,0.12326286
PCSK9,227759_at,1,0.22641513
PCTP,218676_s_at,1,0.46479225
PCYOX1L,218953_s_at,1,0.47369936
PDC,211496_s_at,1,0.14442737
PDCD1,207634_at,1,0.18908966
PDCD10,210907_s_at,1,0.72506005
PDCD2L,224467_s_at,1,0.37104425
PCNX3,227858_at,1,0.33499336
PCOLCE,202465_at,1,0.17491429
PCOLCE-AS1,1560939_at,1,0.23935875
PCOLCE2,219295_s_at,1,0.28654185
LINC01654,1561311_at,1,0.10098015
PDE4DIPP6,230837_at,1,0.32607776
PDE6A,206623_at,1,0.11248998
PDE6B-AS1,238085_at,1,0.17864795
PDCD4-AS1,222307_at,1,0.4329689
PDCD6-AHRR,229354_at,1,0.22621298
LINC01756,1562589_at,1,0.13594292
LINC01775,1563404_at,1,0.15522684
LINC01782,1570013_at,1,0.072573334
LINC01785,1556405_s_at,1,0.07992014
LINC01788,1562046_at,1,0.08612371
LINC01792,1568812_at,1,0.14017189
LINC01798,233249_at,1,0.09987815
LINC01692,1561290_at,1,0.07383968
LINC01694,1568817_at,1,0.17576483
LINC01697,237351_at,1,0.11575806
PDE1B,206444_at,1,0.07865566
PDE2A,204134_at,1,0.18704095
LINC01711,220698_at,1,0.095281415
LINC01718,240887_at,1,0.23872885
LINC01720,1562558_at,1,0.086526774
LINC01722,1561678_at,1,0.09815832
LINC01723,231333_at,1,0.18758225
LINC01725,1562341_at,1,0.1420278
LINC01730,1559252_a_at,1,0.1974775
LINC01731,244843_x_at,1,0.13352874
LINC01635,1559372_at,1,0.19509958
LINC01644,1560550_at,1,0.12247458
LINC01647,1561732_at,1,0.11388993
LINC01648,1562869_at,1,0.25647444
LINC01649,1561516_at,1,0.107352786
LINC01653,1569738_at,1,0.21529421
LINC01657,1555085_at,1,0.16108435
LINC01664,1569426_at,1,0.23698114
LINC01667,240814_at,1,0.16767927
LINC01676,1562719_at,1,0.27695122
LINC01679,238926_at,1,0.15092947
LINC01686,231427_at,1,0.12295813
LINC01687,1563107_at,1,0.1067659
LINC01689,1562634_at,1,0.17925374
LINC01583,1559497_at,1,0.09162527
LINC01585,1569833_at,1,0.07110709
LINC01587,207241_at,1,0.111683786
LINC01590,230506_at,1,0.12077381
LINC01592,1561881_at,1,0.09880114
LINC01599,1564785_at,1,0.22678612
PDE9A-AS1,1569802_at,1,0.12689534
PDF,219575_s_at,1,0.49475977
LINC01554,239380_at,1,0.21679361
LINC01555,1563743_at,1,0.13222897
PDPR2P,1558999_x_at,1,0.18838583
PDRG1,225075_at,1,0.525903
PDGFRB,202273_at,1,0.22859815
PDGFRL,205226_at,1,0.0635236
PDHA2,214518_at,1,0.18808563
PDHX,203067_at,1,0.50372076
PDIA5,203857_s_at,1,0.44622046
PDIK1L,227255_at,1,0.43366703
PDILT,1554970_at,1,0.06498166
PDE6C,211093_at,1,0.049725045
PDE6G,210060_at,1,0.18712783
PDE6H,206841_at,1,0.13629593
PDE7B-AS1,1559124_at,1,0.060157195
LINC01656,1563247_at,1,0.11612451
PDXP,223290_at,1,0.47117558
PDYN,206803_at,1,0.0628827
PDZD11,223037_at,1,0.50925493
PDZD4,223543_at,1,0.20433597
PDZD9,241572_at,1,0.10014955
PDLIM1,208690_s_at,1,0.6837533
LINC01600,1553363_at,1,0.16760497
LINC01613,1561278_at,1,0.16223891
LINC01614,229479_at,1,0.11289649
LINC01616,237509_at,1,0.08900621
LINC01618,1564881_at,1,0.07613347
LINC01619,1564150_a_at,1,0.17853546
LINC01622,1557618_at,1,0.09165398
LINC01549,240801_at,1,0.20032604
LINC01551,243061_at,1,0.14912479
LINC01553,1556648_a_at,1,0.09926239
LINC01560,239034_at,1,0.2712217
LINC01561,236855_at,1,0.1659487
LINC01563,244824_at,1,0.19296993
LINC01565,208440_at,1,0.06512751
LINC01566,1561518_at,1,0.286498
LINC01569,229592_at,1,0.28133193
LINC01579,1562308_at,1,0.08947237
LINC01580,1554891_at,1,0.06501766
LINC01581,1561247_at,1,0.16679236
LINC01520,1560862_at,1,0.20345837
LINC01521,224073_at,1,0.08197645
LINC01523,231492_at,1,0.12104775
LINC01525,240273_at,1,0.12788148
LINC01526,1562157_at,1,0.04969899
LINC01527,1560760_s_at,1,0.08437323
LINC01530,1559093_at,1,0.20814936
LINC01533,1562728_at,1,0.20183215
LINC01535,1560238_at,1,0.0866979
LINC01537,1559725_at,1,0.09261297
LINC01538,1561090_at,1,0.10656207
LINC01539,237344_at,1,0.11270746
LINC01541,241291_at,1,0.09969195
LINC01545,1563327_a_at,1,0.10724396
LINC01465,1557312_at,1,0.26557767
LINC01467,1570234_at,1,0.119626135
LINC01477,1569741_at,1,0.15190804
LINC01487,1557498_a_at,1,0.06230828
LINC01490,1559837_at,1,0.12035449
LINC01492,1568919_at,1,0.095686756
PEAR1,228618_at,1,0.24973871
PEBP4,227848_at,1,0.20166212
PEF1,217923_at,1,0.57198703
LINC01416,1561339_at,1,0.17592399
LINC01419,1559213_at,1,0.049265634
LINC01424,242798_at,1,0.20500395
PEX11B,202658_at,1,0.4955982
PEX11G,244126_at,1,0.1881212
PEX12,205094_at,1,0.37448716
PEG3-AS1,230068_s_at,1,0.115156345
PELATON,237255_at,1,0.1683087
PELI3,235431_s_at,1,0.2724363
PELP1-DT,242754_at,1,0.14018887
PEMT,207621_s_at,1,0.46578
PEPD,202108_at,1,0.47854355
PDZK1,205380_at,1,0.11006725
PDZRN3-AS1,238165_at,1,0.05903799
PDZRN4,220595_at,1,0.119310394
LINC01532,1559303_at,1,0.15995081
PFAS,213302_at,1,0.48654565
PFDN1,201507_at,1,0.536119
PFDN2,218336_at,1,0.66084653
PERM1,224501_at,1,0.08916504
PET100,226006_at,1,0.69437116
LINC01494,1562116_at,1,0.23344024
LINC01500,241283_at,1,0.07734011
LINC01503,229296_at,1,0.09368958
LINC01504,230279_at,1,0.24223578
LINC01511,240162_at,1,0.21875343
LINC01512,1564012_at,1,0.20193172
LINC01514,1561527_at,1,0.06435602
LINC01516,1561262_at,1,0.0977285
LINC01395,1563070_at,1,0.11583176
LINC01398,1568938_at,1,0.20828083
LINC01405,230195_at,1,0.110589124
LINC01425,1561029_at,1,0.060298126
LINC01426,232804_at,1,0.1329307
LINC01428,1563127_at,1,0.12182807
LINC01431,230366_at,1,0.211976
LINC01432,1563246_at,1,0.09334433
LINC01440,1561270_at,1,0.20917477
LINC01442,1564561_at,1,0.10859294
LINC01448,1562982_at,1,0.11926219
LINC01449,1570224_at,1,0.13446213
LINC01346,1566737_at,1,0.12819673
LINC01347,234664_at,1,0.10264775
LINC01348,241533_at,1,0.17346586
LINC01350,231350_at,1,0.09926145
LINC01354,239822_at,1,0.0686925
PF4,206390_x_at,1,0.46465033
PF4V1,207815_at,1,0.19208108
LINC01359,1562103_at,1,0.26739284
LINC01362,1562742_at,1,0.18956855
LINC01364,237760_at,1,0.07153509
LINC01365,1556494_at,1,0.14686438
LINC01393,1561795_at,1,0.11236046
LINC01281,1564460_at,1,0.043534044
LINC01282,1563073_at,1,0.111318395
LINC01289,1560337_at,1,0.11852345
LINC01293,1560240_at,1,0.076938584
LINC01300,1569297_at,1,0.11544532
LINC01304,237343_at,1,0.15307732
PFN2,204992_s_at,1,0.32036096
PGA5,213265_at,1,0.18127702
PGAM1,200886_s_at,1,0.7650927
PGAM2,205736_at,1,0.07793189
PEX5L-AS2,240708_at,1,0.07953076
LINC01333,1560565_at,1,0.06705111
LINC01339,241327_at,1,0.20528224
LINC01341,230541_at,1,0.27454162
LINC01342,1562788_at,1,0.10123957
LINC01343,1562510_at,1,0.04516585
LINC01227,240938_at,1,0.047775462
LINC01231,1562861_at,1,0.34989607
LINC01233,236768_at,1,0.07988351
LINC01241,1560836_at,1,0.1432718
LINC01242,1561414_at,1,0.07253659
PGK2,217009_at,1,0.21357125
PGLYRP1,207384_at,1,0.42539242
PFKFB3,202464_s_at,1,0.5863514
PFKM,210976_s_at,1,0.45682555
PFN1,200634_at,1,0.8173471
LINC01356,1564413_at,1,0.14465669
PHB2,201600_at,1,0.8022686
PHC2-AS1,238290_at,1,0.115575425
PHETA1,229690_at,1,0.2686826
PHETA2,226504_at,1,0.3129095
PGLYRP2,242817_at,1,0.16489814
PGLYRP3,1553059_at,1,0.077751614
PGLYRP4,220944_at,1,0.21385826
PGM1,201968_s_at,1,0.5700517
PGM5P2,1560431_at,1,0.16172259
PGP,222622_at,1,0.5252393
PGBD1,235411_at,1,0.28107095
PGBD3,232287_at,1,0.3027365
PGBD4,243815_at,1,0.3394028
LINC01305,1557570_a_at,1,0.14923058
LINC01310,1557588_at,1,0.10717093
LINC01315,229930_at,1,0.15707959
LINC01142,1557682_a_at,1,0.09252953
LINC01144,1564697_a_at,1,0.17722325
LINC01148,1561442_at,1,0.1674982
PHACTR3,227949_at,1,0.20751737
LINC01243,1563174_at,1,0.13129245
LINC01252,1557826_at,1,0.22165662
LINC01254,1561083_at,1,0.14776793
LINC01255,241308_at,1,0.13451605
LINC01257,234493_at,1,0.05628209
LINC01267,234171_at,1,0.120142385
LINC01270,1556896_at,1,0.16331713
LINC01271,1562549_at,1,0.13682525
LINC01193,231132_at,1,0.265242
LINC01204,1561352_at,1,0.09423346
LINC01208,237274_at,1,0.27590242
PHB1P19,238788_at,1,0.2699498
LINC01116,228564_at,1,0.07675875
LINC01118,237840_at,1,0.12535822
PHKA1-AS1,237219_at,1,0.06296103
PHKG1,207312_at,1,0.17687403
PHEX-AS1,1558666_at,1,0.16271168
PHF13,225005_at,1,0.5212137
LINC01209,1561091_at,1,0.05634481
LINC01213,241247_at,1,0.09116013
LINC01214,239736_at,1,0.11295732
LINC01215,236198_at,1,0.5682523
LINC01220,1563373_at,1,0.10315839
LINC01222,1561411_at,1,0.22747247
LINC01224,233142_at,1,0.22683083
LINC01226,1563802_at,1,0.20987888
LINC01139,235599_at,1,0.11715986
LINC01141,1557373_at,1,0.16970928
PHOX2B,207009_at,1,0.12982379
PHYH,203335_at,1,0.50440663
PHYHD1,226846_at,1,0.28571382
PHF2P1,1561961_at,1,0.1256847
PHF5A,225309_at,1,0.625015
LINC01149,1569779_at,1,0.05589662
LINC01153,1560690_at,1,0.09267203
LINC01159,244797_at,1,0.1771675
LINC01165,1564490_at,1,0.1513167
LINC01169,1563132_at,1,0.16029665
LINC01180,1561400_at,1,0.072601005
LINC01186,1559929_at,1,0.1913167
LINC01107,1562214_at,1,0.21778226
LINC01111,1570155_at,1,0.19578882
LINC01114,239879_at,1,0.09457557
LINC01115,1562844_at,1,0.14480923
PI4K2B,222631_at,1,0.4528595
PI4KA,207081_s_at,1,0.5864454
PI4KAP1,213408_s_at,1,0.7307878
PIAS3,203035_s_at,1,0.3834184
PHOSPHO1,236218_at,1,0.15956084
LINC01119,230799_at,1,0.25764707
LINC01121,1562601_at,1,0.13827546
LINC01126,1555124_at,1,0.34248352
LINC01127,1560679_at,1,0.11926556
LINC01082,231580_at,1,0.14350727
LINC01085,240167_at,1,0.08770122
LINC01087,1557843_at,1,0.11029236
LINC01088,230781_at,1,0.13642737
LINC01093,1559573_at,1,0.17599389
PHOSPHO2,230434_at,1,0.31624952
PHOX2A,214609_at,1,0.24457797
PHYHIPL,226623_at,1,0.27048615
PI16,228312_at,1,0.3226983
LINC01094,229635_at,1,0.14933722
LINC01095,240685_at,1,0.15295361
LINC01096,236112_at,1,0.18428399
LINC01097,1562683_a_at,1,0.108817235
LINC01098,1561566_at,1,0.0929815
LINC01101,1553385_at,1,0.1622027
LINC01102,230495_at,1,0.10223856
LINC01103,1564595_at,1,0.11870786
LINC01104,1563679_at,1,0.0858523
LINC01003,235174_s_at,1,0.5477123
LINC01007,233135_at,1,0.17350608
LINC01010,237731_at,1,0.037535608
LINC01012,1568826_at,1,0.10698986
LINC01015,231571_at,1,0.16622876
PIBF1,213239_at,1,0.44765228
PICK1,204746_s_at,1,0.33173296
PICSAR,1559254_at,1,0.14483762
LINC01018,1559033_at,1,0.16005212
LINC01019,1561251_at,1,0.16471827
LINC01023,231046_at,1,0.18666334
LINC01029,1560832_at,1,0.12568355
LINC01049,1563063_at,1,0.2754738
LINC01069,1561298_at,1,0.103850394
LINC00951,1562219_at,1,0.17872036
LINC00954,232664_at,1,0.24471185
LINC00955,1553912_at,1,0.0909411
LINC00958,231924_at,1,0.1995476
PIERCE2,243309_at,1,0.24666336
PIGA,205281_s_at,1,0.55576575
PHYHIP,205325_at,1,0.09708604
LINC00964,1562703_at,1,0.14582448
LINC00967,230978_at,1,0.14465216
LINC00968,243813_at,1,0.15345533
LINC00970,1561555_at,1,0.119260035
LINC00993,237339_at,1,0.18904234
LINC00996,1560762_at,1,0.17336306
LINC01002,225899_x_at,1,0.6313853
LINC00922,231518_at,1,0.12810825
LINC00923,234017_at,1,0.081328474
LINC00924,1558881_at,1,0.13086799
LINC00928,1556452_a_at,1,0.23921412
LINC00929,1562972_at,1,0.09810281
PIGP,221689_s_at,1,0.5832757
PIGS,223148_at,1,0.5277343
PIGU,225903_at,1,0.4071814
PIGW,1558292_s_at,1,0.427136
PIK3C2B,204484_at,1,0.4736152
LINC00930,1556768_at,1,0.25421134
LINC00933,232131_at,1,0.12814066
LINC00934,1564060_at,1,0.07677889
LINC00939,216209_at,1,0.093752176
LINC00943,231440_at,1,0.18876256
LINC00892,1559648_at,1,0.13054508
LINC00895,1561707_at,1,0.060048144
LINC00896,1553658_at,1,0.18732807
LINC00900,239675_at,1,0.13684367
LINC00901,1556617_a_at,1,0.07227916
LINC00905,1562914_a_at,1,0.13484845
PIK3C2G,215129_at,1,0.16105224
PIK3CA-DT,1562190_at,1,0.09381968
PIK3CD-AS1,1559638_at,1,0.16314757
PIGH,209625_at,1,0.48052442
LINC00868,1556533_at,1,0.28548023
PIP,206509_at,1,0.2746562
PIP4K2C,218942_at,1,0.45470798
PIP4P1,225287_s_at,1,0.61761516
PIP4P2,226338_at,1,0.43231568
PIP5K1C,212518_at,1,0.43992072
PIK3IP1-DT,242666_at,1,0.3038513
PIK3R6,1558770_a_at,1,0.31653643
PIM1,209193_at,1,0.60555947
PIM2,204269_at,1,0.5089873
PIM3,224739_at,1,0.6649501
PIMREG,221591_s_at,1,0.26738343
PIN1,202927_at,1,0.58013505
PIGZ,220041_at,1,0.35599908
PIH1D1,217872_at,1,0.59868336
PIH1D2,235062_at,1,0.16413416
PINK1-AS,244486_at,1,0.23702765
PINLYP,213556_at,1,0.33805797
PINX1,223907_s_at,1,0.4188554
PINX1-DT,244135_at,1,0.20327201
LINC00906,1557550_at,1,0.08585409
LINC00911,241312_at,1,0.14826174
LINC00917,234925_at,1,0.12853871
LINC00919,231627_at,1,0.18674515
LINC00920,229363_at,1,0.16861695
LINC00921,243547_at,1,0.26101708
LINC00856,1556754_at,1,0.26749724
LINC00857,1569322_at,1,0.087418675
LINC00858,1563821_at,1,0.101887636
LINC00862,1562909_at,1,0.08936635
LINC00865,232239_at,1,0.42161816
LINC00867,237385_at,1,0.084507465
PJA2,201133_s_at,1,0.58780295
PJVK,235365_at,1,0.2985025
PKD1L1-AS1,221172_at,1,0.11519
PKD1P1,221501_x_at,1,0.7756978
PKD1P6-NPIPP1,214682_at,1,0.26570094
PIP5KL1,243116_at,1,0.18021315
PIPOX,221605_s_at,1,0.2759775
PIR,207469_s_at,1,0.17009735
PIRC66,235403_at,1,0.16549625
PIRT,232887_at,1,0.14436187
PISD,202392_s_at,1,0.45872054
PITPNA-AS1,228972_at,1,0.41441408
PITPNB,202522_at,1,0.6154906
PITPNM1,203826_s_at,1,0.41407403
PITRM1-AS1,1557610_at,1,0.19289336
PIN1P1,207582_at,1,0.33345836
PIWIL4,230480_at,1,0.42965364
LINC00870,1557602_at,1,0.03733675
LINC00877,243954_at,1,0.16331962
LINC00879,1556406_at,1,0.044765033
LINC00880,1561402_at,1,0.116804354
LINC00881,243687_at,1,0.109512724
LINC00882,1569885_at,1,0.091582015
LINC00886,230780_at,1,0.20640293
LINC00887,1564485_at,1,0.091919735
LINC00705,1560472_at,1,0.24068639
LINC00708,237529_at,1,0.13116544
LINC00710,231421_at,1,0.07792084
LINC00836,240578_at,1,0.1402304
LINC00837,215929_at,1,0.05466109
LINC00838,1561984_at,1,0.1243204
PJA1,218667_at,1,0.50121826
PLA2G15,204458_at,1,0.3893312
PLA2G1B,206311_s_at,1,0.16797987
PLA2G2A,203649_s_at,1,0.20687702
PLA2G2D,220423_at,1,0.029641068
PKD2,203688_at,1,0.4804679
PKD2L1,221061_at,1,0.26006052
PKDCC,225380_at,1,0.11931073
PKDREJ,220548_at,1,0.07808197
PKIA-AS1,1569218_at,1,0.08960084
PKIG,202732_at,1,0.5544726
PKMYT1,204267_x_at,1,0.4599431
PKN1,202161_at,1,0.49143603
PITX1-AS1,220375_s_at,1,0.3880391
PITX2,207558_s_at,1,0.1313848
PITX3,208277_at,1,0.057845283
PIWIL1,214868_at,1,0.1370366
PLA2G4F,235958_at,1,0.20714973
PLA2G7,206214_at,1,0.2194539
LINC00841,1564178_at,1,0.1008056
LINC00844,230577_at,1,0.07452971
LINC00845,238298_at,1,0.05788401
LINC00847,1556180_at,1,0.3608827
LINC00851,231447_at,1,0.16707733
LINC00852,223725_at,1,0.28907928
LINC00853,237224_at,1,0.09425507
LINC00668,242683_at,1,0.11241669
LINC00673,230858_at,1,0.08799524
LINC00680,243909_x_at,1,0.17547087
LINC00682,1569418_at,1,0.09860648
PKP4-AS1,1563120_at,1,0.12510808
PLA1A,219584_at,1,0.11914999
PLA2G10,207222_at,1,0.21162222
PLA2G2F,221416_at,1,0.16882755
PLA2G3,220780_at,1,0.09739613
PLA2G4A,210145_at,1,0.24028704
PLA2G4D,1554914_at,1,0.14730188
LINC00685,232463_at,1,0.27501786
LINC00687,232836_at,1,0.10470007
LINC00690,244325_at,1,0.07826271
LINC00691,1561059_a_at,1,0.13090369
LINC00698,1557369_a_at,1,0.21804702
LINC00700,1564209_at,1,0.15038507
LINC00703,1558660_at,1,0.13603424
LINC00641,240902_at,1,0.07466336
LINC00644,237540_at,1,0.10929098
LINC00645,1559992_a_at,1,0.06845497
LINC00648,1557215_at,1,0.078706264
LINC00652,220747_at,1,0.09001539
PLAC1,219702_at,1,0.13906448
PLAC8,219014_at,1,0.7553539
PLAC8L1,237783_at,1,0.34044603
LINC00656,1554382_at,1,0.16281374
LINC00658,231458_at,1,0.17890936
LINC00659,1562478_at,1,0.06597171
LINC00615,1553497_at,1,0.06379367
LINC00616,1561098_at,1,0.038071144
LINC00619,1560851_at,1,0.07158839
LINC00620,1563043_at,1,0.05975745
LINC00622,1558404_at,1,0.11290877
LINC00623,229429_x_at,1,0.67495227
LINC00624,1557597_at,1,0.07250078
PLAG1,205372_at,1,0.27679738
PLAT,201860_s_at,1,0.13638365
PLA2G2E,221389_at,1,0.0779443
LINC00632,1557133_at,1,0.08634927
LINC00635,238283_at,1,0.12573795
LINC00636,1560514_at,1,0.25433683
LINC00638,1553780_at,1,0.24487908
LINC00639,1557821_at,1,0.1267572
LINC00572,1563296_at,1,0.23400298
LINC00574,220904_at,1,0.1636004
LINC00582,236986_at,1,0.22864445
LINC00587,1563260_at,1,0.10959453
LINC00588,210464_at,1,0.08570354
LINC00589,232718_at,1,0.060236976
LINC00592,1558195_at,1,0.16910523
PLCG1-AS1,1558354_s_at,1,0.19239546
PLCH1-AS1,1561531_at,1,0.1695421
PLCH2,206080_at,1,0.14082901
PLAAT4,204070_at,1,0.4918714
LINC00607,1564200_at,1,0.1419708
LINC00612,1555040_at,1,0.09738818
LINC00540,1561367_a_at,1,0.18071643
LINC00543,232448_at,1,0.06313576
LINC00544,233804_at,1,0.14086564
LINC00545,239781_at,1,0.08235638
LINC00550,1557717_at,1,0.13639039
LINC00555,1562173_a_at,1,0.09723437
LINC00556,1560988_a_at,1,0.10972565
PLD3,201050_at,1,0.46517688
PLEK2,218644_at,1,0.24244823
PLCB3,213384_x_at,1,0.3591933
PLCD1,205125_at,1,0.36189625
PLCD4,224505_s_at,1,0.12937512
LINC00626,224020_at,1,0.09541211
LINC00629,232822_x_at,1,0.2874239
LINC00508,1555187_at,1,0.14088917
LINC00515,1556414_at,1,0.25737342
PLEKHM2,212146_at,1,0.5377371
PLEKHN1,224125_at,1,0.1960984
PLEKHO1,218223_s_at,1,0.5419543
PLEKHO2,204436_at,1,0.47685432
PLEKHA4,219011_at,1,0.022478841
PLEKHA8P1,220157_x_at,1,0.31503072
PLEKHF1,219566_at,1,0.25476837
PLEKHG1,226122_at,1,0.35310686
PLEKHG4,228171_s_at,1,0.28605062
PLCZ1,231425_at,1,0.08046927
PLD2,209643_s_at,1,0.34065315
LINC00595,244701_at,1,0.24137653
LINC00597,208109_s_at,1,0.2530211
LINC00605,1556505_at,1,0.20208661
PLOD3,202185_at,1,0.58470553
PLEKHG6,220073_s_at,1,0.2403558
PLEKHG7,1556514_at,1,0.08057276
PLEKHJ1,218290_at,1,0.51009315
LINC00557,233661_at,1,0.079322234
LINC00558,1556884_a_at,1,0.06914627
LINC00559,1563568_at,1,0.07454888
LINC00560,1561478_at,1,0.09660112
LINC00561,1561287_at,1,0.056330368
LINC00563,215738_at,1,0.18719067
LINC00564,1562990_at,1,0.05712058
LINC00566,1569983_at,1,0.15016769
LINC00567,1559079_at,1,0.116752274
LINC00494,236854_at,1,0.25377905
LINC00504,1553882_at,1,0.1387662
LINC00507,1557475_at,1,0.07196547
PLIN4,228409_at,1,0.13267203
PLK1,202240_at,1,0.3485449
LINC00520,1555786_s_at,1,0.458582
LINC00523,1560198_at,1,0.30182546
LINC00525,1553708_at,1,0.19891328
LINC00526,229829_at,1,0.3521234
LINC00528,1556072_at,1,0.3453023
LINC00529,1565424_at,1,0.08151298
LINC00536,1561288_at,1,0.116106294
LINC00466,242284_at,1,0.18872845
LINC00471,1552979_at,1,0.05350404
LINC00473,230251_at,1,0.14552641
PLK2,201939_at,1,0.33753502
PLK5,1558897_at,1,0.16509087
PLLP,204519_s_at,1,0.18187928
PLOD1,200827_at,1,0.40694448
LINC00485,1561222_at,1,0.062041435
LINC00487,231455_at,1,0.13819982
LINC00488,1569332_at,1,0.071098834
LINC00391,239634_at,1,0.055833276
LINC00396,233529_at,1,0.0980818
LINC00410,1564287_at,1,0.18517682
LINC00421,1555196_at,1,0.17768651
LINC00423,1569728_at,1,0.15847124
PLPP6,227385_at,1,0.3332883
PLPP7,224506_s_at,1,0.16359723
PLPPR3,220798_x_at,1,0.25580522
PLPPR4,213496_at,1,0.115325674
PLPPR5-AS1,1563904_at,1,0.07312888
PLGRKT,218992_at,1,0.4891244
PLIN1,205913_at,1,0.059764195
PLIN3,202122_s_at,1,0.56774
PMEL,209848_s_at,1,0.23815687
PMF1,202337_at,1,0.546735
PMFBP1,221022_s_at,1,0.17040475
PMM1,203467_at,1,0.41602033
PLS1,205190_at,1,0.20997772
PLS3,201215_at,1,0.17194974
PLSCR4,218901_at,1,0.18365708
PLTP,202075_s_at,1,0.33562484
PLVAP,221529_s_at,1,0.28011423
PLP1,210198_s_at,1,0.13713023
PLP2,201136_at,1,0.72754824
PLPP2,209529_at,1,0.12961294
PLPP4,236044_at,1,0.19196753
LINC00477,1553484_at,1,0.11887494
LINC00479,1553918_at,1,0.20145874
LINC00482,243263_at,1,0.16968893
PLXNB3,205957_at,1,0.13842021
PM20D1,239929_at,1,0.22673674
LINC00437,1562596_at,1,0.08078357
LINC00445,231330_at,1,0.18282433
LINC00452,1570447_at,1,0.22045068
LINC00454,241522_at,1,0.1318541
LINC00459,240431_at,1,0.14944644
LINC00462,241118_at,1,0.12911136
LINC00463,1569537_at,1,0.2112058
LINC00323,240068_at,1,0.07367244
LINC00324,230012_at,1,0.36807874
LINC00326,1561691_at,1,0.20801327
LINC00327,240219_at,1,0.081104234
LINC00328,220771_at,1,0.14695716
LINC00330,1564263_at,1,0.1920398
PMCH,206942_s_at,1,0.09908198
PMM2,203201_at,1,0.40008634
PMPCA,212088_at,1,0.5763365
LINC00339,219865_at,1,0.356421
LINC00343,1561540_at,1,0.14823581
LINC00347,237980_at,1,0.102440245
LINC00348,233170_at,1,0.19641013
LINC00358,1562949_at,1,0.10961931
LINC00382,1560548_at,1,0.05931866
LINC00299,1562717_at,1,0.110783145
LINC00305,1553934_at,1,0.10189098
LINC00307,1563385_at,1,0.09650619
PMS2P2,214757_at,1,0.18806446
PMS2P4,215192_at,1,0.11879447
PMS2P6,215410_at,1,0.21588436
PMVK,203515_s_at,1,0.46557686
PNCK,229411_at,1,0.1514379
LINC00242,1561327_at,1,0.14061815
LINC00244,237088_at,1,0.21778569
PNPLA5,233597_at,1,0.17983846
PNPLA6,203718_at,1,0.4726162
PNPT1,225291_at,1,0.50507915
PNRC1,209034_at,1,0.757666
PNKP,218961_s_at,1,0.48393652
PNLDC1,1564414_a_at,1,0.22470374
PNLIP,205912_at,1,0.09766756
PNLIPRP2,211766_s_at,1,0.08226237
PNLIPRP3,1558846_at,1,0.082007535
PNMA1,218224_at,1,0.5477418
PNMA6A,235758_at,1,0.22968131
PNMA8A,218824_at,1,0.17110682
PNMA8B,232003_at,1,0.04184066
PNMT,206793_at,1,0.16037734
POGLUT3,225128_at,1,0.39517686
POLA1,204835_at,1,0.43585777
PNOC,205901_at,1,0.3217388
PNP,201695_s_at,1,0.6055656
PNPLA1,1553364_at,1,0.12576044
LINC00309,234847_at,1,0.105905704
LINC00310,237326_at,1,0.06270121
LINC00311,1552856_at,1,0.16031744
LINC00314,1553519_at,1,0.081947275
LINC00315,1553832_at,1,0.22726181
LINC00317,1554983_at,1,0.15607466
LINC00319,236631_at,1,0.105494656
LINC00208,1552955_at,1,0.19249927
LINC00210,1562802_at,1,0.13195348
LINC00221,1564601_at,1,0.13283598
LINC00240,1568854_at,1,0.10807689
LINC00102,1562916_at,1,0.09363637
LINC00106,238104_at,1,0.29203805
LINC00112,1560881_a_at,1,0.18447986
LINC00113,231491_at,1,0.19081067
LINC00115,220399_at,1,0.34631115
POLE,216026_s_at,1,0.46812332
POLE2,205909_at,1,0.4392349
POLE3,208828_at,1,0.6245266
POLG2,205811_at,1,0.47984385
POLH-AS1,1569341_at,1,0.18605301
POC1B,226283_at,1,0.48106843
POC5,227267_at,1,0.44395033
PODNL1,220411_x_at,1,0.38709784
PODXL,201578_at,1,0.22006373
PODXL2,219152_at,1,0.20048384
POGLUT2,219479_at,1,0.19861254
LINC00174,235397_at,1,0.065585874
LIMS3,223800_s_at,1,0.3841975
LIN28A,219823_at,1,0.13914044
LIN28B,229349_at,1,0.11478475
LIN28B-AS1,244175_at,1,0.24148731
LIN54,235809_at,1,0.3062442
LINC00260,210711_at,1,0.2001773
LINC00261,228004_at,1,0.070249364
LINC00269,1553457_at,1,0.06277111
LINC00276,1569755_at,1,0.100019716
LINC00280,243384_at,1,0.19777797
LINC00290,1556099_at,1,0.06597465
LINC00293,240682_at,1,0.12006003
LINC00298,1560413_at,1,0.08028252
LINC00052,1553226_at,1,0.103147715
LINC00092,1562733_at,1,0.35400626
POLR2J3,214740_at,1,0.20748381
POLL,221049_s_at,1,0.23159789
POLM,222238_s_at,1,0.3240684
LINC00028,233812_at,1,0.1266826
LINC00029,231760_at,1,0.16573499
LINC00051,1554976_a_at,1,0.082385406
LILRB5,206856_at,1,0.13638839
LILRP2,214561_at,1,0.18735828
LIM2,220519_s_at,1,0.15238412
POLR1G,205264_at,1,0.33851215
POLD1,203422_at,1,0.46561655
POLD2,201115_at,1,0.5312768
POLD4,202996_at,1,0.51655734
LINC00158,231303_at,1,0.15896489
LINC00163,1562034_at,1,0.30738145
LINC00165,1568849_at,1,0.19477247
LHFPL2,212658_at,1,0.41032475
LHFPL3,236761_at,1,0.12952925
LHFPL3-AS2,239656_at,1,0.18819828
LHFPL4,228422_at,1,0.121016584
LHFPL5,1555043_at,1,0.15979874
LIMD1-AS1,233541_at,1,0.2770735
LIMD2,218600_at,1,0.46208978
LIME1,219541_at,1,0.38897416
LIMS2,220765_s_at,1,0.38456956
LIAS,214045_at,1,0.3369099
LIAT1,229238_at,1,0.22095162
LIF,205266_at,1,0.19463412
LIF-AS2,1554305_at,1,0.18882443
LIFR-AS1,1559986_at,1,0.063834116
LIG1,202726_at,1,0.47126475
POLR2J,212782_x_at,1,0.7221364
PON3,213695_at,1,0.12475978
POP1,213449_at,1,0.19029903
POP5,204839_at,1,0.59392333
POP7,209482_at,1,0.5259438
POPDC2,219647_at,1,0.17663004
POLR3D,208361_s_at,1,0.29692733
POLR3F,205218_at,1,0.44786167
POLR3GL,223269_at,1,0.5804507
POM121L10P,231190_at,1,0.21143281
POM121L2,216582_at,1,0.27732185
POLR2G,202306_at,1,0.70098305
POLR2H,209302_at,1,0.5571707
POLR2I,212955_s_at,1,0.63642395
LILRA3,206881_s_at,1,0.26786894
LILRA4,210313_at,1,0.29471618
LILRA6,208594_x_at,1,0.44896296
POU2AF2,1554188_at,1,0.13968115
POU2AF3,228338_at,1,0.1649831
POMC,205720_at,1,0.1593218
POMGNT2,225689_at,1,0.3416832
POMK,1553246_a_at,1,0.2343076
POMT1,218476_at,1,0.39503133
LHPP,218523_at,1,0.43084303
LHX1,206230_at,1,0.114877455
LHX3,221670_s_at,1,0.25235102
LHX5,208333_at,1,0.06065292
LHX8,1569469_a_at,1,0.08171222
LGALS8-AS1,234611_at,1,0.30421934
LGALS9,203236_s_at,1,0.5177839
LGI1,206349_at,1,0.023786874
LGI2,219699_at,1,0.04870449
LGI3,238061_at,1,0.08368428
POPDC3,219926_at,1,0.09078411
POR,208928_at,1,0.39217874
PORCN,219483_s_at,1,0.35794067
POT1-AS1,244705_at,1,0.12014351
POTEKP,210926_at,1,0.51161647
LGMN,201212_at,1,0.2818582
LGR6,227819_at,1,0.35190263
LGSN,220393_at,1,0.097769774
LHB,214471_x_at,1,0.28136066
LHCGR,207240_s_at,1,0.073468104
LHFPL1,236048_at,1,0.106854975
LETMD1,207170_s_at,1,0.5848168
LETR1,1562901_at,1,0.11120085
POTEM,242912_at,1,0.18144302
POU1F1,207846_at,1,0.10001015
POU2AF1,205267_at,1,0.56059927
PPBPP2,208346_at,1,0.06755237
PPCDC,219066_at,1,0.3666646
PPDPFL,235981_at,1,0.120946854
PPEF1,206547_s_at,1,0.13055699
POU3F4,207694_at,1,0.21578859
POU4F2,207725_at,1,0.14571802
POU4F3,208554_at,1,0.06436203
POU5F1,208286_x_at,1,0.25237447
POU5F1B,214532_x_at,1,0.3055744
POU5F1P3,210265_x_at,1,0.17386487
POU5F1P4,210905_x_at,1,0.15832092
POU5F2,1553325_at,1,0.15412077
POU6F2,207450_s_at,1,0.07478003
POU6F2-AS2,233772_at,1,0.077017836
PP12613,1569670_at,1,0.053279784
PP2D1,1552747_a_at,1,0.14930573
PPIAL4A,217136_at,1,0.12921952
PPA1,217848_s_at,1,0.750052
PPAN,221649_s_at,1,0.4028534
LGALS1,201105_at,1,0.6982118
LGALS12,223828_s_at,1,0.28914088
LGALS13,220440_at,1,0.1478609
LGALS14,220158_at,1,0.20781194
LGALS2,208450_at,1,0.28900293
LGALS3BP,200923_at,1,0.46166474
LGALS4,204272_at,1,0.28891775
LGALS7,206400_at,1,0.10465015
LEFTY2,206012_at,1,0.17690228
LELP1,231363_at,1,0.2195381
LEMD1,229927_at,1,0.16255307
LEMD2,224980_at,1,0.37416688
PPBP,214146_s_at,1,0.50682867
LECT2,207409_at,1,0.11129939
LEFTY1,206268_at,1,0.19205478
LCP1,208885_at,1,0.7049758
LCT,206945_at,1,0.2198573
LEMD3,218604_at,1,0.5947407
LENEP,221115_s_at,1,0.29998323
LENG1,232018_at,1,0.3281102
LENG8,224673_at,1,0.54300374
LENG9,1554589_at,1,0.29569384
LEO1,235096_at,1,0.3817448
LEP,207092_at,1,0.096423656
LDHAL6A,1553888_at,1,0.1070928
LDHAL6B,210712_at,1,0.12968
LDHC,207022_s_at,1,0.14691818
LDHD,229241_at,1,0.07518696
LDLRAD3,234985_at,1,0.29174963
LCT-AS1,1557386_at,1,0.1776185
LCTL,1563899_at,1,0.090013325
LDAF1,213272_s_at,1,0.3992017
LDHA,200650_s_at,1,0.803904
LCE1B,1560531_at,1,0.17933297
LCE2B,207710_at,1,0.14388897
LCE3D,224328_s_at,1,0.2558353
LCLAT1,226996_at,1,0.48016682
PPIP5K2,203253_s_at,1,0.5714287
PPL,203407_at,1,0.08142751
PPM1B-DT,239532_at,1,0.3166282
PPEF2,208411_x_at,1,0.065684736
PPFIA4,214978_s_at,1,0.1087562
LDLRAD4-AS1,1560181_at,1,0.106998324
LDOC1,204454_at,1,0.27874583
LEAP2,1552362_a_at,1,0.31370068
LCMT1,221515_s_at,1,0.5438528
LCN1,207930_at,1,0.14936331
LCN10,238071_at,1,0.3631151
LCN12,230717_at,1,0.2693107
LCN15,1569532_a_at,1,0.20805551
LCN2,212531_at,1,0.52759665
LCN6,1559864_at,1,0.21270421
LAX1,207734_at,1,0.47092384
LBH,221011_s_at,1,0.5479571
LBHD1,221637_s_at,1,0.5739501
PPM1M,226074_at,1,0.45869523
PPP1CA,200846_s_at,1,0.68117183
PPP1CC,200726_at,1,0.76416606
PPIL1,222500_at,1,0.4001626
PPIL3,224364_s_at,1,0.6407575
PPIL4,226472_at,1,0.49602863
PPP1R14B,212680_x_at,1,0.57867193
LBR,201795_at,1,0.703252
LBX1,208380_at,1,0.03883118
LBX1-AS1,244209_at,1,0.051869754
LBX2-AS1,238422_at,1,0.24275489
LCA5L,232196_at,1,0.2212968
LCAL1,1553413_at,1,0.046898477
LCDR,229722_at,1,0.3220616
LARGE2,227829_at,1,0.35231423
PPP1R14C,226907_at,1,0.114005126
PPP1R14D,220082_at,1,0.25123587
PPP1R15B,224692_at,1,0.698478
PPP1R16A,225203_at,1,0.37087497
PPP1R18,224927_at,1,0.7125928
PPM1F-AS1,240115_at,1,0.17372476
PPM1G,200913_at,1,0.4647008
LAMA5,210150_s_at,1,0.32169583
LAMA5-AS1,242987_x_at,1,0.084850505
LASP1,200618_at,1,0.72542036
LASP1NB,238360_s_at,1,0.27408022
LAMP3,205569_at,1,0.17281462
LAMP5,219463_at,1,0.21503787
LAMTOR1,223009_at,1,0.7191553
LAMTOR2,218291_at,1,0.5583914
LAMTOR4,224890_s_at,1,0.6461754
PPP1R2C,207377_at,1,0.059146363
PPP1R35,226434_at,1,0.5818792
PPP1R36,237654_at,1,0.12524165
PPP1R3B-DT,240069_at,1,0.16099223
PPP1R13B,216347_s_at,1,0.3022747
PPP1R13L,218849_s_at,1,0.20754036
PPP1R14A,227006_at,1,0.1611334
PPP1R8,207830_s_at,1,0.61055666
LAMB2,216264_s_at,1,0.25480348
LAMB2P1,230616_at,1,0.31924108
LAMB3,209270_at,1,0.17788278
L3MBTL3,229393_at,1,0.45090222
L3MBTL4-AS1,240264_at,1,0.24128006
LACRT,224540_at,1,0.061429527
PPP2R1A,200695_at,1,0.537641
PPP1R1B,225165_at,1,0.15891698
PPP1R26,203955_at,1,0.33121967
PPP1R27,1557480_a_at,1,0.3497471
LAMTOR5-AS1,237065_s_at,1,0.2097645
LANCL3,243856_at,1,0.13041046
LAP3,217933_s_at,1,0.66130537
LAPTM4A,200673_at,1,0.78491443
LAMA4-AS1,240917_at,1,0.19388604
KRTAP4-4,234684_s_at,1,0.11854923
KRTAP4-5,234637_at,1,0.15937689
KRTAP4-6,234683_at,1,0.11740943
KRTAP4-7,216810_at,1,0.11599076
KRTAP4-8,234631_at,1,0.2666221
KRTAP4-9,234685_x_at,1,0.19874309
LACTB2-AS1,1559264_at,1,0.05281601
LAG3,206486_at,1,0.2516784
LAGE3,219061_s_at,1,0.5370376
LAIR2,207509_s_at,1,0.4156034
LALBA,207816_at,1,0.10438774
KRTAP9-9,220972_s_at,1,0.064463116
KRTCAP3,235148_at,1,0.2207144
KRTDAP,230835_at,1,0.060132336
PPP4C,208932_at,1,0.52468455
PPP4R1,201594_s_at,1,0.6401268
PRAM1,241742_at,1,0.49865058
PRAME,204086_at,1,0.23303059
PRAMEF1,208312_s_at,1,0.10104941
PRAMEF10,217273_at,1,0.12017044
PRAMEF11,217365_at,1,0.2567406
PRAMEF12,216001_at,1,0.20644808
PRAP1,243669_s_at,1,0.09553034
PPP4R3C,1562054_at,1,0.056712802
PPP6R1,209229_s_at,1,0.6083136
PPRC1,203737_s_at,1,0.47273067
PPT1,200975_at,1,0.72745246
PPT2,209490_s_at,1,0.42962775
PPT2-EGFL8,209826_at,1,0.40249592
KYAT3,209472_at,1,0.5897121
L3HYPDH,227699_at,1,0.31300035
KRTAP4-3,234678_at,1,0.13221966
PRAF2,203456_at,1,0.42912218
KRTAP5-8,208532_x_at,1,0.113282315
KRTAP5-9,214517_at,1,0.15693739
KRTAP7-1,1564960_at,1,0.1856618
KRTAP8-1,1564974_at,1,0.32852307
KRTAP9-2,233631_x_at,1,0.13657652
KRTAP9-3,234679_at,1,0.07773355
KRTAP9-4,233640_x_at,1,0.063398615
KRTAP9-8,234639_x_at,1,0.07735139
KRTAP10-12,237853_x_at,1,0.09727433
KRTAP11-1,1564803_at,1,0.0961419
KRTAP13-1,1564921_at,1,0.24359149
KRTAP17-1,234680_at,1,0.073191926
KRTAP19-1,1556410_a_at,1,0.12636858
KRTAP19-3,240967_at,1,0.14881957
PRAG1,235085_at,1,0.4269577
PRDX1,208680_at,1,0.69199455
PRDX4,201923_at,1,0.56704575
PRDX6-AS1,229364_at,1,0.21865466
PRB3,206998_x_at,1,0.19047137
PRB4,216881_x_at,1,0.082252495
PRC1,218009_s_at,1,0.56664914
PRCC,208938_at,1,0.47462055
PRDM10-DT,1562413_at,1,0.22440845
PRDM12,220894_x_at,1,0.20132934
PRDM13,221168_at,1,0.13393492
PRDM14,220714_at,1,0.16996518
PPY,210670_at,1,0.13024457
PPY2P,220654_at,1,0.091717616
PRAC1,230784_at,1,0.16929054
PRAC2,230845_at,1,0.19416855
PRADC1,223312_at,1,0.3468418
PRDM9,221151_at,1,0.07857646
KRTAP2-3,1555673_at,1,0.16245733
KRTAP2-4,234772_s_at,1,0.046619695
KRTAP3-1,233537_at,1,0.07493426
KRTAP3-2,233534_at,1,0.14487475
KRTAP3-3,233681_at,1,0.10512088
KRTAP4-1,234635_at,1,0.12442549
KRTAP4-11,234633_at,1,0.1142276
KRTAP4-12,224269_at,1,0.09028963
KRTAP4-2,234671_at,1,0.25596398
KRT79,1569909_at,1,0.20499422
KRT8,209008_x_at,1,0.32592985
KRT80,231849_at,1,0.10971262
KRT81,213711_at,1,0.16594422
KRT82,233158_at,1,0.22235136
KRT83,207669_at,1,0.061215516
KRT84,217031_at,1,0.0690047
KRT85,207670_at,1,0.23922548
KRT86,215189_at,1,0.2631949
KRT9,208188_at,1,0.23929773
KRTAP1-1,220976_s_at,1,0.1344118
KRTAP1-5,233533_at,1,0.17812379
KRTAP10-11,1560897_a_at,1,0.2931254
KRT37,207649_at,1,0.14509116
KRT38,207716_at,1,0.247729
KRT5,201820_at,1,0.1261221
PRG2,211743_s_at,1,0.5169942
PRG3,220811_at,1,0.31273732
PRG4,206007_at,1,0.12648395
PRICKLE2,225968_at,1,0.179766
PRICKLE2-AS3,1561676_at,1,0.16009228
PRDM7,224228_s_at,1,0.041992333
PRIMPOL,227157_at,1,0.45146504
PRINS,216051_x_at,1,0.41359207
KRT7,209016_s_at,1,0.15699083
KRT71,231461_at,1,0.100790724
KRT72,1564435_a_at,1,0.15616743
KRT75,207065_at,1,0.15695931
KRT76,207878_at,1,0.10287557
KRT77,237120_at,1,0.14415339
KRT2,207908_at,1,0.18281825
KRT20,213953_at,1,0.14711018
KRT23,218963_s_at,1,0.15557824
KRT24,220267_at,1,0.14453189
KRT25,237905_at,1,0.21828352
PRKACG,207228_at,1,0.17492965
PRKAG1,201805_at,1,0.4848563
PRELID3A,206273_at,1,0.17633696
KRT31,206677_at,1,0.17743349
KRT32,207146_at,1,0.14540996
KRT33A,208483_x_at,1,0.019986749
KRT33B,207787_at,1,0.09393674
KRT34,206969_at,1,0.055113997
KRT35,216921_s_at,1,0.06476019
KRT36,214576_at,1,0.071637996
KREMEN2,219692_at,1,0.20767756
KRT1,205900_at,1,0.29654533
KRT10-AS1,226565_at,1,0.25808066
PRKAR2B,203680_at,1,0.49643672
PRKCD,202545_at,1,0.4566556
PRICKLE3,217349_s_at,1,0.20725115
PRICKLE4,218233_s_at,1,0.7863958
PRIM1,205053_at,1,0.5139992
PRIMA1,230087_at,1,0.18925945
PRMT7,219408_at,1,0.37683648
PRKCZ-AS1,220846_s_at,1,0.051814318
KRT12,207811_at,1,0.09582366
KRT13,207935_s_at,1,0.14986506
KRT14,209351_at,1,0.08150452
KRT15,204734_at,1,0.092319645
KRT16,209800_at,1,0.113805585
KRT17P5,241828_x_at,1,0.18083327
KRT18,201596_x_at,1,0.27856466
KPTN,220160_s_at,1,0.42440927
PRKG1-AS1,1561558_at,1,0.06565352
PRKG2,207505_at,1,0.28093135
PRKAG3,223904_at,1,0.18603915
PRKAR1B-AS1,229972_at,1,0.31284985
KRT27,240388_at,1,0.0897907
KRT3,217325_at,1,0.14693356
PROKR1,241379_at,1,0.24962118
PRKY,206279_at,1,0.3217518
PRL,205445_at,1,0.19550276
PRLH,221443_x_at,1,0.26059932
PRLHR,231805_at,1,0.08380171
PRM1,206358_at,1,0.1408444
KRBA1,236275_at,1,0.33701667
KRBA2,1558533_at,1,0.21452203
KRBOX1,228721_at,1,0.2593071
KRBOX1-AS1,1556796_at,1,0.19374426
KMT2E-AS1,238473_at,1,0.31542566
PRM2,210122_at,1,0.08883882
PRM3,231758_at,1,0.06377743
PRMT3,213320_at,1,0.46308297
PRMT5-AS1,1556899_at,1,0.17284602
PRMT6,223275_at,1,0.3909237
PRO2268,220396_at,1,0.19057353
KNCN,1564044_at,1,0.07793497
KNSTRN,225300_at,1,0.4162661
KNTC1,206316_s_at,1,0.44014436
KLLN,244431_at,1,0.1911376
KLRA1P,207229_at,1,0.1396406
KLRB1,214470_at,1,0.418775
KLRC2,206785_s_at,1,0.23060106
KLRC3,207723_s_at,1,0.19437335
KLRC4,210690_at,1,0.13640352
KLRC4-KLRK1,1555691_a_at,1,0.3155756
PROC,206259_at,1,0.16486758
PROCR,203650_at,1,0.2615926
PRODH,214203_s_at,1,0.29204187
PROK1,229124_at,1,0.149881
PROK2,232629_at,1,0.42508066
PRORSD1P,237291_at,1,0.33432657
PRORY,221179_at,1,0.09840001
KLRF1,220646_s_at,1,0.35782573
KLRG1,210288_at,1,0.31718257
KLRK1,205821_at,1,0.44985217
KLRK1-AS1,242873_at,1,0.26388076
KLK1,216699_s_at,1,0.30102545
KLK11,205470_s_at,1,0.17099637
KLK14,220573_at,1,0.10461243
PROS1,207808_s_at,1,0.22315998
PROX1-AS1,1559483_at,1,0.05293925
PROX2,234804_at,1,0.107530676
PROZ,208034_s_at,1,0.15867735
PRMT9,228536_at,1,0.43559945
PRNT,233975_at,1,0.14439805
PRO1804,224110_at,1,0.12698841
PRPF39,220553_s_at,1,0.52181375
KLHL40,1555044_a_at,1,0.07615175
KLHL13,227875_at,1,0.1918396
KLHL15,226370_at,1,0.60589045
KLK5,222242_s_at,1,0.2017005
KLK6,204733_at,1,0.23367347
KLHL30-AS1,1554782_at,1,0.14260215
KLHL32,1553765_a_at,1,0.09609072
PRPF39-DT,241322_at,1,0.15012406
PRPF40B,226966_at,1,0.15102202
PRPF8,200000_s_at,1,0.684939
PRPH,213847_at,1,0.20194192
PRPH2,206625_at,1,0.18250641
PROKR2,234450_at,1,0.21506132
PROM1,204304_s_at,1,0.35449275
PROP1,211223_at,1,0.18038148
PRPS1L1,215486_at,1,0.17334972
PRPSAP2,203537_at,1,0.55197364
PRR12,226716_at,1,0.327401
KLHL2,219157_at,1,0.5659145
KLHL21,203068_at,1,0.4297457
KLHL25,210307_s_at,1,0.24821964
KLHL26,219354_at,1,0.35542062
KLHDC2,217906_at,1,0.70462686
PRR13,217794_at,1,0.73586035
PRR15,226961_at,1,0.19556838
PRR15L,219127_at,1,0.17677733
PRR18,238008_at,1,0.11542455
PRR19,231176_at,1,0.15503931
PRR20A,1562722_at,1,0.18233821
PRPF19,203103_s_at,1,0.6047636
PRPF3,202251_at,1,0.5291267
PRR3,204795_at,1,0.31425014
PRR30,237319_at,1,0.06880628
PRR32,240043_at,1,0.12687603
KLHDC7B-DT,243754_at,1,0.24248773
KLHDC8B,225755_at,1,0.356379
KLHDC9,227582_at,1,0.2293048
KLHL1,223810_at,1,0.06096371
KLF1,210504_at,1,0.41106206
KLF10,202393_s_at,1,0.7138851
PRR34,220681_at,1,0.14769714
PRR34-AS1,238058_at,1,0.51613456
PRR35,1553826_a_at,1,0.20557454
PRR36,220584_at,1,0.0437711
PRR4,204919_at,1,0.2966235
PRR5-ARHGAP8,1555162_at,1,0.13450554
PRR7,219742_at,1,0.35399145
PRSS30P,231638_at,1,0.23253495
PRSS35,235874_at,1,0.120581
PRSS36,1552555_at,1,0.29115012
PRSS37,231572_at,1,0.19399546
PRSS3P2,215395_x_at,1,0.3239924
PRR7-AS1,1560448_at,1,0.18975371
PRR9,237732_at,1,0.11671262
PRRG1,205618_at,1,0.13202515
PRRG2,205617_at,1,0.2394433
PRRT2,227192_at,1,0.22234806
PRRT3,1556308_at,1,0.20784388
PRRT3-AS1,242888_at,1,0.278278
PRRX2,219729_at,1,0.110984944
PRR23D1,240731_at,1,0.047978513
PRR23E,1562762_at,1,0.17307468
PRR29,232972_at,1,0.29118884
PRRX2-AS1,231602_at,1,0.28726026
PRSS1,205869_at,1,0.10339551
PRSS16,208165_s_at,1,0.13676259
PRSS2,205402_x_at,1,0.2415635
PRSS21,220051_at,1,0.30584788
PRSS22,205847_at,1,0.33153614
KLF17,1553891_at,1,0.1129088
KLF18,234615_at,1,0.26826575
KIRREL2,223755_at,1,0.07800913
KIRREL3,240402_at,1,0.061779205
KIRREL3-AS2,1569646_a_at,1,0.14268994
KIRREL3-AS3,1553478_at,1,0.09533048
KISS1,205563_at,1,0.07030373
KISS1R,242517_at,1,0.1920498
KIT,205051_s_at,1,0.33523583
PRSS27,232074_at,1,0.049217224
PRSS53,214226_at,1,0.28632528
PRSS54,231287_s_at,1,0.09296969
PRSS55,1570274_at,1,0.21675374
PRSS58,237513_at,1,0.1739213
PRSS59P,1568828_at,1,0.11594503
KL,205978_at,1,0.11847947
KLC2,218906_x_at,1,0.30784282
KIR2DL2,211397_x_at,1,0.17775732
KIR2DL3,208179_x_at,1,0.18449624
KIR2DL5A,211410_x_at,1,0.19740503
KIR2DS1,208198_x_at,1,0.18836436
KIR2DS2,211532_x_at,1,0.07886502
PRSS8,202525_at,1,0.16260278
PRTFDC1,222803_at,1,0.25499526
PRTN3,207341_at,1,0.46569386
PRXL2B,231835_at,1,0.43238822
PRY,208332_at,1,0.22233486
PSAPL1,1564333_a_at,1,0.35840288
PSCA,205319_at,1,0.13581446
PSD,208102_s_at,1,0.10716781
KIR2DS3,208122_x_at,1,0.090940416
KIR2DS5,208203_x_at,1,0.1664998
KIR3DL1,211687_x_at,1,0.18607582
KIR3DL3,216676_x_at,1,0.0906832
KIR3DS1,211389_x_at,1,0.08744761
KIF4A,218355_at,1,0.3499775
PSD2,223536_at,1,0.2503303
PSENEN,218302_at,1,0.3635671
PSG11,206570_s_at,1,0.17062409
PSG2,208134_x_at,1,0.08726446
PRSS40A,1560806_at,1,0.2219113
PRSS50,220126_at,1,0.209782
PSMC1,204219_s_at,1,0.6664832
PSG5,204830_x_at,1,0.093292676
PSG7,205602_x_at,1,0.11744651
KIF7,229405_at,1,0.090651244
KIF9-AS1,1557613_at,1,0.3139965
KIFAP3,203333_at,1,0.42430952
KIFBP,212453_at,1,0.40861508
KIFC1,209680_s_at,1,0.31978735
KIF21B,204411_at,1,0.43732715
KIF23-AS1,243622_at,1,0.16355373
KIF24,220652_at,1,0.10596746
PSKH1,213141_at,1,0.3573744
PSKH2,1553060_at,1,0.22509474
PSLNR,243762_at,1,0.18070267
PSMA4,203396_at,1,0.7337274
PRXL2C,227534_at,1,0.50336593
PSMD2,200830_at,1,0.65195036
PSMD3,201388_at,1,0.5055066
PSMA6,208805_at,1,0.80212975
PSMA8,240091_at,1,0.18389693
PSMB10,202659_at,1,0.64726746
PSMB3,201400_at,1,0.7162226
KIF27,232514_at,1,0.093628354
KIF2B,223926_at,1,0.10928749
KIF11,204444_at,1,0.41874146
KIF12,229258_at,1,0.17869473
KIF13B,202962_at,1,0.4516311
KIF15,219306_at,1,0.3964015
PSMB5,208799_at,1,0.53962404
PSMB6,208827_at,1,0.6880874
PSMB8,209040_s_at,1,0.6566335
PSMB9,204279_at,1,0.6468027
PSMC6,201699_at,1,0.68768173
KIAA2012,1564193_at,1,0.21520415
KIAA2012-AS1,1556536_at,1,0.098114625
KIAA0087,207161_at,1,0.088221475
KIAA0319,206017_at,1,0.08403076
KIAA0408,205496_at,1,0.053279262
KIF17,222144_at,1,0.19051027
KIF18A,221258_s_at,1,0.33053476
KIF18B,222039_at,1,0.4359753
KIF1C-AS1,244577_at,1,0.08894648
KIF20A,218755_at,1,0.36535183
KIAA1586,231869_at,1,0.3615838
KIAA1614,215367_at,1,0.11805129
KIAA1614-AS1,232320_at,1,0.26772916
PSMD14,212296_at,1,0.6237963
PSMD14-DT,237610_at,1,0.15532228
KIAA1191,224502_s_at,1,0.61966026
KIAA1191P2,1570040_at,1,0.13536444
KIAA1210,232332_at,1,0.10137113
KDM7A-DT,232579_at,1,0.29707894
KDR,203934_at,1,0.16670386
KEAP1,202417_at,1,0.42110664
KEL,206077_at,1,0.2708476
KERA,220504_at,1,0.09818515
PSME2,201762_s_at,1,0.7315706
PSMG1,203405_at,1,0.6072537
PSMG2,218467_at,1,0.75815415
PSMG3,223363_at,1,0.56240207
PSMG3-AS1,1561666_a_at,1,0.25837013
PSMC3,201267_s_at,1,0.5385529
PSMC4,201252_at,1,0.60057193
PSMC5,209503_s_at,1,0.6905225
PSPHP1,205048_s_at,1,0.34210685
KDM5D,206700_s_at,1,0.4202867
KCTD19,244538_at,1,0.10524706
KCTD21,229873_at,1,0.19693102
KCTD3,217894_at,1,0.38490495
KHDC3L,231474_at,1,0.114265814
KHDRBS2,215527_at,1,0.20396584
KDM2B,226215_s_at,1,0.62066406
PSRC1,201896_s_at,1,0.3233335
PSTPIP1,211178_s_at,1,0.4704935
PSTPIP2,219938_s_at,1,0.5085406
PSMD7,201705_at,1,0.63463044
PSMD7-DT,237381_at,1,0.06592742
PSMD8,200820_at,1,0.65694106
PSME1,200814_at,1,0.7826735
KIAA0753,204711_at,1,0.35871458
KCNN2,220116_at,1,0.089942954
KCNN4,204401_at,1,0.49614006
KCNQ1-AS1,1562960_at,1,0.23356536
KCTD9,218823_s_at,1,0.49104512
KDF1,236058_at,1,0.09898745
KDM1A,212348_s_at,1,0.5640467
KCNS3,205968_at,1,0.17036593
KCNU1,237273_at,1,0.11131981
KCNV2,217522_at,1,0.15379103
PTCHD4,234689_at,1,0.16874054
PTCSC1,233111_at,1,0.35406455
PTDSS1,201433_s_at,1,0.71055555
PTDSS2,221005_s_at,1,0.37893975
PSORS1C1,220362_at,1,0.10683775
PSORS1C2,220635_at,1,0.07918341
PSORS1C3,238997_at,1,0.10328576
KCNJ14,220776_at,1,0.23536606
KCNJ2,206765_at,1,0.24331532
KCNJ2-AS1,1558234_at,1,0.10740862
KCNQ1DN,220629_at,1,0.15771568
KCNRG,239098_at,1,0.24806775
KCNS1,207366_at,1,0.2833053
KCNK16,234554_at,1,0.11562129
KCNK17,224049_at,1,0.44573116
KCNK2,210261_at,1,0.08754953
KCNK5,219615_s_at,1,0.3152355
PTGES2,218083_at,1,0.31015
PTGES3,200627_at,1,0.8109008
PTGES3L,238740_at,1,0.1587127
PTCH2,221292_at,1,0.09043584
KCTD11,235857_at,1,0.19685961
KCNN1,206231_at,1,0.249203
KCNE2,221095_s_at,1,0.09199969
KCNJ5-AS1,1553787_at,1,0.1912168
KCNK12,220448_at,1,0.31126755
KCNK13,221325_at,1,0.09991411
KCNH4,220802_at,1,0.1358585
KCNH7-AS1,237608_at,1,0.09541459
KCNH8,1552742_at,1,0.19729564
KCNIP1,221307_at,1,0.16899286
PTH2R,206772_at,1,0.24079372
PTMAP11,239321_at,1,0.0746711
PTGER2,206631_at,1,0.47822678
PTGER4P2-CDK2AP2P2,217158_at,1,0.06162813
KCNK6,223658_at,1,0.29549596
KCNMA1-AS1,1569763_at,1,0.17583263
KCNMB2-AS1,233205_at,1,0.16706483
KCNMB3,221125_s_at,1,0.28487387
KCNG4,1552598_at,1,0.12339151
KCNH1,207635_s_at,1,0.121106364
KCNH3,223726_at,1,0.17260964
KCNA10,208560_at,1,0.07442892
KCNA3,207237_at,1,0.3241892
KCNA4,207248_at,1,0.11344705
KCNA5,206762_at,1,0.20471708
KCNA7,232936_at,1,0.03382637
PTGR2,230774_at,1,0.17425913
PTH,206977_at,1,0.07668596
PTH1R,205911_at,1,0.31550536
PTH2,1555238_at,1,0.36846837
KCNIP2-AS1,237266_at,1,0.26830554
KCNJ11,231740_at,1,0.11707046
KCND1,206842_at,1,0.17624314
KCND2,207103_at,1,0.13204415
JSRP1,235863_at,1,0.11833576
JUNB,201473_at,1,0.70756716
KBTBD12,244771_at,1,0.15165804
KBTBD3,228777_at,1,0.3520784
KBTBD8,239835_at,1,0.4722049
KANSL1L-AS1,1558595_at,1,0.16748725
KANSL2,221821_s_at,1,0.6500284
KASH5,240950_s_at,1,0.24604446
PTPN6,206687_s_at,1,0.71503687
PTPRCAP,204960_at,1,0.6070362
KCNAB3,221413_at,1,0.23651116
KATNIP,213185_at,1,0.45619383
KBTBD11,204301_at,1,0.42094022
KCNE5,220010_at,1,0.23783237
KCNF1,210263_at,1,0.22484954
KCNG2,208550_x_at,1,0.06385047
PTTG2,214557_at,1,0.20426446
PTTG3P,208511_at,1,0.36725885
PTX3,206157_at,1,0.4434861
PUDP,203974_at,1,0.3670089
PUF60,209899_s_at,1,0.6715919
PTPRD-AS1,1560425_s_at,1,0.0830962
PTPRG-AS1,232242_at,1,0.08640735
PTPRH,208300_at,1,0.17146789
PTPRK-AS1,1568898_at,1,0.06884524
PTPRN,204945_at,1,0.198864
PTPRN2-AS1,1570375_at,1,0.256359
PTPN20,215172_at,1,0.114171535
KAT2A,202182_at,1,0.5043227
KAT2B,203845_at,1,0.55817616
KAT7,200049_at,1,0.55364865
KATNA1,205526_s_at,1,0.49110615
PTPRT,205948_at,1,0.13031477
PTPRT-AS1,1556921_at,1,0.07125501
PTPRU,211320_s_at,1,0.22002265
PTPRZ1,204469_at,1,0.13191517
PTRH2,218732_at,1,0.47033772
PTRHD1,226243_at,1,0.64944714
JUP,201015_s_at,1,0.44300807
KAAG1,224157_at,1,0.114423275
KANK3,213715_s_at,1,0.13641596
KANK4,229125_at,1,0.08977481
JMJD1C-AS1,1552665_at,1,0.2913732
JMJD7,222256_s_at,1,0.33663318
JMJD8,224886_at,1,0.4787239
PTS,209694_at,1,0.54706866
PTTG1,203554_x_at,1,0.648981
PTTG1IP,200677_at,1,0.72360206
JCHAIN,212592_at,1,0.54448396
IVL,214599_at,1,0.13822284
IYD,231070_at,1,0.07458486
IZUMO1,1554196_at,1,0.114238195
IZUMO2,240559_at,1,0.13607696
JOSD1,201751_at,1,0.64862686
JOSD2,227096_at,1,0.35115317
JAKMIP1,238600_at,1,0.16944553
JAKMIP2-AS1,1561101_at,1,0.056961786
JAKMIP3,233076_at,1,0.10739718
JAML,228094_at,1,0.4048716
PUS3,221277_s_at,1,0.40819675
PUS7,218984_at,1,0.36957523
PUSL1,228733_at,1,0.36085725
PVALB,205336_at,1,0.13384241
PVRIG,219812_at,1,0.49270442
PYGM,205577_at,1,0.2391233
PYGO2,225370_at,1,0.3608416
PWAR5,214834_at,1,0.13619076
JADE3,204866_at,1,0.41399372
JAGN1,223104_at,1,0.5490754
ITPKB-IT1,240398_at,1,0.13365552
ITPKC,213076_at,1,0.35401142
ITPR1-DT,239764_at,1,0.15793832
ITPR2-AS1,239887_at,1,0.06506382
PWWP3B,229160_at,1,0.09777048
PXDNL,241942_at,1,0.108840466
PXMP2,219076_s_at,1,0.4717244
PURPL,1557765_at,1,0.08132852
PUS1,218670_at,1,0.45818746
JARID2-AS1,240828_at,1,0.21222197
JAZF1-AS1,1559650_at,1,0.06864506
ITLN1,223597_at,1,0.25454637
ITM2C,221004_s_at,1,0.5238285
ITPA,209171_at,1,0.5769106
ITPKA,205874_at,1,0.10383373
ITGB1-DT,244864_at,1,0.20434488
ITGB1BP2,219829_at,1,0.2244609
ITPR3-AS1,232827_at,1,0.18449567
ITPRIPL1,240037_at,1,0.29717612
ITIH1,210888_s_at,1,0.14703754
ITIH2,204987_at,1,0.17603764
ITIH3,205755_at,1,0.17434634
ITIH6,234894_at,1,0.06084616
ITK,211339_s_at,1,0.44290718
PYCR3,218944_at,1,0.1614994
PYDC1,243722_at,1,0.13551998
PYGL,202990_at,1,0.5241115
QARS1,217846_at,1,0.7732443
ITGB3BP,205176_s_at,1,0.56421953
ITGB7,205718_at,1,0.46853325
ITGB8-AS1,230446_at,1,0.19342978
ITGA3,201474_s_at,1,0.17671861
ITGA5,201389_at,1,0.5117206
ITGA6-AS1,229643_at,1,0.15863259
QKILA,1560848_at,1,0.078944355
QPCT,205174_s_at,1,0.41202268
QPCTL,220438_at,1,0.111597985
QRFPR,1555533_at,1,0.06308617
PXN-AS1,227332_at,1,0.29140708
PXT1,1552599_at,1,0.15265475
PYCARD,221666_s_at,1,0.6216389
PYCARD-AS1,244497_at,1,0.3753255
PYCR1,202148_s_at,1,0.40311915
IRX3,229638_at,1,0.24616343
IRX4,220225_at,1,0.08205147
IRX5,210239_at,1,0.2104626
ITGA9-AS1,1563635_at,1,0.11368618
ITGAD,1560686_at,1,0.19490445
ITGAE,205055_at,1,0.7113709
ITGAV,202351_at,1,0.35030246
ISLR2,232208_at,1,0.13024332
ISM1-AS1,240719_at,1,0.0776696
ISM2,228212_at,1,0.24791275
ISOC1,218170_at,1,0.50093967
ISOC2,218893_at,1,0.41539714
R3HDM2,203831_at,1,0.62307763
R3HDML,234774_at,1,0.1212903
PYY2,220209_at,1,0.104471065
PZP,207330_at,1,0.18040377
ISL1,206104_at,1,0.1057908
ISL2,232352_at,1,0.123530276
ISLR,207191_s_at,1,0.13367034
IRF2,203275_at,1,0.51289684
IRF2BP1,213771_at,1,0.32235518
IRF2BPL,223474_at,1,0.65229803
IRF3,202621_at,1,0.5653664
RAB13,202252_at,1,0.6095728
RAB17,218931_at,1,0.14446609
RAB17-DT,1557774_at,1,0.08801094
RAB1B,220964_s_at,1,0.621118
QRICH2,232532_at,1,0.24472794
QTRT1,221270_s_at,1,0.42232746
ISX,232707_at,1,0.15401082
ITGA10,206766_at,1,0.28253475
IRX1,230472_at,1,0.25101936
IRAK4,219618_at,1,0.4293753
IQCF2,236767_at,1,0.1446366
IQCF4P,236870_at,1,0.0671435
IQCF5,231525_at,1,0.1034848
IQCF5-AS1,1564300_at,1,0.097566515
IRF7,208436_s_at,1,0.6369153
IRF8,204057_at,1,0.67052966
IRF9,203882_at,1,0.60139585
IRGC,214392_at,1,0.15365584
IRGM,1563335_at,1,0.17899625
IQUB,1568924_a_at,1,0.09499022
RAB2B,225074_at,1,0.5786829
RAB11FIP5,210879_s_at,1,0.32983884
ISCA2,226007_at,1,0.56077504
ISCU,209075_s_at,1,0.7799476
ISG15,205483_s_at,1,0.5984764
IQCC,206650_at,1,0.22230883
IQCD,1552540_s_at,1,0.14624204
INTS4P1,1563887_at,1,0.067206375
INTS6L,227485_at,1,0.49046558
IQCF6,236661_at,1,0.04658407
IQCH-AS1,238485_at,1,0.29431027
IQCJ-SCHIP1-AS1,244152_at,1,0.14664695
IQCM,1569781_at,1,0.1020155
IPO13,203546_at,1,0.41004366
IPO4,218305_at,1,0.43755752
RAB39A,1554800_at,1,0.25206682
RAB3A,204974_at,1,0.2479269
RAB3IL1,219579_at,1,0.37631246
RAB24,225251_at,1,0.5555928
RAB25,218186_at,1,0.1801243
IRAG1-AS1,231595_at,1,0.24535468
INTU,228946_at,1,0.1288501
IP6K1,212439_at,1,0.42825502
IP6K3,231179_at,1,0.13787068
IPCEF1,214735_at,1,0.3904968
INSL6,221403_s_at,1,0.07813011
INSM1,206502_s_at,1,0.09872162
INSM2,240841_at,1,0.14411789
INSRR,215776_at,1,0.11789431
INSYN2A,244435_at,1,0.04862187
RAB5B,201276_at,1,0.49611694
RAB6C,210406_s_at,1,0.6780744
RAB33A,206039_at,1,0.33776537
RAB33B,221014_s_at,1,0.46937245
RAB36,211471_s_at,1,0.17620885
RAB37,228113_at,1,0.5447082
RAB38,219412_at,1,0.2010119
RAB8A,208819_at,1,0.69547325
RAB9A,221808_at,1,0.59608597
RAB9B,222918_at,1,0.21892828
RAB9BP1,208245_at,1,0.08428539
INSYN2B,235236_at,1,0.11647701
INTS12,218616_at,1,0.53999865
INTS13,221652_s_at,1,0.55302906
INTS2,224308_s_at,1,0.382804
INPP5E,204706_at,1,0.508888
INPP5J,213651_at,1,0.15863039
RABAC1,203136_at,1,0.6313535
RABGGTA,203573_s_at,1,0.44408858
RAB40A,217589_at,1,0.13362832
RAB40AL,215782_at,1,0.15340394
RAB42,1552846_s_at,1,0.24790157
INTS8,218905_at,1,0.5681054
INCENP,219769_at,1,0.22861305
INE1,207252_at,1,0.2086697
INPPL1,201598_s_at,1,0.5046652
INS,206598_at,1,0.052526806
INSC,237056_at,1,0.10900553
INSIG1-DT,229370_at,1,0.32157248
INSIG2,209566_at,1,0.36303002
INSL4,206549_at,1,0.13058986
INSL5,221091_at,1,0.114999324
INHBB,205258_at,1,0.14611839
INHBE,210587_at,1,0.07386204
INKA1,229507_at,1,0.36274093
INKA2-AS1,236036_at,1,0.25102034
RAC3,206103_at,1,0.10945377
RACGAP1,222077_s_at,1,0.5727614
RACGAP1P1,224272_at,1,0.10161506
RAD21-AS1,1560207_at,1,0.14510278
ING2-DT,1560841_at,1,0.18299267
INGX,224245_at,1,0.13491033
INHA,210141_s_at,1,0.23828422
ILRUN-AS1,229444_at,1,0.46301168
IMMT,200955_at,1,0.61421514
IMP3,221688_s_at,1,0.5934388
RAD51AP1,204146_at,1,0.51349145
RAD54L,204558_at,1,0.3442715
RABL2A,220500_s_at,1,0.40829483
RABL2B,219151_s_at,1,0.50356835
INMT,224061_at,1,0.13933901
INO80E,227286_at,1,0.5320662
INPP1,202794_at,1,0.43715712
INAFM1,227325_at,1,0.5483947
INAVA,219010_at,1,0.23129576
RAMP3,205326_at,1,0.22906092
RADIL,223693_s_at,1,0.22203717
RAET1E,1552777_a_at,1,0.09281925
IMP4,212411_at,1,0.6109216
IMPA1,203011_at,1,0.6369006
IMPA2,203126_at,1,0.4919397
IMPDH1,204169_at,1,0.5422597
IMPDH2,201892_s_at,1,0.7365208
IMPG1,207054_at,1,0.048184033
INA,204465_s_at,1,0.15516503
IL6-AS1,243977_at,1,0.17700739
IL6R-AS1,1562747_at,1,0.08269899
IL6ST-DT,1557466_at,1,0.2196151
RAG2,215117_at,1,0.23453054
RAI14,202052_s_at,1,0.14758733
RAI2,219440_at,1,0.10607247
RAP1GAP2,213280_at,1,0.54169494
RALY,201271_s_at,1,0.6130774
RALY-AS1,230294_at,1,0.27374467
IL9,208193_at,1,0.07907833
ILF2,200052_s_at,1,0.6887655
ILF3-DT,235014_at,1,0.3953472
ILK,201234_at,1,0.54108477
ILKAP,221548_s_at,1,0.5735521
IL32,203828_s_at,1,0.2885735
IL33,209821_at,1,0.08752263
IL34,237046_x_at,1,0.20700441
IL36A,221404_at,1,0.21788457
IL36G,220322_at,1,0.14610474
RALYL,213967_at,1,0.09111177
RAMP1,204916_at,1,0.34318566
RAMP2,205779_at,1,0.13682652
IL26,221111_at,1,0.0666031
IL27,1552995_at,1,0.1528054
IL2RB,205291_at,1,0.4547817
IL2RG,204116_at,1,0.6562231
IL3,207906_at,1,0.048389122
IL1F10,224262_at,1,0.15528323
IL36RN,222223_s_at,1,0.1566956
IL3RA,206148_at,1,0.31302455
IL4I1,230966_at,1,0.14811067
IL4R,203233_at,1,0.57897025
IL5,207952_at,1,0.088511445
IL6,205207_at,1,0.27485684
IL21R-AS1,1559443_s_at,1,0.19967617
IL22RA1,220056_at,1,0.2374295
IL22RA2,237493_at,1,0.11633079
RAP1B,200833_s_at,1,0.8048602
IL2,207849_at,1,0.07755172
IL20,224071_at,1,0.13453643
IL20RB,228575_at,1,0.20123653
IL21,221271_at,1,0.14227797
IL17B,220273_at,1,0.087845415
IL17C,224079_at,1,0.2955989
IL17D,227401_at,1,0.21959925
IL17F,234408_at,1,0.13490596
RAPGEFL1,218657_at,1,0.08084636
RAPSN,211570_s_at,1,0.14927197
RARA-AS1,228037_at,1,0.37789428
RARB-AS1,231673_at,1,0.17582539
RANBP3L,1553147_at,1,0.069331326
RANBP6,213019_at,1,0.61139005
IL24,206569_at,1,0.23534527
IL25,220971_at,1,0.16115674
IL18,206295_at,1,0.36600652
IL18R1,206618_at,1,0.24639991
IL18RAP,207072_at,1,0.4183106
IL19,220745_at,1,0.13490488
IL10,207433_at,1,0.16452882
IL10RA,204912_at,1,0.60065156
IL10RB,209575_at,1,0.51865745
IL12A,207160_at,1,0.25973493
RASAL3,228677_s_at,1,0.55385435
RASD1,223467_at,1,0.45861578
RASD2,223634_at,1,0.18009326
RAP2C-AS1,240561_at,1,0.22990507
RAPGEF4,205651_x_at,1,0.11192135
RAPGEF4-AS1,1563528_at,1,0.103102736
IL1RAPL2,221112_at,1,0.20626149
IL1RL2,208038_at,1,0.086603165
IL12A-AS1,1560725_at,1,0.114782564
IL12B,207901_at,1,0.12940852
IL12RB2,206999_at,1,0.18656506
IL13,207844_at,1,0.2571895
IL13RA2,206172_at,1,0.08176482
IL15RA,207375_s_at,1,0.38150325
IGSF8,225025_at,1,0.32897663
IGSF9,229276_at,1,0.096891984
IK,200066_at,1,0.67927694
RASL11A,238353_at,1,0.26493153
RASL12,219167_at,1,0.15277342
RASSF1,204346_s_at,1,0.58199286
RASSF1-AS1,240278_at,1,0.25830603
RASSF10,238755_at,1,0.18518244
RARRES2,209496_at,1,0.15844038
RARS1,201330_at,1,0.50977045
IGKV2D-28,214768_x_at,1,0.4090371
IGKV4-1,214777_at,1,0.2896028
IGLC2,215379_x_at,1,0.7120809
IGLL1,206660_at,1,0.49924254
IKBKB-DT,231378_at,1,0.20579739
IGLV3-25,215214_at,1,0.41813773
IGLV4-3,234381_at,1,0.305858
IGLV4-60,215777_at,1,0.21960814
IGLV6-57,215035_at,1,0.09007033
IGLV9-49,233969_at,1,0.037611596
IGLVI-70,234416_at,1,0.05519579
RAVER1,223425_at,1,0.4604881
RAX,208242_at,1,0.09283337
RAX2,1552311_a_at,1,0.3048282
RASGEF1C,236748_at,1,0.12763646
RASGRP1,205590_at,1,0.49905804
IGHV7-81,1555179_at,1,0.10876892
RBM12B-AS1,220222_at,1,0.11123406
RBM20,238763_at,1,0.13853912
RBAKDN,230439_at,1,0.19923878
RBBP5,205169_at,1,0.3080679
RBBP7,201092_at,1,0.73163277
RBBP8,203344_s_at,1,0.57374096
RBBP8NL,236258_at,1,0.10387438
RASSF2,203185_at,1,0.6218592
IGSF10,230670_at,1,0.25311512
IGSF11,228375_at,1,0.08522237
IGSF11-AS1,237253_at,1,0.054724928
IGSF21,227154_at,1,0.18269233
IGSF22,1553857_at,1,0.28629714
IGSF5,243027_at,1,0.12951434
IGKV1OR2-108,217378_x_at,1,0.36776766
IGFL2,231148_at,1,0.08079469
IGFLR1,219690_at,1,0.5329092
RBM33-DT,243224_at,1,0.33405775
RBM38,212430_at,1,0.621135
RBM42,205740_s_at,1,0.5393045
RBM11,232549_at,1,0.21960616
IGLL3P,215946_x_at,1,0.67550373
IGLON5,244694_at,1,0.12081274
IGLV1-50,216573_at,1,0.1621268
IGLV2-14,217148_x_at,1,0.44903913
IGLV2-5,234851_at,1,0.22625245
IGLV3-1,234884_x_at,1,0.25210574
IGLV3-10,216560_x_at,1,0.20254913
IGHV3-47,217239_x_at,1,0.32102844
IGHV3-73,211642_at,1,0.058727827
IGHV5-78,210450_at,1,0.18564035
IGFBP4,201508_at,1,0.30243692
IFT46,218483_s_at,1,0.34999424
IFT70A,213679_at,1,0.17130475
IGHG3,211430_s_at,1,0.72916436
IGF2-AS,220561_at,1,0.11478961
IGKV1-17,211645_x_at,1,0.42728156
IGKV1-5,211835_at,1,0.059882432
IGKV1D-13,216207_x_at,1,0.5135427
IGKV1D-37,216401_x_at,1,0.36919954
IGKV1D-39,215176_x_at,1,0.49442175
IGKV1D-8,216517_at,1,0.19881572
IGKV1OR1-1,217480_x_at,1,0.4652968
IGFBP6,203851_at,1,0.28387132
IGFBP7-AS1,1557395_at,1,0.100156486
IGFBPL1,227760_at,1,0.09763826
IGFL1,239430_at,1,0.12037045
RBM4B,209497_s_at,1,0.36786467
IFT88,204703_at,1,0.44221437
IFTAP,228249_at,1,0.39917836
IGBP1,202105_at,1,0.6594527
IGDCC4,227870_at,1,0.100771025
IFNGR2,201642_at,1,0.6252221
IFNK,224093_at,1,0.07779152
IFNL1,1552917_at,1,0.20861988
IFNL2,1552915_at,1,0.12606105
IFNL3,1552609_s_at,1,0.16777828
RBMS3-AS3,237329_at,1,0.09738828
RBM23,219816_s_at,1,0.5973185
RBM24,235004_at,1,0.14772159
IGFALS,215712_s_at,1,0.30062333
IGFBP-AS1,217439_at,1,0.1321041
IGFBP2,202718_at,1,0.34131637
IFRD2,209100_at,1,0.5121174
IFT172,226324_s_at,1,0.33299658
IFT20,210312_s_at,1,0.62966627
IFNA13,208344_x_at,1,0.1797333
IFNA14,208182_x_at,1,0.18103191
IFNA16,208448_x_at,1,0.21939875
IFNA17,211405_x_at,1,0.32766777
IFNA2,211338_at,1,0.10747567
IFNA21,211145_x_at,1,0.162491
IFNA4,207964_x_at,1,0.18276317
RBP2,231734_at,1,0.19557738
RBP3,210318_at,1,0.22082292
RBP7,238066_at,1,0.30736673
RBPJL,221377_s_at,1,0.1515926
RBPMS-AS1,240929_at,1,0.26073515
RBM45,228578_at,1,0.45883113
IFNA6,208548_at,1,0.1398526
IFNA7,208259_x_at,1,0.21741852
IFNA8,207932_at,1,0.07536823
IFNB1,208173_at,1,0.09785682
IFNE,1553574_at,1,0.15690762
IFNG,210354_at,1,0.27760378
IFI30,201422_at,1,0.6631654
IFI35,209417_s_at,1,0.42757964
IFI44L,204439_at,1,0.35141322
IFI6,204415_at,1,0.5506455
IFIT1,203153_at,1,0.30621105
RCC2,224578_at,1,0.7051892
RBMXL1,227748_at,1,0.44170797
RBMY1A1,208307_at,1,0.07048713
RBMY2BP,207916_at,1,0.16850965
IFNW1,207817_at,1,0.12700981
IFITM3,212203_x_at,1,0.75384796
IFNA1,208375_at,1,0.08330511
IFNA10,208261_x_at,1,0.25410667
IDO1,210029_at,1,0.1479071
IDO2,1568638_a_at,1,0.1681429
IER2,202081_at,1,0.7938867
IER3,201631_s_at,1,0.5668304
RCVRN,206203_at,1,0.18755351
RD3,236563_at,1,0.09432744
RDH12,242998_at,1,0.12047475
RDH14,222203_s_at,1,0.53430927
RDH16,206753_at,1,0.18201925
RBPMS2,228802_at,1,0.1741493
RBX1,218117_at,1,0.6868285
RCAN2,203498_at,1,0.19273901
IFNA5,214569_at,1,0.10717046
IDH1-AS1,236400_at,1,0.18581122
IDI2,1552491_at,1,0.11774025
IDI2-AS1,220703_at,1,0.24879178
ICA1-AS1,230641_at,1,0.15977363
IFFO2,225615_at,1,0.37155184
IFI27,202411_at,1,0.2626015
IFI27L1,230172_at,1,0.43863797
IFI27L2,223626_x_at,1,0.4998876
ID1,208937_s_at,1,0.36374244
ID2B,210911_at,1,0.16403997
ID3,207826_s_at,1,0.44347507
REEP2,205331_s_at,1,0.13118036
REEP4,218777_at,1,0.49859154
RCN1,201063_at,1,0.4939281
RCOR2,236030_at,1,0.22794709
IFITM2,201315_x_at,1,0.7825263
ICAM5,206906_at,1,0.23776612
ICE1,209654_at,1,0.57363385
ICMT-DT,1553741_at,1,0.05488752
ICOS,210439_at,1,0.25237697
HYDIN2,1563529_at,1,0.17989914
HYKK,236150_at,1,0.1843826
HYLS1,227687_at,1,0.36352086
RELB,205205_at,1,0.4309291
RELL2,1564031_a_at,1,0.3655721
RELN,205923_at,1,0.19972134
RELT,227060_at,1,0.48270756
RDH8,220683_at,1,0.17049906
RDM1,239169_at,1,0.17961824
RDM1P5,1564050_at,1,0.050825108
RDUR,1562048_at,1,0.12362236
REC114,240689_at,1,0.23696986
HYOU1,200825_s_at,1,0.5530068
IAPP,207062_at,1,0.1257468
IARS1,204744_s_at,1,0.6799899
IARS2,217900_at,1,0.6130878
IBA57-DT,238188_at,1,0.16846274
HTRA1,201185_at,1,0.16502002
HTRA4,1553706_at,1,0.2698307
RERGL,220276_at,1,0.059039887
RETN,220570_at,1,0.46124
REEP6,226597_at,1,0.24067304
REG1A,209752_at,1,0.13132228
REG1B,205886_at,1,0.12252729
REG1CP,207778_at,1,0.07498179
REG3G,231661_at,1,0.12879547
ICAM3,204949_at,1,0.7262228
ICAM4,207194_s_at,1,0.34300777
HTR1E,207404_s_at,1,0.18526523
HTR1F,221458_at,1,0.17658454
RFNG,212968_at,1,0.48816735
RFPL1,207934_at,1,0.080536775
RFPL1S,214120_at,1,0.1074909
RFPL2,207227_x_at,1,0.28783956
RFPL3,207936_x_at,1,0.30040824
RETREG1-AS1,1560246_at,1,0.16739985
RETREG3,212697_at,1,0.57661825
REXO1L1P,1553009_s_at,1,0.060139365
REXO4,218767_at,1,0.45777303
REM1,210300_at,1,0.30191112
REM2,235699_at,1,0.35946748
REN,206367_at,1,0.1143675
RENBP,206617_s_at,1,0.28884715
HYMAI,215513_at,1,0.23516479
HTR3C,1553041_at,1,0.03307837
HTR5A,221362_at,1,0.09732512
HSPB9,230510_at,1,0.11244634
HSPBAP1,219284_at,1,0.4775808
HSPBP1,202415_s_at,1,0.40191987
HSPC102,233217_at,1,0.39482355
HVCN1,226879_at,1,0.54000145
HYAL1,210619_s_at,1,0.06290039
HYAL2,206855_s_at,1,0.3998002
HYAL3,211728_s_at,1,0.287627
HYAL4,220249_at,1,0.1058131
HYAL6P,1564777_at,1,0.090225495
HTN3,206786_at,1,0.08029427
HTR1A,221351_at,1,0.19347286
HTR1B,210799_at,1,0.18967481
HTR1D,207368_at,1,0.092428185
HSF5,230718_at,1,0.238234
HSPC324,232227_at,1,0.27221838
HSPE1,205133_s_at,1,0.693276
HTATSF1P2,1558882_at,1,0.1837017
HTN1,206639_x_at,1,0.12505695
HSPA2,211538_s_at,1,0.22977574
HSPA2-AS1,244270_at,1,0.14749286
RFX6,1552673_at,1,0.0973828
RFXANK,202758_s_at,1,0.55746835
RGL1,209568_s_at,1,0.36473498
RGL2,209110_s_at,1,0.5829447
RGL4,235816_s_at,1,0.4102368
RFC4,204023_at,1,0.597698
RFLNA,227320_at,1,0.18003653
HTR2B,206638_at,1,0.10463672
HTR3B,221084_at,1,0.14170581
RGPD4-AS1,1558623_at,1,0.073283166
HSFX1,220314_at,1,0.1791643
HSFX4,231589_at,1,0.14227827
HSH2D,1552623_at,1,0.45985177
HSD11B2,204130_at,1,0.078384854
HSD17B10,202282_at,1,0.6132621
HSD17B11,217989_at,1,0.72048396
HSD17B2,204818_at,1,0.06628659
RFWD3,218564_at,1,0.45344728
RFX5-AS1,230787_at,1,0.4660035
HSPB1,201841_s_at,1,0.57355285
HSPB2,205824_at,1,0.08237683
HSPB3,206375_s_at,1,0.080499575
HSDL1,223248_at,1,0.355857
HSF2BP,207020_at,1,0.14599352
HSF4,210977_s_at,1,0.18279335
HS3ST6,239547_at,1,0.1643642
RHBG,220510_at,1,0.07940773
RHCG,219554_at,1,0.123294584
RGS17,220334_at,1,0.15356675
RGS18,223809_at,1,0.4418672
RGS19,204336_s_at,1,0.6828838
RGS2,202388_at,1,0.74429107
RGS22,223691_at,1,0.2055377
RGS7BP,237719_x_at,1,0.08971399
RGS9,206518_s_at,1,0.16570969
RGS9BP,1556199_a_at,1,0.081462055
RGSL1,211446_at,1,0.113491446
RGMB-AS1,1558899_s_at,1,0.1598352
RGN,210751_s_at,1,0.13806774
RGP1,203169_at,1,0.46771297
RGPD1,235597_s_at,1,0.20789061
HSCB,223647_x_at,1,0.5395828
HSD11B1,205404_at,1,0.22052574
HSD11B1-AS1,237154_at,1,0.17277643
HRAS,212983_at,1,0.43384558
HRC,207066_at,1,0.06020609
HRCT1,235496_at,1,0.15814279
HSD17B3,206985_at,1,0.16334605
HSD17B7,220081_x_at,1,0.5706349
HSD17B7P2,224058_s_at,1,0.2305164
HSD17B8,213540_at,1,0.44165656
HSD3B2,206294_at,1,0.096781224
HSD3B7,222817_at,1,0.2166133
HS3ST2,219697_at,1,0.24634823
HS3ST3A1,219985_at,1,0.09587144
HS3ST4,228206_at,1,0.19880481
HS3ST5,240479_at,1,0.16707377
HPSE2,220927_s_at,1,0.12169731
HOXC9,231936_at,1,0.085217685
HOXD-AS2,229493_at,1,0.16718434
HOXD11,214604_at,1,0.1436773
HOXD12,221411_at,1,0.028668853
HRG-AS1,214417_s_at,1,0.15201831
HROB,219879_s_at,1,0.25552297
HPD,206024_at,1,0.06379637
HPDL,229332_at,1,0.17437327
HPGDS,206726_at,1,0.26159975
HPN,204934_s_at,1,0.22760053
RHOC,235742_at,1,0.17101017
RHOG,203175_at,1,0.71506256
RHBDF2,219202_at,1,0.49745354
RHBDL1,207383_s_at,1,0.118558325
HSBP1L1,232594_at,1,0.36191958
HOXA4,206289_at,1,0.20859669
RIMBP3,230062_at,1,0.33022293
RIN1,205211_s_at,1,0.3756936
RHOV,241990_at,1,0.12625736
RHOXF1,1552724_at,1,0.28944933
RHOXF2,236920_at,1,0.07018133
RHPN1-AS1,207458_at,1,0.26395717
RHPN2,227196_at,1,0.1959663
RIBC2,206526_at,1,0.1539555
RIC8A,221647_s_at,1,0.6110456
RHOBTB1,212651_at,1,0.26435408
HOXD8,231906_at,1,0.25794414
HPCA,205454_at,1,0.24628617
HOXB4,231767_at,1,0.26725882
HPS1-AS1,238979_at,1,0.12345195
HPS5,204544_at,1,0.41105178
HOXA5,213844_at,1,0.31161216
HOXA6,208557_at,1,0.2885266
HOXB2,205453_at,1,0.3517919
HOMEZ,231868_at,1,0.19828165
HOOK2,218780_at,1,0.3085036
HOXC-AS3,1561273_at,1,0.16925032
HOXC10,218959_at,1,0.18581393
HOXC11,206745_at,1,0.20491658
HOXC12,1553512_at,1,0.1651104
HOXC13,219832_s_at,1,0.037824955
HOXC4,206194_at,1,0.33386892
HOXC5,206739_at,1,0.12304849
HOXC6,206858_s_at,1,0.1652496
HOXC8,221350_at,1,0.25201377
HOXA10-AS,231365_at,1,0.10368935
HOXA2,214457_at,1,0.15582837
RIOK1,224450_s_at,1,0.54879004
HOATZ,1568606_at,1,0.17745447
HOGA1,239093_at,1,0.17231019
HNF4A-AS1,1563265_at,1,0.07282264
HORMAD1,223861_at,1,0.116684124
HOTAIR,239153_at,1,0.07590588
HOXA-AS3,239915_at,1,0.1408604
HOXA1,214639_s_at,1,0.15111057
HNRNPF,201376_s_at,1,0.5632944
HNRNPH2,201132_at,1,0.7009801
RIOX1,219526_at,1,0.5048042
RIPK3,228139_at,1,0.41218442
RIIAD1,237131_at,1,0.18178633
RILP,227366_at,1,0.45247594
RILPL1,226207_at,1,0.33757317
RILPL2,227983_at,1,0.7069376
RIPPLY1,1560291_at,1,0.13411176
RIPPLY2,236771_at,1,0.09153407
RIPPLY3,207267_s_at,1,0.2520952
RIT2,206984_s_at,1,0.101276524
HNRNPAB,201277_s_at,1,0.7298715
HNRNPCL1,216302_at,1,0.25874385
HNRNPD-DT,235607_at,1,0.44408125
HMGN2,208668_x_at,1,0.8475517
HMGN2P46,242649_x_at,1,0.12848632
HMGN3,209377_s_at,1,0.76698637
RLBP1,206154_at,1,0.12226938
RLF,204243_at,1,0.5721506
RLN1,211753_s_at,1,0.1805135
RLN2,214519_s_at,1,0.18522395
RLN3,1553403_at,1,0.08542579
RINT1,218598_at,1,0.5068313
HMGB4,230473_s_at,1,0.10847866
HMGCL,202772_at,1,0.4441993
HLA-DRB5,204670_x_at,1,0.78551644
HMHB1,208302_at,1,0.2923725
HMMR-AS1,1557029_at,1,0.116265476
HMOX1,203665_at,1,0.44133136
HMX1,207353_s_at,1,0.06839507
HMX2,244565_at,1,0.23996887
HMCN1,235944_at,1,0.060609624
HMG20A,218152_at,1,0.5042685
RNASE11,231603_at,1,0.043335684
RNASE11-AS1,1562581_at,1,0.1230829
RNASE2,206111_at,1,0.6534678
RNASE2CP,216667_at,1,0.3688315
RNASE3,206851_at,1,0.51887083
RIPOR3-AS1,243710_at,1,0.30078575
HLA-DQB2,215536_at,1,0.2859478
HIPK4,1553238_a_at,1,0.29520395
HLA-J,217436_x_at,1,0.7350852
HLTF,202983_at,1,0.5403128
HLX,214438_at,1,0.49039283
HMBS,203040_s_at,1,0.5640704
HLA-DMA,217478_s_at,1,0.6945378
HLA-DMB,203932_at,1,0.6789923
RNASEK,224573_at,1,0.7979595
RND1,210056_at,1,0.13277821
RND3,212724_at,1,0.18801428
RNF11,208924_at,1,0.71350765
RMDN3,218126_at,1,0.51321805
RMI1,218979_at,1,0.42323887
RMI2,226456_at,1,0.3935506
HMGB3P1,216548_x_at,1,0.39397666
RNF122,219897_at,1,0.36005548
HISLA,1559363_at,1,0.057153985
HJURP,218726_at,1,0.3860507
HJV,228621_at,1,0.13413997
HK1,200697_at,1,0.651264
HK2,202934_at,1,0.48738155
HK3,205936_s_at,1,0.3893224
HIF1A,200989_at,1,0.7960409
HIGD1B,219719_at,1,0.06752957
RNF126P1,222349_x_at,1,0.3547499
RNF128,219263_at,1,0.09881833
RNF133,231373_at,1,0.034328785
RNASE6,213566_at,1,0.4708583
RNASEH1-DT,232790_at,1,0.2996766
RNASEH2A,203022_at,1,0.51112956
HLA-DPB2,239975_at,1,0.2532489
RNF186,219739_at,1,0.17091975
RNF139,209510_at,1,0.67900455
RNF139-DT,227745_at,1,0.34410518
HINFP,206495_s_at,1,0.39151883
HINT2,224415_s_at,1,0.58606017
HGFAC,207027_at,1,0.07857933
HHAT,219687_at,1,0.23518151
HHATL,223572_at,1,0.09099252
RNF148,242925_at,1,0.028394658
RNF149,225414_at,1,0.58026516
RNF151,236689_at,1,0.14049621
RNF157-AS1,230776_at,1,0.11500017
RNF111,218761_at,1,0.5031334
RNF112,223603_at,1,0.06838171
RNF113A,209565_at,1,0.6327574
RNF121,219021_at,1,0.36999953
RNF227,238096_at,1,0.31493482
RNF166,227726_at,1,0.53230345
RNF167,212047_s_at,1,0.54952174
RNF169,226739_at,1,0.5497795
RNF175,236465_at,1,0.29354715
HHIP-AS1,236632_at,1,0.28914943
HHIPL2,220283_at,1,0.21914841
HES7,224548_at,1,0.2506017
HESX1,211267_at,1,0.20067942
HEXA-AS1,220718_at,1,0.09673548
HEXB,201944_at,1,0.6427179
RNF181,223064_at,1,0.67171526
RNF182,230720_at,1,0.23600689
RNF183,235153_at,1,0.20812522
RNF185,224750_at,1,0.37754565
RNF185-AS1,207280_at,1,0.11579647
HERPUD2-AS1,236170_x_at,1,0.27125144
HES4,227347_x_at,1,0.14501315
HES5,239230_at,1,0.15551947
HECW2-AS1,232397_at,1,0.11928835
HEIH,226146_at,1,0.574347
HEXIM2,238547_at,1,0.31218758
HGC6.3,211111_at,1,0.09493091
HERC2P2,217317_s_at,1,0.62842625
HERC2P3,215847_at,1,0.1052247
HERC2P8,216196_at,1,0.16445974
HERC5,219863_at,1,0.51021403
RNF213-AS1,1569078_at,1,0.15097038
RNF214,227114_at,1,0.34614626
RNF215,234461_at,1,0.16841836
RNF217-AS1,1563496_at,1,0.10748321
RNF220,219988_s_at,1,0.5576429
HENMT1,225841_at,1,0.5377524
HEPACAM,238003_at,1,0.15512784
HEPACAM2,242601_at,1,0.19478503
HEATR4,1560727_at,1,0.1199073
HEATR5A,226510_at,1,0.3291457
HEATR5A-DT,1570226_at,1,0.06519495
HEATR9,1553378_a_at,1,0.11455428
HEBP1,218450_at,1,0.60966176
RNF39,219916_s_at,1,0.1212139
RNF4,212696_s_at,1,0.63550353
RNF43,218704_at,1,0.21735473
RNF44,203286_at,1,0.6608145
RNF2,205215_at,1,0.34735736
RNF20,222683_at,1,0.5450875
RNF208,221273_s_at,1,0.19488277
RNF212B,240320_at,1,0.13154389
HCRTR1,207619_at,1,0.06544462
HCRTR2,207393_at,1,0.16205487
HCST,223640_at,1,0.6735177
HDAC1,201209_at,1,0.70303255
HECTD3,218632_at,1,0.4742323
HECW1-IT1,1560950_at,1,0.07699048
HDC,207067_s_at,1,0.28872555
HDDC3,227008_at,1,0.4536219
HDGF,200896_x_at,1,0.7181703
HDGFL1,232680_at,1,0.37505755
HDGFL2,223252_at,1,0.4789846
RNPEP,208270_s_at,1,0.57455176
RNPEPL1,218301_at,1,0.493592
RNU6-501P,1570093_at,1,0.15291426
ROBO1,213194_at,1,0.15816492
RNF25,218861_at,1,0.26388773
HDAC2-AS2,1559620_at,1,0.06639563
HDAC3,216326_s_at,1,0.56644076
HDAC4-AS1,237764_at,1,0.26066208
HCG22,1560767_at,1,0.2688506
HCG26,214186_s_at,1,0.33651462
HCG27,1559050_at,1,0.27049786
HCG4,206685_at,1,0.10551763
HCG4B,215973_at,1,0.16824771
ROR1-AS1,1562823_at,1,0.0700295
ROR2,205578_at,1,0.09843753
HDHD2,223155_at,1,0.58692855
HDHD3,221256_s_at,1,0.36530793
HDHD5,218592_s_at,1,0.54138756
HDHD5-AS1,1559920_a_at,1,0.107134454
HDX,1553646_at,1,0.12754002
HCRT,207642_at,1,0.26413217
HCLS1,202957_at,1,0.74893695
HCN3,228741_s_at,1,0.26305512
HCP5,206082_at,1,0.4088722
HCP5B,1560213_at,1,0.20478626
HBG1,204848_x_at,1,0.62102556
HBM,240336_at,1,0.5828423
HBQ1,220807_at,1,0.23359013
RPA2,201756_at,1,0.58606535
RPA3,209507_at,1,0.6223157
RPA4,221143_at,1,0.21677355
RPAP1,218441_s_at,1,0.37776896
RPAP3-DT,1563707_at,1,0.08520755
ROBO3,219550_at,1,0.28036138
ROGDI,218394_at,1,0.48677704
ROM1,205806_at,1,0.19486648
ROMO1,224972_at,1,0.703969
RPL22L1,225541_at,1,0.7678094
RPL23AP32,207283_at,1,0.40412456
RPL23AP53,222225_at,1,0.18748455
RPE65,207107_at,1,0.091165125
RPF2,225866_at,1,0.55628353
RPGR,207624_s_at,1,0.41287053
RPGRIP1,206608_s_at,1,0.23107313
RPH3A,205230_at,1,0.28129974
RPH3AL-AS1,238091_at,1,0.07985195
RPIA,212973_at,1,0.6479518
RPL10L,217559_at,1,0.4808454
RPL11,200010_at,1,0.8765413
RP1,224021_at,1,0.10579814
RP1L1,1555245_s_at,1,0.13354091
HCG9,208287_at,1,0.15533014
HCK,208018_s_at,1,0.50619644
RPL32,200674_s_at,1,0.89552057
RPL34,200026_at,1,0.879419
RPL34-DT,1563581_at,1,0.09315702
RPL35,200002_at,1,0.85329694
RPL13AP17,1555083_at,1,0.24031283
RPL13P5,210822_at,1,0.23338412
HBZ,206647_at,1,0.240802
HCAR1,224131_at,1,0.11787367
HCAR3,205220_at,1,0.46405622
HCCAT5,1570315_at,1,0.26960015
HAUS3,210054_at,1,0.6163932
HAUS4,218383_at,1,0.58561003
HAUS8,226308_at,1,0.3274231
RPL18A,200869_at,1,0.89068437
RPL19,200029_at,1,0.8863232
RPL21,200012_x_at,1,0.8727448
RPL41,201492_s_at,1,0.9202473
RPL6,200034_s_at,1,0.86048853
RPL23AP7,221634_at,1,0.36742166
RPL26L1,218830_at,1,0.64083105
RPL26L1-AS1,233491_at,1,0.09952532
HAVCR1,207052_at,1,0.11413042
HAVCR1P1,239386_at,1,0.18490036
HBA2,217414_x_at,1,0.80127424
HBBP1,216063_at,1,0.29354134
HBD,206834_at,1,0.6710699
HAPLN2,220142_at,1,0.12187322
HAPLN3,227262_at,1,0.33992594
HAPLN4,235420_at,1,0.18440965
HAPSTR2,240312_at,1,0.07113361
HAR1A,1557098_s_at,1,0.17986819
RPL30,200062_s_at,1,0.91904515
RPL36,219762_s_at,1,0.8555784
RPL36AL,207585_s_at,1,0.8018631
HARBI1,241498_at,1,0.29231712
HARS1,202042_at,1,0.57326555
HARS2,209252_at,1,0.45945203
HAS1,207316_at,1,0.0952096
HASPIN,223759_s_at,1,0.35570315
HAT1,203138_at,1,0.64643496
HAUS1,225297_at,1,0.6351939
HACL1,223211_at,1,0.4847365
HADHB,201007_at,1,0.7096583
HAGH,205012_s_at,1,0.48102933
HAGHL,223485_at,1,0.4059788
RPL39,208695_s_at,1,0.9154695
RPL39L,210115_at,1,0.34744045
RPL3L,206768_at,1,0.17889097
HAGLROS,230935_at,1,0.108061254
HAMP,220491_at,1,0.3278424
HAND1,220138_at,1,0.21773462
HAND2,220480_at,1,0.107559755
HAO1,220224_at,1,0.06800652
H4C3,205967_at,1,0.67544615
H4C4,208076_at,1,0.277104
H4C5,206951_at,1,0.34240785
H4C6,208026_at,1,0.18366621
H4C7,208551_at,1,0.21678199
H4C9,214634_at,1,0.28764325
RPN1,201011_at,1,0.6617338
RPP21,218836_at,1,0.5567273
RPP25L,225403_at,1,0.49711213
RPP38,205562_at,1,0.44252747
RPP40,213427_at,1,0.42590275
HACE1,227471_at,1,0.42393428
H3C1,208575_at,1,0.22037339
H3C10,206110_at,1,0.38983947
H3C11,214509_at,1,0.1946496
H3C12,214646_at,1,0.1724427
H3C2,208576_s_at,1,0.38226128
H3C3,208577_at,1,0.26231927
H3C4,214472_at,1,0.44010997
RPS10P7,1566720_at,1,0.18908462
RPS11P6,233149_at,1,0.28805485
RPS12,213377_x_at,1,0.9076955
RPS13,200018_at,1,0.88527095
RPL7L1,224738_x_at,1,0.7052301
RPL8,200936_at,1,0.8573111
RPL9,200032_s_at,1,0.90503645
RPLP2P1,216490_x_at,1,0.44733685
H2BC15,207226_at,1,0.13378733
H2BC17,214540_at,1,0.24913724
H2BC21,202708_s_at,1,0.5972299
H2BC3,208547_at,1,0.22178818
RPS6KA1,203379_at,1,0.539466
RPS6KA2-AS1,236658_at,1,0.12895893
RPS16P5,1566079_at,1,0.566824
RPS18,201049_s_at,1,0.90637785
RPS19BP1,225148_at,1,0.56950206
RPS25,200091_s_at,1,0.85549396
RPS26,217753_s_at,1,0.8600186
RPPH1,1556684_at,1,0.32164705
RPRM,219370_at,1,0.18532148
RPRML,1554655_a_at,1,0.13564599
HAAO,205657_at,1,0.32526875
HABP2,206010_at,1,0.22897734
RRAGA,201628_s_at,1,0.6322764
RRAGB,205540_s_at,1,0.2949162
RPS2P45,207489_at,1,0.11899328
RPS3,208692_at,1,0.8672191
RPS4Y1,201909_at,1,0.6148411
RPS5,200024_at,1,0.85880715
H3C6,214616_at,1,0.19835518
H3C7,208506_at,1,0.32928976
H3C8,208496_x_at,1,0.34931222
H4C1,208046_at,1,0.2302756
H4C11,208580_x_at,1,0.49268532
H4C12,214463_x_at,1,0.49351123
H4C13,214562_at,1,0.15360536
H4C14,207046_at,1,0.28518784
H4C2,214516_at,1,0.18967448
H2BC14,208515_at,1,0.29407915
H2BC7,208490_x_at,1,0.5661824
H2BC8,215779_s_at,1,0.42682928
H2BC9,208546_x_at,1,0.49233478
H2BW2,234899_at,1,0.10732609
H3-4,208572_at,1,0.26148742
H2AC25,221582_at,1,0.39104456
H2AC4,208569_at,1,0.31817135
H2AC6,215071_s_at,1,0.63103086
H2AC7,214522_x_at,1,0.44328463
H2AC8,214469_at,1,0.37872082
H2AP,215142_at,1,0.096130654
RPTN,1553454_at,1,0.10348729
RPTOR,225715_at,1,0.3003383
RPUSD1,226078_at,1,0.40449202
RPUSD2,221940_at,1,0.36328986
RPUSD4,225398_at,1,0.5192164
H2BC10,208523_x_at,1,0.49125013
H2BC11,214502_at,1,0.124078445
H2BC12,209806_at,1,0.7413742
H2BC12L,208579_x_at,1,0.59710634
H2BC13,207611_at,1,0.13120463
H1-4,208553_at,1,0.4872469
H1-5,214534_at,1,0.2589004
H1-8,1553064_at,1,0.12115463
H1-9P,231229_at,1,0.12388101
RRM2B,223342_at,1,0.49515277
RRN3P2,243124_at,1,0.4198677
RPS6KB2,203777_s_at,1,0.39911687
RPS6KC1,218909_at,1,0.41644308
RPS6KL1,223534_s_at,1,0.21051516
RPSA,213801_x_at,1,0.87977695
H2BC6,208527_x_at,1,0.57159317
GZMB,210164_at,1,0.4909463
RSPH4A,233071_at,1,0.13152933
RSPH6A,220965_s_at,1,0.19954367
RSPH9,230695_s_at,1,0.124045804
RSPO1,241450_at,1,0.09494712
RSPO2,1554012_at,1,0.09203908
RSPO3,228186_s_at,1,0.11711924
RSPO4,237423_at,1,0.10647911
RRP7BP,214828_s_at,1,0.21448573
RRP9,204133_at,1,0.276168
RRS1,209567_at,1,0.43222484
RRS1-DT,237729_at,1,0.080439985
RSAD1,218307_at,1,0.48905736
RRAS,212647_at,1,0.31506172
RRH,208314_at,1,0.14336777
H2BC1,241519_at,1,0.08053814
RTL3,1552935_at,1,0.2307895
RTL5,227823_at,1,0.13750948
RSPH1,230093_at,1,0.14663501
RSPH10B,1557417_s_at,1,0.05514519
RSPH10B2,1555272_at,1,0.40785283
H2AB3,214412_at,1,0.16886187
H2AC10P,216585_at,1,0.17550044
H2AC11,207156_at,1,0.31416228
H2AC13,214542_x_at,1,0.398203
H2AC14,208583_x_at,1,0.46375883
H2AC16,214554_at,1,0.3338848
H2AC17,214481_at,1,0.3430838
GYPC,202947_s_at,1,0.66499794
GYS1,201673_s_at,1,0.5053293
GYS2,214621_at,1,0.062048562
GZMA,205488_at,1,0.45423925
RTCB,200042_at,1,0.6168037
GUSBP5,240063_at,1,0.21740441
GUCA2B,207502_at,1,0.15788646
GUCD1,223039_at,1,0.61380285
GZMH,210321_at,1,0.37550098
GZMK,206666_at,1,0.3869427
GZMM,207460_at,1,0.32062835
H1-0,208886_at,1,0.59769195
H1-1,208484_at,1,0.063037135
H1-10,204805_s_at,1,0.79283524
H1-10-AS1,1558168_at,1,0.09404861
H1-2,209398_at,1,0.6899634
H1-3,214537_at,1,0.4302218
GUSBP15,215043_s_at,1,0.3211598
GUSBP2,1555568_at,1,0.32128295
RTEL1-TNFRSF6B,216325_x_at,1,0.1581945
GTSE1-DT,1556661_at,1,0.1427883
GTSF1,227711_at,1,0.3641126
GTF2F2,209595_at,1,0.44127277
GTF2H2B,215470_at,1,0.3714405
GTF2H4,203577_at,1,0.38580546
GUCY1B2,220506_at,1,0.11994786
GUCY2C,206312_at,1,0.13679692
GUCY2D,207884_at,1,0.13688621
GUCY2F,208053_at,1,0.04966472
GTF3C6,225083_at,1,0.68651265
RTN4R,228550_at,1,0.27270192
RTN4RL1,230700_at,1,0.15585083
RTN4RL2,229345_at,1,0.056921404
RTP4,219684_at,1,0.2775598
RTP5,1560035_at,1,0.040519956
RTBDN,223719_s_at,1,0.16607222
RTRAF,217768_at,1,0.78638196
GTF2I-AS1,229896_at,1,0.14262229
GTF2IP20,227922_x_at,1,0.34236228
GTF2IP7,1570044_at,1,0.12701954
GTF2IRD1,218412_s_at,1,0.28564745
GSTP1,200824_at,1,0.7025236
GSTT2,205439_at,1,0.07498947
GSTT4,207215_at,1,0.13305517
GSTZ1,209531_at,1,0.35829294
RUNDC3A-AS1,1557644_at,1,0.10593203
RUNX1-IT1,220918_at,1,0.491831
RTL6,223228_at,1,0.4851316
RTL8A,217948_at,1,0.27881184
RTL8C,201828_x_at,1,0.49102724
RTL9,232785_at,1,0.11455763
GTPBP6,203314_at,1,0.52807343
RUSC2,213066_at,1,0.22253032
RUVBL1,201614_s_at,1,0.43988267
GSX2,230338_x_at,1,0.18571313
GTF2A1-AS1,1559009_at,1,0.17678411
GTF2A1L,1552585_s_at,1,0.15605822
GTF2B,208066_s_at,1,0.6976032
GTF2E1,205930_at,1,0.41734612
GTF2E2,202680_at,1,0.48583916
GSPT2,205541_s_at,1,0.43264884
GSTA1,215766_at,1,0.36831033
GSTA2,203924_at,1,0.12744933
GSTA3,222102_at,1,0.12463124
RWDD3,205087_at,1,0.55557096
RWDD4,225574_at,1,0.54091775
RXFP2,1553326_at,1,0.15974958
RXFP3,221066_at,1,0.023580197
S100G,207885_at,1,0.070961006
S100P,204351_at,1,0.5540241
S100Z,1554876_a_at,1,0.33641788
S1PR1,204642_at,1,0.40828133
S1PR1-DT,244422_at,1,0.10213015
RXRG,205954_at,1,0.15157364
RYR1,205485_at,1,0.13653396
RYR3,206306_at,1,0.19553693
RYR3-DT,231436_at,1,0.22729549
S100A1,205334_at,1,0.20731387
S100A11,200660_at,1,0.58794904
S100A12,205863_at,1,0.6707674
S100A14,218677_at,1,0.2050047
S100A16,227998_at,1,0.3872925
S100A2,204268_at,1,0.16874278
RUSC1,206949_s_at,1,0.48272893
SAG,206671_at,1,0.24560946
SAGE1,220793_at,1,0.08286226
S100A3,206027_at,1,0.12679769
S100A4,203186_s_at,1,0.7738951
S100A5,207763_at,1,0.108028844
S100A7,205916_at,1,0.04614904
GSTCD-AS1,241126_at,1,0.03238569
GSTK1,217751_at,1,0.7122855
GSTM2,204418_x_at,1,0.5123763
GSTM5,205752_s_at,1,0.34498003
GSC,1552338_at,1,0.04044907
GSC2,221441_at,1,0.08768427
GSDMC,234305_s_at,1,0.2975786
GSDMD,218154_at,1,0.5207884
GSDME,203695_s_at,1,0.28427905
S100A9,203535_at,1,0.7898542
GS1-24F4.2,1559678_s_at,1,0.13578358
GS1-279B7.1,242226_at,1,0.15971017
GRIPAP1,225451_at,1,0.41362643
GRK1,208041_at,1,0.19613482
GRK3-AS1,239558_at,1,0.13245644
GSEC,227925_at,1,0.21250325
GSG1,221252_s_at,1,0.07271838
GSG1L,236701_at,1,0.19706081
GSKIP,223239_at,1,0.53071046
GSN-AS1,221072_at,1,0.13235961
GRM6,208035_at,1,0.20929688
GRM8-AS1,1561427_at,1,0.10198709
GRP,206326_at,1,0.06598485
SAC3D1,205449_at,1,0.42598456
SACM1L,202797_at,1,0.61917424
SACS,213262_at,1,0.47342226
SALL4,229661_at,1,0.15729281
SAMD11,1560477_a_at,1,0.20585476
GRK7,1552929_at,1,0.14513537
GRM3,205814_at,1,0.110281855
GRM3-AS1,239480_at,1,0.11590691
GRM4,210234_at,1,0.26378947
GRIK1-AS1,1554203_at,1,0.17293052
GRIK1-AS2,1560378_at,1,0.1432565
GRIK4,208552_at,1,0.10278985
SAMD13,229402_at,1,0.27644607
S1PR4,206437_at,1,0.5013836
SAA3P,222226_at,1,0.07858374
SAA4,207096_at,1,0.2580315
SAAL1,225614_at,1,0.50124955
GRPR,207929_at,1,0.2376942
GRWD1,221549_at,1,0.38730684
GRHL3,232116_at,1,0.057758454
GRID1-AS1,1557874_at,1,0.076298684
GRID2,221364_at,1,0.11846433
GRAMD1B,212906_at,1,0.41796142
GRAMD1C,219313_at,1,0.20407587
GRAMD2A,229616_s_at,1,0.12833866
GRIN3B,233892_at,1,0.18443902
GRINA,212090_at,1,0.45938405
GREP1,1564122_at,1,0.13209721
GRHL2,219388_at,1,0.15396947
SAP130,220367_s_at,1,0.49837774
SAP25,37796_at,1,0.566912
SAPCD1,212913_at,1,0.45899016
SAPCD1-AS1,230096_at,1,0.22282967
SAPCD2,225777_at,1,0.33548257
SALL2,213283_s_at,1,0.28250545
GPR83,222953_at,1,0.1255799
GPR84,223767_at,1,0.35243648
GPR87,219936_s_at,1,0.07023891
GPR88,220313_at,1,0.12921757
GPR89A,222140_s_at,1,0.4743457
GRAP2,208406_s_at,1,0.14104773
GRAPL-AS1,220849_at,1,0.2808526
GRB14,206204_at,1,0.1037645
GRB7,210761_s_at,1,0.16088861
GPS1,217782_s_at,1,0.43993452
GPS2,209350_s_at,1,0.60379314
SARS2,218702_at,1,0.37706748
SASH3,204923_at,1,0.65420693
SASS6,231895_at,1,0.37687913
SAT2,225272_at,1,0.57995677
SAMMSON,1569544_at,1,0.10308199
GPRASP1,204793_at,1,0.39767912
GPRASP2,228027_at,1,0.25745374
GPRASP3,213709_at,1,0.20882517
GPRC6A,1552775_at,1,0.09792973
GPR42,221385_s_at,1,0.17133954
GPR45,211175_at,1,0.06966697
GPR50,208311_at,1,0.07899307
GPR52,221313_at,1,0.051526897
SBDS,222669_s_at,1,0.687049
SBDSP1,1554089_s_at,1,0.6370123
SARAF,200847_s_at,1,0.8058447
GPT,206709_x_at,1,0.30468568
GPT2,224839_s_at,1,0.32236236
GPX1,200736_s_at,1,0.8034944
GPX4,201106_at,1,0.7355937
GPX7,213170_at,1,0.5171587
GPR62,1554559_at,1,0.16015407
GPR63,220993_s_at,1,0.14744866
GPR65,214467_at,1,0.48341468
GPR75,220481_at,1,0.15451844
GPR78,1553063_at,1,0.20654407
GPR183,205419_at,1,0.5569671
GPR19,207183_at,1,0.1386933
GPR199P,236246_x_at,1,0.11958272
GPR25,221363_x_at,1,0.11039654
SCAF8,203250_at,1,0.6539026
SCAMP1-AS1,238039_at,1,0.43604714
SCAMP3,201771_at,1,0.5683809
SAXO1,231570_at,1,0.09517762
SAXO2,1556158_at,1,0.104147956
SAXO3,242954_at,1,0.1151253
SAXO4,235402_at,1,0.2734854
SCAND3,244758_at,1,0.10223269
SCAP,212329_at,1,0.54356503
GPR3,214613_at,1,0.17921603
GPR31,208556_at,1,0.05485969
GPR32,221469_at,1,0.1455253
GPR34,223620_at,1,0.2305141
GPR35,210264_at,1,0.29777384
GPR158,232195_at,1,0.0716604
GPR160,223423_at,1,0.56329143
GPR162,205056_s_at,1,0.13817142
SCARNA2,237137_at,1,0.23237006
SCART1,1569212_at,1,0.19101483
SCAT1,241394_at,1,0.13692424
SBSN,235272_at,1,0.20986061
SCAF1,225500_x_at,1,0.32031637
GPR61,224531_at,1,0.11318698
SCG3,219196_at,1,0.051585205
SCG5,203889_at,1,0.15875374
GPR171,207651_at,1,0.29278165
GPR174,224285_at,1,0.22240755
GPR18,210279_at,1,0.47700667
GPR108,225058_at,1,0.5195428
GPR137B,204137_at,1,0.33286074
SCGB1A1,205725_at,1,0.11613922
SCGB1C1,1552449_a_at,1,0.081949465
SCGB1D1,207910_at,1,0.060398687
SCGB1D2,206799_at,1,0.063882366
SCGB2A1,205979_at,1,0.06852661
SCGB2A2,206378_at,1,0.15802409
SCGB2B2,237748_at,1,0.16810468
SCGB3A1,230378_at,1,0.1806805
SCGB3A2,228782_at,1,0.06412353
GPIHBP1,238062_at,1,0.1030098
GPKOW,203776_at,1,0.4632018
SCNM1,218672_at,1,0.5853272
SCNN1B,205464_at,1,0.0991573
SCNN1D,208458_at,1,0.14818433
SCO1,223221_at,1,0.42035457
SCGN,205697_at,1,0.11227683
SCHIP1,204030_s_at,1,0.37800276
SCIRT,234234_at,1,0.12777485
SCMH1,221216_s_at,1,0.4777035
SCMH1-DT,231105_at,1,0.09132193
SCML2,206147_x_at,1,0.49233
SCN10A,208578_at,1,0.3189287
SCN1A-AS1,1563031_at,1,0.13621244
SCN1B,205508_at,1,0.31922218
SCG2,204035_at,1,0.1790618
GPM6A-DT,1560282_at,1,0.1901308
GPN1,209313_at,1,0.59494907
GPN3,218461_at,1,0.49728987
GPR101,1553544_at,1,0.123089306
GPBAR1,1552501_a_at,1,0.29769826
GPC1-AS1,214858_at,1,0.12603623
GPR137C,242592_at,1,0.17265743
GPR141,1563720_at,1,0.14987202
GPR143,206696_at,1,0.043606095
GPR146,228770_at,1,0.28044474
GPR149,1562215_at,1,0.12108612
GPR15,208524_at,1,0.13087
GPR150,231349_at,1,0.17866836
GPHA2,237230_at,1,0.096967064
GPHB5,1553945_at,1,0.17727776
GPI,208308_s_at,1,0.6915291
SCO2,205241_at,1,0.549362
SCP2D1,231134_at,1,0.103111535
SCP2D1-AS1,237793_at,1,0.15097205
GPC2,239422_at,1,0.28184325
GPC5,207174_at,1,0.09275219
GPD1L,212510_at,1,0.40809068
GP6,220336_s_at,1,0.2740128
GP9,206883_x_at,1,0.17322032
GPA33,205929_at,1,0.24771212
SCRIB,212556_at,1,0.50763786
SCRN1,201462_at,1,0.34280804
SCT,221198_at,1,0.062451392
SCTR-AS1,1562049_at,1,0.07640564
SCN4A,206981_at,1,0.12954973
SCN4B,236359_at,1,0.052603457
SCN5A,207413_s_at,1,0.29307064
GP1BA,207389_at,1,0.32782057
GP1BB,206655_s_at,1,0.3177009
GOLGA6L2,1560790_at,1,0.14892237
GOLGA6L5P,213212_x_at,1,0.5372523
GOLGA7B,228068_at,1,0.12309389
GPAT2,235557_at,1,0.16143718
GPAT3,224480_s_at,1,0.32930508
GPATCH1,219818_s_at,1,0.4121579
GPATCH3,218895_at,1,0.39729482
GOLT1A,229372_at,1,0.12207697
GON7,223273_at,1,0.4550148
GORAB,226337_at,1,0.48707992
SDAD1-AS1,1560791_at,1,0.08613693
SDC4,202071_at,1,0.37408
SDCBP,200958_s_at,1,0.77039003
SDCBP2,233565_s_at,1,0.29942223
SDF2,203090_at,1,0.49497765
SDF2L1,218681_s_at,1,0.49222425
GOLGA8G,222149_x_at,1,0.52940756
GOLGA8IP,1556739_at,1,0.060223047
GOLGA8N,213737_x_at,1,0.7446887
GOLPH3,217803_at,1,0.67757344
GOLPH3L,218361_at,1,0.40198046
GNPTG,224887_at,1,0.51215756
GNRHR2,1553067_a_at,1,0.10632056
SDHAF2,223048_at,1,0.5286028
SDHAF3,218981_at,1,0.40171808
SDHAF4,238504_at,1,0.30325714
SCUBE1-AS1,1562655_at,1,0.07923933
SCUBE2,219197_s_at,1,0.1514963
GOT1,208813_at,1,0.38833338
GOT2,200708_at,1,0.5747821
SDR16C5,238017_at,1,0.13735484
SDR39U1,213398_s_at,1,0.63026005
SDR9C7,1553077_at,1,0.09698433
SDSL,228274_at,1,0.1593132
GOLGA2P2Y,234715_at,1,0.067172006
GOLGA4-AS1,1553775_at,1,0.20858635
GOLGA5,218241_at,1,0.48932496
GNG5,207157_s_at,1,0.7867691
GNG8,234284_at,1,0.18233041
GNGT1,207166_at,1,0.09928003
GNGT2,235139_at,1,0.15735765
GNL2,201948_at,1,0.55112803
SEBOX,234256_at,1,0.15342247
SEC13,207707_s_at,1,0.65632796
SEC14L1P1,217667_at,1,0.32249016
SDCBPP2,1569952_x_at,1,0.35783684
SEC16A,215696_s_at,1,0.59573305
SEC1P,237598_at,1,0.19108035
GNL3LP1,220716_at,1,0.24374644
GNMT,210328_at,1,0.30927384
GNPAT,201956_s_at,1,0.62864906
GNPDA1,202382_s_at,1,0.40060136
GNPDA2,227022_at,1,0.40576786
GNPNAT1,225853_at,1,0.4515499
GNAT2,210604_at,1,0.084593125
GNAT3,216590_at,1,0.109350316
GNAZ,204993_at,1,0.3149137
GNB2,200852_x_at,1,0.6528484
GNB3,206047_at,1,0.26531315
SEC24B,202798_at,1,0.6490377
SEC24B-AS1,1569713_at,1,0.37638322
SEC24C,202361_at,1,0.5287673
SEC61G,203484_at,1,0.70142686
SEC61G-DT,240609_at,1,0.15870275
GNAO1-AS1,234905_at,1,0.16133404
GNAO1-DT,1560707_at,1,0.19683106
GNAS-AS1,232881_at,1,0.15282716
GMFG,204220_at,1,0.76616234
GNE,205042_at,1,0.53109604
GNG13,220806_x_at,1,0.0734077
GNG3,222005_s_at,1,0.2825931
GNA14-AS1,1563171_at,1,0.20930134
GNA15,205349_at,1,0.6261687
GNAI2,201040_at,1,0.64693385
SECTM1,213716_s_at,1,0.3657241
SEL1L2,234018_s_at,1,0.118628375
SELE,206211_at,1,0.08402194
SEC14L5,210169_at,1,0.23623483
SELENOF,200902_at,1,0.72362673
SELENOK,223070_at,1,0.7077156
SELENOM,226051_at,1,0.30526415
SELENON,224659_at,1,0.38039535
GML,208000_at,1,0.19845591
GMNC,1569616_at,1,0.12920861
GMNN,218350_s_at,1,0.6024962
GMPPA,218070_s_at,1,0.422269
GMPR,204187_at,1,0.33946493
GMPR2,217990_at,1,0.49943292
GLTPD2,230971_x_at,1,0.06546628
SELENOS,223209_s_at,1,0.5678136
SELL,204563_at,1,0.7027198
SELP,206049_at,1,0.33025694
SEM1,202276_at,1,0.634457
SEC31B,209889_at,1,0.4210638
GLRX2,219933_at,1,0.50432456
GLRX5,221932_s_at,1,0.6849508
GLT1D1,229770_at,1,0.3821479
GLI1,206646_at,1,0.17714858
GLYATL2,1554712_a_at,1,0.20676872
GLYCTK-AS1,242692_at,1,0.2564961
GMCL1,239355_at,1,0.5042519
GLO1,200681_at,1,0.7008475
GLOD4,209092_s_at,1,0.5548976
GLP2R,221312_at,1,0.066431776
GLRA1,207972_at,1,0.15950225
GLRA2,207462_at,1,0.22005194
SEMA4B,234725_s_at,1,0.46335983
SEMA4G,219194_at,1,0.1955416
SEMA5B,223610_at,1,0.16367485
SELENBP1,214433_s_at,1,0.3886702
SEMA6C,208100_x_at,1,0.19023785
SEMG1,206442_at,1,0.10305104
SEMG2,216030_s_at,1,0.10348859
SENCR,239641_at,1,0.29952693
GLIPR1L1,238296_at,1,0.29599983
GLIS1,244128_x_at,1,0.15672444
GLIS2,223378_at,1,0.17573304
GLIS3-AS1,1553756_at,1,0.108715214
GLMN,207153_s_at,1,0.42176646
GK2,215430_at,1,0.14794704
GK3,215966_x_at,1,0.20386033
GKN1,220191_at,1,0.14381829
GKN2,238222_at,1,0.21993254
SEPHS2,200961_at,1,0.63063866
SEMA3E,206941_x_at,1,0.064235084
SEMA3G,219689_at,1,0.19698584
SEPTIN1,227552_at,1,0.43852
SEPTIN12,230947_at,1,0.06097769
GLA,214430_at,1,0.5771763
GLB1,201576_s_at,1,0.5271474
GLB1L,206540_at,1,0.30065206
GLB1L2,213713_s_at,1,0.21182434
GLCE,213552_at,1,0.19503102
GLDC,204836_at,1,0.17807297
GJA8,208489_at,1,0.12664628
GJA9,221415_s_at,1,0.19773774
GJB1,204973_at,1,0.20165601
GJB2,223278_at,1,0.13714771
SEPTIN3,223362_s_at,1,0.2198135
SEPTIN5,209767_s_at,1,0.22471909
SEPTIN7-DT,230450_at,1,0.28459898
SEPTIN7P11,214381_at,1,0.14316964
SERPINB10,214539_at,1,0.28393134
SERPINB11,1552463_at,1,0.16477235
SERPINB12,1553057_at,1,0.17269279
SEPTIN7P9,1556222_at,1,0.30163643
GJB4,216579_at,1,0.110925
GJB5,206156_at,1,0.039027482
GJB6,231771_at,1,0.24672498
GJD2,221407_at,1,0.2798396
GJD4,234116_at,1,0.065550804
GINM1,225576_at,1,0.5399249
GINS1,206102_at,1,0.4259324
GIP,207899_at,1,0.0761518
SERF1B,219982_s_at,1,0.43109295
SERINC1,208671_at,1,0.71739995
SERINC5,212812_at,1,0.62061876
SEPSECS-AS1,1559479_at,1,0.26546532
SERPINA3,202376_at,1,0.13318029
GIMAP2,232024_at,1,0.54510707
GIMAP4,219243_at,1,0.31565225
GIMAP7,228071_at,1,0.37954548
GGT5,205582_s_at,1,0.10764282
GGT6,236225_at,1,0.16025026
GIPC1,207525_s_at,1,0.39001086
GIRGL,227985_at,1,0.22156167
GIT1,218030_at,1,0.4270753
GJA1,201667_at,1,0.1912745
GJA10,1553044_at,1,0.10246071
SERPINA4,213874_at,1,0.1791338
SERPINA5,209443_at,1,0.11585265
SERPINA6,206325_at,1,0.08537907
SERPINA7,206386_at,1,0.12407924
SERPINA9,1553499_s_at,1,0.20810623
GEMIN5,225712_at,1,0.40952745
GET1,202749_at,1,0.550848
GGTA1,228376_at,1,0.4026012
GGTLC1,211416_x_at,1,0.3494254
GHDC,227159_at,1,0.48510057
GHET1,1570125_at,1,0.116631046
GHR,205498_at,1,0.12750566
GHRH,214524_at,1,0.15419829
GFPT2,205100_at,1,0.17629313
SERPINB9P1,239186_at,1,0.345023
SERPIND1,205576_at,1,0.092717506
SERPINF1,202283_at,1,0.42838585
SERPINF2,205075_at,1,0.26351124
SERPINA10,220626_at,1,0.20819753
SERPINA12,1552544_at,1,0.17158343
SERPINA2,208531_at,1,0.06688419
SERTAD3,219382_at,1,0.42211574
GET3,202024_at,1,0.4784002
GFI1,206589_at,1,0.4618501
GDF2,221136_at,1,0.22764713
GDF3,220053_at,1,0.19864336
GDF5,206614_at,1,0.17548375
GDF7,214238_at,1,0.23647065
GDF9,221314_at,1,0.22387551
GDI1,201864_at,1,0.6285538
SERTAD4-AS1,230121_at,1,0.15070543
SERTM1,241672_at,1,0.14004801
SESN1,218346_s_at,1,0.54082185
SERPINB2,204614_at,1,0.37429592
SERPINB7,206421_s_at,1,0.050952453
GGCT,215380_s_at,1,0.6343856
GGH,203560_at,1,0.47620612
SETD1A,213202_at,1,0.36031923
SETD1B,213153_at,1,0.61228603
GDPD2,220291_at,1,0.093631335
GDPD3,219722_s_at,1,0.34821445
GDPGP1,1565150_at,1,0.23003335
GEM,204472_at,1,0.25622907
GCNT3,219508_at,1,0.183084
GCNT4,220831_at,1,0.15653689
GCSAM,235310_at,1,0.25260285
GCSAML,1552908_at,1,0.1618787
GCSAML-AS1,232452_at,1,0.089775644
SERPING1,200986_at,1,0.3330199
SERPINH1,207714_s_at,1,0.11872033
SERPINI1,205352_at,1,0.33271673
SERPINI2,207636_at,1,0.23577194
SERTAD1,223394_at,1,0.50472283
GCM1,206269_at,1,0.13998586
GCM2,220799_at,1,0.07784881
GCNA,238825_at,1,0.36026642
GBP1P1,1570541_s_at,1,0.1331755
GBP3,223434_at,1,0.4312616
GCSIR,1562689_at,1,0.2472865
GDAP1L1,219668_at,1,0.22704484
GDF10,206159_at,1,0.11345966
GCG,206422_at,1,0.06319073
GCGR,210565_at,1,0.18821113
GCH1,204224_s_at,1,0.6252717
GCHFR,204867_at,1,0.43807068
GCK,211167_s_at,1,0.07271389
SF3B4,209044_x_at,1,0.618329
SF3B5,221263_s_at,1,0.7426485
SETBP1-DT,1569785_at,1,0.09010142
GBX1,217011_at,1,0.09093194
GBX2,210560_at,1,0.06319228
GC,204965_at,1,0.06416097
GCA,203765_at,1,0.56595623
GCAWKR,1558649_at,1,0.15345018
GCC2-AS1,224141_at,1,0.19862436
GATD1,227968_at,1,0.5134771
GATD1-DT,1553943_at,1,0.19546731
GATD3,202217_at,1,0.6280707
SFTA1P,243818_at,1,0.07057227
SFTA2,244056_at,1,0.11322183
SFTA3,228979_at,1,0.09092502
SFTPA1,223678_s_at,1,0.06951586
SFTPA2,218835_at,1,0.14794968
SF3A3,203818_s_at,1,0.59466565
GCKR,206867_at,1,0.17213994
GARS1,208693_s_at,1,0.6467627
GAU1,1559538_at,1,0.1746071
GBA1LP,210589_s_at,1,0.40787223
GBE1,203282_at,1,0.59247035
GBF1,201439_at,1,0.41307065
GBGT1,231780_at,1,0.40447974
GAS8,204921_at,1,0.2773362
GAS8-AS1,207615_s_at,1,0.12348785
GASK1A,232124_at,1,0.10974511
GAST,208138_at,1,0.23344468
SGCE,204688_at,1,0.24909662
SGCG,207302_at,1,0.076583855
SGCZ,1552971_at,1,0.12381255
SGIP1,223672_at,1,0.0923982
SGK1,201739_at,1,0.60056585
SFRP5,207468_s_at,1,0.116732284
SH3BP1,213633_at,1,0.38604322
SGMS1,212989_at,1,0.38927624
GAS2,205848_at,1,0.17542382
GAS2L2,1552596_at,1,0.17152137
GAS5-AS1,235712_at,1,0.13233425
GAPDHS,207116_s_at,1,0.098060854
GAPLINC,242465_at,1,0.14188448
GAPT,1552386_at,1,0.39310697
GAR1,219110_at,1,0.5913602
SGTA,201396_s_at,1,0.43755278
SH2B2,205367_at,1,0.48208898
SFTPD,214199_at,1,0.11198449
SGCA,210632_s_at,1,0.054532796
GATA6-AS1,236118_at,1,0.24295408
GARIN6,1552526_at,1,0.05873328
GARRE1,203288_at,1,0.43777665
GALR2,211226_at,1,0.13639385
GALR3,33579_i_at,1,0.21982417
GALNT11,219013_at,1,0.37502778
GARIN1A,237320_at,1,0.13530295
GARIN2,1552839_at,1,0.2641023
GARIN5A,229289_at,1,0.06433628
GALNT8,220929_at,1,0.19800088
GALNT9,229451_at,1,0.15955703
GALNTL5,233150_at,1,0.05895358
GALNTL6,1555273_at,1,0.20779602
SH2D4B,1563849_at,1,0.23856775
SH2D5,230973_at,1,0.15879397
SH2D6,242543_at,1,0.1958548
SH3BGR,204979_s_at,1,0.2034992
SH3BGRL2,225354_s_at,1,0.262275
SH3BGRL3,221269_s_at,1,0.7806816
SH3BP5L,223265_at,1,0.37675932
SH3D21,220193_at,1,0.3407997
SH3GL1,201851_at,1,0.51069653
GALNT17,227434_at,1,0.08102734
GAGE12I,206640_x_at,1,0.111287184
GAGE2C,207739_s_at,1,0.10591674
GAGE4,207086_x_at,1,0.2028474
GAGE6,208155_x_at,1,0.21691726
GAGE7,208235_x_at,1,0.14478737
SH3GL2,205751_at,1,0.09183033
SH3PXD2A-AS1,1557389_at,1,0.0866147
SH2B3,203320_at,1,0.6066742
SH2D2A,207351_s_at,1,0.2738155
SH2D4A,219749_at,1,0.19433932
GALP,224242_at,1,0.04784517
GALR1,220821_at,1,0.08653076
SHISA5,222986_s_at,1,0.6526498
SHISA7,238136_at,1,0.15152584
SH3RF3,228461_at,1,0.32413405
SH3RF3-AS1,233512_at,1,0.10754996
GAL3ST1,205670_at,1,0.054717883
GAL3ST2,1553046_s_at,1,0.19107166
GAL3ST3,1553257_at,1,0.14457358
GAL3ST4,219815_at,1,0.33835107
GABRG3-AS1,237621_at,1,0.21505705
GABRP,205044_at,1,0.063032314
GABRR1,206525_at,1,0.15141483
GABRR2,208217_at,1,0.22790502
SHANK2-AS3,224139_at,1,0.15831901
SHARPIN,220973_s_at,1,0.41265064
SHBG,215689_s_at,1,0.06366068
SH3BP5-AS1,227591_at,1,0.36460486
GABRA6,207182_at,1,0.070435055
GABRE,204537_s_at,1,0.12255868
G6PC2,221453_at,1,0.259392
G6PD,202275_at,1,0.53435135
GAA,202812_at,1,0.40924433
GAB2,203853_s_at,1,0.5987763
GABRR3,234410_at,1,0.105030544
GADD45A,203725_at,1,0.64434654
GADD45G,204121_at,1,0.3162021
GADL1,1563533_at,1,0.09060179
GAGE1,208283_at,1,0.098907344
GABPB2,228466_at,1,0.42773613
GABRA3,207210_at,1,0.08348459
SHF,228922_at,1,0.2296472
SHISA3,229485_x_at,1,0.14044304
SHISA4,226674_at,1,0.14167106
G0S2,213524_s_at,1,0.58398765
G2E3-AS1,243499_at,1,0.1392506
FXYD1,205384_at,1,0.17268363
FXYD4,231058_at,1,0.12589963
GAB4,1563816_at,1,0.15858935
GABARAP,200645_at,1,0.8005257
GABARAPL2,209046_s_at,1,0.74704117
FZD4-DT,1561539_at,1,0.18270612
FZD6,203987_at,1,0.32845426
SHOC2,202777_at,1,0.67626745
SHOX,207570_at,1,0.074687526
SHPRH,226366_at,1,0.43276003
SHC2,213464_at,1,0.17721704
SHCBP1,219493_at,1,0.4318113
SHCBP1L,220996_s_at,1,0.10553836
SHD,227845_s_at,1,0.20944992
FUT5,211225_at,1,0.24376354
FUZ,221187_s_at,1,0.35522324
FTH1P5,211628_x_at,1,0.84491974
FTHL17,224379_at,1,0.11455572
FTO,209702_at,1,0.5929686
FXYD6,217897_at,1,0.32883364
FXYD7,220131_at,1,0.20495471
FZD10,219764_at,1,0.085045144
FURIN,201945_at,1,0.4410743
FUT1,206109_at,1,0.2427238
SIAH2,209339_at,1,0.5536089
SIAH3,1560676_at,1,0.08555756
SIDT1,219734_at,1,0.48129082
SHISA8,244467_at,1,0.20585693
SHKBP1,224846_at,1,0.5645964
FZD9,207639_at,1,0.11688278
FUCA2,223120_at,1,0.4143279
FUNDC1,235346_at,1,0.5378539
FUOM,230259_at,1,0.37904626
FSCN2,207204_at,1,0.10510688
FSCN3,220379_at,1,0.15707009
FSD1,219170_at,1,0.15585308
FSD2,237222_at,1,0.18002261
FSHB,214489_at,1,0.10556657
FSHR,211201_at,1,0.031821847
SIGLEC9,210569_s_at,1,0.119414665
SIGLECL1,1553887_at,1,0.20451345
SIK1,232470_at,1,0.24086557
SIL1,218436_at,1,0.42194
SHROOM2,204967_at,1,0.15693082
SHTN1,221802_s_at,1,0.25818256
SI,206664_at,1,0.08301947
FSTL3,203592_s_at,1,0.31759387
FSTL5,232010_at,1,0.068960704
FRMD8P1,224271_x_at,1,0.19173934
FRMPD1,206774_at,1,0.16599186
FRMPD2,239275_at,1,0.09639222
FRMPD3,236688_at,1,0.19195901
FRRS1,1570207_at,1,0.11318857
SIPA1,204164_at,1,0.5542278
SIRPB2,1559034_at,1,0.26923922
SIRPD,232891_at,1,0.27451482
SIGLEC15,215856_at,1,0.3774188
SIGLEC16,1561880_a_at,1,0.08407331
SIGLEC17P,232686_at,1,0.2551286
SIGLEC5,220000_at,1,0.32632706
FTSJ3,218103_at,1,0.5184274
FTX,1558515_at,1,0.2798179
FOXRED1,223128_at,1,0.44034097
FOXS1,229731_at,1,0.15578291
FPGS,202945_at,1,0.51148915
FPGT,205140_at,1,0.31837577
FRS3,219907_at,1,0.31145555
FRY-AS1,1558793_at,1,0.12612073
FSCB,224274_at,1,0.13534985
FRG1EP,242249_at,1,0.19286819
FRG1HP,232140_at,1,0.46905917
FRG2EP,234830_at,1,0.07674996
SIT1,205484_at,1,0.3119959
SIX3-AS1,243440_at,1,0.18145296
SIX6,207250_at,1,0.11574908
SIMC1,228805_at,1,0.45799744
FSIP2,240028_at,1,0.10241397
FSIP2-AS2,1560288_at,1,0.09075053
SKAP1-AS2,1560861_at,1,0.07180918
FRAT1,219889_at,1,0.5443406
FRAT2,209864_at,1,0.49892664
FREM2,230964_at,1,0.099902146
FREM3,243337_at,1,0.06530269
FREY1,240029_at,1,0.24012667
FOXO3B,210655_s_at,1,0.29917967
FOXO4,205451_at,1,0.3822528
FOXO6,239657_x_at,1,0.21145457
SKIC2,203727_at,1,0.44806457
SKOR1-AS1,1570405_at,1,0.26679707
SIRT1,218878_s_at,1,0.5570289
SIRT7,218797_s_at,1,0.5622729
FRMD1,220819_at,1,0.11008125
FRMD6-AS1,233106_at,1,0.24027823
FRMD7,233047_at,1,0.06723453
FOXP1-AS1,1563157_at,1,0.12465423
FOXP1-IT1,232096_x_at,1,0.4809394
FOXP4-AS1,238898_at,1,0.103577845
FOXQ1,227475_at,1,0.2542018
FOXR1,237613_at,1,0.0437924
FOXR2,1569669_at,1,0.12512647
FOXI1,208006_at,1,0.12479068
FOXJ1,205906_at,1,0.17278755
SLBP,206052_s_at,1,0.7031745
SLC10A1,207185_at,1,0.25414076
SLC10A2,207095_at,1,0.21892455
SLC10A3,204928_s_at,1,0.47272325
SLC10A4,239913_at,1,0.12422308
SKA1,217640_x_at,1,0.24586883
SKA3,227165_at,1,0.33780468
SKAP1,205790_at,1,0.379768
FOXE3,220621_at,1,0.073556945
FOXF1,205935_at,1,0.1569668
FOXF2,206377_at,1,0.1966613
FOLH1B,211303_x_at,1,0.1272356
FOXL2,220102_at,1,0.12400664
FOXM1,202580_x_at,1,0.3918062
FOXN3-AS2,220852_at,1,0.086957246
FOXA3,228463_at,1,0.10446887
FOXB1,208513_at,1,0.101991855
FOXCUT,241787_at,1,0.27057317
FOXD1,206307_s_at,1,0.1236613
SLC12A7,218066_at,1,0.5596177
SLC12A8,219874_at,1,0.13997203
SLC13A5,228844_at,1,0.16194218
SLAIN1,225619_at,1,0.38728327
SLAMF6,1552497_a_at,1,0.37519315
FOS,209189_at,1,0.73259777
FOSB,202768_at,1,0.60652936
FOSL1,204420_at,1,0.29509112
FOSL2-AS1,1560932_at,1,0.18982035
FN3K,219744_at,1,0.08011466
FN3KRP,218210_at,1,0.5149269
FNBP1L,215017_s_at,1,0.28921977
FNDC1,226930_at,1,0.06516385
FNDC1-AS1,240460_at,1,0.11085774
SLC16A12-AS1,236639_at,1,0.040268373
SLC16A14,238029_s_at,1,0.2948192
SLC16A2,204462_s_at,1,0.18437897
SLC16A4,205234_at,1,0.13308294
SLC12A5,210040_at,1,0.17458558
FOXD2,207653_at,1,0.15871042
FOXD3-AS1,230423_at,1,0.14354746
SLC17A3,207298_at,1,0.12094683
FNDC10,227185_at,1,0.42719606
FNDC11,220426_at,1,0.1935592
FNDC4,218843_at,1,0.07213652
FNDC7,240837_at,1,0.1494628
FNDC8,220499_at,1,0.10461116
FNDC9,1554801_at,1,0.22911586
FMO1,205666_at,1,0.16114667
SLC17A6,220551_at,1,0.102320515
SLC17A8,1553415_at,1,0.07017796
SLC18A1,207074_s_at,1,0.081492975
SLC18A3,207150_at,1,0.1077693
SLC18B1,226301_at,1,0.43289408
SLC14A2,208409_at,1,0.13643117
SLC15A3,219593_at,1,0.43193534
FOLR3,206371_at,1,0.32366014
FMO4,206263_at,1,0.32570466
FMO6P,215174_at,1,0.11853683
FMO9P,1553924_at,1,0.0632287
FMOD,202709_at,1,0.38839513
FMR1NB,1552906_at,1,0.0938446
FLRT1,210414_at,1,0.16332011
FLRT2-AS1,1559970_at,1,0.0967186
SLC1A5,208916_at,1,0.45598847
SLC20A1-DT,230452_at,1,0.3165503
SLC20A2,202744_at,1,0.20794834
SLC22A1,207201_s_at,1,0.16818982
SLC22A11,220100_at,1,0.113960914
SLC22A12,237799_at,1,0.16038673
SLC16A8,220455_at,1,0.11717778
SLC16A9,227506_at,1,0.19936709
SLC17A2,207097_s_at,1,0.10742556
SLC22A18,204981_at,1,0.42768747
SLC22A18AS,206097_at,1,0.23355249
FLT3,206674_at,1,0.50599277
FLVCR1-DT,235126_at,1,0.3053294
FLYWCH2,226079_at,1,0.2379422
FLJ20021,228832_at,1,0.3435531
FLJ20712,220678_at,1,0.123233505
FLJ25758,1554286_at,1,0.22724679
FLJ30679,1553258_at,1,0.1253734
FLJ33534,1564233_at,1,0.14521436
FLJ37201,1560654_at,1,0.1282177
SLC22A2,207429_at,1,0.10637533
SLC22A24,1553923_at,1,0.16790289
SLC22A31,232765_x_at,1,0.22973996
SLC22A4,205896_at,1,0.38652337
SLC19A2,209681_at,1,0.36009303
SLC22A9,231625_at,1,0.25400573
SLC23A1,223732_at,1,0.2677398
FLJ38576,1559441_s_at,1,0.17793266
FLJ45513,239400_at,1,0.26242462
FLJ46875,230203_at,1,0.43714318
FLNB-AS1,1561967_at,1,0.10353037
FLNC,207876_s_at,1,0.2673058
FKBPL,219187_at,1,0.2709002
FKSG29,223896_at,1,0.1782866
FKTN,205283_at,1,0.32250154
SLC24A3-AS1,1564444_at,1,0.27570614
SLC25A1,210010_s_at,1,0.46649012
SLC25A10,218275_at,1,0.27824092
SLC22A13,207444_at,1,0.048701458
SLC22A14,207408_at,1,0.33005795
SLC22A15,228497_at,1,0.4195739
SLC25A18,223605_at,1,0.130899
SLC25A19,223222_at,1,0.42310485
SLC25A2,224166_at,1,0.19230497
FLG,215704_at,1,0.11922043
FLG2,1569410_at,1,0.10870963
FLJ13224,220211_at,1,0.11434666
FLJ16779,239509_at,1,0.104272105
FJX1,219522_at,1,0.14019868
FKBP10,219249_s_at,1,0.07372321
SLC25A20,203658_at,1,0.4756832
SLC25A21,220474_at,1,0.16581127
SLC25A21-AS1,230307_at,1,0.084601335
SLC25A22,218725_at,1,0.40114
SLC25A25,225212_at,1,0.3835212
SLC25A25-AS1,1560089_at,1,0.4153932
SLC25A26,225862_at,1,0.45064098
SLC25A48-AS1,1562617_at,1,0.1563232
SLC25A5,200657_at,1,0.7999795
SLC25A31,221037_s_at,1,0.103612565
SLC25A32,221020_s_at,1,0.5601009
FKBP2,203391_at,1,0.48803553
FKBP6,206763_at,1,0.19146004
FKBP6P2,1554318_at,1,0.27229533
FKBP9,212169_at,1,0.30349362
FIBP,202041_s_at,1,0.6195716
FICD,219910_at,1,0.38279152
FIG4,203656_at,1,0.5262337
FIGLA,1570337_at,1,0.10618444
SLC25A33,223296_at,1,0.5730879
SLC25A38,217961_at,1,0.57448876
SLC25A39,223649_s_at,1,0.5835442
SLC25A3P1,1560944_at,1,0.11766192
FHL2,202949_s_at,1,0.2731905
FHL3,218818_at,1,0.35420942
FHOD1,218530_at,1,0.4576088
FHOD3,218980_at,1,0.07943975
FGFBP2,223836_at,1,0.4101635
FGFBP3,238453_at,1,0.22909553
FILNC1,1557161_at,1,0.08357688
FIRRE,1558791_at,1,0.20717986
FIRRM,220840_s_at,1,0.27844876
FIS1,218034_at,1,0.649902
FITM1,229567_at,1,0.3026716
FHDC1,226599_at,1,0.3939947
FHIP1A-DT,239869_at,1,0.0745268
FHIP1B,223637_s_at,1,0.50655895
FHIT,206492_at,1,0.39434102
SLC25A47,237765_at,1,0.06567992
FGL1,205305_at,1,0.25718185
FGR,208438_s_at,1,0.6203276
FHAD1-AS1,240075_at,1,0.13008192
FGF19,223761_at,1,0.077928126
FGF20,220394_at,1,0.08925814
FGF21,221433_at,1,0.12304651
FGF23,221166_at,1,0.1641175
FGF3,214571_at,1,0.08220099
SLC26A8,237340_at,1,0.18784092
SLC26A9,242271_at,1,0.13650502
SLC27A1,226728_at,1,0.40038422
SLC27A3,222217_s_at,1,0.45357102
SLC27A4,225779_at,1,0.26126578
SLC25A41,1555509_a_at,1,0.12602061
SLC25A43,1557411_s_at,1,0.36119032
FHL1P1,237635_at,1,0.09826896
SLC29A3,219344_at,1,0.3531725
FGF6,208417_at,1,0.21548341
FGF7P3,231031_at,1,0.14177552
FGF7P6,1554741_s_at,1,0.1897313
FGF8,208449_s_at,1,0.0789521
FGFBP1,205014_at,1,0.26068148
FGF10,231762_at,1,0.08183826
FGF10-AS1,1562691_at,1,0.12665454
SLC2A1-DT,1558832_at,1,0.16004984
SLC2A10,221024_s_at,1,0.10804671
SLC2A14,216236_s_at,1,0.48241568
SLC26A10P,214951_at,1,0.21038857
SLC26A11,226679_at,1,0.43650717
SLC26A4,206529_x_at,1,0.18494812
SLC26A4-AS1,1557107_at,1,0.098537154
FGG,219612_s_at,1,0.11430134
FFAR4,240856_at,1,0.0634375
FGD1,204819_at,1,0.2374113
FDX2,226451_at,1,0.34574103
FDXACB1,229989_at,1,0.3104831
FDXR,207813_s_at,1,0.30289856
FEM1C,213341_at,1,0.40382805
FGF13-AS1,1560537_at,1,0.15474945
FGF14-IT1,237392_at,1,0.13745914
FGF16,221374_at,1,0.14347425
FGF17,221376_at,1,0.19096611
FERMT3,223303_at,1,0.63913745
FES,205418_at,1,0.43921393
FEV,207260_at,1,0.06960028
SLC30A10,220435_at,1,0.11861682
SLC30A3,207035_at,1,0.049302995
SLC27A6,219932_at,1,0.09903977
SLC35F4,240799_at,1,0.122568786
SLC31A2,204204_at,1,0.43575385
SLC32A1,240532_at,1,0.11843504
SLC34A2,204124_at,1,0.15101399
FER1L5,233353_at,1,0.17218806
FER1L6-AS1,1553443_at,1,0.13749015
FERD3L,1553517_at,1,0.073225945
FCN3,205866_at,1,0.13419202
SLC35A1,203306_s_at,1,0.57561606
SLC35A4,224626_at,1,0.49787274
SLC35A5,218519_at,1,0.42140752
SLC35B1,202433_at,1,0.5523677
SLC35B2,224716_at,1,0.5146562
SLC2A4,206603_at,1,0.13631472
SLC2A6,220091_at,1,0.33220226
FFAR2,221345_at,1,0.19275509
SLC38A11,243231_at,1,0.14147617
SLC35D3,231341_at,1,0.12103701
FCGR2B,210889_s_at,1,0.3261936
FCGRT,218831_s_at,1,0.57793826
FCHO1,213669_at,1,0.3814908
FBXW10,223870_at,1,0.20028791
FCRLB,238452_at,1,0.21687321
FCSK,226072_at,1,0.41436148
FDCSP,229152_at,1,0.07812027
FDPS,201275_at,1,0.62754583
FCGBP,203240_at,1,0.24396928
FCGR1BP,214511_x_at,1,0.36090407
SLC35E3,218988_at,1,0.4323791
SLC35F1,228060_at,1,0.23913799
SLC35F2,218826_at,1,0.46620986
SLC35F3-AS1,1568655_a_at,1,0.14231294
SLC39A12,1553126_a_at,1,0.09237695
SLC39A2,220413_at,1,0.1916127
SLC39A4,219215_s_at,1,0.4476791
SLC35G3,1553471_at,1,0.13595492
SLC35G5,1553340_s_at,1,0.16092695
FBXW4,221519_at,1,0.5378673
FBXW4P1,214623_at,1,0.3841616
FBXW5,223050_s_at,1,0.5160828
FBXW8,231883_at,1,0.23685314
FBXW9,223419_at,1,0.382127
FCAMR,231496_at,1,0.13303131
FBXO34,218539_at,1,0.563634
FBXO38-DT,1557873_at,1,0.2571177
FBXO39,1552830_at,1,0.1644
SLC37A2,238638_at,1,0.16614398
SLC37A3,223304_at,1,0.3375377
SLC38A5,234973_at,1,0.37087473
SLC38A6,214830_at,1,0.3169366
FBXO27,235169_at,1,0.10506853
FBXL19,228277_at,1,0.36048475
FBXL19-AS1,1553586_at,1,0.059170324
FBXL2,214436_at,1,0.11253129
FBXO43,236852_at,1,0.25963616
FBXO44,223517_at,1,0.29084232
FBXO46,205310_at,1,0.46326306
FBXO6,231769_at,1,0.44739753
FBXO15,231472_at,1,0.23079479
FBXO16,228427_at,1,0.1459281
FBXO17,220233_at,1,0.056193773
SLC39A1,217778_at,1,0.3791409
SLC39A10,225295_at,1,0.5010287
SLC39A11,227046_at,1,0.414828
SLC47A2,231068_at,1,0.12533258
SLC49A3,214269_at,1,0.09714772
SLC39A7,202667_s_at,1,0.43209198
SLC3A2,200924_s_at,1,0.5402444
FBXL22,241350_at,1,0.096457094
FBXL7,213249_at,1,0.2304059
FBXL8,220080_at,1,0.1315769
FBXL9P,232545_at,1,0.080248
FBLN2,203886_s_at,1,0.100375
FBLN5,203088_at,1,0.19536136
FBLN7,229247_at,1,0.21695328
FBN1-DT,237161_at,1,0.08690471
SLC41A1,225570_at,1,0.42808005
SLC43A1,204394_at,1,0.4177691
SLC38A3,205972_at,1,0.13523197
SLC38A4-AS1,1559817_at,1,0.10601483
FAU,200019_s_at,1,0.87537104
FBL,211623_s_at,1,0.7700307
FAR2P1,241895_at,1,0.16945215
FAR2P2,226809_at,1,0.15595618
FBN3,240117_at,1,0.13357976
FBP1,209696_at,1,0.3873404
FBP2,206844_at,1,0.086253114
FBXL15,218938_at,1,0.42682454
FASTKD3,219200_at,1,0.51044106
FASTKD5,219016_at,1,0.4977829
FAT1,201579_at,1,0.23823631
FAT2,208153_s_at,1,0.16175526
FAT4,219427_at,1,0.19567406
SLC46A2,223816_at,1,0.14257263
SLC46A3,214719_at,1,0.42597023
SLC47A1,219525_at,1,0.18683457
SLC5A6,204087_s_at,1,0.44491562
SLC5A8,237503_at,1,0.07477205
SLC4A10,206830_at,1,0.14123443
SLC4A2,202111_at,1,0.3790254
SLC4A3,205918_at,1,0.0792517
FARS2-AS1,240361_at,1,0.04968741
FAS-AS1,237522_at,1,0.13860302
FASTKD1,219002_at,1,0.5247613
FAM9C,244644_at,1,0.09719833
SLC50A1,219125_s_at,1,0.50315446
SLC51A,229230_at,1,0.13353385
SLC51B,230830_at,1,0.11746696
SLC52A1,220756_s_at,1,0.12751117
SLC44A3,228221_at,1,0.11598862
SLC45A1,230458_at,1,0.118047655
FATE1,231573_at,1,0.26549652
FAM98C,227951_s_at,1,0.45407805
FAM99B,240441_at,1,0.1463886
FAM9A,1555133_at,1,0.14719771
FAM78A,227002_at,1,0.54820913
FAM81B,240065_at,1,0.12335539
FANCD2OS,231531_at,1,0.28526145
FANCE,220255_at,1,0.38217524
FANCG,203564_at,1,0.5190891
FANCL,218397_at,1,0.50790256
FANK1,232968_at,1,0.14296278
FAP,209955_s_at,1,0.0834424
FAM89A,226448_at,1,0.33956835
FAM8A1,203420_at,1,0.61389536
FAM90A1,220535_at,1,0.066863224
SLC5A4,215960_at,1,0.0863755
SLC5A5,211123_at,1,0.31933343
SLC7A11-AS1,1562253_at,1,0.15371235
SLC7A13,238287_at,1,0.07132716
SLC7A3,230597_at,1,0.24943574
SLC7A5,201195_s_at,1,0.59780306
SLC6A1,205152_at,1,0.10265888
SLC6A12,206058_at,1,0.19552696
SLC6A12-AS1,1561607_at,1,0.09121483
SLC6A14,219795_at,1,0.085876785
SLC6A18,238215_at,1,0.16082509
SLC6A3,206836_at,1,0.17308185
SLC5A10,239707_at,1,0.168935
SLC5A11,237254_at,1,0.1288275
SLC5A2,207771_at,1,0.23561919
FAM95A,234016_at,1,0.10874388
FAM95B1,239590_x_at,1,0.16419178
FAM95C,244297_at,1,0.25051096
SLC8A2,215267_s_at,1,0.08102878
SLC9A3-AS1,226125_at,1,0.32335988
SLC6A7,208494_at,1,0.017766835
SLC6A9,207043_s_at,1,0.1214013
SLC7A10,220868_s_at,1,0.103500694
FAM83C-AS1,233962_at,1,0.0875826
FAM83D,225687_at,1,0.4203897
FAM83E,220312_at,1,0.027324047
FAM83F,235269_at,1,0.20629936
FAM83G,228587_at,1,0.26304922
FAM41AY1,1561390_at,1,0.22448578
FAM43B,1569256_a_at,1,0.1264252
FAM47A,243700_x_at,1,0.05167873
FAM47B,240426_at,1,0.1532197
FAM47C,239732_x_at,1,0.10057662
FAM47E,1570398_at,1,0.10172945
SLCO1B3,206354_at,1,0.098492905
SLCO2A1,204368_at,1,0.1789419
SLCO4A1-AS1,1554332_a_at,1,0.19724806
SLC7A5P1,208118_x_at,1,0.5409182
SLC7A7,204588_s_at,1,0.5121252
SLC7A9,220135_s_at,1,0.22480501
FAM50A,203262_s_at,1,0.54675007
FAM53C,218023_s_at,1,0.6351439
FAM72C,225834_at,1,0.49563116
FAM239B,222196_at,1,0.20584795
FAM240C,238196_at,1,0.077305585
FAM241A,227856_at,1,0.45723924
FAM241B,226313_at,1,0.1753312
FAM242F,222096_x_at,1,0.21251456
FAM24A,243143_at,1,0.0721181
FAM24B,231146_at,1,0.35253507
SLFNL1-AS1,232671_at,1,0.0777854
SLIRP,221434_s_at,1,0.70713776
SLIT1-AS1,231485_at,1,0.19491677
SLIT2-IT1,241432_at,1,0.1637531
SLC9A6,203909_at,1,0.54867846
SLC9A8,212947_at,1,0.42212543
FAM27C,223791_at,1,0.17643839
FAM32A,201863_at,1,0.6039848
FAM3B,227194_at,1,0.1385027
FAM3D,227676_at,1,0.16293786
FAM225A,229059_at,1,0.17124628
FAM226A,242292_at,1,0.28803268
FAM228A,231386_at,1,0.16257152
FAM228B,230435_at,1,0.51218045
FAM229B,225812_at,1,0.28288233
SLCO1B1,210366_at,1,0.12957066
SLTM,217828_at,1,0.67954916
SLURP1,214536_at,1,0.1625357
SLCO4C1,222071_s_at,1,0.30542523
SLCO6A1,1552745_at,1,0.14822538
SLFN11,226743_at,1,0.42404366
SLFN12,219885_at,1,0.31050742
FAM230B,233338_at,1,0.1886788
FAM230C,237047_at,1,0.06794667
FAM230I,1554940_a_at,1,0.14257076
FAM234A,224749_at,1,0.47476155
FAM236A,236758_at,1,0.06584999
FAM238C,231196_x_at,1,0.23327768
FAM216B,1556711_at,1,0.05825353
FAM217B,225313_at,1,0.4808463
FAM219A,225146_at,1,0.39851382
FAM21EP,239051_at,1,0.22868277
SMAGP,209679_s_at,1,0.3289436
SMAP1,218137_s_at,1,0.595817
SLIT3-AS1,239974_at,1,0.19894549
SLITRK1,236734_at,1,0.08158143
SLITRK2,233051_at,1,0.0990303
SLITRK3,206732_at,1,0.09376456
FAM220A,224452_s_at,1,0.52582645
FAM221A,228600_x_at,1,0.40818727
FAM221B,240871_at,1,0.1048058
FAM222A,226487_at,1,0.23159967
FAM222A-AS1,1553811_at,1,0.14644863
FAM224A,216786_at,1,0.120009154
FAM200C,220770_s_at,1,0.1981544
FAM201B,1569008_at,1,0.10957364
SLN,205374_at,1,0.20980152
SLPI,203021_at,1,0.43491375
FAM193B-DT,236596_at,1,0.15776888
FAM167A-AS1,1552448_a_at,1,0.08888861
FAM167B,223657_at,1,0.14085892
FAM169A-AS1,1562920_at,1,0.19556966
FAM169BP,1562319_at,1,0.12213208
FAM209A,233086_at,1,0.30240414
FAM209B,232513_x_at,1,0.36301556
FAM215A,221129_at,1,0.18523641
FAM216A,204521_at,1,0.49367744
FAM177A1,227029_at,1,0.38204783
FAM178B,223812_at,1,0.2720001
FAM181A,231117_at,1,0.21033941
FAM181A-AS1,1557211_a_at,1,0.12320566
SMAD3-DT,237017_s_at,1,0.23402049
SMAD5-AS1,220263_at,1,0.14927818
SMAD7,204790_at,1,0.45338914
SMARCAD1-DT,1570268_at,1,0.07347606
FAM170A,1562906_at,1,0.17825572
FAM170B,1559828_at,1,0.11620801
FAM171A1,212771_at,1,0.32095277
FAM171A2,235544_x_at,1,0.056240797
FAM174A,226752_at,1,0.4214155
FAM174C,221587_s_at,1,0.44478944
FAM13B,218518_at,1,0.58736706
FAM151A,1554668_a_at,1,0.07408284
FAM153A,211166_at,1,0.24146502
SMARCAL1,218452_at,1,0.43352705
SMARCD2,201827_at,1,0.51355815
SMAD1-AS2,244446_at,1,0.12146422
FAM186B,224039_at,1,0.06993366
FAM187B,242259_at,1,0.082664154
FAM193A,203600_s_at,1,0.5736587
FAM138F,1555822_at,1,0.16245857
FAM106A,220575_at,1,0.21505392
FAM110A,226584_s_at,1,0.34072465
FAM110C,226863_at,1,0.16466181
FAM110D,220430_at,1,0.1420924
FAM156A,223203_at,1,0.5810644
FAM162B,228875_at,1,0.14100178
FAM163B,230816_at,1,0.1124661
FAM124B,220637_at,1,0.23133549
SMCO1,1559429_a_at,1,0.14739391
SMCO3,237484_at,1,0.1714198
SMCO4,219806_s_at,1,0.41501334
SMCP,206406_at,1,0.02748348
SMCR5,1553020_at,1,0.22067666
SMAP2,225282_at,1,0.6831839
SMARCAD1,223197_s_at,1,0.42956853
SMIM3,223276_at,1,0.66090715
SMIM30,224723_x_at,1,0.506636
SMIM31,238103_at,1,0.111245096
SMIM32,237450_at,1,0.22719187
SMG1P1,1558534_at,1,0.2775152
SMG8,218514_at,1,0.47662166
FAM117A,221249_s_at,1,0.68890274
FABP6-AS1,1566126_at,1,0.100963555
FADD,202535_at,1,0.40015432
SMIM1,230840_at,1,0.28138852
SMIM10,227976_at,1,0.21248211
SMIM14-DT,1561432_at,1,0.093695976
SMC1B,1553249_at,1,0.10123953
SMC5-DT,1557693_at,1,0.21399198
FAM131B,205368_at,1,0.12431929
FAM131C,235455_at,1,0.09392064
SMPD2,205622_at,1,0.34860137
SMIM15,224740_at,1,0.6041661
SMIM17,1557430_at,1,0.17835331
SMIM19,225534_at,1,0.6352705
SMIM2-AS1,238113_at,1,0.09319053
SMIM20,225014_at,1,0.48491478
FAHD2B,228199_at,1,0.21484654
FAIM,220643_s_at,1,0.4163138
F8,205756_s_at,1,0.3505785
F8A1,203274_at,1,0.68967414
F9,207218_at,1,0.16254
FAAH,204231_s_at,1,0.3288792
SMIM22,229599_at,1,0.09311656
SMIM24,231982_at,1,0.52628547
SMIM26,226236_at,1,0.7233305
SMIM29,226306_at,1,0.30333388
F2RL3,207221_at,1,0.13831489
F3,204363_at,1,0.17784166
EXOSC8,215136_s_at,1,0.60794824
EXOSC9,205061_s_at,1,0.58319545
EXTL1,206329_at,1,0.20814563
FAAH2,230792_at,1,0.22995009
FAAP24,214816_x_at,1,0.31184188
FABP2,207475_at,1,0.12434754
FABP5,202345_s_at,1,0.6519818
EZH2,203358_s_at,1,0.5600623
EZHIP,1555396_s_at,1,0.051583324
F10,205620_at,1,0.14685446
F11-AS1,1557233_at,1,0.12287836
SMN1,203852_s_at,1,0.55463105
SMNDC1,200071_at,1,0.6897048
SMO,218629_at,1,0.23985004
SMR3B,207441_at,1,0.06833236
SMS,202043_s_at,1,0.60975975
EXTL2,209537_at,1,0.39924073
EXTL3-AS1,1556436_at,1,0.1885602
EYA2,209692_at,1,0.043752402
EYS,233996_x_at,1,0.0793042
EXOC3L2,1552889_a_at,1,0.4298119
SMTNL1,230367_at,1,0.16483529
SMTNL2,229730_at,1,0.108973585
SMIM43,230137_at,1,0.17143908
SMIM5,229740_at,1,0.34641087
SMIM6,236098_at,1,0.22263892
SMKR1,235736_at,1,0.21736802
F13A1,203305_at,1,0.47849816
F13B,207810_at,1,0.106605075
F2,205754_at,1,0.10074756
SMYD5,209516_at,1,0.38831204
SNAI1,219480_at,1,0.28007784
SNAI2,213139_at,1,0.16502349
SNAI3,1560228_at,1,0.26757798
EXOC8,227577_at,1,0.55597895
EXOSC5,218481_at,1,0.40239182
EVPL,204503_at,1,0.15482417
EVPLL,236933_at,1,0.2515681
EWSAT1,240912_x_at,1,0.10127567
EXD1,1553907_a_at,1,0.06013886
SNAP47,225244_at,1,0.54511905
SNAP91,204953_at,1,0.064109966
SNAPC1,205443_at,1,0.43600821
SNAPC2,204104_at,1,0.3614358
SMPD4,207856_s_at,1,0.5869058
SMPX,219772_s_at,1,0.104918554
SNHG6,225547_at,1,0.84059227
SNAPIN,223066_at,1,0.5494655
SNCB,207853_s_at,1,0.061962876
SND1,201622_at,1,0.6413266
EXO1,204603_at,1,0.30454987
EXOC1,222127_s_at,1,0.5975631
EXOC3-AS1,235219_at,1,0.20187432
ETV2,215510_at,1,0.19261299
EVA1A,227828_s_at,1,0.106353156
SND1-IT1,210109_at,1,0.2883009
SNF8,218391_at,1,0.5853162
SNHG1,224610_at,1,0.773805
SNHG11,226149_at,1,0.39933935
SNHG15,225699_at,1,0.5892976
SMYD3,218788_s_at,1,0.5091752
SMYD4,229175_at,1,0.37447217
SNHG18,227655_at,1,0.13622482
SNHG19,228049_x_at,1,0.64931166
SNHG20,221621_at,1,0.3548041
SNHG21,228930_at,1,0.511996
SNHG27,237771_s_at,1,0.12043342
EVA1A-AS,1570230_at,1,0.18423584
EVA1C,227188_at,1,0.22878808
EVI2A,204774_at,1,0.6563188
EVI2B,211742_s_at,1,0.71925247
ETAA1,219216_at,1,0.412051
ETFA,201931_at,1,0.6264112
ETFB,202942_at,1,0.55087394
SNHG28,1556633_at,1,0.19647008
SNHG3,215011_at,1,0.37448996
SNHG30,235207_at,1,0.41376045
SNHG5,225155_at,1,0.8382782
SNHG8,225220_at,1,0.74354625
SNHG9,228645_at,1,0.4869887
SNORA17B,1558619_at,1,0.1864849
SNORA21,215224_at,1,0.29182583
ETFRF1,225469_at,1,0.59740615
ETHE1,204034_at,1,0.60024726
ETNK2,219268_at,1,0.1941873
ETNPPL,221008_s_at,1,0.12401208
ETS1-AS1,1562870_at,1,0.12645766
ESM1,208394_x_at,1,0.153612
ESRG,231381_at,1,0.12368408
SNORA37,236130_at,1,0.21028931
SNORA57,238680_at,1,0.25887933
SNORA65,1558081_at,1,0.22164974
SNORA72,228047_at,1,0.39561933
SNORA78,1558954_at,1,0.31252185
SNORD114-3,232355_at,1,0.074518144
SNORD116-20,232976_at,1,0.18858807
SNORD3B-1,235102_x_at,1,0.42626768
SNORD50A,244669_at,1,0.47204497
ESRP2,219395_at,1,0.15142241
ESX1,1552445_a_at,1,0.19217743
ESYT1,208858_s_at,1,0.5817986
ERVH-4,208360_s_at,1,0.27287912
ERVH48-1,232191_at,1,0.15615778
ERVK3-2,221200_at,1,0.13442262
ERVMER34-1,219987_at,1,0.1495033
SNORD89,235536_at,1,0.5497754
SNPH,205104_at,1,0.14909573
SNRK-AS1,237942_at,1,0.2234819
SNRNP25,218493_at,1,0.58989835
SNRNP40,215905_s_at,1,0.39265415
SNURF,206042_x_at,1,0.53775686
SNX10,218404_at,1,0.5686019
SNRPA,201770_at,1,0.70690703
SNRPC,201342_at,1,0.6600754
ERVMER61-1,1561331_at,1,0.05766605
ERVV-1,1553255_at,1,0.13972357
ESAM,225369_at,1,0.20285404
ERP27,227450_at,1,0.41677415
ERP29,201216_at,1,0.7563027
SNRPD2,200826_at,1,0.82256985
SNRPD3,202567_at,1,0.6959887
SNRPF,203832_at,1,0.71530944
SNRPF-DT,240919_at,1,0.3093442
SNRPG,205644_s_at,1,0.77463067
SNTA1,203516_at,1,0.32583034
SNORD104,228879_at,1,0.6386343
ERMARD,227656_at,1,0.48942694
ERMN,231911_at,1,0.2584304
ERCC5,202414_at,1,0.5759178
ERCC6L,219650_at,1,0.2259446
ERRFI1,224657_at,1,0.27155605
ERV3-1,1562777_at,1,0.2693624
ERV3-2,222139_at,1,0.39502022
ERV9-1,215594_at,1,0.22464256
ERVFH21-1,1557914_s_at,1,0.10611561
ERVFRD-1,1555880_at,1,0.08559505
ERVH-1,1570266_x_at,1,0.34033692
ERVH-3,1557919_a_at,1,0.2343615
ERI3,208973_at,1,0.39894685
ERICH3-AS1,231687_at,1,0.085485294
ERICH4,231632_at,1,0.16916654
SNUPN,207438_s_at,1,0.51442444
EPHX1,202017_at,1,0.29805437
ERC2,213938_at,1,0.13573526
ERC2-IT1,208247_at,1,0.20226052
ERCC3,202176_at,1,0.4639251
EPN2-AS1,1561545_at,1,0.12947556
EPOP,228066_at,1,0.11870174
ERH,200043_at,1,0.7893182
EPX,214627_at,1,0.34839913
EPYC,206439_at,1,0.07816527
ERAL1,212087_s_at,1,0.46914077
SNX29P1,1554413_s_at,1,0.17290206
SNTG2-AS1,241535_at,1,0.15669079
SNTN,239150_at,1,0.075470746
ERICH6,240729_at,1,0.13219585
ERLNC1,1563005_at,1,0.10732839
ERMAP,219905_at,1,0.37329292
EPHX2,209368_at,1,0.1273666
EPHX3,220013_at,1,0.143525
EPHX4,239579_at,1,0.09814443
EPIST,236444_x_at,1,0.07956227
EPM2A-DT,241745_at,1,0.20727448
EPC2,225838_at,1,0.47087026
EPCAM,201839_s_at,1,0.2551138
EPDR1,223253_at,1,0.37813166
SNX7,205573_s_at,1,0.1472349
SOAT2,210677_at,1,0.103538804
SOCS2-AS1,1559315_s_at,1,0.2820068
SNX15,205482_x_at,1,0.5047836
SNX17,200991_s_at,1,0.5607551
EPS8,202609_at,1,0.23363122
EPS8L3,219404_at,1,0.128829
EPHB6,204718_at,1,0.4578389
EOLA2,212961_x_at,1,0.6002614
EOMES,231776_at,1,0.334237
ENOX1,219501_at,1,0.19739413
EPB41L4A-AS1,225698_at,1,0.7077382
EPB41L4A-DT,220364_at,1,0.14624643
EPB42,210746_s_at,1,0.3947691
ENTPD3-AS1,1556558_s_at,1,0.0751939
ENTREP1,213900_at,1,0.27717784
SOD3,205236_x_at,1,0.2817596
SOHLH1,1561403_at,1,0.1725909
SNX30,226249_at,1,0.45210838
SNX31,241987_x_at,1,0.05218718
EPHA2,203499_at,1,0.110007815
EPHA2-AS1,236601_at,1,0.04149234
EPHA5-AS1,238241_at,1,0.08984563
EP300-AS1,1562921_at,1,0.26574844
ENO1-AS1,237028_at,1,0.24860682
ENO2,201313_at,1,0.3145719
ENOPH1,217956_s_at,1,0.63463116
EMP3,203729_at,1,0.7318483
ENPP6,229916_at,1,0.09469673
ENPP7,238245_at,1,0.16553967
ENDOG,204824_at,1,0.32847857
ENDOU,206605_at,1,0.14041372
SOST,223869_at,1,0.10034037
SOSTDC1,213456_at,1,0.0666453
SOWAHA,230238_at,1,0.07084747
SOX1-OT,240713_s_at,1,0.050762538
SOD1,200642_at,1,0.7870578
SOD1-DT,1562718_at,1,0.14692943
ENTREP2,213997_at,1,0.06943035
EOGT,221935_s_at,1,0.39705777
EMX1,215264_at,1,0.082193404
EMX2,221950_at,1,0.10333747
EN1,220559_at,1,0.13930207
EN2,207060_at,1,0.13213825
EMC6,221255_s_at,1,0.6225567
EMC9,219203_at,1,0.41445398
EMD,209477_at,1,0.51193595
SOX2-OT,231898_x_at,1,0.06250642
SOX21,208468_at,1,0.1204527
SOX21-AS1,237885_at,1,0.08487148
SORCS2,228720_at,1,0.2075073
SORCS3,215522_at,1,0.09431066
SORCS3-AS1,237425_at,1,0.18621998
ENHO,228403_at,1,0.082237415
ENKD1,223407_at,1,0.3568679
ENKUR,237314_at,1,0.11146483
SPAG11A,210884_s_at,1,0.19402687
SPAG17,233516_s_at,1,0.087747954
SOX8,226913_s_at,1,0.063152425
SP140,207777_s_at,1,0.33879292
EMILIN1,204163_at,1,0.15492934
EMILIN3,228307_at,1,0.15721126
ELOVL7,227180_at,1,0.18416983
ELP4,203829_at,1,0.3947885
SP2-AS1,238953_at,1,0.22899978
SP2-DT,235282_at,1,0.37100494
SP3P,216403_at,1,0.068660475
SP5,235845_at,1,0.1378499
SP6,228975_at,1,0.21532415
SOX14,208574_at,1,0.100925855
SOX18,219568_x_at,1,0.13840458
EMSLR,1554887_at,1,0.109552406
SP7,1552340_at,1,0.079128616
SPA17,205406_s_at,1,0.28909174
SPAAR,1557371_a_at,1,0.23418081
SPACA1,220982_s_at,1,0.06526858
SPACA3,243621_at,1,0.1671322
SPACA4,231054_at,1,0.20728132
ELSPBP1,220366_at,1,0.271819
EMC2,203584_at,1,0.44559932
EMC3-AS1,237005_at,1,0.3805542
ELMOD3,226286_at,1,0.27366814
ELOA-AS1,213685_at,1,0.31607482
ELOA2,220844_at,1,0.20445709
ELOA3P,1552860_at,1,0.122946225
SPACA7,231405_at,1,0.036373094
SPACDR,229913_at,1,0.3172236
SPAG1,210117_at,1,0.35610262
ELMO1,204513_s_at,1,0.4953955
ELMO3,219411_at,1,0.31733316
EIF6,210213_s_at,1,0.62033635
EIPR1,217968_at,1,0.44613817
ELANE,206871_at,1,0.5773958
ELOF1,225156_at,1,0.5442242
ELOVL2-AS1,237365_at,1,0.19356194
ELOVL3,234513_at,1,0.10771035
ELOVL4,219532_at,1,0.12120007
ELFN1,229581_at,1,0.28075242
ELFN1-AS1,231443_at,1,0.32946762
ELK2AP,217039_x_at,1,0.29819554
SPANXA2-OT1,1564491_at,1,0.07308903
SPANXC,220217_x_at,1,0.2503923
SPARCL1,200795_at,1,0.14579064
SPART-AS1,232605_s_at,1,0.18989238
SPATA45,1559390_a_at,1,0.18307526
SPATA46,231163_at,1,0.16230437
SPATA1,221057_at,1,0.15945958
SPATA12,237807_at,1,0.116785176
SPATA16,223876_at,1,0.24402876
SPATA19,1559138_a_at,1,0.101902
EIF4A3,201303_at,1,0.68167627
EIF4EBP1,221539_at,1,0.51865935
SPATA20,218164_at,1,0.52295506
SPATA25,1553752_at,1,0.036461554
SPATA2L,214965_at,1,0.49444398
SPATA3,240340_at,1,0.11308309
SPATA3-AS1,240590_at,1,0.12513305
SPAG4,219888_at,1,0.27283233
SPAG5,203145_at,1,0.4756647
SPAG7,200053_at,1,0.62981564
SPATA31F3,237827_at,1,0.24459961
EIF3I,208756_at,1,0.7007666
EIF3J-DT,235124_at,1,0.43273953
EIF3L,217719_at,1,0.84798425
EIF2A,223015_at,1,0.7530857
EIF2AK3-DT,236990_at,1,0.32643488
EIF4EBP3,214919_s_at,1,0.5398318
EIF4H,206621_s_at,1,0.74963987
EIF5-DT,1556216_s_at,1,0.24330032
EIF3D,200005_at,1,0.7714562
EIF3G,208887_at,1,0.74248844
SPATA31G1,230985_at,1,0.117313735
SPATA31H1,224000_at,1,0.20936091
SPATA4,231178_at,1,0.17924766
SPATA41,1559298_a_at,1,0.12734193
SPATA42,231586_at,1,0.16731066
EID2B,242470_at,1,0.33064345
EID3,231292_at,1,0.35448673
EGFLAM,226911_at,1,0.12464794
EGFLAM-AS4,1570163_at,1,0.11785583
EIF2B1,201632_at,1,0.63050646
EIF2B2,202461_at,1,0.51620644
EIF2B3,218488_at,1,0.41037807
EIF2D,218253_s_at,1,0.63603044
EHHADH,205222_at,1,0.15091424
SPATS1,239870_at,1,0.21367836
SPC24,235572_at,1,0.29343507
SPC25,209891_at,1,0.31113258
SPCS1,217927_at,1,0.7725789
SPATA31A3,215935_at,1,0.14221232
SPATA31C2,215320_at,1,0.08363204
SPATA31D3,237378_at,1,0.14552604
SPDYE1,232964_at,1,0.3728007
SPDYE2,217610_at,1,0.32574093
SPECC1L,212480_at,1,0.46080866
SPEF1,216119_s_at,1,0.2924079
EGR2,205249_at,1,0.3132546
EGR3,206115_at,1,0.3812696
EFNA3,210132_at,1,0.18067406
EFNA4,205107_s_at,1,0.3132917
EFNB1,202711_at,1,0.25895748
SPEM1,240878_at,1,0.26865116
SPEM2,240082_s_at,1,0.077736296
SPESP1,229352_at,1,0.1715529
SPATA8,231006_at,1,0.21848719
SPATC1,241512_at,1,0.19299111
SPATC1L,223360_at,1,0.36916676
EID2,225936_at,1,0.5175649
SPHKAP,228509_at,1,0.097381204
SPI1,205312_at,1,0.3983322
SPIC,1553851_at,1,0.102457896
EGF,206254_at,1,0.14340568
EGFEM1P,1558411_at,1,0.112577096
EGFL6,219454_at,1,0.14207676
EGFL7,218825_at,1,0.34973136
EGFL8,208469_s_at,1,0.31243938
EFCAB3,1553392_at,1,0.09125133
EFCAB7,226800_at,1,0.35587692
SPIN2A,207841_at,1,0.11369309
SPIN2B,211704_s_at,1,0.3679025
SPIN4,228654_at,1,0.5349299
SPINDOC,227292_at,1,0.33794045
SPINK1,206239_s_at,1,0.2075999
SPDYA,238262_at,1,0.101610854
SPO11,222259_s_at,1,0.17031258
SPOCK1,202363_at,1,0.13987835
SPINK13,233340_at,1,0.103911616
SPINK2,206310_at,1,0.4073711
SPINK4,207214_at,1,0.24751678
SPINK5,205185_at,1,0.102963336
SPINK6,1553973_a_at,1,0.14826621
SPINK7,223720_at,1,0.057825524
SPINT1-AS1,242354_at,1,0.28004482
SPINT2,210715_s_at,1,0.5918377
SPINT3,215503_at,1,0.05269025
SPMAP1,244316_at,1,0.06973106
SPMAP2,220808_at,1,0.11156038
SPMIP1,236875_at,1,0.19528879
SPMIP10,237428_at,1,0.108034864
SPHK1,219257_s_at,1,0.3391944
SPMIP2,1553838_at,1,0.13830669
SPMIP3,237603_at,1,0.12306592
SPMIP4,229146_at,1,0.37096578
SPMIP5,231609_at,1,0.16549785
SPMIP6,229012_at,1,0.18206023
SPMIP8,240119_at,1,0.18382752
EFHB,239477_at,1,0.115588434
EFHD1,209343_at,1,0.09931229
EFL1,218973_at,1,0.45495915
EFNA1,202023_at,1,0.24385573
EEF1AKMT4-ECE2,206728_at,1,0.10407016
EEF1B2,200705_s_at,1,0.8520248
SPMIP9,241430_at,1,0.27143228
SPNS1,223173_at,1,0.54702276
SPNS2,225671_at,1,0.37976292
SPNS3,235900_at,1,0.38988298
ECSIT,218225_at,1,0.44134054
EDA2R,221399_at,1,0.16806537
EDAR,220048_at,1,0.29522184
EDARADD,1553430_a_at,1,0.15713891
EEF2KMT,222013_x_at,1,0.12985986
EEFSEC,227540_at,1,0.44839606
EEIG2,226568_at,1,0.52848554
EFCAB12,232639_at,1,0.102039404
EFCAB13-DT,236842_at,1,0.08396091
EDN2,206758_at,1,0.14421801
EDNRB-AS1,1568791_s_at,1,0.13004771
SPP2,214478_at,1,0.21753284
SPPL2C,231253_at,1,0.09977406
SPR,203458_at,1,0.22475155
SPRED3,230046_at,1,0.29421696
SPMIP11,1560619_at,1,0.03481542
EDDM13,237899_at,1,0.24535143
EDDM3B,220759_at,1,0.041153386
EDEM1,203279_at,1,0.69049644
EDEM2,218282_at,1,0.47568417
ECD,203013_at,1,0.508715
ECEL1,219914_at,1,0.061065234
ECH1,200789_at,1,0.61650455
SPRR2G,236119_s_at,1,0.22398055
SPRR4,1552620_at,1,0.365559
SPRTN,223511_at,1,0.37075135
SPRY2,204011_at,1,0.5202748
SPRY3,232157_at,1,0.23345923
SPON2,218638_s_at,1,0.4638564
EEF1A2,204540_at,1,0.27703097
EEF1AKMT1,227054_at,1,0.34974587
EEF1AKMT3,213861_s_at,1,0.3143432
ECI1,209759_s_at,1,0.515432
ECI2,218025_s_at,1,0.48821902
ECI2-DT,1560412_at,1,0.15094504
ECM1,209365_s_at,1,0.40364006
ECRG4,223623_at,1,0.10313269
E4F1,218524_at,1,0.449837
EAF1,226952_at,1,0.52490747
EAPP,202623_at,1,0.6577876
SPTA1,206937_at,1,0.4063059
SPTBN5,220067_at,1,0.17604402
SPRN,238331_at,1,0.2879959
SPRNP1,235715_at,1,0.2215448
SPRR1B,205064_at,1,0.13277589
SPRR2C,220664_at,1,0.091203764
SPRR2D,208539_x_at,1,0.19702658
EDC4,202496_at,1,0.48423585
EBI3,219424_at,1,0.08786452
EBLN2,219906_at,1,0.48305216
EBNA1BP2,201323_at,1,0.5393681
EBPL,223306_at,1,0.64521956
DYRK4,212954_at,1,0.44943714
DYSF,218660_at,1,0.47756198
DZIP1L,239785_at,1,0.25484517
SQOR,217995_at,1,0.59933513
SRARP,229381_at,1,0.1787717
SRBD1,219055_at,1,0.43974113
SPRYD3,225134_at,1,0.38757318
SPRYD4,225616_at,1,0.33383018
SPSB2,223580_at,1,0.3925088
SPSB4,229929_at,1,0.09596137
ECHDC3,219298_at,1,0.34355113
ECHS1,201135_at,1,0.6572973
DYNLT2B,228606_at,1,0.44708222
DYNLT3,203303_at,1,0.62076795
DYNLT5,1553635_s_at,1,0.23844361
DUX4L1,216473_x_at,1,0.31462422
DUX4L8,208201_at,1,0.10336538
DVL1,203230_at,1,0.4883798
E2F5,221586_s_at,1,0.32143247
E2F6,203957_at,1,0.34038603
E2F8,219990_at,1,0.3640495
DYNC2I2,224715_at,1,0.5164791
DYNLL1,200703_at,1,0.72622055
SRFBP1,241734_at,1,0.33693686
SRGAP3-AS2,1559333_at,1,0.13890594
SPTSSB,238702_at,1,0.14096925
SPZ1,224167_at,1,0.058612075
EBF4,233850_s_at,1,0.30866927
SRP14,200007_at,1,0.82410467
SRP54,203605_at,1,0.52948684
SRP68,224607_s_at,1,0.6045215
DYDC1,1552993_at,1,0.055943284
DYDC2,239733_at,1,0.07030174
DYNC1LI2-DT,217443_at,1,0.08224335
DUSP21,220515_at,1,0.1145334
DUSP23,223402_at,1,0.42235097
DUSP26,219144_at,1,0.278253
DUSP28,229211_at,1,0.5006229
SRP9,201273_s_at,1,0.7948773
SRPK3,206216_at,1,0.19948162
SRPX,204955_at,1,0.17427951
SRD5A3-AS1,1568615_a_at,1,0.17395079
DYNLRB2,238116_at,1,0.083495714
DYNLT1,201999_s_at,1,0.6983994
DUSP14,203367_at,1,0.4075451
DUSP2,204794_at,1,0.5263189
DTNB-AS1,215565_at,1,0.16061115
DTWD2,231277_x_at,1,0.2518256
DTX1,227336_at,1,0.37062147
DTX2,215732_s_at,1,0.23052669
DUSP5,209457_at,1,0.46743926
DUSP5P1,1553299_at,1,0.1099744
DUSP9,205777_at,1,0.14284037
DUX1,208176_at,1,0.23529674
DUX3,208582_s_at,1,0.06351441
DUOXA2,230615_at,1,0.1384889
DUS1L,217912_at,1,0.6565363
SRL,235718_at,1,0.09149383
SRM,201516_at,1,0.5412407
SRMS,234514_at,1,0.13518989
SRY,207893_at,1,0.08300815
DTX3L,225415_at,1,0.5776256
DTX4,212611_at,1,0.48949647
DUOX2,219727_at,1,0.15823348
DSG4,1561330_at,1,0.07883027
DSN1,219512_at,1,0.40187183
DSP,200606_at,1,0.15512873
DSP-AS1,240382_at,1,0.12347743
DSPP,221681_s_at,1,0.30082908
SS18L1,213140_s_at,1,0.44090214
SS18L2,218283_at,1,0.6429227
SSBP3-AS1,232469_x_at,1,0.38789597
SRRM2-AS1,1562930_at,1,0.12355159
DUSP11,202703_at,1,0.5703691
DUSP12,218576_s_at,1,0.54686934
DUSP13B,219963_at,1,0.31427696
DSG1,206642_at,1,0.09185362
DRAP1,203258_at,1,0.54030615
DRC1,231133_at,1,0.15804592
DRC7,223905_at,1,0.09060632
DRD1,214652_at,1,0.056090593
DSTNP2,211325_x_at,1,0.4379515
DTD1-AS1,1561459_at,1,0.08074975
DTHD1,1564160_at,1,0.10022852
DSC1,207324_s_at,1,0.069978215
DSCAM-AS1,1562821_a_at,1,0.17218156
SSPOP,234349_at,1,0.1807724
SSR2,200652_at,1,0.74387336
SSR4,201004_at,1,0.7664533
SSR4P1,223768_at,1,0.02232666
SST,213921_at,1,0.1548508
SRXN1,225252_at,1,0.44152132
DRG1,202810_at,1,0.67234075
DROSHA,218269_at,1,0.543302
DPY19L2P3,1557314_at,1,0.08384317
DPY19L2P4,1557290_at,1,0.1493759
DPY19L3,225633_at,1,0.5162691
DPY19L3-DT,232965_at,1,0.19514975
DPY30,224129_s_at,1,0.5911182
SSUH2,206741_at,1,0.12487212
SSX2B,215885_at,1,0.097710185
SSX5,208528_x_at,1,0.10946214
SSC4D,236529_at,1,0.27524167
SSC5D,230228_at,1,0.3331921
SSNA1,210378_s_at,1,0.49471375
DSCR4,207258_at,1,0.058185097
DSCR8,241224_x_at,1,0.14592978
DSCR9,230470_at,1,0.1607893
DPY19L2P2,215143_at,1,0.3206456
DPH2,204514_at,1,0.38408282
DPH3P1,233000_x_at,1,0.13793242
DPYS,206065_s_at,1,0.13403323
DPYSL2,200762_at,1,0.6245162
DQX1,236055_at,1,0.121650726
DRAM1,218627_at,1,0.4766006
ST3GAL3-AS1,240490_at,1,0.24183735
ST6GALNAC1,227725_at,1,0.15564604
ST6GALNAC2,204542_at,1,0.22380155
ST6GALNAC3,235334_at,1,0.19077082
SSTR4,214556_at,1,0.07308694
SSTR5,214555_at,1,0.15793565
SSTR5-AS1,1557146_a_at,1,0.093918994
DRD4,208215_x_at,1,0.069769785
DRD5,208486_at,1,0.2699926
DPM1,202673_at,1,0.7035697
DPM2,209391_at,1,0.475411
DPM3,219373_at,1,0.5400691
DPP10,228598_at,1,0.14221644
DPP10-AS1,236351_at,1,0.1745291
DPP10-AS3,1561618_at,1,0.11993089
DOK7,240633_at,1,0.23869643
DOLK,204488_at,1,0.27756667
DOLPP1,221817_at,1,0.43281347
DONSON,221677_s_at,1,0.4800892
ST8SIA6-AS1,242350_s_at,1,0.14637984
ST20-AS1,1556588_at,1,0.42461112
DPPA2,240301_at,1,0.1560629
DPPA3,231385_at,1,0.09393514
DPPA5,241550_at,1,0.082308054
DPY19L1P1,215102_at,1,0.2564697
STARD7-AS1,235584_at,1,0.2795196
STARD8,206868_at,1,0.32064205
STARD9,227108_at,1,0.30657947
STAC,205743_at,1,0.23232102
STAC2,228888_at,1,0.2841419
STAC3,230852_at,1,0.32684103
STAG3,219753_at,1,0.4543425
STAG3L2,223724_s_at,1,0.26567152
STAM,203544_s_at,1,0.6253782
STAM-DT,240101_at,1,0.10469335
STAP2,221610_s_at,1,0.27918607
ST6GALNAC6,222571_at,1,0.34626138
ST7-AS1,1555912_at,1,0.22792758
ST7-OT4,1559208_at,1,0.08137216
DPH6-DT,240523_at,1,0.09013706
DPH7,225586_at,1,0.48260894
DOCK9-DT,231062_at,1,0.30104247
DOK2,214054_at,1,0.44830856
DNMT1,201697_s_at,1,0.68136847
DNMT3B,220668_s_at,1,0.3793241
DNMT3L,220139_at,1,0.0837977
DPAGT1,209509_s_at,1,0.46574384
DPEP1,205983_at,1,0.24758404
DPEP2,219452_at,1,0.48826826
DPEP2NB,236593_at,1,0.2578666
DPEP3,220179_at,1,0.16289903
DPF2,202116_at,1,0.5635325
DOCK3,213482_at,1,0.060478855
DOCK4-AS1,1562011_at,1,0.068548724
STARD5,213820_s_at,1,0.32949746
STARD6,1553084_at,1,0.12978402
STARD7,200028_s_at,1,0.7213575
DNM1P46,231318_at,1,0.09464089
DNM1P50,243336_at,1,0.25402293
DNAJC5G,1552450_a_at,1,0.15633258
DNTTIP2,202776_at,1,0.70141786
DOC2A,205744_at,1,0.18450847
DNASE2B,220380_at,1,0.10382082
DNER,226281_at,1,0.1406869
DNLZ,228272_at,1,0.46096858
STAU2-AS1,1561391_at,1,0.18105538
STEAP1,205542_at,1,0.15645313
STEAP1B,217553_at,1,0.12919986
STEAP2,225871_at,1,0.092853166
STAR,204548_at,1,0.21732326
STARD3,202991_at,1,0.42512134
STARD3NL,223065_s_at,1,0.6298368
STARD4,226390_at,1,0.43589196
DNAJC27-AS1,239325_at,1,0.1517783
DNAJC28,220372_at,1,0.21122812
DNAJB2,202500_at,1,0.3957443
DNAJB6,209015_s_at,1,0.45290282
DNAJB7,1552675_at,1,0.09229645
DNAJC9-AS1,1557827_at,1,0.20663098
DNAL4,204008_at,1,0.28912613
DNASE1L1,203912_s_at,1,0.51527816
DNASE1L2,207192_at,1,0.17101029
DNAJC17,219861_at,1,0.26717284
STK11IP,225713_at,1,0.45391345
STAT4,206118_at,1,0.3844786
STAT5A,203010_at,1,0.5248052
STATH,206835_at,1,0.10295679
DNM1P35,1561249_a_at,1,0.17327063
DNM1P41,232143_at,1,0.14198875
STK31,223883_s_at,1,0.12148691
DNAI7,220168_at,1,0.11553464
DNAJB11,223054_at,1,0.6438959
DNAAF3,230033_at,1,0.19601297
DNAAF6,231389_at,1,0.05859399
DNAAF8,222089_s_at,1,0.1803976
DNAJB8,237284_at,1,0.1989306
DNAJB8-AS1,1562740_at,1,0.062523976
DNAH8,233052_at,1,0.05034381
DNAI3,243087_at,1,0.095914915
STK39,202786_at,1,0.45204395
STK4-DT,236695_at,1,0.10192356
STH,1555752_at,1,0.18879457
STIL,205339_at,1,0.46494344
DNAJC25,226859_at,1,0.45073155
DNAJC25-GNG10,201921_at,1,0.69910026
DNAAF2,219166_at,1,0.3954041
DLX6-AS1,230882_at,1,0.12831347
DMAP1,224163_s_at,1,0.45078543
DMBT1,208250_s_at,1,0.309769
DMBX1,234776_at,1,0.107288785
DNAH17-AS1,1569925_at,1,0.12967588
DMRTA1,244725_at,1,0.026675688
DMRTA2,1558856_at,1,0.20701599
DMRTB1,240313_at,1,0.09670587
DMRTC2,236811_at,1,0.10128991
DMTF1,203301_s_at,1,0.62233436
DMTN,204505_s_at,1,0.43620008
STOML2,215416_s_at,1,0.55881137
STOML3,1553794_at,1,0.17596
STK24-AS1,232839_at,1,0.15214367
STK25,201314_at,1,0.48479658
STX1A,204729_s_at,1,0.21480933
STPG2,1555096_at,1,0.1897456
STPG4,1553460_at,1,0.081822224
STRADB,223266_at,1,0.5873486
DMKN,226926_at,1,0.23464094
DMRT1,220493_at,1,0.09131366
DLGAP3,231151_at,1,0.12895608
DLGAP4-AS1,1558630_at,1,0.29003122
DLGAP5,203764_at,1,0.4108935
DLK2,220262_s_at,1,0.18415293
STRIP1,225226_at,1,0.48128405
STRIT1,235617_x_at,1,0.27314267
STRN4,217903_at,1,0.45618248
DMXL1-DT,1570050_at,1,0.10172594
DNA2,213647_at,1,0.3488576
DNAAF10,235071_at,1,0.3366969
DLGAP2-AS1,1564421_at,1,0.06539442
DKFZP586I1420,213546_at,1,0.6403977
DKFZp434L192,1553898_a_at,1,0.08242863
DKFZp451B082,1563511_at,1,0.18075597
DKK1,204602_at,1,0.18805757
DLL4,223525_at,1,0.16979015
DLSTP1,215210_s_at,1,0.56900626
DLX3,231778_at,1,0.124375686
DLX5,213707_s_at,1,0.09330153
DLEU7,1566081_at,1,0.088773474
DLEU7-AS1,1569987_at,1,0.16092646
DLG1-AS1,1556518_at,1,0.14633496
DLG3-AS1,241839_at,1,0.25436103
STX18,218763_at,1,0.5230074
STX18-AS1,1569330_at,1,0.15802479
STX19,1555173_at,1,0.12701239
DIRC3,232434_at,1,0.105520844
DIS3L,235005_at,1,0.48314977
DIO1,206457_s_at,1,0.15293255
DKK4,206619_at,1,0.09244328
DKKL1,220284_at,1,0.09336045
DLEU1,205677_s_at,1,0.44837907
DIPK1C,229645_at,1,0.24185061
DIRAS3,215506_s_at,1,0.1564692
DIRC1,1552674_at,1,0.109189585
STXBP1,202260_s_at,1,0.2257938
STT3A,202223_at,1,0.46320638
STT3B,224700_at,1,0.7202312
STUB1-DT,223911_at,1,0.16192023
STX10,212625_at,1,0.5292165
DLGAP1-AS1,238432_at,1,0.2872352
DLGAP1-AS3,1560522_at,1,0.11178234
DIABLO,219350_s_at,1,0.62237704
DIAPH1-AS1,1557865_at,1,0.074005775
DHRS3,202481_at,1,0.4372369
DHRS4,218021_at,1,0.4903601
DHRS7B,220690_s_at,1,0.30987394
DHRS7C,230915_at,1,0.09853946
DIO2-AS1,1562827_at,1,0.24390475
DIO3,207154_at,1,0.17677644
DHX38,209178_at,1,0.3694888
DHX58,219364_at,1,0.19692782
SUCNR1,223939_at,1,0.26823208
SUCO,203429_s_at,1,0.6182623
SUGCT,219655_at,1,0.0914022
SUGCT-AS1,1569403_at,1,0.14821771
STX1B,230691_at,1,0.12820242
STX5,203330_s_at,1,0.37610054
DHH,1552730_at,1,0.14357233
DHRS1,213279_at,1,0.45732147
DHRS11,218756_s_at,1,0.29870695
DHRS13,226121_at,1,0.4752718
DGCR6,208024_s_at,1,0.5260579
DGCR6L,214024_s_at,1,0.15488441
DGKD,208072_s_at,1,0.6322323
SULT1B1,207601_at,1,0.30011573
STYXL2,232252_at,1,0.19199668
SUCLA2,202930_s_at,1,0.48284918
SUCLA2-AS1,1569859_at,1,0.113135494
DHX16,203694_s_at,1,0.50590503
DHX32,218198_at,1,0.4514643
DHCR24,200862_at,1,0.292351
DHDDS-AS1,242510_at,1,0.22725305
DHDH,231416_at,1,0.102396354
SULT4A1,219425_at,1,0.13246676
SUMF1,226850_at,1,0.49002296
DEXI,203733_at,1,0.41466433
DFFB,206752_s_at,1,0.37838978
DGAT1,203669_s_at,1,0.5017002
DGAT2-DT,1561491_at,1,0.06912755
DGCR11,215725_at,1,0.3148292
DENND4B,202860_at,1,0.6496657
DENND5A,212561_at,1,0.638813
DENND6A,226965_at,1,0.6829691
SUMO4,215452_x_at,1,0.6972874
SUN2,212144_at,1,0.6576233
SUN3,231618_s_at,1,0.06790372
DGKK,238194_at,1,0.07624825
DET1,219641_at,1,0.34894335
DHFRP3,216659_at,1,0.106270686
SUPV3L1,212894_at,1,0.5187677
SURF2,205224_at,1,0.31165648
DEPDC1-AS1,1569958_at,1,0.10371224
DEPDC1B,226980_at,1,0.32164335
DEPDC5,205223_at,1,0.31387612
DEPDC7,228293_at,1,0.19317254
DERA,218102_at,1,0.5736394
DEGS2,236496_at,1,0.16994952
DEK,200934_at,1,0.76554966
DELEC1,220781_at,1,0.07734491
SURF6,225038_s_at,1,0.41228032
SUSD1,226264_at,1,0.4730041
SUSD5,214954_at,1,0.08003795
SUSD6,202181_at,1,0.6625104
SUV39H1,218619_s_at,1,0.43041033
SULT2B1,205759_s_at,1,0.27350003
SYDE2,1560101_at,1,0.1055345
SV2A,203069_at,1,0.34758252
SVBP,226723_at,1,0.5634117
DENND1C,221080_s_at,1,0.5383695
DENND2B,202440_s_at,1,0.2367881
DEFB108B,1561165_a_at,1,0.06781664
DEFB114,1567878_at,1,0.069266215
DEFB118,233221_at,1,0.0924869
DEFB121,234007_at,1,0.0507683
DEFB122,1562167_a_at,1,0.0799184
DEFB123,229772_at,1,0.08799184
SVOPL,1554300_a_at,1,0.18076149
SWI5,226027_at,1,0.40684444
SWINGN,1558847_at,1,0.27854842
SWSAP1,227352_at,1,0.35873005
SUPT5H,201480_s_at,1,0.58113486
SYAP1,225154_at,1,0.5850814
SYBU,218692_at,1,0.19396037
SYCE2,237304_at,1,0.3199482
SYCE3,239854_at,1,0.13645522
DEFB125,1552998_at,1,0.072062045
DEFB127,233343_at,1,0.1320052
DEFB129,233160_at,1,0.10798295
DEFB132,243311_at,1,0.10263211
DEFB4A,207356_at,1,0.15448801
DEFT1P,1553518_at,1,0.24258529
DECR1,202447_at,1,0.6104861
DECR2,219664_s_at,1,0.46771228
DEDD2,225434_at,1,0.6770112
DEFA1,205033_s_at,1,0.7100275
SYCN,229995_at,1,0.09921421
SYCP2L,236337_at,1,0.12831645
DDX60,218986_s_at,1,0.4720898
DDX25,219945_at,1,0.15667152
DEFA4,207269_at,1,0.5716418
DEFA5,207529_at,1,0.16031337
DEFA6,207814_at,1,0.14748088
DEFB1,210397_at,1,0.26420775
DEFB103B,224239_at,1,0.18951848
DEFB104A,1553521_at,1,0.19037354
DEFB105A,1553002_at,1,0.12478259
DEFB107A,1563450_at,1,0.045339238
DDX47,220890_s_at,1,0.687158
DDX53,1555357_at,1,0.093212776
SYNDIG1L,237053_at,1,0.11829434
SYNE4,235515_at,1,0.22378346
SYNGR3,205691_at,1,0.20271711
SWT1,223548_at,1,0.3544196
DDX39A,201584_s_at,1,0.74856645
DDX4,221630_s_at,1,0.07595186
DDX41,217840_at,1,0.6227277
DDX43,220004_at,1,0.14982674
DDRGK1,218159_at,1,0.52342045
DDT,202929_s_at,1,0.5635346
DDX1,201241_at,1,0.61769056
SYNPR,230303_at,1,0.12875654
SYNPR-AS1,240184_at,1,0.17697637
SYP,213200_at,1,0.06323772
SYPL2,230611_at,1,0.29422683
SYN3,206322_at,1,0.122559816
SYNC,221276_s_at,1,0.23049851
SYNDIG1,219310_at,1,0.16333546
DDX55,231843_at,1,0.4631556
DDX59-AS1,1561741_at,1,0.1361498
SYT14,1553654_at,1,0.09980305
DDX11-AS1,1557139_at,1,0.081335366
DDX11L2,223777_at,1,0.3476041
DDX19A-DT,1568787_at,1,0.12944506
DDB1,208619_at,1,0.60657656
DDB2,203409_at,1,0.5180908
DDC-AS1,1564459_at,1,0.1360538
DDHD1-DT,233444_at,1,0.15083608
DDHD2,212690_at,1,0.5188014
SYT2,214903_at,1,0.15833496
SYT3,223901_at,1,0.12951283
SYT4,223529_at,1,0.15610276
SYT6,244227_at,1,0.21826075
SYT8,232802_at,1,0.24651791
SYNGR4,206719_at,1,0.16388863
SYNM,212730_at,1,0.23223883
DCP1B,226093_at,1,0.4080282
DDI1,239299_at,1,0.1281684
DDIAS,228281_at,1,0.3121315
DDIT3,209383_at,1,0.5933754
DDIT4,202887_s_at,1,0.68668354
DDIT4L,228057_at,1,0.2668021
DDN,214788_x_at,1,0.18645118
DCTN3,204246_s_at,1,0.6733976
DCTN6,203261_at,1,0.606962
DCTPP1,218069_at,1,0.60794806
TAAR1,1553930_at,1,0.09463415
TAAR2,221394_at,1,0.15764564
TAAR3P,221393_at,1,0.10580935
TAAR5,221459_at,1,0.107865244
TAAR8,1553552_at,1,0.08431747
TAAR9,1553066_at,1,0.14801587
DCPS,218774_at,1,0.45592222
DCST1,1553860_at,1,0.07047959
DCST1-AS1,235886_at,1,0.23760964
DCST2,242988_at,1,0.17330003
DCSTAMP,221266_s_at,1,0.17933492
DCTN1-AS1,1557617_at,1,0.11618526
DCAF8L2,1553467_at,1,0.1496497
DCANP1,239529_at,1,0.18509711
DCD,1553946_at,1,0.083738506
TACR2,214348_at,1,0.09251169
TACR3,208183_at,1,0.14753069
SYTL1,227134_at,1,0.65830266
SYVN1,225090_at,1,0.58486474
DCUN1D2,219116_s_at,1,0.4138118
DCXR,217973_at,1,0.5829386
DCLRE1A,209804_at,1,0.24076265
DAZL,206588_at,1,0.15021148
DBF4,204244_s_at,1,0.59962255
DBH,206450_at,1,0.11920547
DBIL5P,223783_s_at,1,0.14076227
DCDC1,232603_at,1,0.07851094
DCDC2B,233918_at,1,0.21933381
DCK,203302_at,1,0.6800644
DCLK3,232399_at,1,0.12846254
DCAF12,224789_at,1,0.5376654
DCAF12L1,238205_at,1,0.12913938
DCAF12L2,239330_at,1,0.10967299
TAF1A-AS1,238491_at,1,0.14401086
TAF1L,1553011_at,1,0.21040666
TAC1,206552_s_at,1,0.0825419
TAC3,219992_at,1,0.2833589
TAC4,1553094_at,1,0.096987404
TANGO6,226467_at,1,0.26649848
TAF6,203572_s_at,1,0.5020358
TAF7,201023_at,1,0.74286944
DBIL5P2,224258_at,1,0.1292568
DBNDD1,222234_s_at,1,0.180247
DBNDD2,218094_s_at,1,0.37331823
DBNL,222429_at,1,0.46063232
DAPL1,229290_at,1,0.18297076
DARS1-AS1,243355_at,1,0.23510897
TAF9,202168_at,1,0.6739398
TAFA1,230923_at,1,0.14049534
TAFA2,241399_at,1,0.19332187
TAFA4,242348_at,1,0.09444916
TAF12,209463_s_at,1,0.44975144
TAF1A,206613_s_at,1,0.32911214
DCAF4L1,1562209_at,1,0.12048196
TARS2,221189_s_at,1,0.33506274
TAS1R2,1553529_at,1,0.12705767
TAGLN3,204743_at,1,0.1878826
TALAM1,223578_x_at,1,0.6515365
TALDO1,201463_s_at,1,0.78896034
TAMALIN,228263_at,1,0.45423943
DARS2,218365_s_at,1,0.31998217
DAW1,242162_at,1,0.1299708
DAZ3,208281_x_at,1,0.18196552
DAZ4,216351_x_at,1,0.101313986
DACT2,1569648_at,1,0.20706156
DACT3-AS1,1561532_at,1,0.1682526
DAD1,200046_at,1,0.6758173
DAGLA,214128_at,1,0.13241737
TAMALIN-AS1,1570186_at,1,0.13309364
TANGO2,235396_at,1,0.48866796
TAS2R50,1553561_at,1,0.1607619
TAS2R7,221396_at,1,0.07517791
TAP1,202307_s_at,1,0.5993114
TAPT1-AS1,1553145_at,1,0.40616545
DANCR,224870_at,1,0.6262356
DAND5,1562772_a_at,1,0.20942087
DANT2,233551_at,1,0.057533905
DAO,206878_at,1,0.2613199
DAOA-AS1,1553024_at,1,0.089786604
DAP,201095_at,1,0.55646974
CYTL1,219837_s_at,1,0.40458474
CYTOR,225799_at,1,0.57867837
CZIB,203197_s_at,1,0.5213099
D2HGDH,228738_at,1,0.46463388
TARBP1,202813_at,1,0.5671916
TARBP2,203677_s_at,1,0.4690621
TAS2R3,221456_at,1,0.07096343
DAAM2,212793_at,1,0.18019487
DAAM2-AS1,1561979_at,1,0.14032182
DAB1-AS1,1569259_at,1,0.11431609
DACH2,239738_at,1,0.14737591
DACT1,219179_at,1,0.2631523
CYP7A1,207406_at,1,0.0768871
CYP7B1,207386_at,1,0.14565586
CYP8B1,232494_at,1,0.2167123
CYS1,228739_at,1,0.081532985
TAS2R38,1553555_at,1,0.15316305
TAS2R39,1553553_at,1,0.12779048
TAS2R4,221392_at,1,0.13799983
TAS2R40,1553556_at,1,0.12535535
TAS2R41,1553558_at,1,0.12191869
TAS2R5,231757_at,1,0.13388614
CYSRT1,1569144_a_at,1,0.20946394
CYSTM1,224707_at,1,0.5852535
CYTIP,209606_at,1,0.6549286
CYP4F11,206153_at,1,0.049602784
CYP4F12,206539_s_at,1,0.20228103
CYP4F2,210452_x_at,1,0.23787054
CYP4F22,244692_at,1,0.13913089
CYP4F29P,1558589_at,1,0.17419583
TATDN1,223231_at,1,0.5684352
TBATA,1552887_at,1,0.25239787
TBC1D10B,220947_s_at,1,0.5067696
TAS2R1,221324_at,1,0.124998584
TAS2R10,221397_at,1,0.15415545
TAS2R13,221395_at,1,0.07579541
TAS2R16,221444_at,1,0.12695076
TAS2R19,1570384_at,1,0.116639696
CYP2T1P,236445_at,1,0.06422225
TBC1D3E,209403_at,1,0.5418991
TBC1D8,204526_s_at,1,0.4138093
TBC1D8-AS1,237543_at,1,0.053016577
TBC1D10C,228258_at,1,0.6468639
TBC1D14,224622_at,1,0.55374855
TBC1D17,218466_at,1,0.3753471
TBC1D19,220260_at,1,0.1604917
TBC1D2,222173_s_at,1,0.33661398
TBC1D21,231475_at,1,0.2282334
TBC1D22A-AS1,1561099_at,1,0.10530765
TBC1D23,225121_at,1,0.49499238
TAS2R8,221398_at,1,0.060325313
TAS2R9,221461_at,1,0.10954322
TASL,220252_x_at,1,0.52837235
CYSLTR2,220813_at,1,0.17851059
CYP46A1,220331_at,1,0.16725917
CYP27A1,203979_at,1,0.3430202
CYP27B1,205676_at,1,0.2486807
CYP27C1,1568868_at,1,0.097264886
CYP2A13,208327_at,1,0.16366783
CYP2A7,207718_x_at,1,0.21800873
CYP4F30P,224278_at,1,0.098039486
CYP4F35P,1559028_at,1,0.2444173
CYP4F8,210576_at,1,0.09984074
CYP4X1,227702_at,1,0.0981061
CYP4Z1,237395_at,1,0.11434733
CYP4Z2P,1553434_at,1,0.08816632
CYP51A1-AS1,233942_at,1,0.0829378
CYP2F1,207913_at,1,0.14348038
CYP2J2,205073_at,1,0.14452563
CYP2S1,223385_at,1,0.20075022
CYP2B7P,210272_at,1,0.15403311
CYP2C19,216058_s_at,1,0.18085754
CYP2D7,215809_at,1,0.15937333
CYMP,242902_at,1,0.13001254
CYMP-AS1,1561335_at,1,0.11907115
CYP11A1,204309_at,1,0.09636171
CYP11B2,214630_at,1,0.14836343
TBCK,226126_at,1,0.49449182
TBK1,218520_at,1,0.55881107
TBKBP1,205424_at,1,0.30635217
TBL1Y,211462_s_at,1,0.15304534
TBC1D27P,233483_at,1,0.2726543
TBC1D28,233462_at,1,0.07411694
TBC1D29P,208008_at,1,0.18675955
CYP2W1,220562_at,1,0.23891237
CYP3A7-CYP3A51P,211843_x_at,1,0.047170453
TBPL1,208398_s_at,1,0.589365
TBR1,220025_at,1,0.09992634
CYP1A1,205749_at,1,0.1448619
CYP20A1,219565_at,1,0.4370694
CYP21A2,214622_at,1,0.11781671
CYP24A1,206504_at,1,0.11016552
CYP26A1,206424_at,1,0.11081024
CYB5R2,220230_s_at,1,0.29533476
TBX15,230438_at,1,0.1609992
TBX18-AS1,243494_at,1,0.060072325
TBX19,206838_at,1,0.33017308
TBX20,1564945_at,1,0.102236204
TBX21,220684_at,1,0.37439984
TBCA,203667_at,1,0.7607337
TBCC,202495_at,1,0.5815345
TBCCD1,206451_at,1,0.39031804
CYB5D2,225804_at,1,0.3493124
CXCL13,205242_at,1,0.09221829
CXCL16,223454_at,1,0.39615396
CXCL17,226960_at,1,0.093544826
CXCL3,207850_at,1,0.32918358
CYBC1,218130_at,1,0.58571863
CYC1,201066_at,1,0.6480359
CYFIP1,208923_at,1,0.56306624
CYLC2,207780_at,1,0.16438016
CXXC1P1,1564367_at,1,0.17950833
CXorf51A,231159_at,1,0.16719872
CXorf58,1553391_at,1,0.13056134
TBXT,206524_at,1,0.29050657
TCAM1P,233320_at,1,0.14059928
TCAP,205766_at,1,0.21454816
TBP,203135_at,1,0.4755997
TCIM,218541_s_at,1,0.066394836
TCIRG1,204158_s_at,1,0.6730859
TCEAL1,204045_at,1,0.5152167
TCEAL2,211276_at,1,0.12943514
TCEAL3,227279_at,1,0.55866575
TCEAL4,202371_at,1,0.60217583
TCEAL7,227705_at,1,0.098885216
TCEAL8,224819_at,1,0.50715375
TCEAL9,217975_at,1,0.3597167
TCERG1L,231257_at,1,0.1449202
TCF15,207306_at,1,0.0981361
TBX22,224017_at,1,0.06601577
TBX4,220634_at,1,0.060331874
CXorf65,231377_at,1,0.4275436
CYB561A3,224735_at,1,0.6057759
CYB561D1,227981_at,1,0.43957046
TCF19,223274_at,1,0.3996962
TCF24,242522_at,1,0.06982385
CXCL1,204470_at,1,0.37347585
CXCL10,204533_at,1,0.18810475
CUBN,206775_at,1,0.16398428
CUEDC2,218097_s_at,1,0.6587119
CXCL6,206336_at,1,0.15501814
CXCL9,203915_at,1,0.18802778
CXCR1,207094_at,1,0.27723882
CXCR2,207008_at,1,0.324306
CUZD1,220275_at,1,0.23038068
CWC15,223067_at,1,0.71665114
CWC22,226588_at,1,0.48612782
TCF4-AS1,237749_at,1,0.09634903
TCF7L1,221016_s_at,1,0.18629721
TCHH,213780_at,1,0.0925104
TDRD9,228285_at,1,0.24701099
TCL1B,206413_s_at,1,0.24065615
TCN1,205513_at,1,0.43318903
TCN2,204043_at,1,0.28237817
CUTA,221488_s_at,1,0.74050707
CUTC,218970_s_at,1,0.53141403
CTSG,205653_at,1,0.58218163
CTSH,202295_s_at,1,0.6090469
CTSK,202450_s_at,1,0.41372338
CTSL,202087_s_at,1,0.42184538
CTSLP8,1563445_x_at,1,0.21854228
CTSO,203758_at,1,0.43219802
TCP10L3,207503_at,1,0.21282168
TCP11,220378_at,1,0.1698062
TCTA,203054_s_at,1,0.5111271
TCTE1,237280_at,1,0.026468642
TECTB,1553656_at,1,0.11741638
TEDC1,228558_at,1,0.23913258
TDP2,202266_at,1,0.613128
CTSV,210074_at,1,0.21020095
CTSW,214450_at,1,0.5017622
CTXN1,228126_x_at,1,0.13673666
CTPS1,202613_at,1,0.43235335
CTR9,202060_at,1,0.59837276
CTRB1,205971_s_at,1,0.1415378
TDRD1,221018_s_at,1,0.11500255
TDRD10,231371_at,1,0.16521539
TDRD12,215356_at,1,0.065251276
TDRD5,231104_at,1,0.044580113
TDRD6,232692_at,1,0.080295816
TDRD6-AS1,241256_at,1,0.1495403
TDRD7,213361_at,1,0.4745543
CTNNBL1,221021_s_at,1,0.5424752
CTAGE15,214355_x_at,1,0.383645
CTAGE9,215549_x_at,1,0.3327935
CTBP1-AS,1563571_at,1,0.112041324
CTRB2,214411_x_at,1,0.21311662
CTRC,206297_at,1,0.27144712
CTRL,214377_s_at,1,0.36954558
CTSA,200661_at,1,0.6197312
CTSD,200766_at,1,0.4806556
CTSE,205927_s_at,1,0.34893608
CTSF,203657_s_at,1,0.3628111
CTDSP1,217844_at,1,0.63116074
CTF1,206813_at,1,0.17648341
CTHRC1,225681_at,1,0.2785874
TEC,206301_at,1,0.21438693
TECRL,241961_at,1,0.051081102
TERB1,1553451_at,1,0.063951276
TERB2,240876_x_at,1,0.072017536
TERF2IP,201174_s_at,1,0.68978417
TEDC2,219556_at,1,0.25149783
TEDC2-AS1,1563637_at,1,0.09406512
TEDDM1,1552940_at,1,0.1748244
TEKT1,239216_at,1,0.071756296
TEKT2,210323_at,1,0.14864905
TEKT3,223867_at,1,0.06093546
TEKTL1,1553893_at,1,0.20573437
TENM2,231867_at,1,0.14407258
TDRG1,230236_at,1,0.16454312
TDRKH-AS1,1568853_at,1,0.22037785
TEAD3,209454_s_at,1,0.17976348
CTNNA2,205373_at,1,0.15295851
CTNNBIP1,203081_at,1,0.47149888
TEX101,223906_s_at,1,0.1447823
TEX12,221438_s_at,1,0.09953137
TENM4,213273_at,1,0.1993463
TENT4A,202466_at,1,0.5918411
TENT5B,229518_at,1,0.23373905
CTCF,202521_at,1,0.6541201
CTCFL,1552368_at,1,0.15410317
CTD-2194D22.4,1562811_at,1,0.07732894
CTD-2350J17.1,240707_at,1,0.09081167
CTDNEP1,200035_at,1,0.6637023
CTDP1,205035_at,1,0.3903474
CSTF3-DT,1560202_at,1,0.07938494
CSTL1,234803_at,1,0.04757713
CT47A11,231568_at,1,0.11998298
TENT5C-DT,237787_at,1,0.094259426
TENT5D,1552461_at,1,0.11015803
TEX36,244789_at,1,0.071604505
TERLR1,1558402_at,1,0.07425975
TESK1,204106_at,1,0.48455444
TESK2,205486_at,1,0.44212937
CT55,221121_at,1,0.123196445
CT62,214418_at,1,0.07877875
CT66,239113_at,1,0.12198971
CT75,230844_at,1,0.22578782
CT83,1559258_a_at,1,0.15437093
CTAGE1,220957_at,1,0.16365665
CTAGE11P,217332_at,1,0.15817079
CST1,206224_at,1,0.084252045
CST13P,1558493_at,1,0.056795448
CST2,208555_x_at,1,0.14396915
CST4,206994_at,1,0.23212364
CST5,207925_at,1,0.12415152
TEX19,241367_at,1,0.19542903
TEX2,218099_at,1,0.45986825
TEX22,1558581_at,1,0.2903371
CST7,210140_at,1,0.6289349
CST8,220627_at,1,0.12839462
CST9,1554386_at,1,0.12135752
CST9L,230829_at,1,0.09700077
CSTA,204971_at,1,0.620909
CSNK1G2-AS1,1553871_at,1,0.21046737
CSNK2B,201390_s_at,1,0.73701566
CSPG4P1Y,211461_at,1,0.05327502
TEX26,243884_at,1,0.08448961
TEX28,207364_at,1,0.05472247
TEX29,236853_at,1,0.12829852
TEX30,213346_at,1,0.47958022
TEX35,223938_at,1,0.19797315
TEX48,231203_at,1,0.21231817
CSPG4P5,1561960_at,1,0.11325326
CSRNP1,225557_at,1,0.6733329
CSRP1,200621_at,1,0.56907815
CSRP3,205553_s_at,1,0.051003523
CSK,202329_at,1,0.6431287
CSKMT,239316_at,1,0.32112467
CSMD2-AS1,1569696_at,1,0.19554788
CSMD3,240228_at,1,0.17975715
CSN1S1,208350_at,1,0.111383736
TEX51,237685_at,1,0.05555687
TEX53,242833_at,1,0.13860458
TEX55,1553146_at,1,0.150035
TEX56P,231642_at,1,0.10809361
TEX13B,221034_s_at,1,0.18731189
TEX14,221035_s_at,1,0.17458467
TFAP2E,1555348_at,1,0.34429407
TFAP4,205688_at,1,0.24075782
CSN1S2AP,1553080_at,1,0.25180754
CSN2,207951_at,1,0.21064648
CSN3,207803_s_at,1,0.06173958
CSNK1A1P1,1559651_at,1,0.084465265
CSAG3,220445_s_at,1,0.08108275
CSDC2,209981_at,1,0.12759559
CSF1R,203104_at,1,0.3977584
TFDP3,207385_at,1,0.15207352
TFF1,205009_at,1,0.22065505
TEX36-AS1,1556133_s_at,1,0.05392062
TEX38,230969_at,1,0.15093824
TEX44,238187_at,1,0.11847446
TEX46,231551_at,1,0.061324134
TEX47,231441_at,1,0.08938091
TGM6,233983_at,1,0.09825721
TGM7,237288_at,1,0.06663703
TFF2,214476_at,1,0.0806739
TFF3,204623_at,1,0.284798
TFPT,218996_at,1,0.38713035
CSF2RB,205159_at,1,0.54482
CSF3,207442_at,1,0.124495715
CRYBG1,212543_at,1,0.62142676
CRYBG3,214030_at,1,0.28798556
CRYGA,207587_at,1,0.08391138
CRYGB,207715_at,1,0.13819277
CRYGC,207531_at,1,0.19147177
CRYGD,207532_at,1,0.2716547
TG,203673_at,1,0.17589852
TGFB1I1,209651_at,1,0.3417853
TFAP2D,233987_at,1,0.105753966
THAP12,209323_at,1,0.66208476
THAP7,218492_s_at,1,0.49450415
THAP8,228500_at,1,0.31508833
TGFBI,201506_at,1,0.44645214
CRYGN,1553082_at,1,0.12263036
CRYL1,220753_s_at,1,0.38629374
CRYM,205489_at,1,0.2825025
CRYZ,202950_at,1,0.44433656
CS,208660_at,1,0.73878014
CRTC2,226307_at,1,0.53083616
CRY1,209674_at,1,0.564579
CRY2,212695_at,1,0.35323972
TGIF2LY,233178_at,1,0.17373374
TGM1,206008_at,1,0.12070447
TGM3,206004_at,1,0.2227702
TGM5,207911_s_at,1,0.29264298
CRNN,220090_at,1,0.100865394
CRTAM,206914_at,1,0.23497033
CRIP1,205081_at,1,0.6549148
CRIP2,208978_at,1,0.20279561
CRIP3,235720_at,1,0.24786898
CRYAA,210199_at,1,0.11221456
CRYAB,209283_at,1,0.17079751
CRYBA1,206982_at,1,0.07909661
CRYBA2,220136_s_at,1,0.03757075
CRYBA4,206843_at,1,0.06484661
CRYBB1,206185_at,1,0.08625309
CRYBB3,207685_at,1,0.022132399
CRLF2,208303_s_at,1,0.1771773
CRLF3,205474_at,1,0.66609824
CRMP1,202517_at,1,0.2238652
CRNKL1,219913_s_at,1,0.39558282
THBS3-AS1,244489_at,1,0.1788508
CRIPTO,206286_s_at,1,0.13813627
CRISP2,210262_at,1,0.20523551
CRISP3,207802_at,1,0.34942088
CRISPLD1,223475_at,1,0.26598716
CRLF1,206315_at,1,0.2164662
CREB3L3,234361_at,1,0.1076284
CREB3L4,226455_at,1,0.4264812
THBS4,204776_at,1,0.31371605
THEM5,1562490_at,1,0.13156654
THEM6,218500_at,1,0.28417894
THG1L,219122_s_at,1,0.34922627
TH,208291_s_at,1,0.10256568
THAP1,219292_at,1,0.39745697
THAP10,219596_at,1,0.12145451
THAP11,212910_at,1,0.5038949
THOC7,218334_at,1,0.67228234
THOP1,203235_at,1,0.40781614
CREG1,201200_at,1,0.68562335
CRELD1,203368_at,1,0.33233485
CRELD2,218358_at,1,0.5917019
CRHBP,205984_at,1,0.20109281
CRACR2B,227429_at,1,0.3535533
CRADD,209833_at,1,0.45325133
CRADD-AS1,242638_at,1,0.1626178
CRAT37,1570391_at,1,0.06270511
THORLNC,241234_at,1,0.2409476
THSD1,219477_s_at,1,0.43596384
THSD4-AS1,1562524_at,1,0.2498146
THAP9-AS1,215009_s_at,1,0.6245332
THBS2,203083_at,1,0.14929138
THBS3,209561_at,1,0.35446492
THSD7B,232327_at,1,0.054337777
THTPA,218540_at,1,0.39428568
THUMPD2,219248_at,1,0.541736
CRB2,1552506_at,1,0.12801509
CRB3,232609_at,1,0.24383725
CRCT1,220620_at,1,0.09451141
CREB3,209432_s_at,1,0.41558436
CPT1C,227468_at,1,0.08766813
CPTP,220734_s_at,1,0.3955761
CPVL,208146_s_at,1,0.47501308
CPXM1,227860_at,1,0.42448497
TIAM1-AS1,1556344_at,1,0.16685085
TICAM1,213191_at,1,0.41550156
THOC1,204064_at,1,0.57434046
THOC3,224623_at,1,0.51670146
THOC6,218848_at,1,0.38083106
CPS1-IT1,220479_at,1,0.06532778
CPSF3,225082_at,1,0.5755272
CPSF4,206688_s_at,1,0.5197544
CPSF7,217866_at,1,0.62616855
CPLX1,223500_at,1,0.10447476
CPZ,211062_s_at,1,0.13704473
CR1L,239206_at,1,0.19804081
CRABP2,202575_at,1,0.2622448
CPNE9,239139_at,1,0.2540366
CPO,1553506_at,1,0.16353013
CPOX,204172_at,1,0.4718494
TIGD3,229789_at,1,0.23312064
TIGD5,229758_at,1,0.3564406
TIGD6,220986_s_at,1,0.14510019
TIGIT,240070_at,1,0.26753426
TIMD4,1552280_at,1,0.18697503
CPNE2,225129_at,1,0.54757315
CPNE7,219707_at,1,0.3429336
CPA2,206212_at,1,0.2783382
CPA3,205624_at,1,0.39601022
CPA4,205832_at,1,0.25921828
CPA5,240744_at,1,0.21569894
CPAMD8,227721_at,1,0.25743973
CPB1,205509_at,1,0.12412135
TIMM29,231901_at,1,0.40190396
TIMM9,218316_at,1,0.5802162
TIMMDC1,223004_s_at,1,0.5911201
TIMP1,201666_at,1,0.6424656
TIFAB,236673_at,1,0.18499744
TIGAR,219099_at,1,0.48579478
TIGD1,1553099_at,1,0.45484057
TIGD2,229983_at,1,0.36975595
TLE1-DT,1562895_at,1,0.06712846
TIMP4,206243_at,1,0.1762222
TINAGL1,219058_x_at,1,0.17564623
TIPARP,212665_at,1,0.6375391
CPB2,206651_s_at,1,0.13700315
CPEB2-DT,1561471_at,1,0.12785225
COX6A2,206353_at,1,0.27704972
COX6B1,201441_at,1,0.7822378
COX6B2,1553367_a_at,1,0.17509833
COX6C,201754_at,1,0.80573076
COX7A1,204570_at,1,0.123424955
TIPARP-AS1,1556829_at,1,0.23001221
TIPIN,219258_at,1,0.44775683
CPN1,206256_at,1,0.21072397
CPN2,216223_at,1,0.13389713
CPNE1,206918_s_at,1,0.5845653
TKTL2,223829_at,1,0.16647266
TLCD1,227804_at,1,0.18579677
COX3,238199_x_at,1,0.807415
COX4I2,232761_at,1,0.356766
CORO1A,209083_at,1,0.7326282
COX7A2L,201256_at,1,0.72618407
COX7A2P2,217249_x_at,1,0.65714556
COX7B2,231265_at,1,0.16509299
COX8A,201119_s_at,1,0.7673427
COX8C,231487_at,1,0.07794217
CPA1,205615_at,1,0.060875725
COX10-DT,1557192_at,1,0.28071526
COX14,225772_s_at,1,0.60001296
TLCD3A,218898_at,1,0.25023362
TLCD3B,227781_x_at,1,0.08956718
TLDC2,233829_at,1,0.070111275
COQ5,223114_at,1,0.49757537
COQ6,218760_at,1,0.34421322
COMMD9,218072_at,1,0.507091
COMP,205713_s_at,1,0.11280125
COMTD1,226870_at,1,0.38958433
CORO2B,209789_at,1,0.18490691
CORO6,1552301_a_at,1,0.33768666
CORO7,219040_at,1,0.46096036
CORT,210182_at,1,0.26486224
COSMOC,1568633_a_at,1,0.15751475
COX1,1553538_s_at,1,0.9203093
COPS5,201652_at,1,0.6624
COPS7A,209029_at,1,0.41244328
TLR1,210176_at,1,0.48151112
TLR2,204924_at,1,0.49412996
TLR5,210166_at,1,0.25201228
TLX1NB,1560883_s_at,1,0.27572155
COPB2,201098_at,1,0.5884092
COPB2-DT,230334_at,1,0.20285986
COPG1,217749_at,1,0.49161628
COPG2IT1,213486_at,1,0.23660357
COPRS,225096_at,1,0.5125417
COPS3,202078_at,1,0.6424077
COLEC10,207420_at,1,0.11373063
COLEC11,219873_at,1,0.15330574
COLQ,206073_at,1,0.21468684
TLX3,208495_at,1,0.12808837
TM2D2,224413_s_at,1,0.5255069
TM4SF20,220639_at,1,0.11653004
TM4SF4,209937_at,1,0.066424966
TLE5,217729_s_at,1,0.58595186
COQ10A,225747_at,1,0.45142707
COL6A3,201438_at,1,0.19378541
COL9A3,204724_s_at,1,0.31869787
COL21A1,208096_s_at,1,0.118733615
COL23A1,229168_at,1,0.280651
COL24A1,238732_at,1,0.19166446
COMMD1,226024_at,1,0.5741401
COMMD3,218048_at,1,0.65459603
COMMD8,218351_at,1,0.6026364
TMA16,218513_at,1,0.3458997
TMA7,221791_s_at,1,0.8467183
TMBIM1,217730_at,1,0.5425095
TMC1,1564591_a_at,1,0.11357372
TMC2,1553019_at,1,0.11561965
TLR8-AS1,1562805_at,1,0.08746011
TLR9,223903_at,1,0.33387673
TLX1,207179_at,1,0.11730009
COL15A1,203477_at,1,0.1261537
COL16A1,204345_at,1,0.17540017
COL17A1,204636_at,1,0.1351557
COL18A1-AS1,1564017_at,1,0.030274712
COL19A1,211011_at,1,0.118637495
COA4,220647_s_at,1,0.5509002
COA6,225638_at,1,0.5164892
COASY,201913_s_at,1,0.57791126
TMCC2-AS1,243873_at,1,0.046418667
TMCO1-AS1,240185_at,1,0.12472492
TMCO2,231264_at,1,0.13886148
TM4SF5,206242_at,1,0.26232314
TM6SF1,219892_at,1,0.34770375
TM7SF2,210130_s_at,1,0.29192084
TM9SF2,201078_at,1,0.6561773
COG7,213190_at,1,0.3673803
TMEM117,223594_at,1,0.15127651
TMCO5B,243406_at,1,0.0810413
TMCO6,221096_s_at,1,0.34035295
TMED1,203679_at,1,0.40824306
CNTNAP2-AS1,1569780_at,1,0.11169195
CNTNAP3P2,220436_at,1,0.1609593
CNPY1,1559283_a_at,1,0.13855454
TMED6,236430_at,1,0.2623994
TMED9,208757_at,1,0.5209095
TMEM100,219230_at,1,0.13898599
TMC3-AS1,238247_at,1,0.20078935
TMC4,226403_at,1,0.2136642
COG4,212189_s_at,1,0.47426102
CNTN3,229831_at,1,0.07796353
CNTN6,207195_at,1,0.12491341
CNTNAP1,219400_at,1,0.2747772
TMEM102,230633_at,1,0.21741378
TMEM104,220097_s_at,1,0.3544207
TMEM105,1561243_at,1,0.24159913
CNR2,206586_at,1,0.3489956
CNRIP1,226751_at,1,0.29053712
CNTD1,231463_at,1,0.07363031
CNTF,208597_at,1,0.13780636
CNTFR,205723_at,1,0.29620308
CNN3,201445_at,1,0.2471124
CNNM1,220166_at,1,0.19725965
CNNM4,218900_at,1,0.30121022
TMEM108-AS1,1562509_at,1,0.17481738
TMEM109,201361_at,1,0.50447637
TMEM11,203437_at,1,0.52825606
TMEM114,231462_at,1,0.048697032
TMEM115,216267_s_at,1,0.41895428
TMEM119,227300_at,1,0.14795351
TMEM120A,223482_at,1,0.4117113
TMEM121B,224393_s_at,1,0.17993009
TMEM123,211967_at,1,0.7518641
TMEM123-DT,239241_at,1,0.17612559
CNOT10,223219_s_at,1,0.44158518
CNOT11,224695_at,1,0.5618172
CNFN,224329_s_at,1,0.15138514
CNGA1,206417_at,1,0.19658041
CNGA3,207261_at,1,0.04119449
CNGA4,1562273_at,1,0.15000807
TMEM125,225822_at,1,0.18773565
TMEM126A,223334_at,1,0.6502339
TMEM128,225462_at,1,0.45718104
TMEM130,238426_at,1,0.07394403
TMEM101,225004_at,1,0.38738033
TMEM132D,236377_at,1,0.19170648
TMEM132D-AS2,1560810_at,1,0.09418643
TMEM132E,243708_at,1,0.258267
CNIH2,230070_at,1,0.18556929
CNIH3,214841_at,1,0.1311696
CNKSR1,204740_at,1,0.3160187
CNMD,206309_at,1,0.14773421
CNN1,203951_at,1,0.13331997
CNN2,201605_x_at,1,0.63062114
CMTM2,229967_at,1,0.4090141
CMTM5,230942_at,1,0.30567798
CMTM8,235099_at,1,0.30313382
TMEM138,223113_at,1,0.5356604
TMEM140,218999_at,1,0.36440817
TMEM141,225568_at,1,0.40354374
TMEM145,1553479_at,1,0.1769598
TMEM14A,218477_at,1,0.46643624
TMEM150A,226239_at,1,0.3473036
TMEM150B,1570225_at,1,0.17685498
CMTR1,212380_at,1,0.51214284
CMTR2,222811_at,1,0.4465459
CNDP1,223699_at,1,0.104237735
CNEP1R1,235812_at,1,0.5398441
CLYBL-AS2,1563245_at,1,0.16522925
CMA1,214533_at,1,0.15037732
CMC1,228283_at,1,0.5480788
CMC2,218447_at,1,0.65699655
TMEM151A,235614_at,1,0.07922897
TMEM154,238063_at,1,0.5093743
TMEM158,213338_at,1,0.22879641
TMEM160,219219_at,1,0.3813902
TMEM132C,232313_at,1,0.08930488
CLYBL-AS1,1566176_at,1,0.16759084
CLPP,202799_at,1,0.5421889
CLPS,206131_at,1,0.19987889
CMKLR2,214605_x_at,1,0.34278232
CMKLR2-AS,232799_at,1,0.08330456
CMPK2,226702_at,1,0.5214296
CMSS1,224523_s_at,1,0.46619034
CLSTN3,204375_at,1,0.2966209
CLTCL1,205944_s_at,1,0.28124076
CLTRN,223784_at,1,0.18009838
TMEM169,228981_at,1,0.148243
TMEM17,1557137_at,1,0.19163857
TMEM170B,235798_at,1,0.41103083
TMEM175,223462_at,1,0.386678
TMEM176A,218345_at,1,0.27817965
TMEM147,202475_at,1,0.6312996
TMEM179B,228089_x_at,1,0.5452001
CLRN1-AS1,1560432_at,1,0.16759716
CLRN3,229777_at,1,0.10204491
CLSTN1,201561_s_at,1,0.5706452
CLSTN2-AS1,234443_at,1,0.17457096
CLIP2,211031_s_at,1,0.38087878
CLK1,214683_s_at,1,0.7220383
CLK2,203229_s_at,1,0.5702279
TMEM184B,202027_at,1,0.48696476
TMEM184C,219074_at,1,0.44279724
TMEM186,204676_at,1,0.3516767
TMEM187,204340_at,1,0.36226425
TMEM167B,222495_at,1,0.666588
CLUL1,206556_at,1,0.102337554
CLVS1,230217_at,1,0.0714677
CLVS2,1562443_at,1,0.21488498
CLEC14A,226244_at,1,0.22087891
CLEC18C,230022_at,1,0.17904277
CLEC1A,219761_at,1,0.18433352
CLEC1B,220496_at,1,0.18952098
CLMAT3,1561413_at,1,0.11715729
CLEC4GP1,1559194_a_at,1,0.18836856
CLEC5A,219890_at,1,0.30426237
CLGN,205830_at,1,0.22043744
CLHC1,228316_at,1,0.22684458
TMEM200A,234994_at,1,0.14703481
TMEM200B,227386_s_at,1,0.35500494
TMEM203,225052_at,1,0.57374644
TMEM205,225003_at,1,0.53127843
TMEM207,237639_at,1,0.26149794
TMEM178A,229302_at,1,0.20551378
TMEM179,231216_at,1,0.09449977
CLEC3A,231802_at,1,0.16448475
CLEC3B,205200_at,1,0.22366917
CLEC4F,1552410_at,1,0.20873417
CLEC4G,1559065_a_at,1,0.19326101
CLDN2,223509_at,1,0.15115443
CLDN20,1554812_at,1,0.14850117
CLDN5,204482_at,1,0.26069665
TMEM220,229693_at,1,0.418119
TMEM225,244460_at,1,0.13725339
TMEM225B,230277_at,1,0.2065796
TMEM190,1552594_at,1,0.10765267
TMEM191A,223628_at,1,0.20155528
CLIC1,208659_at,1,0.8077998
CLIC2,213415_at,1,0.3152751
CLIC3,219529_at,1,0.2145717
CLIP1-AS1,236747_at,1,0.11923582
TMEM238,229938_at,1,0.06572953
CLDN7,202790_at,1,0.18373255
CLDN8,214598_at,1,0.11232541
CLDN9,214635_at,1,0.21552226
CLDND2,231162_at,1,0.18623656
CLEC10A,206682_at,1,0.23003624
CLCN6,203950_s_at,1,0.4191067
CLCNKA,207047_s_at,1,0.1717343
TMEM243,204215_at,1,0.64835614
TMEM250,224962_at,1,0.41381326
TMEM208,221597_s_at,1,0.5104564
TMEM212,217016_x_at,1,0.39618716
TMEM214,217899_at,1,0.49989393
TMEM216,223305_at,1,0.4639234
TMEM217,237016_at,1,0.22639525
CLEC2L,232173_at,1,0.1689344
TMEM256,227063_at,1,0.57297754
CLDN10-AS1,1570291_at,1,0.110789254
CLDN14,210689_at,1,0.20008416
CLDN16,220332_at,1,0.1512023
CLDN17,221328_at,1,0.14369753
CLASRP,204978_at,1,0.6462247
CLBA1,213512_at,1,0.1708503
CLC,206207_at,1,0.5058047
CLCA1,210107_at,1,0.14051965
TMEM258,218213_s_at,1,0.782652
TMEM26,1555025_at,1,0.1263416
TMEM262,213740_s_at,1,0.10500957
TMEM263,224759_s_at,1,0.5571069
TMEM266,1552400_a_at,1,0.25035158
TMEM231,64900_at,1,0.22723143
TMEM235,1564040_a_at,1,0.14906715
CLCA4,220026_at,1,0.08536917
CLCA4-AS1,239982_at,1,0.20226057
CLCF1,219500_at,1,0.32587078
CLCN1,208437_at,1,0.22116503
CLCN2,213499_at,1,0.29512677
CITED1,207144_s_at,1,0.099295594
CITED4,228625_at,1,0.3974292
CKAP2L,229610_at,1,0.32453367
TMEM31,231569_at,1,0.15164411
TMEM35A,219685_at,1,0.13636811
TMEM35B,213698_at,1,0.49675354
TMEM38A,222896_at,1,0.20432153
TMEM252-DT,1560794_at,1,0.16542403
TMEM254-AS1,232294_at,1,0.13062291
TMEM255A,219895_at,1,0.13069588
TMEM255B,238226_at,1,0.19029015
CKMT2,205295_at,1,0.1631463
CKS1B,201897_s_at,1,0.57828176
CKS2,204170_s_at,1,0.65116847
CIMIP1,229542_at,1,0.0823193
CIMIP2B,229941_at,1,0.13691774
CIMIP2C,231126_at,1,0.16010009
CIMIP4,231617_at,1,0.09269408
TMEM44-AS1,229754_at,1,0.35262048
TMEM45A,219410_at,1,0.23493403
TMEM51,218815_s_at,1,0.2393369
TMEM52,230467_at,1,0.1824619
TMEM268,221865_at,1,0.40851307
TMEM270,238258_at,1,0.045557402
TMEM272,1557465_at,1,0.18395591
TMEM275,240696_at,1,0.21412317
CLCA3P,220810_at,1,0.04808912
CIPC,225623_at,1,0.42174646
CIR1,209571_at,1,0.46979728
CISD1,218597_s_at,1,0.47982115
CIC,212784_at,1,0.53364885
CIDEA,221295_at,1,0.107930295
CIDEB,221188_s_at,1,0.45685822
CIDEC,219398_at,1,0.36108157
CIDECP1,1554839_at,1,0.34166604
TMEM63B,225271_at,1,0.3205642
TMEM63C,227733_at,1,0.1981129
TMEM69,223335_at,1,0.50717765
TMEM39B,218770_s_at,1,0.44694114
TMEM42,226361_at,1,0.45251665
CKB,200884_at,1,0.35228533
CKM,204810_s_at,1,0.10901088
CKMT1B,202712_s_at,1,0.24641483
CIMAP1C,236245_at,1,0.17461824
CIMAP1D,237620_at,1,0.17532045
CIMAP2,1557016_a_at,1,0.12435446
CIMAP3,228100_at,1,0.20122465
CHTF18,226569_s_at,1,0.49757636
CHTF8,224732_at,1,0.57275075
CHUK,209666_s_at,1,0.4846758
CIAO2A,224779_s_at,1,0.72037804
TMEM86B,229736_at,1,0.40279424
TMEM88,229452_at,1,0.31273326
TMEM91,229957_at,1,0.39492336
TMEM52B,236646_at,1,0.16854447
TMEM54,225536_at,1,0.19250242
TMEM59L,219005_at,1,0.15504421
TMEM60,223396_at,1,0.5231666
TMEM61,230822_at,1,0.11998364
TMEM98,223170_at,1,0.16564837
CIAO2B,218074_at,1,0.6327668
CIAO3,218742_at,1,0.44346195
CIART,227285_at,1,0.20258935
CIB1,201953_at,1,0.68339527
CIB4,236378_at,1,0.19257772
CHST10,204065_at,1,0.38160446
CHST14,226314_at,1,0.4381673
TMIGD2,244716_x_at,1,0.39814088
TMLHE-AS1,1560797_s_at,1,0.15731807
TMOD4,223762_at,1,0.2633384
TMEM71,238429_at,1,0.52652746
TMEM72-AS1,1563632_at,1,0.139328
TMEM74B,219958_at,1,0.16825484
TMEM79,223544_at,1,0.28930974
CILP,206227_at,1,0.2314395
TMPRSS12,1569176_at,1,0.114794046
CHST4,220446_s_at,1,0.24511728
CHST7,206756_at,1,0.32748458
CHST8,221065_s_at,1,0.21823834
CHSY1,203044_at,1,0.6349345
CHSY3,242100_at,1,0.09744175
CHRNA2,207868_at,1,0.2554793
CHRNA5,206533_at,1,0.23372805
CHRNA6,207568_at,1,0.27354673
CHRNA9,221107_at,1,0.15712957
TMPRSS4,218960_at,1,0.065258324
TMPRSS5,221032_s_at,1,0.103091255
TMSB15A,205347_s_at,1,0.31819364
TMSB15B,214051_at,1,0.41152456
TMEM94,202650_s_at,1,0.44481134
TMEM95,1560281_a_at,1,0.28784338
CHRNB4,207516_at,1,0.15576853
CHRND,207024_at,1,0.117722265
CHRNE,207274_at,1,0.16726771
CHRNG,221355_at,1,0.27419466
CHP2,206149_at,1,0.063576385
CHPF,202175_at,1,0.3153168
CHRAC1,231764_at,1,0.52581084
CHRDL1,209763_at,1,0.2272405
TMUB1,223153_x_at,1,0.4015031
TMUB2,218419_s_at,1,0.5114509
TMX2,201175_at,1,0.61857605
TMX2-CTNND1,211240_x_at,1,0.35724753
TMPO-AS1,227578_at,1,0.31729946
TMPRSS11B,1560712_at,1,0.14045918
TMPRSS11D,207602_at,1,0.22052063
TMPRSS11E,220431_at,1,0.14435771
CHRDL2,223987_at,1,0.118695706
CHRM1,231783_at,1,0.12647536
CHRM2,221330_at,1,0.10463386
CHRM3-AS2,1557733_a_at,1,0.18405652
CHRM4,221357_at,1,0.13289848
CHRM5,221347_at,1,0.16480188
CHMP1A,201933_at,1,0.50974816
CHMP2A,202121_s_at,1,0.6467179
TNFAIP8L2,223583_at,1,0.37741944
TNFAIP8L3,234279_at,1,0.102364734
TNFRSF10A-DT,244886_at,1,0.18042243
TMSB15B-AS1,1564691_at,1,0.16450982
TMSB4X,216438_s_at,1,0.9028255
TMSB4Y,206769_at,1,0.36660153
TMT1B,227055_at,1,0.25856513
CHRNB1,206703_at,1,0.24373008
TNFRSF14,209354_at,1,0.5599952
CHMP4C,226803_at,1,0.14563759
CHMP6,218743_at,1,0.3664955
CHMP7,212313_at,1,0.4848257
CHN1,212624_s_at,1,0.15703665
CHODL,219867_at,1,0.1495403
CHGB,204260_at,1,0.17535163
CHI3L2,213060_s_at,1,0.31621662
CHIA,220630_s_at,1,0.16161284
CHIAP2,1570015_at,1,0.10159439
CHIC2,219492_at,1,0.5678859
TNFRSF17,206641_at,1,0.2111331
TNFRSF1A,207643_s_at,1,0.49721417
TNFRSF1B,203508_at,1,0.56327534
TNFRSF6B,206467_x_at,1,0.33624074
TMX4-AS1,1562693_at,1,0.11378536
TNNI1,205177_at,1,0.04464924
TNNI2,206393_at,1,0.21453907
TNNI3,205742_at,1,0.23547447
TNNT1,213201_s_at,1,0.12904231
TNFRSF8,206729_at,1,0.27031335
TNFSF12,205611_at,1,0.21625169
CHID1,223061_at,1,0.46322894
CHIT1,208168_s_at,1,0.22834875
CHKB,204193_at,1,0.6174068
CHKB-DT,238557_at,1,0.21370174
CHL1-AS1,1562121_at,1,0.06538761
TNFSF18,221371_at,1,0.12422671
TNFSF4,207426_s_at,1,0.34317586
TNFSF9,206907_at,1,0.33038485
TNFRSF12A,218368_s_at,1,0.24730161
TNFRSF13B,207641_at,1,0.34538677
TNIP3,220655_at,1,0.092452966
TNK2-AS1,1565784_at,1,0.1586191
TNKS1BP1,224792_at,1,0.16593476
CHD8,212571_at,1,0.47093055
CHD9NB,222271_at,1,0.18534139
CHEK2,210416_s_at,1,0.32801735
CHGA,204697_s_at,1,0.22062999
CHADL,1557123_a_at,1,0.30768564
CHAF1B,204775_at,1,0.35024205
CHAMP1,226194_at,1,0.5221989
CHAT,221197_s_at,1,0.18925934
CHCHD1,226896_at,1,0.59691095
TNMD,220065_at,1,0.04377692
TNN,215271_at,1,0.20178336
TNNC1,209904_at,1,0.031329468
TNNC2,205388_at,1,0.17438874
TOE1,204080_at,1,0.50323606
TOGARAM1,213304_at,1,0.4292692
TOGARAM2,236717_at,1,0.2931207
TOLLIP-DT,1555865_at,1,0.2641145
TOM1,202807_s_at,1,0.3907207
TNP1,206568_at,1,0.21840149
CHCHD10,224932_at,1,0.56010634
CHCHD2,217720_at,1,0.82912457
CHCHD4,229595_at,1,0.40733135
CHCHD6,224462_s_at,1,0.34513965
CHCT1,1555985_at,1,0.15980475
CFLAR-AS1,1556924_at,1,0.20150018
CFP,206380_s_at,1,0.50462216
CGB3,205387_s_at,1,0.12204838
TNS2,212494_at,1,0.28085986
TNS2-AS1,243285_at,1,0.14247943
TOB1-AS1,241405_at,1,0.20080599
CFHR1,215388_s_at,1,0.22973283
CFHR2,206910_x_at,1,0.2031199
CFHR4,207874_s_at,1,0.085842565
CFHR5,208088_s_at,1,0.052343287
CGREF1,205937_at,1,0.112058796
CGRRF1,204605_at,1,0.4871509
CH25H,206932_at,1,0.20585756
CH507-9B2.8,234025_at,1,0.13864106
CHAC1,219270_at,1,0.19584323
CHAC2,235117_at,1,0.32756966
CHAD,206869_at,1,0.08058313
CFAP99,1569172_a_at,1,0.22644375
CFC1B,228878_s_at,1,0.13463233
CFD,205382_s_at,1,0.5391069
CFH,213800_at,1,0.15585764
TOX2,228737_at,1,0.32307392
TOMM34,201870_at,1,0.46465978
TOMM40,202264_s_at,1,0.48612964
TOMM40L,226059_at,1,0.37458196
TOMM6,223516_s_at,1,0.7130863
TOMM7,201812_s_at,1,0.8137903
CFAP90,239722_at,1,0.10528493
CFAP95-DT,236071_at,1,0.21214432
CFAP97D1,231453_at,1,0.10123658
CFAP276,231044_at,1,0.10932321
CFAP299,231565_at,1,0.05569727
CFAP36,224968_at,1,0.42934752
CFAP418,244569_at,1,0.302165
TONSL-AS1,240617_at,1,0.24150792
TOP2B,211987_at,1,0.7361988
TOB1,202704_at,1,0.6779711
CFAP20DC,239697_x_at,1,0.114358224
CFAP210,236909_at,1,0.09284808
CERK,218421_at,1,0.5610893
CERNA1,215229_at,1,0.13778876
CERS2,222212_s_at,1,0.6336566
CERS4,218922_s_at,1,0.20215467
CFAP45,220308_at,1,0.24550515
CFAP54,1560426_at,1,0.13014935
CFAP57,1553425_at,1,0.15041904
CETN2,209194_at,1,0.54066736
CETN3,209662_at,1,0.49435613
CETP,206210_s_at,1,0.15077502
CFAP107,231549_at,1,0.12201617
CFAP119,231300_at,1,0.38754222
TOR1B,209593_s_at,1,0.50375265
TOX-DT,235171_at,1,0.41159996
CEP192,218827_s_at,1,0.4505707
CES1,209616_s_at,1,0.30585855
CES1P1,206824_at,1,0.117469795
CES4A,228903_at,1,0.1616269
CES5A,1553465_a_at,1,0.09738978
CETN1,207209_at,1,0.13317919
CEP72-DT,220837_at,1,0.0439898
TP53INP2,224836_at,1,0.5177681
TP53TG3,220167_s_at,1,0.28604668
TP53TG3HP,237730_at,1,0.20770906
TOPBP1,202633_at,1,0.6052892
TOPORS,204071_s_at,1,0.50892454
CFAP126,231077_at,1,0.1034282
CFAP161,1552950_at,1,0.08527352
CFAP20,217957_at,1,0.6609921
CFAP206,230273_at,1,0.14016974
CEP131,214742_at,1,0.31487814
CEP170B,213242_x_at,1,0.29544696
CENPE,205046_at,1,0.34771413
CENPH,231772_x_at,1,0.47564307
CENPK,222848_at,1,0.4688443
CEP55,218542_at,1,0.3115714
CENPVL2,236756_at,1,0.15700632
CENPW,226936_at,1,0.53336525
CENPX,209478_at,1,0.55479205
TPH2,1555332_at,1,0.08158807
TP53BP2,203120_at,1,0.5680846
TP53I13,225605_at,1,0.45967764
TP53I3,210609_s_at,1,0.40721515
CEP83-DT,237021_at,1,0.14300539
CER1,221378_at,1,0.1606223
CEP170P1,1552717_s_at,1,0.1989669
TPM3P4,234620_at,1,0.11811617
TPO,210342_s_at,1,0.09384111
CENPM,218741_at,1,0.4739296
CENPP,242207_at,1,0.34619406
CENPQ,219294_at,1,0.2831612
CENPS,213454_at,1,0.38376743
CELF6,227775_at,1,0.3798222
CELP,207412_x_at,1,0.10478879
TPPP3,218876_at,1,0.1319184
TPRA1,218855_at,1,0.38289732
TPRG1,229764_at,1,0.13033019
TPRG1L,224871_at,1,0.5520568
TPRKB,219030_at,1,0.66586787
TPRN,225891_at,1,0.3247919
TPBGL,237393_at,1,0.19412294
TPD52L2,201379_s_at,1,0.5835397
CEACAM19,230504_at,1,0.26909924
CEACAM4,207205_at,1,0.37989023
CEMIP2,218113_at,1,0.3716766
CEMP1,222009_at,1,0.13309516
CENATAC,227208_at,1,0.5984181
CEND1,219591_at,1,0.20024438
CENPB,212437_at,1,0.4281629
CENPC,204739_at,1,0.50635105
CEBPZ,203341_at,1,0.59000456
CECR3,1564352_at,1,0.16519599
CECR7,243048_at,1,0.14849474
TPT1P8,208588_at,1,0.2842416
TPTE,220205_at,1,0.11759448
TPTE2P1,1562583_s_at,1,0.1801071
TPTE2P2,1556876_s_at,1,0.13793202
TPTE2P6,233675_s_at,1,0.09902731
CEBPB,212501_at,1,0.7499554
CEBPE,214523_at,1,0.36212957
CDR2,209501_at,1,0.51659244
CDR2-DT,1569823_at,1,0.08375265
CDR2L,213230_at,1,0.102198415
CDRT15,240760_at,1,0.19196282
CDRT15L2,240889_at,1,0.095931716
TRAF2,204413_at,1,0.2873286
TPRXL,239061_at,1,0.09623406
TPSB2,207134_x_at,1,0.3126281
TPSD1,214568_at,1,0.11416305
TPSG1,220339_s_at,1,0.12256956
TPST1,204140_at,1,0.26464674
CELA2B,207077_at,1,0.1727726
CELA3B,206151_x_at,1,0.14212371
CELF2-AS1,1560255_at,1,0.18862353
TRARG1,239523_at,1,0.124144316
TRAIP,205598_at,1,0.22706982
TRAJ41,224343_x_at,1,0.08184977
CDX1,206430_at,1,0.14743978
CDX4,221340_at,1,0.09795909
CDKN1B,209112_at,1,0.721091
CDKN2A-AS1,220505_at,1,0.15724455
CDKN2AIP,218929_at,1,0.5786231
TRAM1L1,244334_at,1,0.18718392
TRAM2-AS1,227298_at,1,0.36025262
TRANK1,213261_at,1,0.3884267
TRAPPC1,225294_s_at,1,0.63764703
TPX2,210052_s_at,1,0.43366715
CEACAM8,206676_at,1,0.4635058
CEBPA,204039_at,1,0.47407904
CEBPA-DT,220465_at,1,0.38521677
TRAV30,234388_at,1,0.23245518
TRAPPC14,220659_s_at,1,0.41075116
TRAPPC2B,209751_s_at,1,0.5345233
CDKN2B-AS1,1559884_at,1,0.057600223
CDNF,1568696_at,1,0.13676713
CDPF1,227590_at,1,0.3616384
CDR1,207276_at,1,0.06860085
CDK5,204247_s_at,1,0.39055043
CDK5R2,205852_at,1,0.15894556
CDK5RAP1,218315_s_at,1,0.51968694
CDK5RAP3,218740_s_at,1,0.6686052
TRAPPC3L,232368_at,1,0.15888926
TRAPPC5,225870_s_at,1,0.64617586
TRAPPC6A,204985_s_at,1,0.5129337
TRAPPC6B,225537_at,1,0.43402794
TRAPPC8,207305_s_at,1,0.6557274
TRAT1,217147_s_at,1,0.33473408
TRAV10,217397_at,1,0.2623996
TRAV12-1,234013_at,1,0.17480648
TRAV12-3,234849_at,1,0.056726333
TRAV13-1,217394_at,1,0.20494585
TRAV13-2,215796_at,1,0.15303393
CDK7,211297_s_at,1,0.50994277
CDKN1A,202284_s_at,1,0.6027813
TRAV16,215769_at,1,0.21395206
TRAV20,234860_at,1,0.09449314
TRAV21,216133_at,1,0.21326725
TRAV22,234852_at,1,0.12962015
TRAV23DV6,224533_s_at,1,0.12182936
TRAV24,234398_at,1,0.08305375
TRAV25,234396_at,1,0.09695559
TRAV26-2,234819_at,1,0.15676475
TREML5P,1567624_at,1,0.11010502
TRAV34,234399_at,1,0.14193851
TRAV36DV7,217056_at,1,0.110746704
TRAV39,234867_at,1,0.12335167
TRAV40,234401_at,1,0.2368623
TRAV5,234402_at,1,0.1152626
TRAV8-1,234842_at,1,0.115759775
TRAV8-6,217170_at,1,0.10462651
TRAV9-2,217412_at,1,0.16216944
TRBV10-2,211608_at,1,0.095967196
TRBV16,217060_at,1,0.15784742
TRBV21-1,216857_at,1,0.14619419
TRBV24-1,234886_at,1,0.17087251
TRBV25-1,234865_at,1,0.076094694
TRBV27,241133_at,1,0.32951948
TRBV7-3,234883_x_at,1,0.2578357
TRIAP1,218403_at,1,0.6314874
TRBV7-8,234377_at,1,0.18669344
TRDC,217143_s_at,1,0.3976447
TRDN-AS1,1560164_at,1,0.07220406
CDK18,214797_s_at,1,0.27368963
CDK20,205271_s_at,1,0.21251681
CDK2AP1,201938_at,1,0.719497
CDK2AP2,203252_at,1,0.5223503
CDK4,202246_s_at,1,0.5991022
CDH5,204677_at,1,0.106069654
CDH9,207729_at,1,0.10954935
TREH,207378_at,1,0.047422696
TREM1,219434_at,1,0.4678112
TREM2,219725_at,1,0.14765717
TREML1,1555659_a_at,1,0.23351663
TREML2,219748_at,1,0.21641439
CDH18,206280_at,1,0.12396255
CDH20,210913_at,1,0.07981521
CDH3,203256_at,1,0.052086983
CDC45,204126_s_at,1,0.36378825
CDC7,204510_at,1,0.44282556
CDHR2,220186_s_at,1,0.2546132
CDIPT,201253_s_at,1,0.7179159
CDIPTOSP,240537_s_at,1,0.10997912
CDH10,220115_s_at,1,0.28853792
CDH12,207149_at,1,0.070061155
CDH13,204726_at,1,0.08646431
CDH16,206517_at,1,0.09105666
CDH17,209847_at,1,0.07419277
TRH,206622_at,1,0.27712485
TRHDE,219937_at,1,0.08662153
TRHR,211438_at,1,0.09328417
CDA,205627_at,1,0.4146682
CDC123,201725_at,1,0.649244
CDCA4,218399_s_at,1,0.5314014
CDCA5,224753_at,1,0.43726128
CDCA7L,225081_s_at,1,0.6655004
CDCA8,221520_s_at,1,0.3872173
CDC37,209953_s_at,1,0.5504799
CDC37P1,217314_at,1,0.088809565
TRIM17,220279_at,1,0.08398273
TRIM21,204804_at,1,0.44128972
TRIM22,213293_s_at,1,0.7433942
TRIM26,202702_at,1,0.51247954
TREX2,211788_s_at,1,0.04015572
TRG-AS1,239237_at,1,0.38232026
TRGV7,215345_x_at,1,0.0940233
TRGV9,209813_x_at,1,0.539297
CDC14C,1553320_s_at,1,0.064176455
CDC20,202870_s_at,1,0.4328153
CDC25B,201853_s_at,1,0.55841213
CDC26,225422_at,1,0.5981911
CD81,200675_at,1,0.73547006
CD81-AS1,1561726_s_at,1,0.2200335
CD83,204440_at,1,0.6566531
TRIM35,227102_at,1,0.37236577
TRIM39,222732_at,1,0.43775284
TRIM40,1553079_at,1,0.1232826
TRIM41,226445_s_at,1,0.49823186
TRIM16,204341_at,1,0.32673195
CDC42-IT1,1556931_at,1,0.31204876
CDC42EP1,204693_at,1,0.16217025
CDC42EP5,227850_x_at,1,0.18938616
CD99P1,232172_at,1,0.4327118
CD63,200663_at,1,0.76105034
CD63-AS1,235487_at,1,0.22671038
CD68,203507_at,1,0.33587784
CD69,209795_at,1,0.7476592
CD70,206508_at,1,0.33257958
CD72,215925_s_at,1,0.4042054
CD320,218529_at,1,0.38405234
CD33,206120_at,1,0.36937964
CD34,209543_s_at,1,0.3840994
CD38,205692_s_at,1,0.43359452
CD3D,213539_at,1,0.5561759
TRIM51,223975_at,1,0.13240626
TRIM54,233669_s_at,1,0.08579696
TRIM28,200990_at,1,0.6873512
CD8A,205758_at,1,0.4434724
CD5L,206680_at,1,0.19845487
TRIM63,236972_at,1,0.10555241
TRIM64EP,1561997_at,1,0.090479195
CD3E,205456_at,1,0.38683552
CD3G,206804_at,1,0.3061347
CD40LG,207892_at,1,0.23239286
CD247,210031_at,1,0.45708096
CD248,219025_at,1,0.32718077
CD27,206150_at,1,0.47031644
TRIM67-AS1,1552942_at,1,0.35179758
TRIM68,219405_at,1,0.41672745
TRIM71,231310_at,1,0.2540989
TRIM72,1554803_s_at,1,0.1859312
TRIM73,1554250_s_at,1,0.5621559
TRIM47,225868_at,1,0.20425396
TRIM48,220534_at,1,0.22582106
TRIM49,221154_at,1,0.13724294
TRIP10,202734_at,1,0.25679353
CD2BP2-DT,238031_at,1,0.09188963
CD300C,207270_x_at,1,0.2514683
CD300LD-AS1,1553298_at,1,0.1573103
CD300LF,1553043_a_at,1,0.4733323
CD302,203799_at,1,0.5679752
CD180,206206_at,1,0.32905874
CD19,206398_s_at,1,0.5418074
CD1A,210325_at,1,0.21747006
CD1B,206749_at,1,0.15779522
CD1C,205987_at,1,0.3312057
CD1D,205789_at,1,0.3994026
TRIP13,204033_at,1,0.35674256
TRIP4,203732_at,1,0.50194955
TRIT1,218617_at,1,0.47466633
TRIM6,223599_at,1,0.27312508
TRMT10C,223267_at,1,0.5495008
TRMT11,218877_s_at,1,0.5297455
TRMT112,217774_s_at,1,0.7564046
TRMT12,219299_at,1,0.4562859
CD2,205831_at,1,0.44107464
CD207,220428_at,1,0.114617825
CD226,207315_at,1,0.18037364
CCT6B,206587_at,1,0.37275213
CCT6P3,227301_at,1,0.47350875
CCT7,200812_at,1,0.6418946
CCT8L2,220508_at,1,0.12384428
CCZ1B,215024_at,1,0.3580082
TRMT2A,218475_at,1,0.34155825
TRMT61B,221229_s_at,1,0.52724487
TRIML1,1557677_a_at,1,0.056605782
TRIML2,1552580_at,1,0.20772853
CCNT2-AS1,236387_at,1,0.13355462
CD14,201743_at,1,0.44022432
CD151,204306_s_at,1,0.32036403
CD160,207840_at,1,0.3093623
CD163L1,223655_at,1,0.2204412
CD177,219669_at,1,0.35179424
CCR4,208376_at,1,0.10976552
CCR5,206991_s_at,1,0.29245532
CCR6,206983_at,1,0.21363233
CCR8,208059_at,1,0.10269061
CCR9,207445_s_at,1,0.19894642
CCRL2,211434_s_at,1,0.32309783
TRPC2,215288_at,1,0.20689677
TRPC4AP,212059_s_at,1,0.48112682
TRPC5,220552_at,1,0.11402535
TRPC5OS,231138_at,1,0.10031262
CCL8,214038_at,1,0.15181498
CCM2,223164_at,1,0.5374422
CCN2,209101_at,1,0.26115915
CCNYL2,1569878_at,1,0.108062334
CCR10,220565_at,1,0.25787476
CCR3,208304_at,1,0.13081749
CCNDBP1,223084_s_at,1,0.6909124
TRPT1,223436_s_at,1,0.44967288
TRPV1,219632_s_at,1,0.2553865
TRPV4,219516_at,1,0.15697388
TRMU,213634_s_at,1,0.35818085
CCS,203522_at,1,0.4874873
CCT3,200910_at,1,0.68592036
CCNO,210021_s_at,1,0.1075696
CCNP,220323_at,1,0.3472848
CCNQ,226466_s_at,1,0.47899914
CCL22,207861_at,1,0.06467274
TSHB,214529_at,1,0.18001424
TSIX,231592_at,1,0.27978995
TSKU,218245_at,1,0.21196482
TSKU-AS1,1557147_a_at,1,0.107480295
TSACC,230608_at,1,0.20213461
TSBP1,207523_at,1,0.088792376
TSC1,209390_at,1,0.5343497
TRPM2,205708_s_at,1,0.40831345
TRPM2-AS,1564242_at,1,0.15734455
TRPM4,219360_s_at,1,0.14096782
TRPM5,223935_at,1,0.10355168
CCNG1,208796_s_at,1,0.71827096
CCNH,204093_at,1,0.6272931
CCNJL,219227_at,1,0.19069035
CCL7,208075_s_at,1,0.16923158
TSPAN13,217979_at,1,0.6044401
TSPAN15,218693_at,1,0.16744292
TSEN34,218132_s_at,1,0.56854963
TSG101,201758_at,1,0.6634895
TSGA10IP,1553483_at,1,0.17062555
TSGA13,1553641_a_at,1,0.16260643
CCN5,205792_at,1,0.081090234
CCN6,210861_s_at,1,0.10253763
CCNA1,205899_at,1,0.32930702
CCNB1IP1,217988_at,1,0.6569471
CCNB3,231481_at,1,0.19237292
CCL17,207900_at,1,0.19389518
CCL19,210072_at,1,0.181704
CCL2,216598_s_at,1,0.14557365
CCL20,205476_at,1,0.07657228
CCL21,204606_at,1,0.19661896
TSLP,235737_at,1,0.11072819
TSNAX,203983_at,1,0.59682256
TSNAXIP1,222220_s_at,1,0.2721055
TSPAN1,209114_at,1,0.13842541
CCL24,221463_at,1,0.14698535
CCL25,206988_at,1,0.15359929
CCL26,223710_at,1,0.08473648
CCL27,207955_at,1,0.1543156
CCL3,205114_s_at,1,0.5595374
CCL4,204103_at,1,0.4734561
CCDC96,238682_at,1,0.23891851
CCDC9B,227272_at,1,0.24045362
CCEPR,228679_at,1,0.16860574
CCER1,236968_at,1,0.06688421
CCIN,210642_at,1,0.108939216
TSPAN11,227610_at,1,0.121006116
TSSK4,242595_at,1,0.14498113
TSPAN33,225775_at,1,0.49784163
CCK,205827_at,1,0.08519226
CCL1,207533_at,1,0.07939192
CCL11,210133_at,1,0.1269041
CCL14,205392_s_at,1,0.19051613
CCL15,210390_s_at,1,0.123144776
CCL16,207354_at,1,0.14626744
CCDC83,237160_at,1,0.07638806
CCDC86,203119_at,1,0.45019194
CCDC87,219887_at,1,0.10040982
TSPAN7,202242_at,1,0.3282316
TSPAN8,203824_at,1,0.13365608
TSPO,202096_s_at,1,0.69873506
TSPO2,215449_at,1,0.2373087
TSPOAP1,205839_s_at,1,0.46493208
TSPYL2,218012_at,1,0.5551294
TSPYL4,212928_at,1,0.62541753
TSPYL5,213122_at,1,0.2969823
TSPYL6,231339_at,1,0.09728243
CCDC88B,223663_at,1,0.47841474
CCDC89,1553228_at,1,0.09867478
CCDC9,206257_at,1,0.40957683
CCDC92,218175_at,1,0.529559
CCDC63,244833_at,1,0.08796118
CCDC68,220180_at,1,0.16218187
CCDC70,221167_s_at,1,0.1647899
TSR2,213079_at,1,0.4701413
TSSC4,218612_s_at,1,0.47173202
TSSK1B,211694_at,1,0.05754016
TSSK2,214371_at,1,0.13304028
TSSK3,1552395_at,1,0.23662294
TTC1,201434_at,1,0.49267176
CCDC71,219893_at,1,0.27416715
CCDC74A,227966_s_at,1,0.155445
CCDC74B,231657_s_at,1,0.14133511
CCDC77,224521_s_at,1,0.31404456
CCDC78,236745_at,1,0.26954892
CCDC81,220389_at,1,0.22131188
CCDC38,1557620_a_at,1,0.18290451
CCDC39,233326_at,1,0.110312246
CCDC42,230881_at,1,0.15301722
CCDC43,225607_at,1,0.5180547
TTC13,219481_at,1,0.47566506
TTC16,236833_at,1,0.16035172
TTC19,217964_at,1,0.60568464
TTC21B,220064_at,1,0.18783982
TSPY26P,233617_at,1,0.0880899
TTK,204822_at,1,0.4048303
TTC29,223962_at,1,0.08947642
TTC31,218838_s_at,1,0.5009418
CCDC51,218722_s_at,1,0.39837018
CCDC54,244735_at,1,0.07205067
CCDC60,1554117_at,1,0.18572967
CCDC62,231567_s_at,1,0.31268257
CCDC191,228476_at,1,0.3283147
CCDC196,237205_at,1,0.049533915
CCDC24,228994_at,1,0.18533066
TTC32,226838_at,1,0.57834685
TTC34,1565728_at,1,0.16813833
TTC36,237350_at,1,0.14556505
TST,209605_at,1,0.44779906
TSTD1,226482_s_at,1,0.66179806
TSTD2,1555430_at,1,0.10903615
CCDC184,229626_at,1,0.10655943
CCDC185,1552391_at,1,0.15290295
CCDC190,1554960_at,1,0.07428534
CCDC153,240293_at,1,0.18996508
CCDC154,244409_at,1,0.0546219
CCDC26,1553849_at,1,0.23731706
CCDC27,1552948_at,1,0.14438218
CCDC28A,209479_at,1,0.61424434
CCDC28A-AS1,1558651_at,1,0.13115308
CCDC3,223316_at,1,0.11096796
CCDC170,220581_at,1,0.13019657
CCDC172,1555443_at,1,0.1420021
CCDC177,220887_at,1,0.14695135
CCDC178,1558820_a_at,1,0.17107795
TTI1,212898_at,1,0.5000229
TTI2,219124_at,1,0.38409346
CCDC159,227043_at,1,0.22491968
CCDC160,1563022_at,1,0.080111496
CCDC162P,1553446_at,1,0.12766825
CCDC167,225723_at,1,0.47208104
CCDC17,236320_at,1,0.25985864
CCDC13-AS2,1563053_at,1,0.12524396
CCDC137,225933_at,1,0.45035282
CCDC140,1553485_at,1,0.1444943
TTLL6,230924_at,1,0.06963925
TTLL7-IT1,1561682_at,1,0.23186024
TTC7B,226152_at,1,0.38111582
TTC7B-AS1,1568722_at,1,0.12325087
TTC8,226120_at,1,0.34687874
CCDC18-AS1,227074_at,1,0.546816
CCDC182,236942_at,1,0.25424358
CCDC183,236518_at,1,0.32980376
TUBAL3,220310_at,1,0.14283963
TTPA,210614_at,1,0.094411395
TTR,209660_at,1,0.14469191
TTTY1,216673_at,1,0.21164374
TTTY10,224293_at,1,0.0976758
TTTY11,224174_at,1,0.1324153
TTTY12,224195_at,1,0.14547673
TTTY13,224292_at,1,0.10735783
TTTY15,214983_at,1,0.29005638
TTTY2,217261_at,1,0.12342056
TTTY4,234913_at,1,0.12346616
TTTY5,224040_at,1,0.23033735
TTTY6,224041_at,1,0.08409534
TTLL1,205652_s_at,1,0.30437946
TTLL1-AS1,1570085_at,1,0.14337428
TTLL2,223998_at,1,0.14209387
CCDC144A,216045_at,1,0.11279507
CCDC144BP,1561477_at,1,0.10022695
CCDC146,227091_at,1,0.33914202
CCDC148-AS1,1555224_at,1,0.052431695
CCDC110,230900_at,1,0.063629314
CCDC112,235208_at,1,0.3326674
CCDC113,222890_at,1,0.15121561
CCDC115,224946_s_at,1,0.58561605
CCDC116,1555792_a_at,1,0.11639846
CCDC12,226011_at,1,0.64310974
TUBA3C,210527_x_at,1,0.56960446
TUBA3D,216323_x_at,1,0.5517054
TUBA3FP,1552698_at,1,0.21478577
TUBA4A,212242_at,1,0.6754214
TUBA4B,207490_at,1,0.32896242
TUBA8,220069_at,1,0.154974
TUSC8,1569436_at,1,0.123501055
TUT1,218965_s_at,1,0.30703384
TUBB2B,214023_x_at,1,0.16893706
TUBB4A,212664_at,1,0.18200271
TUBB6,209191_at,1,0.5103157
CCDC121,220321_s_at,1,0.18881243
CCDC13-AS1,1557652_a_at,1,0.142576
CBX8,219755_at,1,0.14784123
CBY3,241712_at,1,0.13174017
TUBB7P,211915_s_at,1,0.09254747
TUBBP5,222361_at,1,0.15583405
TUBG1,201714_at,1,0.5074834
TUBG2,203894_at,1,0.29290104
TTTY9A,211460_at,1,0.22532274
TTYH1,219415_at,1,0.06895397
TTYH3,224674_at,1,0.41368577
CBX1,201518_at,1,0.5679804
CBX3P2,1557488_at,1,0.20393957
CBX7,212914_at,1,0.46038848
CAVIN3,213010_at,1,0.19495049
CAVIN4,241749_at,1,0.11350176
CBFA2T3,208056_s_at,1,0.55133504
CCDC102A,232051_at,1,0.18258321
CCDC103,228300_at,1,0.21358137
CCDC106,207006_s_at,1,0.22832294
CCDC107,229063_s_at,1,0.40938056
CBLN2,242301_at,1,0.15624009
CBLN3,235221_at,1,0.24922763
CBR1,209213_at,1,0.29845375
CBR3,205379_at,1,0.2558919
TUNAR,232111_at,1,0.14446154
TUSC1,227388_at,1,0.3509884
TWF2,202009_at,1,0.47097057
CBLIF,207033_at,1,0.12382851
CBLL1-AS1,228753_at,1,0.24523029
CBLL2,1552967_at,1,0.22213554
CBLN1,205747_at,1,0.12922679
CASTOR2,225906_at,1,0.37712228
CATIP-AS1,1560625_s_at,1,0.3630963
CATSPER1,1552335_at,1,0.24462952
TWF2-DT,1559220_at,1,0.28697178
TWIST1,213943_at,1,0.18872426
TWNK,218590_at,1,0.34457362
TXK,206828_at,1,0.2901496
TXLNB,227834_at,1,0.1959532
TUFT1,205807_s_at,1,0.3249103
TULP1,206705_at,1,0.21085419
TULP2,206733_at,1,0.19059843
CASC17,1557875_at,1,0.26064298
CASC18,233190_at,1,0.13951835
CASC22,1556954_at,1,0.11541751
CASC23,1557330_at,1,0.1826629
CASC3,207842_s_at,1,0.6095699
CATSPER3,230981_at,1,0.29580316
CATSPERD,237020_at,1,0.0615232
CAV3,208204_s_at,1,0.15178125
CASP16P,234231_at,1,0.15041418
CASP3,202763_at,1,0.5691198
CASP5,207500_at,1,0.31304178
TXNDC5,221253_s_at,1,0.70666623
TXNDC8,1564386_at,1,0.26554465
TVP23A,1563638_at,1,0.15813376
TVP23B,218446_s_at,1,0.5263983
TVP23C,1552377_s_at,1,0.32066494
TYK2,205546_s_at,1,0.61719966
TYMSOS,228989_at,1,0.2641642
CASC6,1561476_at,1,0.074173376
CASP12,1564736_a_at,1,0.16985077
CASP14,231722_at,1,0.16198072
CARM1,212512_s_at,1,0.51790786
CARMIL3,229561_at,1,0.27618906
TYROBP,204122_at,1,0.69331914
TYRP1,205694_at,1,0.09991213
TYW1,218347_at,1,0.48965785
TYW3,227141_at,1,0.50585735
TXNDC11,223325_at,1,0.554221
CASP7,207181_s_at,1,0.5010583
CASQ1,219645_at,1,0.14751147
CASQ2,207317_s_at,1,0.10927457
CASC16,238211_at,1,0.14377953
CARD11-AS1,1568730_at,1,0.10625741
CARD18,231733_at,1,0.10676851
CARD6,224414_s_at,1,0.3509268
CARD9,220162_s_at,1,0.33490056
CAPN14,1557321_a_at,1,0.19215295
CARNMT1-AS1,1557885_at,1,0.113726
CARNS1,228984_at,1,0.35848996
CARS1-AS1,1562436_at,1,0.05815941
CARTPT,206339_at,1,0.23757961
CASC11,1561232_at,1,0.13750939
CAPSL-DT,231284_at,1,0.16670702
CAPZA3,236888_at,1,0.09580477
UBA3,209115_at,1,0.6659097
UBA52,221700_s_at,1,0.84853363
UBAC1,202151_s_at,1,0.5423971
UBAC2,224298_s_at,1,0.46926722
CAPN10-DT,232571_at,1,0.20668514
CAPN11,207962_at,1,0.15233384
CAPN12,228705_at,1,0.33003125
CAPN8,229030_at,1,0.21697414
CAPNS1,200001_at,1,0.720076
CAPNS2,223832_s_at,1,0.21717228
CAPSL,236085_at,1,0.1660996
CAMTA2,212948_at,1,0.45472685
CAND1.11,237915_at,1,0.062653154
UBASH3A,220418_at,1,0.23214893
UBB,200633_at,1,0.88508403
UBD,205890_s_at,1,0.07656288
UBE2C,202954_at,1,0.5343821
U2AF1L4,226700_at,1,0.41293436
UAP1,209340_at,1,0.54084146
UAP1L1,214755_at,1,0.3566335
UBE2E2,225651_at,1,0.47902513
CALML6,1552402_at,1,0.15335546
CALR3,1552421_a_at,1,0.075163364
CAGE1,1563787_a_at,1,0.073444024
CAHM,235829_at,1,0.3146341
CALB2,205428_s_at,1,0.2604523
CALCB,214636_at,1,0.21982671
CALCOCO1,209002_s_at,1,0.47191083
UBE2E2-DT,239880_at,1,0.1096391
UBE2E3,210024_s_at,1,0.659724
CAMKV,219365_s_at,1,0.22447282
CAMLG,203538_at,1,0.63049024
CAMP,210244_at,1,0.4865284
CALM3,200623_s_at,1,0.5792672
CALML5,220414_at,1,0.116592206
CAPG,201850_at,1,0.60922956
CADM2-AS1,1568871_at,1,0.07900259
CADPS2,219572_at,1,0.16098817
CACNA1S,217515_s_at,1,0.15942545
CACNA2D2,204811_s_at,1,0.27030373
CACNA2D3,219714_s_at,1,0.20586999
CALHM1,1554367_at,1,0.3005521
CALHM3,1554711_at,1,0.11174003
CALHM4,1553388_at,1,0.09252076
CACNG7,224137_at,1,0.19575527
UBE2Q2,224747_at,1,0.63766617
UBE2Q2P13,243957_at,1,0.3792308
UBE2T,223229_at,1,0.4504714
UBE2V1,201001_s_at,1,0.58703977
UBE2D3-AS1,230171_at,1,0.20781042
UBE2DNL,1554763_at,1,0.10907562
UBE2E1,212519_at,1,0.7804056
CA5A,207421_at,1,0.12070023
CA7,207504_at,1,0.12446547
CACNG1,206612_at,1,0.13172798
CACNG3,206384_at,1,0.0873154
CABP2,207745_at,1,0.14423104
CABP5,221160_s_at,1,0.11034066
CABS1,231612_at,1,0.041164227
UBE4A,202038_at,1,0.6330753
UBL4A,221746_at,1,0.43806186
UBL4B,1558584_at,1,0.098328434
UBL5,218011_at,1,0.7129689
UBL7,225063_at,1,0.52084476
UBE2L6,201649_at,1,0.6368811
UBE2M,203109_at,1,0.5454995
UBE2NL,217393_x_at,1,0.5058974
CADM1-AS1,240628_at,1,0.06862449
UBXN7-AS1,242507_at,1,0.31067562
UBXN8,215983_s_at,1,0.40759197
UCA1,227919_at,1,0.3134515
UBP1,218082_s_at,1,0.65981394
CA9,205199_at,1,0.27129638
CABCOCO1,1553630_at,1,0.058722164
CABLES2,226004_at,1,0.40954193
C9orf163,1553642_at,1,0.23043813
C9orf43,1554280_a_at,1,0.29019874
C9orf50,230335_at,1,0.15060137
C9orf57,240316_at,1,0.12798479
C9orf78,218116_at,1,0.5576382
UBQLN3,220422_at,1,0.116995394
UBQLNL,236965_at,1,0.23455222
CACNA1F,208377_s_at,1,0.09573721
CACNA1G-AS1,1559061_at,1,0.23422089
UCP1,221384_at,1,0.05604365
UFC1,217797_at,1,0.75896925
UFD1,209103_s_at,1,0.6663691
UBR5-DT,1555888_at,1,0.49035564
UBR7,218108_at,1,0.5457737
UBTD1,219172_at,1,0.34452015
CA11,209726_at,1,0.3698267
CA14,219464_at,1,0.16661191
CA2,209301_at,1,0.5651064
CA3,204865_at,1,0.22700138
C8A,206305_s_at,1,0.1079936
C8B,206979_at,1,0.14633404
C8G,210324_at,1,0.10250873
C8orf17,208266_at,1,0.17132667
C8orf34-AS1,1556421_at,1,0.114058524
UBXN11,227716_at,1,0.39681512
C7orf57,1557636_a_at,1,0.068438396
C5,205500_at,1,0.35330683
C5AR1,220088_at,1,0.5095875
C5AR2,221149_at,1,0.16251372
C5orf34,229886_at,1,0.33241785
C8orf48,236634_at,1,0.11655794
C8orf76,225702_at,1,0.4642043
C8orf82,226710_at,1,0.4542453
C9,206727_at,1,0.08610636
C9orf152,229964_at,1,0.18504865
C6orf15,221100_at,1,0.13785844
C6orf226,228458_at,1,0.44901368
C6orf47,204968_at,1,0.3654135
UCN,206072_at,1,0.23714964
UCN2,232674_at,1,0.21202125
UCN3,1552676_at,1,0.28314638
UFSP2,218449_at,1,0.45962685
UGDH,203343_at,1,0.389612
C5orf46,1554195_a_at,1,0.07002738
C5orf64,1553426_at,1,0.15022156
C5orf64-AS1,1559540_at,1,0.10526685
C6,210168_at,1,0.1681012
C3orf49,1553805_at,1,0.21446303
C3orf80,236738_at,1,0.18349846
C3orf85,233604_at,1,0.12355711
UGT1A10,215125_s_at,1,0.105230145
UGT1A3,208596_s_at,1,0.17984356
UGT1A9,204532_x_at,1,0.2656486
UGT2A1,207958_at,1,0.19228894
UCHL3,204616_at,1,0.5763025
UCMA,236800_at,1,0.15725753
C7orf33,1553927_at,1,0.082898036
C4orf17,223990_at,1,0.16927628
C4orf36,1552919_at,1,0.09198202
C4orf54,236523_at,1,0.09012864
C2orf76,227840_at,1,0.41393563
C2orf80,241998_at,1,0.12727004
C2orf81,236070_at,1,0.29285997
C2orf83,208265_at,1,0.08025859
C2orf92,230941_at,1,0.19262531
UHRF1,225655_at,1,0.5681559
UHRF2,225610_at,1,0.69364554
UICLM,241525_at,1,0.124045774
UIMC1,220746_s_at,1,0.60218674
ULBP1,221323_at,1,0.17071693
ULBP3,231748_at,1,0.07775887
ULK1,209333_at,1,0.4449603
UFSP1,240280_at,1,0.15054728
UNC79,229550_at,1,0.12118185
UNG,202330_s_at,1,0.49494457
ULK3,225067_at,1,0.49036914
UMAD1,226596_x_at,1,0.45610195
UMOD,206716_at,1,0.114311695
UMODL1,1553183_at,1,0.20024711
UMODL1-AS1,1553282_at,1,0.093032055
UNC119,203271_s_at,1,0.42971325
UNC13B,202893_at,1,0.2971766
UNC45B,235261_at,1,0.13930497
UGT2A3,219948_x_at,1,0.08490071
UGT2B17,207245_at,1,0.10829148
UGT2B28,211682_x_at,1,0.13081762
UGT2B4,206505_at,1,0.05942448
C4BPA,205654_at,1,0.16748811
C4BPB,208209_s_at,1,0.10782839
UNC5C-AS1,241873_at,1,0.124552965
UNC5CL,231008_at,1,0.34653354
C3,217767_at,1,0.14404574
C3AR1,209906_at,1,0.45659074
C3P1,231691_at,1,0.21978745
C3orf18,219114_at,1,0.21305478
C3orf20,224273_at,1,0.08913503
C3orf22,237894_at,1,0.101391144
C3orf33,1554176_a_at,1,0.1919498
C3orf36,221175_at,1,0.14518327
C2CD4A,241031_at,1,0.06766332
C2CD4C,230819_at,1,0.16492093
C2CD5,212943_at,1,0.6199444
C2orf15,1552740_at,1,0.07217083
C2orf27A,206611_at,1,0.28902486
UNC5D,231325_at,1,0.09792025
UPK2,207862_at,1,0.21034294
C2orf42,219128_at,1,0.38869584
C2orf49-DT,236958_at,1,0.36901227
C2orf50,1563814_at,1,0.049223676
C2orf73,231081_at,1,0.12166636
C2orf74,1568658_at,1,0.39201775
C20orf204,233355_at,1,0.19858594
C20orf96,231905_at,1,0.16163923
UPK3A,206771_at,1,0.075650476
UPK3B,206658_at,1,0.2245023
UPP1,203234_at,1,0.4664578
UPRT,226199_at,1,0.45981154
UQCC3,229099_at,1,0.43053567
UQCC4,225749_at,1,0.45955625
UNC50,203583_at,1,0.52387416
UNC5B-AS1,239136_at,1,0.060604922
USH2A,207706_at,1,0.074389674
USHBP1,235510_at,1,0.04742079
USP11,208723_at,1,0.60045135
UQCRC1,201903_at,1,0.6739649
C22orf23,223706_at,1,0.1398557
C22orf31,206839_at,1,0.25685146
C22orf46P,219309_at,1,0.20253466
C2CD2,212875_s_at,1,0.3983155
C1orf54,219506_at,1,0.45339033
UQCRFS1,208909_at,1,0.7838569
UQCRH,202233_s_at,1,0.7940152
UQCRQ,201568_at,1,0.73219216
URB1-AS1,227424_x_at,1,0.35256863
URB2,205284_at,1,0.364876
UPF2,203519_s_at,1,0.6115944
UPK1A,214624_at,1,0.15631565
USP2-AS1,1564449_at,1,0.19815314
USP20,203965_at,1,0.46182957
USP26,224532_at,1,0.096768655
UROC1,1553341_at,1,0.06955785
USF1,231768_at,1,0.21270207
C1orf87,236710_at,1,0.08316016
C1orf94,231514_at,1,0.14043008
C20orf141,231360_at,1,0.092445396
C20orf144,231522_at,1,0.098677866
C20orf173,233143_at,1,0.15969191
C1orf122,225480_at,1,0.57652104
C1orf127,1553444_a_at,1,0.098430045
C1orf131,226242_at,1,0.52603114
C1orf159,219337_at,1,0.30347598
C1orf162,228532_at,1,0.5760694
USH1G,1553263_at,1,0.28136295
C1orf105,214357_at,1,0.24393302
C19orf48P,224468_s_at,1,0.4962602
C19orf53,217926_at,1,0.68934256
C19orf73,220151_at,1,0.18802188
C19orf81,230814_at,1,0.16276449
C1orf167,1561976_at,1,0.31568098
C1orf198,223063_at,1,0.3659402
C1orf210,1554246_at,1,0.059147406
C1orf216,212791_at,1,0.4263463
C1orf220,1563876_at,1,0.15443638
C1orf226,227019_at,1,0.1931706
C1orf35,219063_at,1,0.45366085
C1QTNF1-AS1,237313_at,1,0.14211574
C1QTNF12,243292_at,1,0.24001697
C1QTNF2,223749_at,1,0.09987946
C1QTNF4,223708_at,1,0.3655847
C1D,200056_s_at,1,0.6731432
C1GALT1C1L,241710_at,1,0.1402909
C1QA,218232_at,1,0.22510919
C1QB,202953_at,1,0.26346615
C1QC,225353_s_at,1,0.25098288
C17orf49,224574_at,1,0.6196328
C17orf50,237929_at,1,0.12276834
C17orf58,226901_at,1,0.3993197
C17orf67,236863_at,1,0.20794944
C17orf75,203830_at,1,0.3700475
C17orf78,1553486_a_at,1,0.10859989
USP35,229198_at,1,0.35199264
USP18,219211_at,1,0.30469456
C1QTNF5,223499_at,1,0.18853906
C1QTNF9,1554233_at,1,0.15271568
C1R,212067_s_at,1,0.2856926
C17orf99,236981_at,1,0.19159363
C18orf15,1553435_at,1,0.18535209
C18orf32,224957_at,1,0.61212873
C18orf61,241943_at,1,0.13556367
C19orf18,236847_at,1,0.26172692
C15orf48,223484_at,1,0.24773867
C15orf61,229742_at,1,0.6280299
C16orf54,1559584_a_at,1,0.66908
USP46-DT,235667_at,1,0.17328188
USP5,206031_s_at,1,0.31341985
USP54,227334_at,1,0.35978827
USP27X-DT,243017_at,1,0.18034989
USP29,220895_at,1,0.0963567
USP3-AS1,1562738_a_at,1,0.22200114
USP30-AS1,228675_at,1,0.25382856
C19orf84,1560830_a_at,1,0.09944331
C16orf82,231076_at,1,0.16443923
C16orf86,231153_at,1,0.3513021
C16orf89,229177_at,1,0.07605195
C16orf92,1557162_at,1,0.10506538
C16orf95,223745_at,1,0.13191526
C17orf100,229071_at,1,0.21496353
C12orf43,219022_at,1,0.41054004
C12orf50,238219_at,1,0.04242015
C12orf56,236840_at,1,0.10686961
C12orf57,224719_s_at,1,0.72823536
C12orf75,225105_at,1,0.5039297
UTF1,208275_x_at,1,0.1844299
UTP14C,203614_at,1,0.44051617
USP39,217829_s_at,1,0.49156293
USP43,237439_at,1,0.25738236
USP44,224048_at,1,0.20294377
UTP3,209486_at,1,0.59695375
C14orf119,223060_at,1,0.55418134
C14orf178,1564816_at,1,0.30969352
C14orf39,1561985_at,1,0.11276064
C15orf32,1553482_at,1,0.051639277
C11orf40,1553086_at,1,0.06413252
C11orf42,1553895_at,1,0.12984478
C11orf52,238805_at,1,0.10709128
C11orf65,1552988_at,1,0.106418565
UTS2B,243175_at,1,0.14683263
UTS2R,1553262_a_at,1,0.31779456
UVRAG,203241_at,1,0.5455325
UVRAG-DT,237090_at,1,0.19713883
USP6NL-AS1,1555209_at,1,0.16352591
C16orf74,227806_at,1,0.24057163
C16orf78,240209_at,1,0.13471544
UXT,218495_at,1,0.7691338
VAC14-AS1,1564158_a_at,1,0.12880984
C11orf68,221534_at,1,0.45113564
C11orf86,233938_at,1,0.19512735
C11orf96,227099_s_at,1,0.3834738
C11orf97,243803_at,1,0.038071737
BZW2,217809_at,1,0.68611544
C10orf126,1553915_at,1,0.12734854
C10orf143,229323_at,1,0.3519662
C10orf55,1557531_a_at,1,0.10148537
C10orf62,240235_at,1,0.1930191
VAMP7,202829_s_at,1,0.66213864
VAMP8,202546_at,1,0.73998165
VANGL2,226029_at,1,0.23394564
VARS2,226200_at,1,0.5604039
UTP20,209725_at,1,0.38294178
VASN,225867_at,1,0.2480856
VASP,202205_at,1,0.5879396
VAT1,208626_s_at,1,0.5546592
VAT1L,226415_at,1,0.16770446
C10orf71,232456_at,1,0.1901634
C10orf71-AS1,237244_at,1,0.18818669
C10orf95,220152_at,1,0.11132858
C11orf16,220344_at,1,0.11856958
BTNL2,221457_s_at,1,0.08447543
BTNL3,217207_s_at,1,0.29978853
BTNL8,220421_at,1,0.19050223
VAV1,206219_s_at,1,0.56945246
VAX2,220443_s_at,1,0.20321137
VBP1,201472_at,1,0.6918077
VCAM1,203868_s_at,1,0.26093975
VCF1,225319_s_at,1,0.6020098
VIPR1,205019_s_at,1,0.2684929
VCY,206922_at,1,0.27127752
BUB1B,203755_at,1,0.47308573
BUD13,224504_s_at,1,0.47245035
BUD31,205690_s_at,1,0.661245
BVES-AS1,232492_at,1,0.10328667
BYSL,203612_at,1,0.37149152
BTF3P11,208529_at,1,0.16919424
BTG1-DT,244429_at,1,0.40904826
BTG2-DT,215756_at,1,0.2230699
VDAC2,211662_s_at,1,0.76909345
VEGFB,203683_s_at,1,0.397726
VEGFC,209946_at,1,0.22823143
VEGFD,206742_at,1,0.087778255
VENTX,207376_at,1,0.15784241
VASH1-AS1,213569_at,1,0.20514128
VN1R5,1553550_at,1,0.06519166
VGF,205586_x_at,1,0.29056346
VGLL2,236352_at,1,0.21649937
BTG3-AS1,1556213_a_at,1,0.15555923
BTK,205504_at,1,0.55101067
BTLA,236226_at,1,0.3161746
BTN1A1,207395_at,1,0.098603494
BTN2A3P,208585_at,1,0.1672939
BTAF1,209430_at,1,0.6274721
BTBD1,217945_at,1,0.6938816
BTBD10,223174_at,1,0.44594
BTBD16,1552566_at,1,0.041507695
BTBD17,230445_at,1,0.1141881
BTBD18,215349_at,1,0.26551816
VILL,209950_s_at,1,0.4186888
VIP,206577_at,1,0.087903745
VPS13B-DT,230449_x_at,1,0.45492056
VIT,227899_at,1,0.21144992
VKORC1,217949_s_at,1,0.5483459
VLDLR,209822_s_at,1,0.29507238
VLDLR-AS1,1558212_at,1,0.21328178
BTBD2,207722_s_at,1,0.40983173
BTBD3,202946_s_at,1,0.43869162
BTBD6,225389_at,1,0.5466009
BRSK1,1552504_a_at,1,0.3103911
BRWD1-AS2,239602_at,1,0.2516107
VN1R1,221412_at,1,0.20552577
VN1R108P,233295_at,1,0.10663748
VN1R10P,224289_s_at,1,0.13570194
VN1R2,1553549_at,1,0.10733872
VN1R3,224290_at,1,0.11123824
VN1R4,1553560_at,1,0.10228916
VPS11,203292_s_at,1,0.5494367
BRIX1,219177_at,1,0.4749834
BRME1,206901_at,1,0.19017449
BRMS1,215631_s_at,1,0.53473103
BRPF1,204481_at,1,0.53832674
BRAT1,225437_s_at,1,0.41883478
BSCL2,208906_at,1,0.46184972
BSG,208677_s_at,1,0.57282895
BSN,204586_at,1,0.076120675
BSN-DT,1564131_a_at,1,0.14737381
BST1,205715_at,1,0.45048395
BST2,201641_at,1,0.54483205
BRINP2,214822_at,1,0.055965606
BRINP3,217562_at,1,0.05855583
BRINP3-DT,237675_at,1,0.1187696
VPS13A-AS1,240767_x_at,1,0.23528585
BRD9,220155_s_at,1,0.51401174
BRDT,206787_at,1,0.07929913
BPI,205557_at,1,0.5254602
BPIFA1,220542_s_at,1,0.17294143
BPIFA2,237099_at,1,0.17359279
BPIFA3,240359_at,1,0.20388459
BPIFA4P,1555554_at,1,0.19517864
BPIFB1,226067_at,1,0.05853032
BPIFB2,232698_at,1,0.16181974
VPS37B,221704_s_at,1,0.56892043
VPS37D,235569_at,1,0.18677428
VPS39,212156_at,1,0.42242938
VNN2,205922_at,1,0.45502847
VOPP1,208091_s_at,1,0.63039523
VPREB1,221349_at,1,0.35415033
VPREB3,220068_at,1,0.44942904
BPIFB4,233523_at,1,0.09939088
BPIFB6,1555535_at,1,0.054507382
BPIFC,1555773_at,1,0.12788561
BPY2,208331_at,1,0.13218558
BOLA1,219345_at,1,0.34102008
BOLA2-SMG1P6,210396_s_at,1,0.7195795
BOLA3,227291_s_at,1,0.6116807
BOLL,236954_at,1,0.16353762
VPS72,202261_at,1,0.4719449
VPS9D1,205781_at,1,0.35613328
VPS9D1-AS1,1558728_at,1,0.20265515
VRK1,203856_at,1,0.61105263
VRK2,205126_at,1,0.5131106
VPS25,224608_s_at,1,0.5344433
VPS28,218679_s_at,1,0.7033415
BRD3OS,203245_s_at,1,0.34291166
BORCS7,225334_at,1,0.6006889
BORCS8-MEF2B,205124_at,1,0.28882572
BPESC1,220772_at,1,0.08324786
BPGM,203502_at,1,0.5359944
BPHL,205750_at,1,0.32997063
BMS1P2,231106_at,1,0.38840768
BMT2,228149_at,1,0.45374504
BMX,206464_at,1,0.18488471
VSTM1,235818_at,1,0.33660853
VSTM2A-OT1,1560692_at,1,0.11307851
VSTM2B-DT,1563872_at,1,0.10851298
VSTM2L,226973_at,1,0.12555398
VPS4A,217913_at,1,0.5783339
VPS4B,218171_at,1,0.61736006
VPS51,217969_at,1,0.72631437
VPS52,214585_s_at,1,0.5821635
BMS1P18,1569525_s_at,1,0.06387522
BLVRB,202201_at,1,0.59894896
BOD1,225030_at,1,0.480561
BOD1L2,231368_at,1,0.1374939
BOK,223349_s_at,1,0.13983259
BMP3,208244_at,1,0.19234215
BMP4,211518_s_at,1,0.04222294
VWA7,221301_at,1,0.09265026
VWC2,243734_x_at,1,0.12442662
VWCE,242957_at,1,0.3373807
VRTN,220536_at,1,0.112507574
VSIG10L,238654_at,1,0.14796282
VSIG10L2,1564786_at,1,0.10283928
VSIG4,204787_at,1,0.27150854
BORA,219544_at,1,0.43321314
BORCS5,227723_at,1,0.28551474
BMAL2-AS1,1563101_at,1,0.07287984
BMF,226530_at,1,0.44386452
BMI1,202265_at,1,0.65315115
BMP10,208292_at,1,0.14239964
BMP15,221332_at,1,0.21934806
BIRC7,220451_s_at,1,0.28030333
BISPR,1556643_at,1,0.47435197
BLACAT1,232105_at,1,0.08199348
BLID,1555675_at,1,0.13994463
WASF1,204165_at,1,0.48038962
WASF3,204042_at,1,0.20504244
WASH2P,225995_x_at,1,0.5924312
VTCN1,219768_at,1,0.15017278
VTN,204534_at,1,0.14274445
BMPER,241986_at,1,0.08506129
BMS1,203082_at,1,0.48544756
WASHC5,201985_at,1,0.5120755
WASIR2,1568838_at,1,0.3057276
BLM,205733_at,1,0.4968457
BLMH,202179_at,1,0.42375508
BLNK,207655_s_at,1,0.5399622
BLOC1S1,202592_at,1,0.6204896
BLOC1S2,225049_at,1,0.6815026
BLOC1S4,223431_at,1,0.58301646
BICDL2,235095_at,1,0.30723193
BICRA,219445_at,1,0.4251349
WBP1,223072_s_at,1,0.49532264
WBP1L,202808_at,1,0.5083185
WBP2,209117_at,1,0.49945098
WBP2NL,1552514_at,1,0.12089742
WDCP,219120_at,1,0.24790058
WAKMAR2,243871_at,1,0.20094268
BHMT,206119_at,1,0.13224441
BEND3,227920_at,1,0.38018966
BEST2,207432_at,1,0.1494612
BIK,205780_at,1,0.37200123
BIN2,219191_s_at,1,0.57551724
BIN3-IT1,207287_at,1,0.31445003
BIRC2,202076_at,1,0.6900799
BFAR,218056_at,1,0.47227418
BFSP1,206746_at,1,0.14454477
BFSP2,207399_at,1,0.15711035
BGLAP,206956_at,1,0.35006374
BGLT3,237739_at,1,0.21343067
WDR18,209461_x_at,1,0.45867336
WDR24,223293_at,1,0.2954345
WASHC2A,212370_x_at,1,0.66401684
WASHC3,218628_at,1,0.5756991
BEAN1,214068_at,1,0.14092073
BEGAIN,220795_s_at,1,0.2417866
BEND2,1553842_at,1,0.15874194
BEST4,1552296_at,1,0.097952105
BET1,202710_at,1,0.40125299
BEX1,218332_at,1,0.4341377
BEX2,224367_at,1,0.47527072
BEX3,217963_s_at,1,0.5136628
BEX4,215440_s_at,1,0.586492
BEX5,229963_at,1,0.2660678
BCORP1,1562313_at,1,0.20259024
BCS1L,207618_s_at,1,0.4858531
WDR35-DT,230390_at,1,0.053821187
WDR43,214662_at,1,0.4617974
BHLHA15,235965_at,1,0.20527962
BHLHE23,234045_x_at,1,0.05794394
WDR82,201934_at,1,0.7528964
WDR83,224434_s_at,1,0.3378279
WDR83OS,217780_at,1,0.69450593
WDR86-AS1,1560147_at,1,0.07152223
WDR87,224135_at,1,0.26151612
WDR45B,209076_s_at,1,0.6615283
WDR46,209196_at,1,0.40670177
WDR47,203855_at,1,0.49205053
WDR53,227814_at,1,0.38162255
WDR54,225898_at,1,0.5276288
WDR5B,219538_at,1,0.30841503
WDR64,1553373_at,1,0.19523361
WDR70,219193_at,1,0.5062681
WDR25,219609_at,1,0.14254759
BDKRB1,207510_at,1,0.18066269
BDKRB2,205870_at,1,0.09922977
WDR81,226738_at,1,0.50408775
BCL2A1,205681_at,1,0.6136041
BCL2L12,233110_s_at,1,0.41102704
BCAN-AS1,242843_at,1,0.22143847
BCAP31,200837_at,1,0.68784744
BCAR3,204032_at,1,0.30658358
BCL7B,202518_at,1,0.5381781
BCL7C,219072_at,1,0.468101
BCL9,204129_at,1,0.35374892
BCLAF3,232087_at,1,0.29729906
BCO1,220087_at,1,0.12422291
BCO2,232449_at,1,0.17895958
BCHE,205433_at,1,0.10214495
BCKDHA,202331_at,1,0.51198834
BCKDK,202030_at,1,0.44409183
BCL10-AS1,244619_at,1,0.25164825
BCAS2,203053_at,1,0.6781508
BCAS3,220488_s_at,1,0.2974827
BCDIN3D,234979_at,1,0.27687255
BAZ2B-AS1,228412_at,1,0.418759
BBC3,211692_s_at,1,0.42669767
BBOX1,205363_at,1,0.09469539
BBOX1-AS1,243018_at,1,0.16728853
WEE2-AS1,1553634_a_at,1,0.13470162
WFDC1,219478_at,1,0.20407382
WFDC10A,233913_at,1,0.08663643
WFDC10B,1552999_a_at,1,0.10676583
WFDC11,1552608_at,1,0.08671306
WFDC12,1553081_at,1,0.17788564
WFDC13,1553052_at,1,0.07024263
WFDC21P,229566_at,1,0.20268491
WDR75,224721_at,1,0.51810193
WFIKKN1,1552811_at,1,0.09342791
BBS10,219487_at,1,0.31601927
BBS12,229603_at,1,0.18767369
BBS2,223227_at,1,0.44262034
BBS5,230697_at,1,0.095157124
BARHL1,224092_at,1,0.123628035
BARX1,219845_at,1,0.1417078
BARX1-DT,1561506_at,1,0.10935311
BARX2,210419_at,1,0.11331019
WHAMM,228953_at,1,0.6148607
WIF1,204712_at,1,0.124772355
WDR93,232620_at,1,0.30905312
WDR97,233344_x_at,1,0.10198948
WDSUB1,226668_at,1,0.54892415
BCAR4,230854_at,1,0.120797694
BCAS1,204378_at,1,0.20130685
WNT9B,1552973_at,1,0.07444603
WRN,205667_at,1,0.44016874
WSB2,201760_s_at,1,0.57581943
BASP1-AS1,1553335_x_at,1,0.1188034
BATF,205965_at,1,0.4362353
BATF2,228439_at,1,0.16717
BATF3,220358_at,1,0.28525868
BAZ2B,203080_s_at,1,0.4885111
BAHD1,203051_at,1,0.37009013
WNT1,208570_at,1,0.13794775
WNT10B,206213_at,1,0.23408861
WNT11,206737_at,1,0.11885986
WNT2,205648_at,1,0.19143693
WFDC3,232602_at,1,0.1264432
WFDC5,242204_at,1,0.14203817
WFDC6,1552396_at,1,0.12786447
B9D2,219766_at,1,0.32104373
BAALC-AS2,1554228_a_at,1,0.1594939
B3GAT1,219521_at,1,0.12788516
BAG3,217911_s_at,1,0.42633975
B4GALNT2,1552903_at,1,0.18534248
B4GALT2,209413_at,1,0.36655772
BAK1,203728_at,1,0.41239673
BALR6,1557534_at,1,0.1429054
BAMBI,203304_at,1,0.3068626
BANCR,239239_at,1,0.12838367
BANF1,210125_s_at,1,0.6459308
BANF2,232766_at,1,0.18609606
BAAT,206913_at,1,0.14340441
BABAM1,221711_s_at,1,0.5713113
BABAM2-AS1,1568768_s_at,1,0.3915347
WNT8B,207612_at,1,0.0809962
WT1-AS,206954_at,1,0.21778256
WTIP,227411_at,1,0.10841248
AZU1,214575_s_at,1,0.56600827
AURKC,211107_s_at,1,0.18304817
AVEN,219366_at,1,0.44550386
B3GNT3,204856_at,1,0.18523389
B3GNT4,221240_s_at,1,0.2222153
B3GNT8,237338_at,1,0.24109854
B3GNT9,226058_at,1,0.2632336
AZGP1P1,217013_at,1,0.07137203
WWC2-AS2,230572_at,1,0.24899921
WWP1-AS1,1555893_at,1,0.19598807
WNT7A,210248_at,1,0.12903604
WNT8A,224259_at,1,0.22664648
B4GAT1,203188_at,1,0.32937092
B4GAT1-DT,228203_at,1,0.2898957
ATXN7L2,230038_at,1,0.30438867
ATXN7L3,224969_at,1,0.51752234
ATXN7L3-AS1,236668_at,1,0.44779143
AUH,205052_at,1,0.46804187
AUP1,220525_s_at,1,0.6827006
ATP8B4,220416_at,1,0.3665689
AVP,207848_at,1,0.11351119
AVPI1,218631_at,1,0.37838185
AVPR1B,208260_at,1,0.15610583
AWAT1,1560507_at,1,0.123326525
AXIN1,212849_at,1,0.4535081
ATXN2,202622_s_at,1,0.46432367
XCL2,214567_s_at,1,0.31381515
XGY2,1563420_at,1,0.08982523
XIRP1,235042_at,1,0.19707453
XIRP2,228794_at,1,0.123878665
ATP6V0B,200078_s_at,1,0.71452266
ATP6V0D1,212041_at,1,0.67930543
ATRAID,219329_s_at,1,0.7099038
ATRIP,1552937_s_at,1,0.3494956
ATP6V1E1,208678_at,1,0.65999997
ATP6V1F,201527_at,1,0.69291806
ATP6V1G2,214762_at,1,0.24423511
XKRY,208339_at,1,0.13481557
XNDC1N,232586_x_at,1,0.22547752
XPA,205672_at,1,0.47125578
XPC,209375_at,1,0.52733237
XAB2,218110_at,1,0.47127193
XAGE-4,1565454_at,1,0.35600474
XAGE1B,220057_at,1,0.13506113
XAGE2,229469_at,1,0.29224965
XAGE3,236040_at,1,0.16261655
ATP6AP1-DT,1558685_a_at,1,0.48697928
ATP2B1-AS1,238893_at,1,0.56945616
ATP6V0D1-DT,240087_at,1,0.11684553
ATP6V0E2,213587_s_at,1,0.44603568
ATP6V0E2-AS1,229094_at,1,0.10837306
ATP6V1B2,201089_at,1,0.5735666
ATP5MC1,208972_s_at,1,0.58345884
XRCC3,216299_s_at,1,0.2233051
XXYLT1,226891_at,1,0.28435028
XK,206698_at,1,0.3536012
XKR7,243101_x_at,1,0.18417768
XKR8,218753_at,1,0.49809283
XKRX,230349_at,1,0.10030404
ATP6V1G3,230565_at,1,0.17956483
ATP7B,204624_at,1,0.26622194
ATP6V0A4,220197_at,1,0.11226146
ATP10D,213238_at,1,0.40728876
ATP2C2-AS1,232394_at,1,0.13602749
ATP4A,207139_at,1,0.11129821
ATP5F1B,201322_at,1,0.7726473
ATP13A4-AS1,231512_at,1,0.06267765
ATP1A1,220948_s_at,1,0.5938778
ATP1A3,214432_at,1,0.1686756
YARS2,218470_at,1,0.47963446
YBX2,219704_at,1,0.18939115
YDJC,227042_at,1,0.518972
YEATS4,218911_at,1,0.53086597
XRCC1,203655_at,1,0.46405268
XRCC2,207598_x_at,1,0.43650216
ATP5MK,225413_at,1,0.8073099
ATP5PF,202325_s_at,1,0.75457925
ATP6AP1,207809_s_at,1,0.6395988
ATG101,218214_at,1,0.47937864
ATP12A,207367_at,1,0.23797724
ATP13A1,218052_s_at,1,0.57809204
ATP13A2,218608_at,1,0.37730086
ATG4C,228190_at,1,0.2953833
ATG4D,226871_s_at,1,0.5180745
ATG9A,202492_at,1,0.50215405
ATIC,208758_at,1,0.6285463
YJEFN3,229961_x_at,1,0.2628214
YJU2,204335_at,1,0.47306758
YJU2B,208094_s_at,1,0.54963803
YAE1,223433_at,1,0.34601814
YAE1-DT,1569528_at,1,0.08676555
ATP1B2,204311_at,1,0.23573309
ATP2A1-AS1,230696_at,1,0.28210407
ATOX1,203454_s_at,1,0.57378346
ATF4,200779_at,1,0.81458104
ASPRV1,235514_at,1,0.29460168
ASPSCR1,218908_at,1,0.3638887
ATG14,204568_at,1,0.57739645
ATG2A,213300_at,1,0.57787925
ATG4A,213115_at,1,0.4404668
ATAD3C,240210_at,1,0.15659603
ATAD5,220223_at,1,0.34859422
YTHDF1,221741_s_at,1,0.6485797
YTHDF3-DT,231071_at,1,0.30539745
YWHAG,222985_at,1,0.7312272
YIF1A,202418_at,1,0.5301457
YIPF1,214733_s_at,1,0.49149963
YIPF3,216338_s_at,1,0.5323432
ATL1,223340_at,1,0.30755106
ATOH1,221336_at,1,0.14665604
ZACN,1555550_at,1,0.15391928
ASS1,207076_s_at,1,0.29208553
ASTE1,221135_s_at,1,0.3739495
ASZ1,1569729_a_at,1,0.08571146
ASH2L,209517_s_at,1,0.5748823
ASIC2,206690_at,1,0.110896826
ASIC3,207561_s_at,1,0.20727864
ASIC4,221226_s_at,1,0.1316396
ASIC5,1564504_at,1,0.11840979
ASIP,214498_at,1,0.119598866
ZBBX,220269_at,1,0.08196023
ZBED10P,227598_at,1,0.42317957
ZBED2,219836_at,1,0.09267071
YPEL3-DT,1558525_at,1,0.22681758
YPEL4,235916_at,1,0.2948719
ATCAY,227365_at,1,0.13093388
ASGR1,206743_s_at,1,0.22787935
ASGR2,206130_s_at,1,0.2841994
ASH1L-AS1,1554057_at,1,0.53246295
ASB11,1553074_at,1,0.1296369
ASB12,236033_at,1,0.09362619
ASB13,218862_at,1,0.42842323
ASL,204608_at,1,0.48697928
ASNSD1,217987_at,1,0.5869935
ASPDH,230912_at,1,0.14770772
ASB9,205673_s_at,1,0.29547882
ASCC2,215684_s_at,1,0.48729217
ZBTB12,233843_at,1,0.12903802
ZBTB16,205883_at,1,0.43238512
ZBTB2,226284_at,1,0.5288693
YWHAH-AS1,207701_at,1,0.25503463
YY1AP1,217836_s_at,1,0.68492687
ASB16,1553253_at,1,0.23245828
ASB16-AS1,1555981_at,1,0.393632
ASB17,231622_at,1,0.12244069
ASB5,235503_at,1,0.097218156
ASB6,221657_s_at,1,0.43101218
ARSL,205894_at,1,0.17888406
ART3,210147_at,1,0.12210159
ART5,1552524_at,1,0.09593902
ZBTB32,220118_at,1,0.19885798
ZBTB34,227111_at,1,0.4982171
ZBTB39,205256_at,1,0.3777556
ZBTB41,226962_at,1,0.39599705
ZBED5-AS1,235010_at,1,0.43128535
ASCL3,221161_at,1,0.16901161
ASCL5,231712_at,1,0.074599825
ASF1B,218115_at,1,0.3883732
ASAP2,206414_s_at,1,0.2873736
ARRB2,203388_at,1,0.52768177
ARRDC1,226405_s_at,1,0.5314493
ARRDC1-AS1,223390_at,1,0.32979035
ARRDC2,226055_at,1,0.5951888
ARRDC3,224797_at,1,0.61922073
ARRDC3-AS1,239395_at,1,0.30838642
ZBTB47-AS1,241743_at,1,0.13039796
ZBTB48,205025_at,1,0.42557013
ZBTB49,229089_at,1,0.3610369
ZBTB5,203026_at,1,0.5637442
ZBTB6,206098_at,1,0.18098915
ZBTB20-AS1,231497_at,1,0.14251809
ZBTB22,213081_at,1,0.33536598
ZBTB25,214482_at,1,0.4160136
ASB15,1564679_at,1,0.10724457
ZCCHC12,228715_at,1,0.2643714
ZCCHC13,1554210_at,1,0.09870986
ZBTB7C-AS2,1553087_at,1,0.16015986
ZBTB8A,235142_at,1,0.36923933
ZBTB8B,1563770_at,1,0.1626874
ZBTB8OS,228970_at,1,0.5563219
ZC2HC1B,237592_at,1,0.10540636
ZC2HC1C,220107_s_at,1,0.13188346
ZC3H12A,218810_at,1,0.4957749
ZC3H12D,1559263_s_at,1,0.5268671
ZBTB42,229691_at,1,0.13838345
ZBTB44-DT,1562217_at,1,0.15469159
ZBTB46-AS1,224119_at,1,0.08105506
AS3MT,223652_at,1,0.30109125
ASAP1-IT1,220694_at,1,0.21238287
ASAP1-IT2,1557685_at,1,0.2573716
ARR3,207136_at,1,0.25404322
ARMC12,231263_at,1,0.25334638
ARMC2,223866_at,1,0.14938581
ARMC3,240275_at,1,0.11817876
ARMC5,227738_s_at,1,0.40574643
ARMC6,221758_at,1,0.37604642
ARRDC4,225283_at,1,0.4904347
ARSF,214490_at,1,0.1591976
ARSG,1552632_a_at,1,0.23071751
ARSI,230275_at,1,0.11958897
ARSJ,219973_at,1,0.101516865
ARMT1,218195_at,1,0.46393907
ARNT2,202986_at,1,0.08573113
ARPC1A,200950_at,1,0.5469095
ARPC1B,201954_at,1,0.7377379
ZC3HC1,223163_s_at,1,0.43988165
ARHGEF7-AS2,1557439_at,1,0.09338307
ARHGEF7-IT1,1560510_at,1,0.14183766
ARL6IP1,211935_at,1,0.7533935
ARL8A,225347_at,1,0.5555217
ARL9,229062_at,1,0.22744754
ARLNC1,244667_at,1,0.16465995
ARIH2OS,1559532_at,1,0.2933783
ZCCHC9,225538_at,1,0.47805664
ZDBF2,228749_at,1,0.21191354
ZDHHC12,226088_at,1,0.4172793
ZDHHC12-DT,228773_at,1,0.38455626
ARMCX1,218694_at,1,0.44286084
ARMCX2,203404_at,1,0.27678278
ARL4A,205020_s_at,1,0.5494568
ARL5C,1560136_at,1,0.21498312
ARPC3,208736_at,1,0.79297686
ZDHHC16,223212_at,1,0.46559337
ARID3B,218964_at,1,0.41998777
ARID5A,213138_at,1,0.53306335
ARHGEF16,208009_s_at,1,0.18602768
ARHGEF17,203756_at,1,0.20938282
ARHGEF18,213039_at,1,0.72142935
ARHGEF19,226857_at,1,0.2874914
ARHGEF25,227427_at,1,0.20697923
ZDHHC23,226912_at,1,0.3730226
ZCCHC18,230224_at,1,0.36532986
ARL13B,228201_at,1,0.30419165
ARL14,220468_at,1,0.062235083
ARL14EP,226383_at,1,0.46487746
ARL16,234972_at,1,0.4001077
ARL2,202564_x_at,1,0.5310028
ARHGEF6,209539_at,1,0.6579992
ZFP36,201531_at,1,0.7838017
ZDHHC6,218249_at,1,0.5709551
ZDHHC7,218606_at,1,0.609473
ZDHHC8BP,222274_at,1,0.11502602
ZEB1-AS1,229090_at,1,0.30482852
ARHGAP26-AS1,1560856_at,1,0.11901342
ARHGEF26-AS1,236575_at,1,0.08351392
ARHGEF3,218501_at,1,0.52592874
ARHGEF33,1556881_at,1,0.1718285
ARHGEF38,221119_at,1,0.15970962
ARHGAP5-AS1,228889_at,1,0.2153887
ZFAND1,218919_at,1,0.55145663
ZFAND2A,226650_at,1,0.64900726
ZFAND2A-DT,241847_at,1,0.18421821
ZFAND2B,226168_at,1,0.48496744
ZDHHC15,1552557_a_at,1,0.17862518
ARFGAP3,202211_at,1,0.59000665
ARFGEF1-DT,1569405_at,1,0.11647846
ARHGAP36,238047_at,1,0.050773505
ARHGAP39,227876_at,1,0.23644097
ARHGAP4,204425_at,1,0.59486127
ARHGAP10,219431_at,1,0.3447844
ARHGAP11A,204492_at,1,0.21167979
ARHGAP11B,1558750_a_at,1,0.3281033
ARHGAP12,207606_s_at,1,0.40198797
ARHGAP15,218870_at,1,0.6539397
ARHGAP17,218076_s_at,1,0.61237943
ZFP14,232911_at,1,0.23640947
ZFP2,207757_at,1,0.21893609
ZFP28-DT,243104_at,1,0.16299614
ZFP3,235728_at,1,0.27023506
ZFP30,207090_x_at,1,0.33397293
ZFP62,227796_at,1,0.51243716
ARC,210090_at,1,0.12995325
ARCN1,201176_s_at,1,0.6148893
APRG1,237368_at,1,0.109521896
AQP10,1555338_s_at,1,0.13746276
AQP11,229526_at,1,0.12075175
ARFIP2,202109_at,1,0.48832008
ARGLU1-DT,244119_at,1,0.067473605
AQP8,206784_at,1,0.12489557
AQP9,205568_at,1,0.40990043
ZFP69,1569107_s_at,1,0.30356365
ZFP69B,207219_at,1,0.20362444
ZFP92,233116_at,1,0.24701166
ZFAT,226564_at,1,0.39083683
ARHGAP19-SLIT1,1557615_a_at,1,0.2325512
ARF5,201526_at,1,0.52266926
ZIC5,1552938_at,1,0.19816364
ZIM2,220653_at,1,0.23385166
ZFPM2,219778_at,1,0.12686129
AQP12A,1554344_s_at,1,0.43682924
AQP12B,1559575_a_at,1,0.13792384
AQP5,213611_at,1,0.103069484
AQP7,206955_at,1,0.1363241
APOF,207262_at,1,0.10973911
APOL1,209546_s_at,1,0.25244445
APOL3,221087_s_at,1,0.43115193
APOL5,220478_at,1,0.06000565
ZFY-AS1,237225_at,1,0.19598188
ZFYVE19,225843_at,1,0.42126933
ZFYVE27,225218_at,1,0.45931312
ZFP37,207068_at,1,0.15565711
ZFP57,231236_at,1,0.148059
ZMIZ1-AS1,1563745_a_at,1,0.26099637
ZG16,214142_at,1,0.104983956
ZG16B,228058_at,1,0.2387622
ZGLP1,239720_at,1,0.31710166
ZHX1-C8orf76,1554063_at,1,0.38389403
APOLD1,221031_s_at,1,0.2644823
APOO,221620_s_at,1,0.4628074
APPL2,218218_at,1,0.43809605
APOBEC1,207158_at,1,0.15572423
APOBEC2,206160_at,1,0.30242023
APOBEC3A,210873_x_at,1,0.46442774
APOBEC3B,206632_s_at,1,0.45868704
APOBEC3C,209584_x_at,1,0.6192191
APOBEC3D,1553831_at,1,0.30054617
ZIC2,223642_at,1,0.111189134
ZIC3,207197_at,1,0.11950724
APLP1,209462_at,1,0.070510864
APMAP,206656_s_at,1,0.64710855
APOA1-AS,231694_at,1,0.12905736
APOA4,206894_at,1,0.23790121
APBB1,202652_at,1,0.20878753
APBB3,204650_s_at,1,0.3923722
APOBEC4,1554545_at,1,0.21120791
APOBR,220023_at,1,0.35572502
APOC4,206738_at,1,0.25430447
APOD,201525_at,1,0.28974214
APLF,1555100_at,1,0.22435944
APLN,222856_at,1,0.19437648
APLNR,213592_at,1,0.07966883
ZMAT2,224782_at,1,0.62765145
ZMAT4,219877_at,1,0.090331785
ZMAT5,218752_at,1,0.3930317
AP4M1,209837_at,1,0.31488714
AP5B1,231858_x_at,1,0.36630604
AP5S1,219706_at,1,0.40963852
AP1B1,205423_at,1,0.59232056
APCDD1L,235548_at,1,0.107488185
APCS,206350_at,1,0.21294133
APELA,1559280_a_at,1,0.06953182
APEX1,210027_s_at,1,0.75903827
AP3S1,202442_at,1,0.74746937
ZMYND12,223636_at,1,0.22142944
ZMYND15,223683_at,1,0.13062239
ZMYND19,227477_at,1,0.43629092
ZNF100,238791_at,1,0.356307
ZIM3,1553022_at,1,0.082734264
ZKSCAN2,232019_at,1,0.24617468
ZKSCAN4,213625_at,1,0.33386615
AOC2,207064_s_at,1,0.22285657
AOC3,204894_s_at,1,0.19430183
AOC4P,216601_at,1,0.11672073
AOX3P-AOX2P,1562871_at,1,0.13510537
ANTKMT,219709_x_at,1,0.40193236
ANXA10,210143_at,1,0.10440084
AP2M1,200613_at,1,0.6493905
ANXA3,209369_at,1,0.4573982
ANXA5,200782_at,1,0.57799876
ANXA8,1557094_at,1,0.15545735
ANXA8L1,203074_at,1,0.26147586
ZNF132,207402_at,1,0.11130565
ZNF136,206240_s_at,1,0.46609995
ZNF137P,207394_at,1,0.32924792
ZMPSTE24,202939_at,1,0.58755475
ZMYM1,220206_at,1,0.32521245
ZNF184,213452_at,1,0.45768577
ZNF185,203585_at,1,0.44867834
ZNF189,207513_s_at,1,0.4302223
ZNF195,204234_s_at,1,0.5082324
ZNF2,223792_at,1,0.26865143
ZNF20,213916_at,1,0.3190017
ZNF14,219854_at,1,0.41562217
ZNF140,204523_at,1,0.39472297
ZNF155,221201_s_at,1,0.20526347
ZNF157,208019_at,1,0.08793572
ZNF16,219548_at,1,0.3709303
ZNF165,206683_at,1,0.29913354
ZNF112,222237_s_at,1,0.16333264
ZNF121,1553979_at,1,0.66886926
AOAH,205639_at,1,0.4158387
AOC1,203559_s_at,1,0.19297351
ZNF217,203739_at,1,0.61205304
ZNF217-AS1,215861_at,1,0.27885854
ZNF177,207417_s_at,1,0.30937567
ZNF18,226787_at,1,0.4682192
ZNF181,229314_at,1,0.21385604
ANXA13,208323_s_at,1,0.14863989
ANXA2P1,210876_at,1,0.16413164
ANXA2P2,208816_x_at,1,0.5074559
ANXA2P3,211241_at,1,0.2242016
ANXA2R,227877_at,1,0.46729392
ANXA2R-AS1,232645_at,1,0.3956705
ANXA2R-OT1,227901_at,1,0.2514464
ANO3,215241_at,1,0.10997032
ANO5,229313_at,1,0.11619833
ANO7,241918_at,1,0.12154586
ANO7L1,244379_at,1,0.12376922
ANKZF1,218274_s_at,1,0.43304616
ANO10,218910_at,1,0.34251362
ANKRD36C,1555898_at,1,0.24373458
ANKRD40CL,207259_at,1,0.051798075
ANO9,227393_at,1,0.3060989
ANOS2P,216376_x_at,1,0.21638845
ANP32A-IT1,220710_at,1,0.25911704
ANP32CP,208538_at,1,0.109476365
ANP32D,208571_at,1,0.11841885
ANKRD55,220112_at,1,0.29685727
ANKRD60,234511_at,1,0.036810294
ANKRD7,206112_at,1,0.12417656
ANKS1A,212747_at,1,0.46108463
ZNF212,203985_at,1,0.4907932
ZNF213,227207_x_at,1,0.42607287
ZNF213-AS1,222170_at,1,0.22823323
ZNF222,206175_x_at,1,0.34327707
ZNF223,207128_s_at,1,0.269772
ANKRD44-IT1,1557486_at,1,0.23092404
ANKRD45,236421_at,1,0.083383515
ANKRD49,219069_at,1,0.6120885
ANKRD26P3,1569996_at,1,0.16035071
ANKRD27,221522_at,1,0.5290909
ANKRD30A,223864_at,1,0.10751825
ZNF23,213934_s_at,1,0.37358513
ZNF232,219123_at,1,0.4098479
ZNF204P,214823_at,1,0.14662169
ZNF205,206416_at,1,0.20555954
ZNF205-AS1,208136_s_at,1,0.16241512
ZNF211,205437_at,1,0.49228352
ANKS3,227303_at,1,0.3006441
ANKS4B,239087_at,1,0.079092585
ANKLE1,1553138_a_at,1,0.2661036
ANKMY2,212798_s_at,1,0.57859164
ANKRD31,1564000_at,1,0.04920292
ANKRD33,242209_at,1,0.13750334
ANKRD33B,231963_at,1,0.32321793
ANKRD34A,232735_at,1,0.073530875
ANKRD34C,216073_at,1,0.11659692
ANKRD35,231118_at,1,0.23849855
ANKRD36B,220940_at,1,0.6291416
ANKRD18B,233592_at,1,0.21764475
ANKRD19P,232926_x_at,1,0.21196933
ZNF251,226754_at,1,0.34398186
ZNF252P-AS1,1558790_s_at,1,0.15163045
ZNF256,223714_at,1,0.4249024
ZNF257,210697_at,1,0.15521617
ZNF22-AS1,1552422_at,1,0.20344667
ANKRA2,218769_s_at,1,0.57656235
ANKRD1,206029_at,1,0.14195773
ANKRD10-IT1,215504_x_at,1,0.59455514
ANKRD13B,227720_at,1,0.32277393
ANGPTL6,223967_at,1,0.3106202
ANGPTL7,206423_at,1,0.09363274
ANGPTL8,220437_at,1,0.06730266
ZNF28,1567853_at,1,0.13429932
ZNF280A,216034_at,1,0.1843231
ZNF280C,235520_at,1,0.35021284
ZNF236-DT,1569832_at,1,0.17334518
ZNF239,206261_at,1,0.21340996
ANKRD2,221232_s_at,1,0.13943806
ANKRD20A1,224012_at,1,0.15483609
ANKRD20A11P,241233_x_at,1,0.35694024
ANKRD20A5P,1559170_at,1,0.19180202
ANG,205141_at,1,0.16295402
ANGPT4,221134_at,1,0.23037654
AMMECR1L,223297_at,1,0.48633328
AMN1,226258_at,1,0.33047312
AMOT,209521_s_at,1,0.21134698
AMOTL2,203002_at,1,0.12918241
AMPD1,206121_at,1,0.16631846
ZNF295-AS1,240809_at,1,0.17638013
ZNF296,238607_at,1,0.3512263
ZNF30,232014_at,1,0.25120074
ZNF300,228144_at,1,0.21202686
ZNF300P1,244289_at,1,0.11010452
ZNF266,214686_at,1,0.6494097
ZNF267,219540_at,1,0.45122454
ANAPC15,204218_at,1,0.5364416
ANAPC2,218555_at,1,0.4501577
AMPD2,212360_at,1,0.5825265
AMPH,205257_s_at,1,0.16940081
AMT,204294_at,1,0.47072214
AMY1A,208498_s_at,1,0.43014148
AMY2B,228023_x_at,1,0.541562
AMZ2,218167_at,1,0.6300243
AMZ2P1,223443_s_at,1,0.44323963
AMDHD1,229596_at,1,0.1876487
AMELX,208410_x_at,1,0.21354288
AMELY,208220_x_at,1,0.17937042
ZNF324,205182_s_at,1,0.28662986
ZNF329,219765_at,1,0.4698244
ZNF282,212892_at,1,0.38985205
ZNF283,243188_at,1,0.13562174
ZNF284,239462_at,1,0.29180285
ZNF285,236328_at,1,0.25218084
AMBN,221114_at,1,0.09581121
ALKBH6,225969_at,1,0.500486
ALLC,220365_at,1,0.24319452
ALMS1-IT1,1556911_at,1,0.35581404
AMER1,1552882_a_at,1,0.14050934
AMH,206516_at,1,0.22140661
AMHR2,206892_at,1,0.0557042
AMIGO1,226718_at,1,0.22370592
AMIGO2,222108_at,1,0.3911958
ALPK2,228367_at,1,0.15318628
ZNF34,219801_at,1,0.39452338
ZNF35,206096_at,1,0.32624626
ZNF354A,205427_at,1,0.40685797
ZNF304,207753_at,1,0.38026002
ZNF319,228460_at,1,0.395024
ZNF32,209538_at,1,0.49335486
ZNF355P,216469_at,1,0.0739329
ALMS1P1,1552576_at,1,0.17178942
ALOX12,207206_s_at,1,0.2678429
ALOX12B,207381_at,1,0.06619455
ALOX12P2,214340_at,1,0.16347821
ALOX15,207328_at,1,0.10715493
ALOX5AP,204174_at,1,0.68695426
ALG14-AS1,1560533_at,1,0.18753213
ALG3,207396_s_at,1,0.46372533
ALG6,219649_at,1,0.48590377
ZNF367,229551_x_at,1,0.5075557
ZNF383,235414_at,1,0.32775632
ZNF385A,226111_s_at,1,0.49733636
ALX1,206837_at,1,0.04211336
ALX3,207690_at,1,0.15124948
ALX4,208330_at,1,0.17593981
ALDOAP2,211617_at,1,0.1312105
ALDOC,202022_at,1,0.38534227
ALG12,218444_at,1,0.30080816
ALDH16A1,227592_at,1,0.44228736
ALDH1A1,212224_at,1,0.24181612
ALG8,203545_at,1,0.4925915
ALKAL2,238018_at,1,0.19924597
ALKBH2,225625_at,1,0.35101104
ALKBH3,226127_at,1,0.43402374
ALKBH4,222228_s_at,1,0.33165655
ALDH8A1,220148_at,1,0.23105653
ZNF404,239043_at,1,0.25279585
ZNF407-AS1,226924_at,1,0.4832925
ZNF408,219224_x_at,1,0.4212755
ZNF415,205514_at,1,0.23317717
ZNF354B,1553612_at,1,0.2813112
AKAP3,207344_at,1,0.051214807
AKAP4,207019_s_at,1,0.11499715
ALDH1A2-AS1,1557328_at,1,0.09929791
ALDH1A3,203180_at,1,0.1475859
ALDH1L1-AS2,1559766_at,1,0.20932911
ALDH2,201425_at,1,0.5837856
ALDH3A1,205623_at,1,0.21254225
AKR1C3,209160_at,1,0.46038064
AKR1C4,210558_at,1,0.11559298
AKR1C6P,224070_at,1,0.25713778
AKR1D1,207102_at,1,0.123778716
ZNF428,215429_s_at,1,0.35513243
ZNF432,219848_s_at,1,0.49198157
ZNF433-AS1,236485_at,1,0.42507553
ZNF436-AS1,229086_at,1,0.3570029
ALDH9A1,201612_at,1,0.63751423
ZNF442,208081_s_at,1,0.19410166
AKAIN1,243506_at,1,0.09180241
AIFM1,205512_s_at,1,0.40779707
AIFM3,244084_at,1,0.2786111
AIM2,206513_at,1,0.3704361
AKR1A1,201900_s_at,1,0.6533579
AKR1B1,201272_at,1,0.6273095
AKR1B10,206561_s_at,1,0.18023117
AK6,203893_at,1,0.56178725
ZNF451-AS1,1561033_at,1,0.06924554
ZNF461,232391_at,1,0.11819743
ZNF417,1552783_at,1,0.09039964
ZNF418,243439_at,1,0.30778146
ZNF423,214761_at,1,0.27532238
AKT1,207163_s_at,1,0.5006472
ALAS1,205633_s_at,1,0.5494855
AHSP,219672_at,1,0.54664844
AGPAT4-IT1,223740_at,1,0.28300798
AGR3,228241_at,1,0.06837887
AIRE,208090_s_at,1,0.21089682
AIRIM,218712_at,1,0.45951298
AJM1,236744_at,1,0.15910588
AHCY,200903_s_at,1,0.6013806
AHI1-DT,1561106_at,1,0.148044
ZNF473CR,237298_at,1,0.08126494
ZNF474,1556907_at,1,0.26351106
ZNF475,231434_at,1,0.17366363
ZNF48,227470_at,1,0.36163464
ZNF480,222283_at,1,0.28526068
ZNF484,214922_at,1,0.18626636
ZNF485,1552427_at,1,0.2085533
ZNF439,236562_at,1,0.4296613
ZNF488,229901_at,1,0.06082424
ZNF490,231988_x_at,1,0.33735597
ZNF491,1562211_a_at,1,0.056701984
ZNF492,215532_x_at,1,0.3727056
AGRP,207193_at,1,0.18728949
AGT,202834_at,1,0.2612731
AGXT2,229229_at,1,0.12461429
ZNF497,230857_s_at,1,0.07482781
ZNF497-AS1,1556822_s_at,1,0.08425222
ZNF501,1562386_s_at,1,0.14667666
ZNF503-AS1,232684_at,1,0.19944546
ZNF468,214751_at,1,0.45356074
ZNF469,230440_at,1,0.2938484
ZNF470,234921_at,1,0.21790731
AHR,202820_at,1,0.5219643
AHSA1,201491_at,1,0.6035893
AGBL1,1553447_at,1,0.1141692
AGBL2,220390_at,1,0.25154623
AFAP1,203563_at,1,0.12662008
AFAP1L2,226829_at,1,0.21792804
AFDN-DT,210409_at,1,0.1500869
AGL,203566_s_at,1,0.51571345
AFMID,240318_at,1,0.19395961
AFP,204694_at,1,0.14533712
AFTPH-DT,238559_at,1,0.30307028
AGA-DT,1558451_at,1,0.0913726
ZNF516,203604_at,1,0.3324545
ZNF517,241112_at,1,0.16082129
ZNF524,238683_at,1,0.3044313
ZNF526,228229_at,1,0.2810257
ZNF486,1553901_x_at,1,0.38173857
ZNF487,1558345_a_at,1,0.4932389
ZNF528,215019_x_at,1,0.31702644
ZNF529-AS1,237364_at,1,0.19545205
ZNF530,232228_at,1,0.17707092
AFM,206840_at,1,0.108116105
ADRA1B,207589_at,1,0.16061428
ADRA2A,209869_at,1,0.135309
ADRA2B,208544_at,1,0.16845214
ADRA2C,206128_at,1,0.2467756
ADRB2,206170_at,1,0.42903802
ZNF541,232604_at,1,0.15166633
ZNF543,240191_at,1,0.17371635
ZNF549,215315_at,1,0.09332349
ZNF511,225307_at,1,0.5202932
ZNF513,225753_at,1,0.41541466
AGAP2-AS1,1555907_at,1,0.10685269
AGAP9,240230_s_at,1,0.24383253
ADH1C,206262_at,1,0.08676381
ADH7,210505_at,1,0.170753
ADHFE1,227113_at,1,0.35002345
ADRM1,201281_at,1,0.62565106
AEBP1,201792_at,1,0.42113143
AEN,219361_s_at,1,0.3935188
ADM2,220538_at,1,0.19864523
ADM5,232154_at,1,0.29521608
ADORA2A,205013_s_at,1,0.4313964
ZNF559,224518_s_at,1,0.42397386
ZNF560,1553276_at,1,0.060057446
ZNF561-AS1,1557114_a_at,1,0.32103008
ZNF563,1552770_s_at,1,0.23426335
ZNF564,1553957_at,1,0.3522221
ZNF565,228305_at,1,0.34346825
ZNF566,240239_at,1,0.2239218
ADIPOR1,217748_at,1,0.6218019
ADIPOR2,201346_at,1,0.57596505
ADIRF,203571_s_at,1,0.09845361
ADIRF-AS1,232300_at,1,0.27043927
ADM,202912_at,1,0.49851844
ADGRF5-AS1,1561104_at,1,0.0847498
ADGRG2,206002_at,1,0.12468318
ADGRG4,1553006_at,1,0.09778171
ZNF573,217627_at,1,0.40389973
ZNF574,218762_at,1,0.4572862
ZNF575,1557119_a_at,1,0.32975516
ZNF580,220748_s_at,1,0.55942214
ZNF556,220709_at,1,0.048051294
ZNF558,227810_at,1,0.4458407
ADORA2B,205891_at,1,0.21219312
ADPRS,223097_at,1,0.49940765
ZNF615,241827_at,1,0.37077847
ZNF581,223389_s_at,1,0.5249266
ZNF582,241602_at,1,0.30605727
ZNF584,228148_at,1,0.27847496
ADGRG7,1553296_at,1,0.15329014
ADGRL4,219134_at,1,0.102701016
ADH1A,207820_at,1,0.16944371
ADGRB1,206083_at,1,0.13530968
ADGRB2,204966_at,1,0.20443533
ADGRD1,232267_at,1,0.11824487
ZNF587B,221963_x_at,1,0.4971621
ZNF593,204175_at,1,0.5109184
ZNF57,1554628_at,1,0.3807318
ZNF571,206648_at,1,0.32159325
ZNF571-AS1,229328_at,1,0.13455613
ADIPOQ,207175_at,1,0.20572247
ADGRA1,239221_at,1,0.16403295
ADAR,201786_s_at,1,0.7403188
ADARB2-AS1,1561127_at,1,0.27496517
ADAT1,219384_s_at,1,0.42726842
ADGRD2,216289_at,1,0.18154693
ADGRE1,207111_at,1,0.34739757
ADGRE3,210724_at,1,0.22038782
ADGRE5,202910_s_at,1,0.68403363
ADGRF2,1553036_at,1,0.0998009
ADCY4,230800_at,1,0.25784525
ADCY6,209195_s_at,1,0.28906628
ADCY6-DT,231232_at,1,0.06486022
ADCY8,206811_at,1,0.13074933
ZNF607,223680_at,1,0.24150814
ZNF610,235953_at,1,0.2293596
ZNF613,219851_at,1,0.14447935
ZNF619,1552836_at,1,0.18333825
ZNF620,1558743_at,1,0.120437115
ZNF622,225152_at,1,0.554698
ZNF623,206188_at,1,0.30376244
ADCK1,227482_at,1,0.36271754
ADCK5,228524_at,1,0.25772882
ADAMTS3,214913_at,1,0.17923155
ADAMTS4,1555380_at,1,0.24156041
ZNF624,232272_at,1,0.27283743
ZNF628,236269_at,1,0.40158233
ZNF629,213196_at,1,0.39289898
ZNF630,233082_at,1,0.21016595
ZNF596,232641_at,1,0.20594944
ZNF600,242463_x_at,1,0.47978675
ADGB,220614_s_at,1,0.12181661
ADGB-DT,1561360_at,1,0.21239868
ZNF649-AS1,237055_at,1,0.11768813
ADAMTS14,230167_at,1,0.23885591
ADAMTS16,238125_at,1,0.051611602
ADAMTS16-DT,1562701_at,1,0.21681003
ADAM2,207664_at,1,0.094861045
ADAM29,221337_s_at,1,0.13485992
ADAMTS9-AS1,241369_at,1,0.052805796
ADAMTSL2,206629_at,1,0.046778105
ADAMTSL4-AS2,1563071_at,1,0.14921384
ADAMTSL5,242200_at,1,0.14469463
ADAMDEC1,206134_at,1,0.20874184
ZNF658,231950_at,1,0.182882
ZNF660,1561361_at,1,0.25920397
ZNF662,228538_at,1,0.21177757
ZNF663P,1553911_at,1,0.06135469
ZNF665,220760_x_at,1,0.5447019
ACTR3BP2,224425_x_at,1,0.25420335
ACTR3BP5,224426_s_at,1,0.097251125
ACTR3BP6,224424_x_at,1,0.27155206
ADAM32,1552266_at,1,0.20754725
ADAM3B,217237_at,1,0.10424813
ADAM6,237909_at,1,0.16162632
ADAM7-AS2,231620_at,1,0.09997144
ACYP1,205260_s_at,1,0.4932091
ACYP2,206833_s_at,1,0.46652445
ADA2,219505_at,1,0.60493517
ZNF674-AS1,241972_at,1,0.2936647
ZNF675,217547_x_at,1,0.41249448
ZNF680,229533_x_at,1,0.41246298
ZNF683,230756_at,1,0.28715202
ZNF646,204876_at,1,0.18191572
ZNF649,223616_at,1,0.13120656
ZNF713,1560201_at,1,0.13428935
ZNF727,242206_at,1,0.16538142
ZNF687,234924_s_at,1,0.2471514
ZNF687-AS1,236080_at,1,0.2684715
ZNF691,232780_s_at,1,0.20910402
ZNF692,220661_s_at,1,0.439041
ZNF695,208273_at,1,0.34661138
ZNF700,223590_at,1,0.46428522
ZNF702P,206557_at,1,0.16196471
ZNF703,222760_at,1,0.2752116
ZNF667-AS1,244741_s_at,1,0.3180399
ZNF669,220215_at,1,0.42516163
ZNF670,223898_at,1,0.19621333
ZNF671,219849_at,1,0.37055662
ZNF674,215309_at,1,0.06006405
ADAD2,236463_at,1,0.20223372
ACTR10,222230_s_at,1,0.65445936
ACTR1B,202135_s_at,1,0.5818445
ACTR3-AS1,237075_at,1,0.17459005
ACSS2,234312_s_at,1,0.4226754
ACTA1,203872_at,1,0.14281866
ACTA2-AS1,1564257_at,1,0.21889363
ACTRT2,237360_at,1,0.053688943
ACTRT3,223665_at,1,0.13214839
ACVR1,203935_at,1,0.4110677
ACVR2B-AS1,215590_x_at,1,0.19826964
ACTL7A,220501_at,1,0.049262792
ACTL7B,220498_at,1,0.05609874
ACTL8,214957_at,1,0.14652807
ACTL9,243208_x_at,1,0.102656476
ACTMAP,222052_at,1,0.5158108
ZNF710-AS1,37590_g_at,1,0.43599483
ACTC1,205132_at,1,0.2947484
ACTG1P25,1558577_at,1,0.15782955
ACTL10,232619_at,1,0.21803764
ACTL6A,202666_s_at,1,0.49987835
ACR,207427_at,1,0.23714744
ACSBG2,221716_s_at,1,0.12857519
ACSF2,218844_at,1,0.38946378
ZNF76,207494_s_at,1,0.33907065
ZNF766,227284_at,1,0.53218406
ZNF767P,219627_at,1,0.43375754
ZNF768,218916_at,1,0.39822784
ZNF705G,237711_at,1,0.137183
ZNF707,232076_at,1,0.27168095
ZNF708,239482_x_at,1,0.41910055
ACTN3,206891_at,1,0.2042781
ACTN4,200601_at,1,0.6143364
ZNF776,228652_at,1,0.5896048
ACOX2,205364_at,1,0.1618325
ACP2,202767_at,1,0.38417065
ACP4,241715_x_at,1,0.3335262
ACP5,204638_at,1,0.4041464
ACER2,227306_at,1,0.17199086
ACIN1,201715_s_at,1,0.5053896
ZNF784,228364_at,1,0.36436394
ZNF786,239083_at,1,0.3002372
ZNF749,215289_at,1,0.12962073
ZNF750,219995_s_at,1,0.064092085
ACSM2B,241915_at,1,0.07235073
ACOT2,202982_s_at,1,0.42807555
ACOT4,229534_at,1,0.25034
ACOT6,241949_at,1,0.047464084
ACOT9,221641_s_at,1,0.51754045
ACCS,228264_at,1,0.46469092
ACD,204617_s_at,1,0.542362
ACER1,1553929_at,1,0.07919283
ABT1,218405_at,1,0.509048
ACKR4,220351_at,1,0.12449884
ACMSD,230602_at,1,0.099570684
ACOD1,240287_at,1,0.17329039
ACOT12,238160_at,1,0.13230097
ACOT13,204565_at,1,0.48917213
ACADVL,200710_at,1,0.6717312
ACAT2,209608_s_at,1,0.51413256
ZNF793-AS1,229205_at,1,0.20920746
ZNF8-DT,236093_at,1,0.19247341
ZNF804A,215767_at,1,0.25129068
ZNF804B,1564022_at,1,0.102442764
ZNF808,1554476_x_at,1,0.2881247
ZNF816,217541_x_at,1,0.30846938
ACAD11,225573_at,1,0.4645507
ACAD8,221669_s_at,1,0.45711485
ACAD9,224160_s_at,1,0.46810675
ACADM,202502_at,1,0.6348505
ACADS,202366_at,1,0.37417814
ABI3,223615_at,1,0.35294154
ABITRAM,218998_at,1,0.45970142
ABL1,202123_s_at,1,0.53394115
ZNF823,229732_at,1,0.31633577
ZNF83,221645_s_at,1,0.552908
ZNF835,215826_x_at,1,0.09391972
ZNF788P,244552_at,1,0.24645346
ZNF792,235052_at,1,0.27444255
ZNF793,244180_at,1,0.29077032
ACBD4,219413_at,1,0.3210686
ABHD8,219101_x_at,1,0.26154625
ABCF1,200045_at,1,0.5919117
ABCF3,202394_s_at,1,0.42096978
ABLIM3,205730_s_at,1,0.10506016
ABRACL,223361_at,1,0.65223914
ABHD14A,210006_at,1,0.47028935
ABHD14B,224821_at,1,0.59996504
ABHD15,226796_at,1,0.43799025
ABHD16B,234002_at,1,0.031716324
ABHD17A,221267_s_at,1,0.70453405
ZNF850,244640_at,1,0.271079
ZNF852,1564662_at,1,0.19891058
ZNF861P,234397_at,1,0.13876887
ZNF876P,1569468_at,1,0.12642305
ZNF813,217665_at,1,0.36131698
ZNF815P,232863_at,1,0.13560371
ZNF883,230876_at,1,0.11157749
ZNF891,1569283_at,1,0.19044754
ZNF90,1562133_x_at,1,0.13262463
ABCG2,209735_at,1,0.2899227
ABCG4,207593_at,1,0.2241648
ABCG5,220383_at,1,0.09482178
ABCG8,231751_at,1,0.081116766
ABCC2,206155_at,1,0.1511615
ZNFX1,225076_s_at,1,0.54308444
ZNG1B,229804_x_at,1,0.4341316
ZNHIT1,201541_s_at,1,0.5762698
ZNHIT3,212544_at,1,0.5870128
ZNF837,241277_x_at,1,0.17305604
ZNF84-DT,1569838_at,1,0.21776167
ABHD17C,225436_at,1,0.31219372
ABHD3,213017_at,1,0.6252441
ZNRF3,226360_at,1,0.19854775
ZNRF4,215461_at,1,0.16837488
ABCC6P1,236205_at,1,0.11038006
ABCD1,205142_x_at,1,0.36935985
ABCD2,207583_at,1,0.10415404
ABCA3,204343_at,1,0.14507124
ABCA6,217504_at,1,0.19965874
ABCA7,219577_s_at,1,0.45931658
ZP1,237335_at,1,0.12481125
ZP2,207933_at,1,0.13724013
ZP4,231756_at,1,0.24252667
ZPBP,207021_at,1,0.11048211
ZPBP2,231442_at,1,0.11337208
ZPLD2P,1557776_at,1,0.09636009
ZPR1P1,217186_at,1,0.10066338
ZNF879,230421_at,1,0.3111033
ZW10,204812_at,1,0.41982695
A4GNT,221131_at,1,0.24994528
AA06,241552_at,1,0.26679018
AAAS,218075_at,1,0.39951068
AACS,218434_s_at,1,0.4114625
AACSP1,1570020_at,1,0.13294265
AADAC,205969_at,1,0.09232397
ZWINT,204026_s_at,1,0.58068216
ZYG11A,231517_at,1,0.07723867
A2MP1,236394_at,1,0.18266891
ZRANB2-AS1,231030_at,1,0.063123345
ZSCAN1,1562651_at,1,0.19752581
AATF,209165_at,1,0.62431264
AATK,205986_at,1,0.32106712
ABCA11P,220159_at,1,0.27248198
ABCA12,215465_at,1,0.12163653
MED10,223247_at,1,0.53137016
MED11,226958_s_at,1,0.37500316
MEF2C-AS1,233522_at,1,0.12747161
MEFV,208262_x_at,1,0.22625846
MEG8,240083_at,1,0.0698109
MEG9,228632_at,1,0.1616225
MED22,206593_s_at,1,0.45394793
AADACL2,240420_at,1,0.11561813
AADACP1,1569582_at,1,0.06715166
AADAT,223593_at,1,0.14963964
AAMP,201511_at,1,0.46185312
AANAT,207225_at,1,0.061761916
AAR2,218089_at,1,0.49499843
ZSWIM8-AS1,214867_at,1,0.39399746
ZSWIM9,238866_at,1,0.2272922
ZUP1,228330_at,1,0.47533673
